Type,Name,Request Count,Failure Count,Median Response Time,Average Response Time,Min Response Time,Max Response Time,Average Content Size,Requests/s,Failures/s,50%,66%,75%,80%,90%,95%,98%,99%,99.9%,99.99%,100%
POST,chat/short,3,0,160.0,163.78471533365277,157.74952300125733,170.034457998554,0.0,0.06486718285695445,0.0,160,160,170,170,170,170,170,170,170,170,170
,Aggregated,3,0,160.0,163.78471533365277,157.74952300125733,170.034457998554,0.0,0.06486718285695445,0.0,160,160,170,170,170,170,170,170,170,170,170
