Type,Name,Request Count,Failure Count,Median Response Time,Average Response Time,Min Response Time,Max Response Time,Average Content Size,Requests/s,Failures/s,50%,66%,75%,80%,90%,95%,98%,99%,99.9%,99.99%,100%
POST,chat/medium,11,0,8,9.517997909246002,7.376681000096141,25.310730999990483,0.0,0.13387161680870865,0.0,8,9,9,9,9,25,25,25,25,25,25
POST,chat/short,29,0,8,12.240539758467689,7.1023880009306595,28.321933999905013,0.0,0.35293426249568643,0.0,8,9,10,23,27,28,28,28,28,28,28
,Aggregated,40,0,8,11.491840749931725,7.1023880009306595,28.321933999905013,0.0,0.48680587930439506,0.0,8,9,9,23,27,28,28,28,28,28,28
