Timestamp,User Count,Type,Name,Requests/s,Failures/s,50%,66%,75%,80%,90%,95%,98%,99%,99.9%,99.99%,100%,Total Request Count,Total Failure Count,Total Median Response Time,Total Average Response Time,Total Min Response Time,Total Max Response Time,Total Average Content Size
1778565803,0,,Aggregated,0.000000,0.000000,N/A,N/A,N/A,N/A,N/A,N/A,N/A,N/A,N/A,N/A,N/A,0,0,0,0.0,0,0,0
1778565804,0,,Aggregated,0.000000,0.000000,N/A,N/A,N/A,N/A,N/A,N/A,N/A,N/A,N/A,N/A,N/A,0,0,0,0.0,0,0,0
1778565805,0,,Aggregated,0.000000,0.000000,N/A,N/A,N/A,N/A,N/A,N/A,N/A,N/A,N/A,N/A,N/A,0,0,0,0.0,0,0,0
1778565806,0,,Aggregated,0.000000,0.000000,N/A,N/A,N/A,N/A,N/A,N/A,N/A,N/A,N/A,N/A,N/A,0,0,0,0.0,0,0,0
1778565807,0,,Aggregated,0.000000,0.000000,N/A,N/A,N/A,N/A,N/A,N/A,N/A,N/A,N/A,N/A,N/A,0,0,0,0.0,0,0,0
1778565808,0,,Aggregated,0.000000,0.000000,N/A,N/A,N/A,N/A,N/A,N/A,N/A,N/A,N/A,N/A,N/A,0,0,0,0.0,0,0,0
1778565809,0,,Aggregated,0.000000,0.000000,N/A,N/A,N/A,N/A,N/A,N/A,N/A,N/A,N/A,N/A,N/A,0,0,0,0.0,0,0,0
1778565810,0,,Aggregated,0.000000,0.000000,N/A,N/A,N/A,N/A,N/A,N/A,N/A,N/A,N/A,N/A,N/A,0,0,0,0.0,0,0,0
1778565811,0,,Aggregated,0.000000,0.000000,N/A,N/A,N/A,N/A,N/A,N/A,N/A,N/A,N/A,N/A,N/A,0,0,0,0.0,0,0,0
1778565812,0,,Aggregated,0.000000,0.000000,N/A,N/A,N/A,N/A,N/A,N/A,N/A,N/A,N/A,N/A,N/A,0,0,0,0.0,0,0,0
1778565813,0,,Aggregated,0.000000,0.000000,N/A,N/A,N/A,N/A,N/A,N/A,N/A,N/A,N/A,N/A,N/A,0,0,0,0.0,0,0,0
1778565814,0,,Aggregated,0.000000,0.000000,N/A,N/A,N/A,N/A,N/A,N/A,N/A,N/A,N/A,N/A,N/A,0,0,0,0.0,0,0,0
1778565815,0,,Aggregated,0.000000,0.000000,N/A,N/A,N/A,N/A,N/A,N/A,N/A,N/A,N/A,N/A,N/A,0,0,0,0.0,0,0,0
1778565816,0,,Aggregated,0.000000,0.000000,N/A,N/A,N/A,N/A,N/A,N/A,N/A,N/A,N/A,N/A,N/A,0,0,0,0.0,0,0,0
1778565817,0,,Aggregated,0.000000,0.000000,N/A,N/A,N/A,N/A,N/A,N/A,N/A,N/A,N/A,N/A,N/A,0,0,0,0.0,0,0,0
1778565818,0,,Aggregated,0.000000,0.000000,N/A,N/A,N/A,N/A,N/A,N/A,N/A,N/A,N/A,N/A,N/A,0,0,0,0.0,0,0,0
1778565819,0,,Aggregated,0.000000,0.000000,N/A,N/A,N/A,N/A,N/A,N/A,N/A,N/A,N/A,N/A,N/A,0,0,0,0.0,0,0,0
1778565820,0,,Aggregated,0.000000,0.000000,N/A,N/A,N/A,N/A,N/A,N/A,N/A,N/A,N/A,N/A,N/A,0,0,0,0.0,0,0,0
1778565821,0,,Aggregated,0.000000,0.000000,N/A,N/A,N/A,N/A,N/A,N/A,N/A,N/A,N/A,N/A,N/A,0,0,0,0.0,0,0,0
1778565822,0,,Aggregated,0.000000,0.000000,N/A,N/A,N/A,N/A,N/A,N/A,N/A,N/A,N/A,N/A,N/A,0,0,0,0.0,0,0,0
1778565823,0,,Aggregated,0.000000,0.000000,N/A,N/A,N/A,N/A,N/A,N/A,N/A,N/A,N/A,N/A,N/A,0,0,0,0.0,0,0,0
1778565824,0,,Aggregated,0.000000,0.000000,N/A,N/A,N/A,N/A,N/A,N/A,N/A,N/A,N/A,N/A,N/A,0,0,0,0.0,0,0,0
1778565825,0,,Aggregated,0.000000,0.000000,N/A,N/A,N/A,N/A,N/A,N/A,N/A,N/A,N/A,N/A,N/A,0,0,0,0.0,0,0,0
1778565826,0,,Aggregated,0.000000,0.000000,N/A,N/A,N/A,N/A,N/A,N/A,N/A,N/A,N/A,N/A,N/A,0,0,0,0.0,0,0,0
1778565827,0,,Aggregated,0.000000,0.000000,N/A,N/A,N/A,N/A,N/A,N/A,N/A,N/A,N/A,N/A,N/A,0,0,0,0.0,0,0,0
1778565828,0,,Aggregated,0.000000,0.000000,N/A,N/A,N/A,N/A,N/A,N/A,N/A,N/A,N/A,N/A,N/A,0,0,0,0.0,0,0,0
1778565829,0,,Aggregated,0.000000,0.000000,N/A,N/A,N/A,N/A,N/A,N/A,N/A,N/A,N/A,N/A,N/A,0,0,0,0.0,0,0,0
1778565830,0,,Aggregated,0.000000,0.000000,N/A,N/A,N/A,N/A,N/A,N/A,N/A,N/A,N/A,N/A,N/A,0,0,0,0.0,0,0,0
1778565831,0,,Aggregated,0.000000,0.000000,N/A,N/A,N/A,N/A,N/A,N/A,N/A,N/A,N/A,N/A,N/A,0,0,0,0.0,0,0,0
1778565832,0,,Aggregated,0.000000,0.000000,N/A,N/A,N/A,N/A,N/A,N/A,N/A,N/A,N/A,N/A,N/A,0,0,0,0.0,0,0,0
1778565833,0,,Aggregated,0.000000,0.000000,N/A,N/A,N/A,N/A,N/A,N/A,N/A,N/A,N/A,N/A,N/A,0,0,0,0.0,0,0,0
1778565834,0,,Aggregated,0.000000,0.000000,N/A,N/A,N/A,N/A,N/A,N/A,N/A,N/A,N/A,N/A,N/A,0,0,0,0.0,0,0,0
1778565835,0,,Aggregated,0.000000,0.000000,N/A,N/A,N/A,N/A,N/A,N/A,N/A,N/A,N/A,N/A,N/A,0,0,0,0.0,0,0,0
1778565836,0,,Aggregated,0.000000,0.000000,N/A,N/A,N/A,N/A,N/A,N/A,N/A,N/A,N/A,N/A,N/A,0,0,0,0.0,0,0,0
1778565837,0,,Aggregated,0.000000,0.000000,N/A,N/A,N/A,N/A,N/A,N/A,N/A,N/A,N/A,N/A,N/A,0,0,0,0.0,0,0,0
1778565838,0,,Aggregated,0.000000,0.000000,N/A,N/A,N/A,N/A,N/A,N/A,N/A,N/A,N/A,N/A,N/A,0,0,0,0.0,0,0,0
1778565839,0,,Aggregated,0.000000,0.000000,N/A,N/A,N/A,N/A,N/A,N/A,N/A,N/A,N/A,N/A,N/A,0,0,0,0.0,0,0,0
1778565840,0,,Aggregated,0.000000,0.000000,N/A,N/A,N/A,N/A,N/A,N/A,N/A,N/A,N/A,N/A,N/A,0,0,0,0.0,0,0,0
1778565841,0,,Aggregated,0.000000,0.000000,N/A,N/A,N/A,N/A,N/A,N/A,N/A,N/A,N/A,N/A,N/A,0,0,0,0.0,0,0,0
1778565842,0,,Aggregated,0.000000,0.000000,N/A,N/A,N/A,N/A,N/A,N/A,N/A,N/A,N/A,N/A,N/A,0,0,0,0.0,0,0,0
1778565843,0,,Aggregated,0.000000,0.000000,N/A,N/A,N/A,N/A,N/A,N/A,N/A,N/A,N/A,N/A,N/A,0,0,0,0.0,0,0,0
1778565844,0,,Aggregated,0.000000,0.000000,N/A,N/A,N/A,N/A,N/A,N/A,N/A,N/A,N/A,N/A,N/A,0,0,0,0.0,0,0,0
1778565845,0,,Aggregated,0.000000,0.000000,N/A,N/A,N/A,N/A,N/A,N/A,N/A,N/A,N/A,N/A,N/A,0,0,0,0.0,0,0,0
1778565846,0,,Aggregated,0.000000,0.000000,N/A,N/A,N/A,N/A,N/A,N/A,N/A,N/A,N/A,N/A,N/A,0,0,0,0.0,0,0,0
1778565847,0,,Aggregated,0.000000,0.000000,N/A,N/A,N/A,N/A,N/A,N/A,N/A,N/A,N/A,N/A,N/A,0,0,0,0.0,0,0,0
1778565848,0,,Aggregated,0.000000,0.000000,N/A,N/A,N/A,N/A,N/A,N/A,N/A,N/A,N/A,N/A,N/A,0,0,0,0.0,0,0,0
1778565849,0,,Aggregated,0.000000,0.000000,N/A,N/A,N/A,N/A,N/A,N/A,N/A,N/A,N/A,N/A,N/A,0,0,0,0.0,0,0,0
1778565850,0,,Aggregated,0.000000,0.000000,N/A,N/A,N/A,N/A,N/A,N/A,N/A,N/A,N/A,N/A,N/A,0,0,0,0.0,0,0,0
1778565851,0,,Aggregated,0.000000,0.000000,N/A,N/A,N/A,N/A,N/A,N/A,N/A,N/A,N/A,N/A,N/A,0,0,0,0.0,0,0,0
1778565852,0,,Aggregated,0.000000,0.000000,N/A,N/A,N/A,N/A,N/A,N/A,N/A,N/A,N/A,N/A,N/A,0,0,0,0.0,0,0,0
1778565853,0,,Aggregated,0.000000,0.000000,N/A,N/A,N/A,N/A,N/A,N/A,N/A,N/A,N/A,N/A,N/A,0,0,0,0.0,0,0,0
1778565854,0,,Aggregated,0.000000,0.000000,N/A,N/A,N/A,N/A,N/A,N/A,N/A,N/A,N/A,N/A,N/A,0,0,0,0.0,0,0,0
1778565855,0,,Aggregated,0.000000,0.000000,N/A,N/A,N/A,N/A,N/A,N/A,N/A,N/A,N/A,N/A,N/A,0,0,0,0.0,0,0,0
1778565856,0,,Aggregated,0.000000,0.000000,N/A,N/A,N/A,N/A,N/A,N/A,N/A,N/A,N/A,N/A,N/A,0,0,0,0.0,0,0,0
1778565857,0,,Aggregated,0.000000,0.000000,N/A,N/A,N/A,N/A,N/A,N/A,N/A,N/A,N/A,N/A,N/A,0,0,0,0.0,0,0,0
1778565858,0,,Aggregated,0.000000,0.000000,N/A,N/A,N/A,N/A,N/A,N/A,N/A,N/A,N/A,N/A,N/A,0,0,0,0.0,0,0,0
1778565859,0,,Aggregated,0.000000,0.000000,N/A,N/A,N/A,N/A,N/A,N/A,N/A,N/A,N/A,N/A,N/A,0,0,0,0.0,0,0,0
1778565860,0,,Aggregated,0.000000,0.000000,N/A,N/A,N/A,N/A,N/A,N/A,N/A,N/A,N/A,N/A,N/A,0,0,0,0.0,0,0,0
1778565861,0,,Aggregated,0.000000,0.000000,N/A,N/A,N/A,N/A,N/A,N/A,N/A,N/A,N/A,N/A,N/A,0,0,0,0.0,0,0,0
1778565862,0,,Aggregated,0.000000,0.000000,N/A,N/A,N/A,N/A,N/A,N/A,N/A,N/A,N/A,N/A,N/A,0,0,0,0.0,0,0,0
1778565863,0,,Aggregated,0.000000,0.000000,N/A,N/A,N/A,N/A,N/A,N/A,N/A,N/A,N/A,N/A,N/A,0,0,0,0.0,0,0,0
1778565864,0,,Aggregated,0.000000,0.000000,N/A,N/A,N/A,N/A,N/A,N/A,N/A,N/A,N/A,N/A,N/A,0,0,0,0.0,0,0,0
1778565865,0,,Aggregated,0.000000,0.000000,N/A,N/A,N/A,N/A,N/A,N/A,N/A,N/A,N/A,N/A,N/A,0,0,0,0.0,0,0,0
1778565866,0,,Aggregated,0.000000,0.000000,N/A,N/A,N/A,N/A,N/A,N/A,N/A,N/A,N/A,N/A,N/A,0,0,0,0.0,0,0,0
1778565867,0,,Aggregated,0.000000,0.000000,N/A,N/A,N/A,N/A,N/A,N/A,N/A,N/A,N/A,N/A,N/A,0,0,0,0.0,0,0,0
1778565868,0,,Aggregated,0.000000,0.000000,N/A,N/A,N/A,N/A,N/A,N/A,N/A,N/A,N/A,N/A,N/A,0,0,0,0.0,0,0,0
1778565869,0,,Aggregated,0.000000,0.000000,N/A,N/A,N/A,N/A,N/A,N/A,N/A,N/A,N/A,N/A,N/A,0,0,0,0.0,0,0,0
1778565870,0,,Aggregated,0.000000,0.000000,N/A,N/A,N/A,N/A,N/A,N/A,N/A,N/A,N/A,N/A,N/A,0,0,0,0.0,0,0,0
1778565871,0,,Aggregated,0.000000,0.000000,N/A,N/A,N/A,N/A,N/A,N/A,N/A,N/A,N/A,N/A,N/A,0,0,0,0.0,0,0,0
1778565872,0,,Aggregated,0.000000,0.000000,N/A,N/A,N/A,N/A,N/A,N/A,N/A,N/A,N/A,N/A,N/A,0,0,0,0.0,0,0,0
1778565873,0,,Aggregated,0.000000,0.000000,N/A,N/A,N/A,N/A,N/A,N/A,N/A,N/A,N/A,N/A,N/A,0,0,0,0.0,0,0,0
1778565874,0,,Aggregated,0.000000,0.000000,N/A,N/A,N/A,N/A,N/A,N/A,N/A,N/A,N/A,N/A,N/A,0,0,0,0.0,0,0,0
1778565875,0,,Aggregated,0.000000,0.000000,N/A,N/A,N/A,N/A,N/A,N/A,N/A,N/A,N/A,N/A,N/A,0,0,0,0.0,0,0,0
1778565876,0,,Aggregated,0.000000,0.000000,N/A,N/A,N/A,N/A,N/A,N/A,N/A,N/A,N/A,N/A,N/A,0,0,0,0.0,0,0,0
1778565877,0,,Aggregated,0.000000,0.000000,N/A,N/A,N/A,N/A,N/A,N/A,N/A,N/A,N/A,N/A,N/A,0,0,0,0.0,0,0,0
1778565878,0,,Aggregated,0.000000,0.000000,N/A,N/A,N/A,N/A,N/A,N/A,N/A,N/A,N/A,N/A,N/A,0,0,0,0.0,0,0,0
1778565879,0,,Aggregated,0.000000,0.000000,N/A,N/A,N/A,N/A,N/A,N/A,N/A,N/A,N/A,N/A,N/A,0,0,0,0.0,0,0,0
1778565880,0,,Aggregated,0.000000,0.000000,N/A,N/A,N/A,N/A,N/A,N/A,N/A,N/A,N/A,N/A,N/A,0,0,0,0.0,0,0,0
1778565881,0,,Aggregated,0.000000,0.000000,N/A,N/A,N/A,N/A,N/A,N/A,N/A,N/A,N/A,N/A,N/A,0,0,0,0.0,0,0,0
1778565882,0,,Aggregated,0.000000,0.000000,N/A,N/A,N/A,N/A,N/A,N/A,N/A,N/A,N/A,N/A,N/A,0,0,0,0.0,0,0,0
1778565883,0,,Aggregated,0.000000,0.000000,N/A,N/A,N/A,N/A,N/A,N/A,N/A,N/A,N/A,N/A,N/A,0,0,0,0.0,0,0,0
1778565884,0,,Aggregated,0.000000,0.000000,N/A,N/A,N/A,N/A,N/A,N/A,N/A,N/A,N/A,N/A,N/A,0,0,0,0.0,0,0,0
1778565885,0,,Aggregated,0.000000,0.000000,N/A,N/A,N/A,N/A,N/A,N/A,N/A,N/A,N/A,N/A,N/A,0,0,0,0.0,0,0,0
1778565886,0,,Aggregated,0.000000,0.000000,N/A,N/A,N/A,N/A,N/A,N/A,N/A,N/A,N/A,N/A,N/A,0,0,0,0.0,0,0,0
1778565887,0,,Aggregated,0.000000,0.000000,N/A,N/A,N/A,N/A,N/A,N/A,N/A,N/A,N/A,N/A,N/A,0,0,0,0.0,0,0,0
1778565888,0,,Aggregated,0.000000,0.000000,N/A,N/A,N/A,N/A,N/A,N/A,N/A,N/A,N/A,N/A,N/A,0,0,0,0.0,0,0,0
1778565889,0,,Aggregated,0.000000,0.000000,N/A,N/A,N/A,N/A,N/A,N/A,N/A,N/A,N/A,N/A,N/A,0,0,0,0.0,0,0,0
1778565890,0,,Aggregated,0.000000,0.000000,N/A,N/A,N/A,N/A,N/A,N/A,N/A,N/A,N/A,N/A,N/A,0,0,0,0.0,0,0,0
1778565891,0,,Aggregated,0.000000,0.000000,N/A,N/A,N/A,N/A,N/A,N/A,N/A,N/A,N/A,N/A,N/A,0,0,0,0.0,0,0,0
1778565892,0,,Aggregated,0.000000,0.000000,N/A,N/A,N/A,N/A,N/A,N/A,N/A,N/A,N/A,N/A,N/A,0,0,0,0.0,0,0,0
1778565893,0,,Aggregated,0.000000,0.000000,N/A,N/A,N/A,N/A,N/A,N/A,N/A,N/A,N/A,N/A,N/A,0,0,0,0.0,0,0,0
1778565894,0,,Aggregated,0.000000,0.000000,N/A,N/A,N/A,N/A,N/A,N/A,N/A,N/A,N/A,N/A,N/A,0,0,0,0.0,0,0,0
1778565895,0,,Aggregated,0.000000,0.000000,N/A,N/A,N/A,N/A,N/A,N/A,N/A,N/A,N/A,N/A,N/A,0,0,0,0.0,0,0,0
1778565896,0,,Aggregated,0.000000,0.000000,N/A,N/A,N/A,N/A,N/A,N/A,N/A,N/A,N/A,N/A,N/A,0,0,0,0.0,0,0,0
1778565897,0,,Aggregated,0.000000,0.000000,N/A,N/A,N/A,N/A,N/A,N/A,N/A,N/A,N/A,N/A,N/A,0,0,0,0.0,0,0,0
1778565898,0,,Aggregated,0.000000,0.000000,N/A,N/A,N/A,N/A,N/A,N/A,N/A,N/A,N/A,N/A,N/A,0,0,0,0.0,0,0,0
1778565899,0,,Aggregated,0.000000,0.000000,N/A,N/A,N/A,N/A,N/A,N/A,N/A,N/A,N/A,N/A,N/A,0,0,0,0.0,0,0,0
1778565900,0,,Aggregated,0.000000,0.000000,N/A,N/A,N/A,N/A,N/A,N/A,N/A,N/A,N/A,N/A,N/A,0,0,0,0.0,0,0,0
1778565901,0,,Aggregated,0.000000,0.000000,N/A,N/A,N/A,N/A,N/A,N/A,N/A,N/A,N/A,N/A,N/A,0,0,0,0.0,0,0,0
1778565902,0,,Aggregated,0.000000,0.000000,N/A,N/A,N/A,N/A,N/A,N/A,N/A,N/A,N/A,N/A,N/A,0,0,0,0.0,0,0,0
1778565903,0,,Aggregated,0.000000,0.000000,N/A,N/A,N/A,N/A,N/A,N/A,N/A,N/A,N/A,N/A,N/A,0,0,0,0.0,0,0,0
1778565904,0,,Aggregated,0.000000,0.000000,N/A,N/A,N/A,N/A,N/A,N/A,N/A,N/A,N/A,N/A,N/A,0,0,0,0.0,0,0,0
1778565905,0,,Aggregated,0.000000,0.000000,N/A,N/A,N/A,N/A,N/A,N/A,N/A,N/A,N/A,N/A,N/A,0,0,0,0.0,0,0,0
1778565906,0,,Aggregated,0.000000,0.000000,N/A,N/A,N/A,N/A,N/A,N/A,N/A,N/A,N/A,N/A,N/A,0,0,0,0.0,0,0,0
1778565907,0,,Aggregated,0.000000,0.000000,N/A,N/A,N/A,N/A,N/A,N/A,N/A,N/A,N/A,N/A,N/A,0,0,0,0.0,0,0,0
1778565908,0,,Aggregated,0.000000,0.000000,N/A,N/A,N/A,N/A,N/A,N/A,N/A,N/A,N/A,N/A,N/A,0,0,0,0.0,0,0,0
1778565909,0,,Aggregated,0.000000,0.000000,N/A,N/A,N/A,N/A,N/A,N/A,N/A,N/A,N/A,N/A,N/A,0,0,0,0.0,0,0,0
1778565910,0,,Aggregated,0.000000,0.000000,N/A,N/A,N/A,N/A,N/A,N/A,N/A,N/A,N/A,N/A,N/A,0,0,0,0.0,0,0,0
1778565911,0,,Aggregated,0.000000,0.000000,N/A,N/A,N/A,N/A,N/A,N/A,N/A,N/A,N/A,N/A,N/A,0,0,0,0.0,0,0,0
1778565912,0,,Aggregated,0.000000,0.000000,N/A,N/A,N/A,N/A,N/A,N/A,N/A,N/A,N/A,N/A,N/A,0,0,0,0.0,0,0,0
1778565913,0,,Aggregated,0.000000,0.000000,N/A,N/A,N/A,N/A,N/A,N/A,N/A,N/A,N/A,N/A,N/A,0,0,0,0.0,0,0,0
1778565914,0,,Aggregated,0.000000,0.000000,N/A,N/A,N/A,N/A,N/A,N/A,N/A,N/A,N/A,N/A,N/A,0,0,0,0.0,0,0,0
1778565915,0,,Aggregated,0.000000,0.000000,N/A,N/A,N/A,N/A,N/A,N/A,N/A,N/A,N/A,N/A,N/A,0,0,0,0.0,0,0,0
1778565916,0,,Aggregated,0.000000,0.000000,N/A,N/A,N/A,N/A,N/A,N/A,N/A,N/A,N/A,N/A,N/A,0,0,0,0.0,0,0,0
1778565917,0,,Aggregated,0.000000,0.000000,N/A,N/A,N/A,N/A,N/A,N/A,N/A,N/A,N/A,N/A,N/A,0,0,0,0.0,0,0,0
1778565918,0,,Aggregated,0.000000,0.000000,N/A,N/A,N/A,N/A,N/A,N/A,N/A,N/A,N/A,N/A,N/A,0,0,0,0.0,0,0,0
1778565919,0,,Aggregated,0.000000,0.000000,N/A,N/A,N/A,N/A,N/A,N/A,N/A,N/A,N/A,N/A,N/A,0,0,0,0.0,0,0,0
1778565920,0,,Aggregated,0.000000,0.000000,N/A,N/A,N/A,N/A,N/A,N/A,N/A,N/A,N/A,N/A,N/A,0,0,0,0.0,0,0,0
1778565921,0,,Aggregated,0.000000,0.000000,N/A,N/A,N/A,N/A,N/A,N/A,N/A,N/A,N/A,N/A,N/A,0,0,0,0.0,0,0,0
1778565922,0,,Aggregated,0.000000,0.000000,N/A,N/A,N/A,N/A,N/A,N/A,N/A,N/A,N/A,N/A,N/A,0,0,0,0.0,0,0,0
1778565923,0,,Aggregated,0.000000,0.000000,N/A,N/A,N/A,N/A,N/A,N/A,N/A,N/A,N/A,N/A,N/A,0,0,0,0.0,0,0,0
1778565924,0,,Aggregated,0.000000,0.000000,N/A,N/A,N/A,N/A,N/A,N/A,N/A,N/A,N/A,N/A,N/A,0,0,0,0.0,0,0,0
1778565925,0,,Aggregated,0.000000,0.000000,N/A,N/A,N/A,N/A,N/A,N/A,N/A,N/A,N/A,N/A,N/A,0,0,0,0.0,0,0,0
1778565926,0,,Aggregated,0.000000,0.000000,N/A,N/A,N/A,N/A,N/A,N/A,N/A,N/A,N/A,N/A,N/A,0,0,0,0.0,0,0,0
1778565927,0,,Aggregated,0.000000,0.000000,N/A,N/A,N/A,N/A,N/A,N/A,N/A,N/A,N/A,N/A,N/A,0,0,0,0.0,0,0,0
1778565928,0,,Aggregated,0.000000,0.000000,N/A,N/A,N/A,N/A,N/A,N/A,N/A,N/A,N/A,N/A,N/A,0,0,0,0.0,0,0,0
1778565929,0,,Aggregated,0.000000,0.000000,N/A,N/A,N/A,N/A,N/A,N/A,N/A,N/A,N/A,N/A,N/A,0,0,0,0.0,0,0,0
1778565930,0,,Aggregated,0.000000,0.000000,N/A,N/A,N/A,N/A,N/A,N/A,N/A,N/A,N/A,N/A,N/A,0,0,0,0.0,0,0,0
1778565931,0,,Aggregated,0.000000,0.000000,N/A,N/A,N/A,N/A,N/A,N/A,N/A,N/A,N/A,N/A,N/A,0,0,0,0.0,0,0,0
1778565932,0,,Aggregated,0.000000,0.000000,N/A,N/A,N/A,N/A,N/A,N/A,N/A,N/A,N/A,N/A,N/A,0,0,0,0.0,0,0,0
1778565933,0,,Aggregated,0.000000,0.000000,N/A,N/A,N/A,N/A,N/A,N/A,N/A,N/A,N/A,N/A,N/A,0,0,0,0.0,0,0,0
1778565934,0,,Aggregated,0.000000,0.000000,N/A,N/A,N/A,N/A,N/A,N/A,N/A,N/A,N/A,N/A,N/A,0,0,0,0.0,0,0,0
1778565935,0,,Aggregated,0.000000,0.000000,N/A,N/A,N/A,N/A,N/A,N/A,N/A,N/A,N/A,N/A,N/A,0,0,0,0.0,0,0,0
1778565936,0,,Aggregated,0.000000,0.000000,N/A,N/A,N/A,N/A,N/A,N/A,N/A,N/A,N/A,N/A,N/A,0,0,0,0.0,0,0,0
1778565937,0,,Aggregated,0.000000,0.000000,N/A,N/A,N/A,N/A,N/A,N/A,N/A,N/A,N/A,N/A,N/A,0,0,0,0.0,0,0,0
1778565938,0,,Aggregated,0.000000,0.000000,N/A,N/A,N/A,N/A,N/A,N/A,N/A,N/A,N/A,N/A,N/A,0,0,0,0.0,0,0,0
1778565939,0,,Aggregated,0.000000,0.000000,N/A,N/A,N/A,N/A,N/A,N/A,N/A,N/A,N/A,N/A,N/A,0,0,0,0.0,0,0,0
1778565940,0,,Aggregated,0.000000,0.000000,N/A,N/A,N/A,N/A,N/A,N/A,N/A,N/A,N/A,N/A,N/A,0,0,0,0.0,0,0,0
1778565941,0,,Aggregated,0.000000,0.000000,N/A,N/A,N/A,N/A,N/A,N/A,N/A,N/A,N/A,N/A,N/A,0,0,0,0.0,0,0,0
1778565942,0,,Aggregated,0.000000,0.000000,N/A,N/A,N/A,N/A,N/A,N/A,N/A,N/A,N/A,N/A,N/A,0,0,0,0.0,0,0,0
1778565943,0,,Aggregated,0.000000,0.000000,N/A,N/A,N/A,N/A,N/A,N/A,N/A,N/A,N/A,N/A,N/A,0,0,0,0.0,0,0,0
1778565944,0,,Aggregated,0.000000,0.000000,N/A,N/A,N/A,N/A,N/A,N/A,N/A,N/A,N/A,N/A,N/A,0,0,0,0.0,0,0,0
1778565945,0,,Aggregated,0.000000,0.000000,N/A,N/A,N/A,N/A,N/A,N/A,N/A,N/A,N/A,N/A,N/A,0,0,0,0.0,0,0,0
1778565946,0,,Aggregated,0.000000,0.000000,N/A,N/A,N/A,N/A,N/A,N/A,N/A,N/A,N/A,N/A,N/A,0,0,0,0.0,0,0,0
1778565947,0,,Aggregated,0.000000,0.000000,N/A,N/A,N/A,N/A,N/A,N/A,N/A,N/A,N/A,N/A,N/A,0,0,0,0.0,0,0,0
1778565948,0,,Aggregated,0.000000,0.000000,N/A,N/A,N/A,N/A,N/A,N/A,N/A,N/A,N/A,N/A,N/A,0,0,0,0.0,0,0,0
1778565949,0,,Aggregated,0.000000,0.000000,N/A,N/A,N/A,N/A,N/A,N/A,N/A,N/A,N/A,N/A,N/A,0,0,0,0.0,0,0,0
1778565950,0,,Aggregated,0.000000,0.000000,N/A,N/A,N/A,N/A,N/A,N/A,N/A,N/A,N/A,N/A,N/A,0,0,0,0.0,0,0,0
1778565951,0,,Aggregated,0.000000,0.000000,N/A,N/A,N/A,N/A,N/A,N/A,N/A,N/A,N/A,N/A,N/A,0,0,0,0.0,0,0,0
1778565952,0,,Aggregated,0.000000,0.000000,N/A,N/A,N/A,N/A,N/A,N/A,N/A,N/A,N/A,N/A,N/A,0,0,0,0.0,0,0,0
1778565953,0,,Aggregated,0.000000,0.000000,N/A,N/A,N/A,N/A,N/A,N/A,N/A,N/A,N/A,N/A,N/A,0,0,0,0.0,0,0,0
1778565954,0,,Aggregated,0.000000,0.000000,N/A,N/A,N/A,N/A,N/A,N/A,N/A,N/A,N/A,N/A,N/A,0,0,0,0.0,0,0,0
1778565955,0,,Aggregated,0.000000,0.000000,N/A,N/A,N/A,N/A,N/A,N/A,N/A,N/A,N/A,N/A,N/A,0,0,0,0.0,0,0,0
1778565956,0,,Aggregated,0.000000,0.000000,N/A,N/A,N/A,N/A,N/A,N/A,N/A,N/A,N/A,N/A,N/A,0,0,0,0.0,0,0,0
1778565957,0,,Aggregated,0.000000,0.000000,N/A,N/A,N/A,N/A,N/A,N/A,N/A,N/A,N/A,N/A,N/A,0,0,0,0.0,0,0,0
1778565958,0,,Aggregated,0.000000,0.000000,N/A,N/A,N/A,N/A,N/A,N/A,N/A,N/A,N/A,N/A,N/A,0,0,0,0.0,0,0,0
1778565959,0,,Aggregated,0.000000,0.000000,N/A,N/A,N/A,N/A,N/A,N/A,N/A,N/A,N/A,N/A,N/A,0,0,0,0.0,0,0,0
1778565960,0,,Aggregated,0.000000,0.000000,N/A,N/A,N/A,N/A,N/A,N/A,N/A,N/A,N/A,N/A,N/A,0,0,0,0.0,0,0,0
1778565961,0,,Aggregated,0.000000,0.000000,N/A,N/A,N/A,N/A,N/A,N/A,N/A,N/A,N/A,N/A,N/A,0,0,0,0.0,0,0,0
1778565962,0,,Aggregated,0.000000,0.000000,N/A,N/A,N/A,N/A,N/A,N/A,N/A,N/A,N/A,N/A,N/A,0,0,0,0.0,0,0,0
1778565963,0,,Aggregated,0.000000,0.000000,N/A,N/A,N/A,N/A,N/A,N/A,N/A,N/A,N/A,N/A,N/A,0,0,0,0.0,0,0,0
1778565964,0,,Aggregated,0.000000,0.000000,N/A,N/A,N/A,N/A,N/A,N/A,N/A,N/A,N/A,N/A,N/A,0,0,0,0.0,0,0,0
1778565965,0,,Aggregated,0.000000,0.000000,N/A,N/A,N/A,N/A,N/A,N/A,N/A,N/A,N/A,N/A,N/A,0,0,0,0.0,0,0,0
1778565966,0,,Aggregated,0.000000,0.000000,N/A,N/A,N/A,N/A,N/A,N/A,N/A,N/A,N/A,N/A,N/A,0,0,0,0.0,0,0,0
1778565967,0,,Aggregated,0.000000,0.000000,N/A,N/A,N/A,N/A,N/A,N/A,N/A,N/A,N/A,N/A,N/A,0,0,0,0.0,0,0,0
1778565968,0,,Aggregated,0.000000,0.000000,N/A,N/A,N/A,N/A,N/A,N/A,N/A,N/A,N/A,N/A,N/A,0,0,0,0.0,0,0,0
1778565969,0,,Aggregated,0.000000,0.000000,N/A,N/A,N/A,N/A,N/A,N/A,N/A,N/A,N/A,N/A,N/A,0,0,0,0.0,0,0,0
1778565970,0,,Aggregated,0.000000,0.000000,N/A,N/A,N/A,N/A,N/A,N/A,N/A,N/A,N/A,N/A,N/A,0,0,0,0.0,0,0,0
1778565971,0,,Aggregated,0.000000,0.000000,N/A,N/A,N/A,N/A,N/A,N/A,N/A,N/A,N/A,N/A,N/A,0,0,0,0.0,0,0,0
1778565972,0,,Aggregated,0.000000,0.000000,N/A,N/A,N/A,N/A,N/A,N/A,N/A,N/A,N/A,N/A,N/A,0,0,0,0.0,0,0,0
1778565973,0,,Aggregated,0.000000,0.000000,N/A,N/A,N/A,N/A,N/A,N/A,N/A,N/A,N/A,N/A,N/A,0,0,0,0.0,0,0,0
1778565974,0,,Aggregated,0.000000,0.000000,N/A,N/A,N/A,N/A,N/A,N/A,N/A,N/A,N/A,N/A,N/A,0,0,0,0.0,0,0,0
1778565975,0,,Aggregated,0.000000,0.000000,N/A,N/A,N/A,N/A,N/A,N/A,N/A,N/A,N/A,N/A,N/A,0,0,0,0.0,0,0,0
1778565976,0,,Aggregated,0.000000,0.000000,N/A,N/A,N/A,N/A,N/A,N/A,N/A,N/A,N/A,N/A,N/A,0,0,0,0.0,0,0,0
1778565977,0,,Aggregated,0.000000,0.000000,N/A,N/A,N/A,N/A,N/A,N/A,N/A,N/A,N/A,N/A,N/A,0,0,0,0.0,0,0,0
1778565978,0,,Aggregated,0.000000,0.000000,N/A,N/A,N/A,N/A,N/A,N/A,N/A,N/A,N/A,N/A,N/A,0,0,0,0.0,0,0,0
1778565979,0,,Aggregated,0.000000,0.000000,N/A,N/A,N/A,N/A,N/A,N/A,N/A,N/A,N/A,N/A,N/A,0,0,0,0.0,0,0,0
1778565980,0,,Aggregated,0.000000,0.000000,N/A,N/A,N/A,N/A,N/A,N/A,N/A,N/A,N/A,N/A,N/A,0,0,0,0.0,0,0,0
1778565981,0,,Aggregated,0.000000,0.000000,N/A,N/A,N/A,N/A,N/A,N/A,N/A,N/A,N/A,N/A,N/A,0,0,0,0.0,0,0,0
1778565982,0,,Aggregated,0.000000,0.000000,N/A,N/A,N/A,N/A,N/A,N/A,N/A,N/A,N/A,N/A,N/A,0,0,0,0.0,0,0,0
1778565983,0,,Aggregated,0.000000,0.000000,N/A,N/A,N/A,N/A,N/A,N/A,N/A,N/A,N/A,N/A,N/A,0,0,0,0.0,0,0,0
1778565984,0,,Aggregated,0.000000,0.000000,N/A,N/A,N/A,N/A,N/A,N/A,N/A,N/A,N/A,N/A,N/A,0,0,0,0.0,0,0,0
1778565985,0,,Aggregated,0.000000,0.000000,N/A,N/A,N/A,N/A,N/A,N/A,N/A,N/A,N/A,N/A,N/A,0,0,0,0.0,0,0,0
1778565986,0,,Aggregated,0.000000,0.000000,N/A,N/A,N/A,N/A,N/A,N/A,N/A,N/A,N/A,N/A,N/A,0,0,0,0.0,0,0,0
1778565987,0,,Aggregated,0.000000,0.000000,N/A,N/A,N/A,N/A,N/A,N/A,N/A,N/A,N/A,N/A,N/A,0,0,0,0.0,0,0,0
1778565988,0,,Aggregated,0.000000,0.000000,N/A,N/A,N/A,N/A,N/A,N/A,N/A,N/A,N/A,N/A,N/A,0,0,0,0.0,0,0,0
1778565989,0,,Aggregated,0.000000,0.000000,N/A,N/A,N/A,N/A,N/A,N/A,N/A,N/A,N/A,N/A,N/A,0,0,0,0.0,0,0,0
1778565990,0,,Aggregated,0.000000,0.000000,N/A,N/A,N/A,N/A,N/A,N/A,N/A,N/A,N/A,N/A,N/A,0,0,0,0.0,0,0,0
1778565991,0,,Aggregated,0.000000,0.000000,N/A,N/A,N/A,N/A,N/A,N/A,N/A,N/A,N/A,N/A,N/A,0,0,0,0.0,0,0,0
1778565992,0,,Aggregated,0.000000,0.000000,N/A,N/A,N/A,N/A,N/A,N/A,N/A,N/A,N/A,N/A,N/A,0,0,0,0.0,0,0,0
1778565993,0,,Aggregated,0.000000,0.000000,N/A,N/A,N/A,N/A,N/A,N/A,N/A,N/A,N/A,N/A,N/A,0,0,0,0.0,0,0,0
1778565994,0,,Aggregated,0.000000,0.000000,N/A,N/A,N/A,N/A,N/A,N/A,N/A,N/A,N/A,N/A,N/A,0,0,0,0.0,0,0,0
1778565995,0,,Aggregated,0.000000,0.000000,N/A,N/A,N/A,N/A,N/A,N/A,N/A,N/A,N/A,N/A,N/A,0,0,0,0.0,0,0,0
1778565996,0,,Aggregated,0.000000,0.000000,N/A,N/A,N/A,N/A,N/A,N/A,N/A,N/A,N/A,N/A,N/A,0,0,0,0.0,0,0,0
1778565997,0,,Aggregated,0.000000,0.000000,N/A,N/A,N/A,N/A,N/A,N/A,N/A,N/A,N/A,N/A,N/A,0,0,0,0.0,0,0,0
1778565998,0,,Aggregated,0.000000,0.000000,N/A,N/A,N/A,N/A,N/A,N/A,N/A,N/A,N/A,N/A,N/A,0,0,0,0.0,0,0,0
1778565999,0,,Aggregated,0.000000,0.000000,N/A,N/A,N/A,N/A,N/A,N/A,N/A,N/A,N/A,N/A,N/A,0,0,0,0.0,0,0,0
1778566000,0,,Aggregated,0.000000,0.000000,N/A,N/A,N/A,N/A,N/A,N/A,N/A,N/A,N/A,N/A,N/A,0,0,0,0.0,0,0,0
1778566001,0,,Aggregated,0.000000,0.000000,N/A,N/A,N/A,N/A,N/A,N/A,N/A,N/A,N/A,N/A,N/A,0,0,0,0.0,0,0,0
1778566002,0,,Aggregated,0.000000,0.000000,N/A,N/A,N/A,N/A,N/A,N/A,N/A,N/A,N/A,N/A,N/A,0,0,0,0.0,0,0,0
1778566003,0,,Aggregated,0.000000,0.000000,N/A,N/A,N/A,N/A,N/A,N/A,N/A,N/A,N/A,N/A,N/A,0,0,0,0.0,0,0,0
1778566004,0,,Aggregated,0.000000,0.000000,N/A,N/A,N/A,N/A,N/A,N/A,N/A,N/A,N/A,N/A,N/A,0,0,0,0.0,0,0,0
1778566005,0,,Aggregated,0.000000,0.000000,N/A,N/A,N/A,N/A,N/A,N/A,N/A,N/A,N/A,N/A,N/A,0,0,0,0.0,0,0,0
1778566006,0,,Aggregated,0.000000,0.000000,N/A,N/A,N/A,N/A,N/A,N/A,N/A,N/A,N/A,N/A,N/A,0,0,0,0.0,0,0,0
1778566007,0,,Aggregated,0.000000,0.000000,N/A,N/A,N/A,N/A,N/A,N/A,N/A,N/A,N/A,N/A,N/A,0,0,0,0.0,0,0,0
1778566008,0,,Aggregated,0.000000,0.000000,N/A,N/A,N/A,N/A,N/A,N/A,N/A,N/A,N/A,N/A,N/A,0,0,0,0.0,0,0,0
1778566009,0,,Aggregated,0.000000,0.000000,N/A,N/A,N/A,N/A,N/A,N/A,N/A,N/A,N/A,N/A,N/A,0,0,0,0.0,0,0,0
1778566010,0,,Aggregated,0.000000,0.000000,N/A,N/A,N/A,N/A,N/A,N/A,N/A,N/A,N/A,N/A,N/A,0,0,0,0.0,0,0,0
1778566011,0,,Aggregated,0.000000,0.000000,N/A,N/A,N/A,N/A,N/A,N/A,N/A,N/A,N/A,N/A,N/A,0,0,0,0.0,0,0,0
1778566012,0,,Aggregated,0.000000,0.000000,N/A,N/A,N/A,N/A,N/A,N/A,N/A,N/A,N/A,N/A,N/A,0,0,0,0.0,0,0,0
1778566013,0,,Aggregated,0.000000,0.000000,N/A,N/A,N/A,N/A,N/A,N/A,N/A,N/A,N/A,N/A,N/A,0,0,0,0.0,0,0,0
1778566014,0,,Aggregated,0.000000,0.000000,N/A,N/A,N/A,N/A,N/A,N/A,N/A,N/A,N/A,N/A,N/A,0,0,0,0.0,0,0,0
1778566015,0,,Aggregated,0.000000,0.000000,N/A,N/A,N/A,N/A,N/A,N/A,N/A,N/A,N/A,N/A,N/A,0,0,0,0.0,0,0,0
1778566016,0,,Aggregated,0.000000,0.000000,N/A,N/A,N/A,N/A,N/A,N/A,N/A,N/A,N/A,N/A,N/A,0,0,0,0.0,0,0,0
1778566017,0,,Aggregated,0.000000,0.000000,N/A,N/A,N/A,N/A,N/A,N/A,N/A,N/A,N/A,N/A,N/A,0,0,0,0.0,0,0,0
1778566018,0,,Aggregated,0.000000,0.000000,N/A,N/A,N/A,N/A,N/A,N/A,N/A,N/A,N/A,N/A,N/A,0,0,0,0.0,0,0,0
1778566019,0,,Aggregated,0.000000,0.000000,N/A,N/A,N/A,N/A,N/A,N/A,N/A,N/A,N/A,N/A,N/A,0,0,0,0.0,0,0,0
1778566020,0,,Aggregated,0.000000,0.000000,N/A,N/A,N/A,N/A,N/A,N/A,N/A,N/A,N/A,N/A,N/A,0,0,0,0.0,0,0,0
1778566021,0,,Aggregated,0.000000,0.000000,N/A,N/A,N/A,N/A,N/A,N/A,N/A,N/A,N/A,N/A,N/A,0,0,0,0.0,0,0,0
1778566022,0,,Aggregated,0.000000,0.000000,N/A,N/A,N/A,N/A,N/A,N/A,N/A,N/A,N/A,N/A,N/A,0,0,0,0.0,0,0,0
1778566023,0,,Aggregated,0.000000,0.000000,N/A,N/A,N/A,N/A,N/A,N/A,N/A,N/A,N/A,N/A,N/A,0,0,0,0.0,0,0,0
1778566024,0,,Aggregated,0.000000,0.000000,N/A,N/A,N/A,N/A,N/A,N/A,N/A,N/A,N/A,N/A,N/A,0,0,0,0.0,0,0,0
1778566025,0,,Aggregated,0.000000,0.000000,N/A,N/A,N/A,N/A,N/A,N/A,N/A,N/A,N/A,N/A,N/A,0,0,0,0.0,0,0,0
1778566026,0,,Aggregated,0.000000,0.000000,N/A,N/A,N/A,N/A,N/A,N/A,N/A,N/A,N/A,N/A,N/A,0,0,0,0.0,0,0,0
1778566027,0,,Aggregated,0.000000,0.000000,N/A,N/A,N/A,N/A,N/A,N/A,N/A,N/A,N/A,N/A,N/A,0,0,0,0.0,0,0,0
1778566028,0,,Aggregated,0.000000,0.000000,N/A,N/A,N/A,N/A,N/A,N/A,N/A,N/A,N/A,N/A,N/A,0,0,0,0.0,0,0,0
1778566029,0,,Aggregated,0.000000,0.000000,N/A,N/A,N/A,N/A,N/A,N/A,N/A,N/A,N/A,N/A,N/A,0,0,0,0.0,0,0,0
1778566030,0,,Aggregated,0.000000,0.000000,N/A,N/A,N/A,N/A,N/A,N/A,N/A,N/A,N/A,N/A,N/A,0,0,0,0.0,0,0,0
1778566031,0,,Aggregated,0.000000,0.000000,N/A,N/A,N/A,N/A,N/A,N/A,N/A,N/A,N/A,N/A,N/A,0,0,0,0.0,0,0,0
1778566032,0,,Aggregated,0.000000,0.000000,N/A,N/A,N/A,N/A,N/A,N/A,N/A,N/A,N/A,N/A,N/A,0,0,0,0.0,0,0,0
1778566033,0,,Aggregated,0.000000,0.000000,N/A,N/A,N/A,N/A,N/A,N/A,N/A,N/A,N/A,N/A,N/A,0,0,0,0.0,0,0,0
1778566034,0,,Aggregated,0.000000,0.000000,N/A,N/A,N/A,N/A,N/A,N/A,N/A,N/A,N/A,N/A,N/A,0,0,0,0.0,0,0,0
1778566035,0,,Aggregated,0.000000,0.000000,N/A,N/A,N/A,N/A,N/A,N/A,N/A,N/A,N/A,N/A,N/A,0,0,0,0.0,0,0,0
1778566036,0,,Aggregated,0.000000,0.000000,N/A,N/A,N/A,N/A,N/A,N/A,N/A,N/A,N/A,N/A,N/A,0,0,0,0.0,0,0,0
1778566037,0,,Aggregated,0.000000,0.000000,N/A,N/A,N/A,N/A,N/A,N/A,N/A,N/A,N/A,N/A,N/A,0,0,0,0.0,0,0,0
1778566038,0,,Aggregated,0.000000,0.000000,N/A,N/A,N/A,N/A,N/A,N/A,N/A,N/A,N/A,N/A,N/A,0,0,0,0.0,0,0,0
1778566039,0,,Aggregated,0.000000,0.000000,N/A,N/A,N/A,N/A,N/A,N/A,N/A,N/A,N/A,N/A,N/A,0,0,0,0.0,0,0,0
1778566040,0,,Aggregated,0.000000,0.000000,N/A,N/A,N/A,N/A,N/A,N/A,N/A,N/A,N/A,N/A,N/A,0,0,0,0.0,0,0,0
1778566041,0,,Aggregated,0.000000,0.000000,N/A,N/A,N/A,N/A,N/A,N/A,N/A,N/A,N/A,N/A,N/A,0,0,0,0.0,0,0,0
1778566042,0,,Aggregated,0.000000,0.000000,N/A,N/A,N/A,N/A,N/A,N/A,N/A,N/A,N/A,N/A,N/A,0,0,0,0.0,0,0,0
1778566043,0,,Aggregated,0.000000,0.000000,N/A,N/A,N/A,N/A,N/A,N/A,N/A,N/A,N/A,N/A,N/A,0,0,0,0.0,0,0,0
1778566044,0,,Aggregated,0.000000,0.000000,N/A,N/A,N/A,N/A,N/A,N/A,N/A,N/A,N/A,N/A,N/A,0,0,0,0.0,0,0,0
1778566045,0,,Aggregated,0.000000,0.000000,N/A,N/A,N/A,N/A,N/A,N/A,N/A,N/A,N/A,N/A,N/A,0,0,0,0.0,0,0,0
1778566046,0,,Aggregated,0.000000,0.000000,N/A,N/A,N/A,N/A,N/A,N/A,N/A,N/A,N/A,N/A,N/A,0,0,0,0.0,0,0,0
1778566047,0,,Aggregated,0.000000,0.000000,N/A,N/A,N/A,N/A,N/A,N/A,N/A,N/A,N/A,N/A,N/A,0,0,0,0.0,0,0,0
1778566048,0,,Aggregated,0.000000,0.000000,N/A,N/A,N/A,N/A,N/A,N/A,N/A,N/A,N/A,N/A,N/A,0,0,0,0.0,0,0,0
1778566049,0,,Aggregated,0.000000,0.000000,N/A,N/A,N/A,N/A,N/A,N/A,N/A,N/A,N/A,N/A,N/A,0,0,0,0.0,0,0,0
1778566050,0,,Aggregated,0.000000,0.000000,N/A,N/A,N/A,N/A,N/A,N/A,N/A,N/A,N/A,N/A,N/A,0,0,0,0.0,0,0,0
1778566051,0,,Aggregated,0.000000,0.000000,N/A,N/A,N/A,N/A,N/A,N/A,N/A,N/A,N/A,N/A,N/A,0,0,0,0.0,0,0,0
1778566052,0,,Aggregated,0.000000,0.000000,N/A,N/A,N/A,N/A,N/A,N/A,N/A,N/A,N/A,N/A,N/A,0,0,0,0.0,0,0,0
1778566053,0,,Aggregated,0.000000,0.000000,N/A,N/A,N/A,N/A,N/A,N/A,N/A,N/A,N/A,N/A,N/A,0,0,0,0.0,0,0,0
1778566054,0,,Aggregated,0.000000,0.000000,N/A,N/A,N/A,N/A,N/A,N/A,N/A,N/A,N/A,N/A,N/A,0,0,0,0.0,0,0,0
1778566055,0,,Aggregated,0.000000,0.000000,N/A,N/A,N/A,N/A,N/A,N/A,N/A,N/A,N/A,N/A,N/A,0,0,0,0.0,0,0,0
1778566056,0,,Aggregated,0.000000,0.000000,N/A,N/A,N/A,N/A,N/A,N/A,N/A,N/A,N/A,N/A,N/A,0,0,0,0.0,0,0,0
1778566057,0,,Aggregated,0.000000,0.000000,N/A,N/A,N/A,N/A,N/A,N/A,N/A,N/A,N/A,N/A,N/A,0,0,0,0.0,0,0,0
1778566058,0,,Aggregated,0.000000,0.000000,N/A,N/A,N/A,N/A,N/A,N/A,N/A,N/A,N/A,N/A,N/A,0,0,0,0.0,0,0,0
1778566059,0,,Aggregated,0.000000,0.000000,N/A,N/A,N/A,N/A,N/A,N/A,N/A,N/A,N/A,N/A,N/A,0,0,0,0.0,0,0,0
1778566060,0,,Aggregated,0.000000,0.000000,N/A,N/A,N/A,N/A,N/A,N/A,N/A,N/A,N/A,N/A,N/A,0,0,0,0.0,0,0,0
1778566061,0,,Aggregated,0.000000,0.000000,N/A,N/A,N/A,N/A,N/A,N/A,N/A,N/A,N/A,N/A,N/A,0,0,0,0.0,0,0,0
1778566062,0,,Aggregated,0.000000,0.000000,N/A,N/A,N/A,N/A,N/A,N/A,N/A,N/A,N/A,N/A,N/A,0,0,0,0.0,0,0,0
1778566063,0,,Aggregated,0.000000,0.000000,N/A,N/A,N/A,N/A,N/A,N/A,N/A,N/A,N/A,N/A,N/A,0,0,0,0.0,0,0,0
1778566064,0,,Aggregated,0.000000,0.000000,N/A,N/A,N/A,N/A,N/A,N/A,N/A,N/A,N/A,N/A,N/A,0,0,0,0.0,0,0,0
1778566065,0,,Aggregated,0.000000,0.000000,N/A,N/A,N/A,N/A,N/A,N/A,N/A,N/A,N/A,N/A,N/A,0,0,0,0.0,0,0,0
1778566066,0,,Aggregated,0.000000,0.000000,N/A,N/A,N/A,N/A,N/A,N/A,N/A,N/A,N/A,N/A,N/A,0,0,0,0.0,0,0,0
1778566067,0,,Aggregated,0.000000,0.000000,N/A,N/A,N/A,N/A,N/A,N/A,N/A,N/A,N/A,N/A,N/A,0,0,0,0.0,0,0,0
1778566068,0,,Aggregated,0.000000,0.000000,N/A,N/A,N/A,N/A,N/A,N/A,N/A,N/A,N/A,N/A,N/A,0,0,0,0.0,0,0,0
1778566069,0,,Aggregated,0.000000,0.000000,N/A,N/A,N/A,N/A,N/A,N/A,N/A,N/A,N/A,N/A,N/A,0,0,0,0.0,0,0,0
1778566070,0,,Aggregated,0.000000,0.000000,N/A,N/A,N/A,N/A,N/A,N/A,N/A,N/A,N/A,N/A,N/A,0,0,0,0.0,0,0,0
1778566071,0,,Aggregated,0.000000,0.000000,N/A,N/A,N/A,N/A,N/A,N/A,N/A,N/A,N/A,N/A,N/A,0,0,0,0.0,0,0,0
1778566072,0,,Aggregated,0.000000,0.000000,N/A,N/A,N/A,N/A,N/A,N/A,N/A,N/A,N/A,N/A,N/A,0,0,0,0.0,0,0,0
1778566073,0,,Aggregated,0.000000,0.000000,N/A,N/A,N/A,N/A,N/A,N/A,N/A,N/A,N/A,N/A,N/A,0,0,0,0.0,0,0,0
1778566074,0,,Aggregated,0.000000,0.000000,N/A,N/A,N/A,N/A,N/A,N/A,N/A,N/A,N/A,N/A,N/A,0,0,0,0.0,0,0,0
1778566075,0,,Aggregated,0.000000,0.000000,N/A,N/A,N/A,N/A,N/A,N/A,N/A,N/A,N/A,N/A,N/A,0,0,0,0.0,0,0,0
1778566076,0,,Aggregated,0.000000,0.000000,N/A,N/A,N/A,N/A,N/A,N/A,N/A,N/A,N/A,N/A,N/A,0,0,0,0.0,0,0,0
1778566077,0,,Aggregated,0.000000,0.000000,N/A,N/A,N/A,N/A,N/A,N/A,N/A,N/A,N/A,N/A,N/A,0,0,0,0.0,0,0,0
1778566078,0,,Aggregated,0.000000,0.000000,N/A,N/A,N/A,N/A,N/A,N/A,N/A,N/A,N/A,N/A,N/A,0,0,0,0.0,0,0,0
1778566079,0,,Aggregated,0.000000,0.000000,N/A,N/A,N/A,N/A,N/A,N/A,N/A,N/A,N/A,N/A,N/A,0,0,0,0.0,0,0,0
1778566080,0,,Aggregated,0.000000,0.000000,N/A,N/A,N/A,N/A,N/A,N/A,N/A,N/A,N/A,N/A,N/A,0,0,0,0.0,0,0,0
1778566081,0,,Aggregated,0.000000,0.000000,N/A,N/A,N/A,N/A,N/A,N/A,N/A,N/A,N/A,N/A,N/A,0,0,0,0.0,0,0,0
1778566082,0,,Aggregated,0.000000,0.000000,N/A,N/A,N/A,N/A,N/A,N/A,N/A,N/A,N/A,N/A,N/A,0,0,0,0.0,0,0,0
1778566083,0,,Aggregated,0.000000,0.000000,N/A,N/A,N/A,N/A,N/A,N/A,N/A,N/A,N/A,N/A,N/A,0,0,0,0.0,0,0,0
1778566084,0,,Aggregated,0.000000,0.000000,N/A,N/A,N/A,N/A,N/A,N/A,N/A,N/A,N/A,N/A,N/A,0,0,0,0.0,0,0,0
1778566085,0,,Aggregated,0.000000,0.000000,N/A,N/A,N/A,N/A,N/A,N/A,N/A,N/A,N/A,N/A,N/A,0,0,0,0.0,0,0,0
1778566086,0,,Aggregated,0.000000,0.000000,N/A,N/A,N/A,N/A,N/A,N/A,N/A,N/A,N/A,N/A,N/A,0,0,0,0.0,0,0,0
1778566087,0,,Aggregated,0.000000,0.000000,N/A,N/A,N/A,N/A,N/A,N/A,N/A,N/A,N/A,N/A,N/A,0,0,0,0.0,0,0,0
1778566088,0,,Aggregated,0.000000,0.000000,N/A,N/A,N/A,N/A,N/A,N/A,N/A,N/A,N/A,N/A,N/A,0,0,0,0.0,0,0,0
1778566089,0,,Aggregated,0.000000,0.000000,N/A,N/A,N/A,N/A,N/A,N/A,N/A,N/A,N/A,N/A,N/A,0,0,0,0.0,0,0,0
1778566090,0,,Aggregated,0.000000,0.000000,N/A,N/A,N/A,N/A,N/A,N/A,N/A,N/A,N/A,N/A,N/A,0,0,0,0.0,0,0,0
1778566091,0,,Aggregated,0.000000,0.000000,N/A,N/A,N/A,N/A,N/A,N/A,N/A,N/A,N/A,N/A,N/A,0,0,0,0.0,0,0,0
1778566092,0,,Aggregated,0.000000,0.000000,N/A,N/A,N/A,N/A,N/A,N/A,N/A,N/A,N/A,N/A,N/A,0,0,0,0.0,0,0,0
1778566093,0,,Aggregated,0.000000,0.000000,N/A,N/A,N/A,N/A,N/A,N/A,N/A,N/A,N/A,N/A,N/A,0,0,0,0.0,0,0,0
1778566094,0,,Aggregated,0.000000,0.000000,N/A,N/A,N/A,N/A,N/A,N/A,N/A,N/A,N/A,N/A,N/A,0,0,0,0.0,0,0,0
1778566095,0,,Aggregated,0.000000,0.000000,N/A,N/A,N/A,N/A,N/A,N/A,N/A,N/A,N/A,N/A,N/A,0,0,0,0.0,0,0,0
1778566096,0,,Aggregated,0.000000,0.000000,N/A,N/A,N/A,N/A,N/A,N/A,N/A,N/A,N/A,N/A,N/A,0,0,0,0.0,0,0,0
1778566097,0,,Aggregated,0.000000,0.000000,N/A,N/A,N/A,N/A,N/A,N/A,N/A,N/A,N/A,N/A,N/A,0,0,0,0.0,0,0,0
1778566098,0,,Aggregated,0.000000,0.000000,N/A,N/A,N/A,N/A,N/A,N/A,N/A,N/A,N/A,N/A,N/A,0,0,0,0.0,0,0,0
1778566099,0,,Aggregated,0.000000,0.000000,N/A,N/A,N/A,N/A,N/A,N/A,N/A,N/A,N/A,N/A,N/A,0,0,0,0.0,0,0,0
1778566100,0,,Aggregated,0.000000,0.000000,N/A,N/A,N/A,N/A,N/A,N/A,N/A,N/A,N/A,N/A,N/A,0,0,0,0.0,0,0,0
1778566101,0,,Aggregated,0.000000,0.000000,N/A,N/A,N/A,N/A,N/A,N/A,N/A,N/A,N/A,N/A,N/A,0,0,0,0.0,0,0,0
1778566102,0,,Aggregated,0.000000,0.000000,N/A,N/A,N/A,N/A,N/A,N/A,N/A,N/A,N/A,N/A,N/A,0,0,0,0.0,0,0,0
1778566103,0,,Aggregated,0.000000,0.000000,N/A,N/A,N/A,N/A,N/A,N/A,N/A,N/A,N/A,N/A,N/A,0,0,0,0.0,0,0,0
1778566104,0,,Aggregated,0.000000,0.000000,N/A,N/A,N/A,N/A,N/A,N/A,N/A,N/A,N/A,N/A,N/A,0,0,0,0.0,0,0,0
1778566105,0,,Aggregated,0.000000,0.000000,N/A,N/A,N/A,N/A,N/A,N/A,N/A,N/A,N/A,N/A,N/A,0,0,0,0.0,0,0,0
1778566106,0,,Aggregated,0.000000,0.000000,N/A,N/A,N/A,N/A,N/A,N/A,N/A,N/A,N/A,N/A,N/A,0,0,0,0.0,0,0,0
1778566107,0,,Aggregated,0.000000,0.000000,N/A,N/A,N/A,N/A,N/A,N/A,N/A,N/A,N/A,N/A,N/A,0,0,0,0.0,0,0,0
1778566108,0,,Aggregated,0.000000,0.000000,N/A,N/A,N/A,N/A,N/A,N/A,N/A,N/A,N/A,N/A,N/A,0,0,0,0.0,0,0,0
1778566109,0,,Aggregated,0.000000,0.000000,N/A,N/A,N/A,N/A,N/A,N/A,N/A,N/A,N/A,N/A,N/A,0,0,0,0.0,0,0,0
1778566110,0,,Aggregated,0.000000,0.000000,N/A,N/A,N/A,N/A,N/A,N/A,N/A,N/A,N/A,N/A,N/A,0,0,0,0.0,0,0,0
1778566111,0,,Aggregated,0.000000,0.000000,N/A,N/A,N/A,N/A,N/A,N/A,N/A,N/A,N/A,N/A,N/A,0,0,0,0.0,0,0,0
1778566112,0,,Aggregated,0.000000,0.000000,N/A,N/A,N/A,N/A,N/A,N/A,N/A,N/A,N/A,N/A,N/A,0,0,0,0.0,0,0,0
1778566113,0,,Aggregated,0.000000,0.000000,N/A,N/A,N/A,N/A,N/A,N/A,N/A,N/A,N/A,N/A,N/A,0,0,0,0.0,0,0,0
1778566114,0,,Aggregated,0.000000,0.000000,N/A,N/A,N/A,N/A,N/A,N/A,N/A,N/A,N/A,N/A,N/A,0,0,0,0.0,0,0,0
1778566115,0,,Aggregated,0.000000,0.000000,N/A,N/A,N/A,N/A,N/A,N/A,N/A,N/A,N/A,N/A,N/A,0,0,0,0.0,0,0,0
1778566116,0,,Aggregated,0.000000,0.000000,N/A,N/A,N/A,N/A,N/A,N/A,N/A,N/A,N/A,N/A,N/A,0,0,0,0.0,0,0,0
1778566117,0,,Aggregated,0.000000,0.000000,N/A,N/A,N/A,N/A,N/A,N/A,N/A,N/A,N/A,N/A,N/A,0,0,0,0.0,0,0,0
1778566118,0,,Aggregated,0.000000,0.000000,N/A,N/A,N/A,N/A,N/A,N/A,N/A,N/A,N/A,N/A,N/A,0,0,0,0.0,0,0,0
1778566119,0,,Aggregated,0.000000,0.000000,N/A,N/A,N/A,N/A,N/A,N/A,N/A,N/A,N/A,N/A,N/A,0,0,0,0.0,0,0,0
1778566120,0,,Aggregated,0.000000,0.000000,N/A,N/A,N/A,N/A,N/A,N/A,N/A,N/A,N/A,N/A,N/A,0,0,0,0.0,0,0,0
1778566121,0,,Aggregated,0.000000,0.000000,N/A,N/A,N/A,N/A,N/A,N/A,N/A,N/A,N/A,N/A,N/A,0,0,0,0.0,0,0,0
1778566122,0,,Aggregated,0.000000,0.000000,N/A,N/A,N/A,N/A,N/A,N/A,N/A,N/A,N/A,N/A,N/A,0,0,0,0.0,0,0,0
1778566123,0,,Aggregated,0.000000,0.000000,N/A,N/A,N/A,N/A,N/A,N/A,N/A,N/A,N/A,N/A,N/A,0,0,0,0.0,0,0,0
1778566124,0,,Aggregated,0.000000,0.000000,N/A,N/A,N/A,N/A,N/A,N/A,N/A,N/A,N/A,N/A,N/A,0,0,0,0.0,0,0,0
1778566125,0,,Aggregated,0.000000,0.000000,N/A,N/A,N/A,N/A,N/A,N/A,N/A,N/A,N/A,N/A,N/A,0,0,0,0.0,0,0,0
1778566126,0,,Aggregated,0.000000,0.000000,N/A,N/A,N/A,N/A,N/A,N/A,N/A,N/A,N/A,N/A,N/A,0,0,0,0.0,0,0,0
1778566127,0,,Aggregated,0.000000,0.000000,N/A,N/A,N/A,N/A,N/A,N/A,N/A,N/A,N/A,N/A,N/A,0,0,0,0.0,0,0,0
1778566128,0,,Aggregated,0.000000,0.000000,N/A,N/A,N/A,N/A,N/A,N/A,N/A,N/A,N/A,N/A,N/A,0,0,0,0.0,0,0,0
1778566129,0,,Aggregated,0.000000,0.000000,N/A,N/A,N/A,N/A,N/A,N/A,N/A,N/A,N/A,N/A,N/A,0,0,0,0.0,0,0,0
1778566130,0,,Aggregated,0.000000,0.000000,N/A,N/A,N/A,N/A,N/A,N/A,N/A,N/A,N/A,N/A,N/A,0,0,0,0.0,0,0,0
1778566131,0,,Aggregated,0.000000,0.000000,N/A,N/A,N/A,N/A,N/A,N/A,N/A,N/A,N/A,N/A,N/A,0,0,0,0.0,0,0,0
1778566132,0,,Aggregated,0.000000,0.000000,N/A,N/A,N/A,N/A,N/A,N/A,N/A,N/A,N/A,N/A,N/A,0,0,0,0.0,0,0,0
1778566133,0,,Aggregated,0.000000,0.000000,N/A,N/A,N/A,N/A,N/A,N/A,N/A,N/A,N/A,N/A,N/A,0,0,0,0.0,0,0,0
1778566134,0,,Aggregated,0.000000,0.000000,N/A,N/A,N/A,N/A,N/A,N/A,N/A,N/A,N/A,N/A,N/A,0,0,0,0.0,0,0,0
1778566135,0,,Aggregated,0.000000,0.000000,N/A,N/A,N/A,N/A,N/A,N/A,N/A,N/A,N/A,N/A,N/A,0,0,0,0.0,0,0,0
1778566136,0,,Aggregated,0.000000,0.000000,N/A,N/A,N/A,N/A,N/A,N/A,N/A,N/A,N/A,N/A,N/A,0,0,0,0.0,0,0,0
1778566137,0,,Aggregated,0.000000,0.000000,N/A,N/A,N/A,N/A,N/A,N/A,N/A,N/A,N/A,N/A,N/A,0,0,0,0.0,0,0,0
1778566138,0,,Aggregated,0.000000,0.000000,N/A,N/A,N/A,N/A,N/A,N/A,N/A,N/A,N/A,N/A,N/A,0,0,0,0.0,0,0,0
1778566139,0,,Aggregated,0.000000,0.000000,N/A,N/A,N/A,N/A,N/A,N/A,N/A,N/A,N/A,N/A,N/A,0,0,0,0.0,0,0,0
1778566140,0,,Aggregated,0.000000,0.000000,N/A,N/A,N/A,N/A,N/A,N/A,N/A,N/A,N/A,N/A,N/A,0,0,0,0.0,0,0,0
1778566141,0,,Aggregated,0.000000,0.000000,N/A,N/A,N/A,N/A,N/A,N/A,N/A,N/A,N/A,N/A,N/A,0,0,0,0.0,0,0,0
1778566142,0,,Aggregated,0.000000,0.000000,N/A,N/A,N/A,N/A,N/A,N/A,N/A,N/A,N/A,N/A,N/A,0,0,0,0.0,0,0,0
1778566143,0,,Aggregated,0.000000,0.000000,N/A,N/A,N/A,N/A,N/A,N/A,N/A,N/A,N/A,N/A,N/A,0,0,0,0.0,0,0,0
1778566144,0,,Aggregated,0.000000,0.000000,N/A,N/A,N/A,N/A,N/A,N/A,N/A,N/A,N/A,N/A,N/A,0,0,0,0.0,0,0,0
1778566145,0,,Aggregated,0.000000,0.000000,N/A,N/A,N/A,N/A,N/A,N/A,N/A,N/A,N/A,N/A,N/A,0,0,0,0.0,0,0,0
1778566146,0,,Aggregated,0.000000,0.000000,N/A,N/A,N/A,N/A,N/A,N/A,N/A,N/A,N/A,N/A,N/A,0,0,0,0.0,0,0,0
1778566147,0,,Aggregated,0.000000,0.000000,N/A,N/A,N/A,N/A,N/A,N/A,N/A,N/A,N/A,N/A,N/A,0,0,0,0.0,0,0,0
1778566148,0,,Aggregated,0.000000,0.000000,N/A,N/A,N/A,N/A,N/A,N/A,N/A,N/A,N/A,N/A,N/A,0,0,0,0.0,0,0,0
1778566149,0,,Aggregated,0.000000,0.000000,N/A,N/A,N/A,N/A,N/A,N/A,N/A,N/A,N/A,N/A,N/A,0,0,0,0.0,0,0,0
1778566150,0,,Aggregated,0.000000,0.000000,N/A,N/A,N/A,N/A,N/A,N/A,N/A,N/A,N/A,N/A,N/A,0,0,0,0.0,0,0,0
1778566151,1,,Aggregated,0.000000,0.000000,N/A,N/A,N/A,N/A,N/A,N/A,N/A,N/A,N/A,N/A,N/A,0,0,0,0.0,0,0,0
1778566152,2,,Aggregated,0.000000,0.000000,N/A,N/A,N/A,N/A,N/A,N/A,N/A,N/A,N/A,N/A,N/A,0,0,0,0.0,0,0,0
1778566153,3,,Aggregated,0.000000,0.000000,N/A,N/A,N/A,N/A,N/A,N/A,N/A,N/A,N/A,N/A,N/A,0,0,0,0.0,0,0,0
1778566154,4,,Aggregated,0.000000,0.000000,N/A,N/A,N/A,N/A,N/A,N/A,N/A,N/A,N/A,N/A,N/A,0,0,0,0.0,0,0,0
1778566155,5,,Aggregated,0.000000,0.000000,N/A,N/A,N/A,N/A,N/A,N/A,N/A,N/A,N/A,N/A,N/A,0,0,0,0.0,0,0,0
1778566156,6,,Aggregated,0.000000,0.000000,N/A,N/A,N/A,N/A,N/A,N/A,N/A,N/A,N/A,N/A,N/A,0,0,0,0.0,0,0,0
1778566157,8,,Aggregated,0.000000,0.000000,N/A,N/A,N/A,N/A,N/A,N/A,N/A,N/A,N/A,N/A,N/A,0,0,0,0.0,0,0,0
1778566158,9,,Aggregated,0.000000,0.000000,N/A,N/A,N/A,N/A,N/A,N/A,N/A,N/A,N/A,N/A,N/A,0,0,0,0.0,0,0,0
1778566159,9,,Aggregated,0.000000,0.000000,N/A,N/A,N/A,N/A,N/A,N/A,N/A,N/A,N/A,N/A,N/A,0,0,0,0.0,0,0,0
1778566160,11,,Aggregated,0.000000,0.000000,N/A,N/A,N/A,N/A,N/A,N/A,N/A,N/A,N/A,N/A,N/A,0,0,0,0.0,0,0,0
1778566161,12,,Aggregated,0.000000,0.000000,N/A,N/A,N/A,N/A,N/A,N/A,N/A,N/A,N/A,N/A,N/A,0,0,0,0.0,0,0,0
1778566162,13,,Aggregated,0.000000,0.000000,N/A,N/A,N/A,N/A,N/A,N/A,N/A,N/A,N/A,N/A,N/A,0,0,0,0.0,0,0,0
1778566163,14,,Aggregated,0.000000,0.000000,N/A,N/A,N/A,N/A,N/A,N/A,N/A,N/A,N/A,N/A,N/A,0,0,0,0.0,0,0,0
1778566164,15,,Aggregated,0.000000,0.000000,N/A,N/A,N/A,N/A,N/A,N/A,N/A,N/A,N/A,N/A,N/A,0,0,0,0.0,0,0,0
1778566165,16,,Aggregated,0.000000,0.000000,N/A,N/A,N/A,N/A,N/A,N/A,N/A,N/A,N/A,N/A,N/A,0,0,0,0.0,0,0,0
1778566166,17,,Aggregated,0.000000,0.000000,N/A,N/A,N/A,N/A,N/A,N/A,N/A,N/A,N/A,N/A,N/A,0,0,0,0.0,0,0,0
1778566167,18,,Aggregated,0.000000,0.000000,N/A,N/A,N/A,N/A,N/A,N/A,N/A,N/A,N/A,N/A,N/A,0,0,0,0.0,0,0,0
1778566168,19,,Aggregated,0.000000,0.000000,N/A,N/A,N/A,N/A,N/A,N/A,N/A,N/A,N/A,N/A,N/A,0,0,0,0.0,0,0,0
1778566169,20,,Aggregated,0.000000,0.000000,N/A,N/A,N/A,N/A,N/A,N/A,N/A,N/A,N/A,N/A,N/A,0,0,0,0.0,0,0,0
1778566170,21,,Aggregated,0.000000,0.000000,N/A,N/A,N/A,N/A,N/A,N/A,N/A,N/A,N/A,N/A,N/A,0,0,0,0.0,0,0,0
1778566171,22,,Aggregated,0.000000,0.000000,N/A,N/A,N/A,N/A,N/A,N/A,N/A,N/A,N/A,N/A,N/A,0,0,0,0.0,0,0,0
1778566172,24,,Aggregated,0.000000,0.000000,N/A,N/A,N/A,N/A,N/A,N/A,N/A,N/A,N/A,N/A,N/A,0,0,0,0.0,0,0,0
1778566173,25,,Aggregated,0.000000,0.000000,N/A,N/A,N/A,N/A,N/A,N/A,N/A,N/A,N/A,N/A,N/A,0,0,0,0.0,0,0,0
1778566174,26,,Aggregated,0.000000,0.000000,N/A,N/A,N/A,N/A,N/A,N/A,N/A,N/A,N/A,N/A,N/A,0,0,0,0.0,0,0,0
1778566175,26,,Aggregated,0.000000,0.000000,N/A,N/A,N/A,N/A,N/A,N/A,N/A,N/A,N/A,N/A,N/A,0,0,0,0.0,0,0,0
1778566176,28,,Aggregated,0.000000,0.000000,N/A,N/A,N/A,N/A,N/A,N/A,N/A,N/A,N/A,N/A,N/A,0,0,0,0.0,0,0,0
1778566177,29,,Aggregated,0.000000,0.000000,N/A,N/A,N/A,N/A,N/A,N/A,N/A,N/A,N/A,N/A,N/A,0,0,0,0.0,0,0,0
1778566178,30,,Aggregated,0.000000,0.000000,N/A,N/A,N/A,N/A,N/A,N/A,N/A,N/A,N/A,N/A,N/A,0,0,0,0.0,0,0,0
1778566179,31,,Aggregated,0.000000,0.000000,N/A,N/A,N/A,N/A,N/A,N/A,N/A,N/A,N/A,N/A,N/A,0,0,0,0.0,0,0,0
1778566180,32,,Aggregated,0.000000,0.000000,N/A,N/A,N/A,N/A,N/A,N/A,N/A,N/A,N/A,N/A,N/A,0,0,0,0.0,0,0,0
1778566181,33,,Aggregated,0.000000,0.000000,N/A,N/A,N/A,N/A,N/A,N/A,N/A,N/A,N/A,N/A,N/A,0,0,0,0.0,0,0,0
1778566182,34,,Aggregated,0.000000,0.000000,N/A,N/A,N/A,N/A,N/A,N/A,N/A,N/A,N/A,N/A,N/A,0,0,0,0.0,0,0,0
1778566183,35,,Aggregated,0.000000,0.000000,N/A,N/A,N/A,N/A,N/A,N/A,N/A,N/A,N/A,N/A,N/A,0,0,0,0.0,0,0,0
1778566184,36,,Aggregated,0.000000,0.000000,N/A,N/A,N/A,N/A,N/A,N/A,N/A,N/A,N/A,N/A,N/A,0,0,0,0.0,0,0,0
1778566185,37,,Aggregated,0.000000,0.000000,N/A,N/A,N/A,N/A,N/A,N/A,N/A,N/A,N/A,N/A,N/A,0,0,0,0.0,0,0,0
1778566186,38,,Aggregated,0.000000,0.000000,N/A,N/A,N/A,N/A,N/A,N/A,N/A,N/A,N/A,N/A,N/A,0,0,0,0.0,0,0,0
1778566187,40,,Aggregated,0.000000,0.000000,N/A,N/A,N/A,N/A,N/A,N/A,N/A,N/A,N/A,N/A,N/A,0,0,0,0.0,0,0,0
1778566188,41,,Aggregated,0.000000,0.000000,N/A,N/A,N/A,N/A,N/A,N/A,N/A,N/A,N/A,N/A,N/A,0,0,0,0.0,0,0,0
1778566189,42,,Aggregated,0.000000,0.000000,N/A,N/A,N/A,N/A,N/A,N/A,N/A,N/A,N/A,N/A,N/A,0,0,0,0.0,0,0,0
1778566190,43,,Aggregated,0.000000,0.000000,N/A,N/A,N/A,N/A,N/A,N/A,N/A,N/A,N/A,N/A,N/A,0,0,0,0.0,0,0,0
1778566191,44,,Aggregated,0.000000,0.000000,N/A,N/A,N/A,N/A,N/A,N/A,N/A,N/A,N/A,N/A,N/A,0,0,0,0.0,0,0,0
1778566192,45,,Aggregated,0.000000,0.000000,N/A,N/A,N/A,N/A,N/A,N/A,N/A,N/A,N/A,N/A,N/A,0,0,0,0.0,0,0,0
1778566193,46,,Aggregated,0.000000,0.000000,N/A,N/A,N/A,N/A,N/A,N/A,N/A,N/A,N/A,N/A,N/A,0,0,0,0.0,0,0,0
1778566194,47,,Aggregated,0.000000,0.000000,N/A,N/A,N/A,N/A,N/A,N/A,N/A,N/A,N/A,N/A,N/A,0,0,0,0.0,0,0,0
1778566195,48,,Aggregated,0.000000,0.000000,N/A,N/A,N/A,N/A,N/A,N/A,N/A,N/A,N/A,N/A,N/A,0,0,0,0.0,0,0,0
1778566196,49,,Aggregated,0.000000,0.000000,N/A,N/A,N/A,N/A,N/A,N/A,N/A,N/A,N/A,N/A,N/A,0,0,0,0.0,0,0,0
1778566197,50,,Aggregated,0.000000,0.000000,N/A,N/A,N/A,N/A,N/A,N/A,N/A,N/A,N/A,N/A,N/A,0,0,0,0.0,0,0,0
1778566198,51,,Aggregated,0.000000,0.000000,N/A,N/A,N/A,N/A,N/A,N/A,N/A,N/A,N/A,N/A,N/A,0,0,0,0.0,0,0,0
1778566199,52,,Aggregated,0.000000,0.000000,N/A,N/A,N/A,N/A,N/A,N/A,N/A,N/A,N/A,N/A,N/A,0,0,0,0.0,0,0,0
1778566200,53,,Aggregated,0.000000,0.000000,N/A,N/A,N/A,N/A,N/A,N/A,N/A,N/A,N/A,N/A,N/A,0,0,0,0.0,0,0,0
1778566201,54,,Aggregated,0.000000,0.000000,N/A,N/A,N/A,N/A,N/A,N/A,N/A,N/A,N/A,N/A,N/A,0,0,0,0.0,0,0,0
1778566202,56,,Aggregated,0.000000,0.000000,N/A,N/A,N/A,N/A,N/A,N/A,N/A,N/A,N/A,N/A,N/A,0,0,0,0.0,0,0,0
1778566203,57,,Aggregated,0.000000,0.000000,N/A,N/A,N/A,N/A,N/A,N/A,N/A,N/A,N/A,N/A,N/A,0,0,0,0.0,0,0,0
1778566204,58,,Aggregated,0.000000,0.000000,N/A,N/A,N/A,N/A,N/A,N/A,N/A,N/A,N/A,N/A,N/A,0,0,0,0.0,0,0,0
1778566205,59,,Aggregated,0.000000,0.000000,N/A,N/A,N/A,N/A,N/A,N/A,N/A,N/A,N/A,N/A,N/A,0,0,0,0.0,0,0,0
1778566206,60,,Aggregated,0.000000,0.000000,N/A,N/A,N/A,N/A,N/A,N/A,N/A,N/A,N/A,N/A,N/A,0,0,0,0.0,0,0,0
1778566207,61,,Aggregated,0.000000,0.000000,N/A,N/A,N/A,N/A,N/A,N/A,N/A,N/A,N/A,N/A,N/A,0,0,0,0.0,0,0,0
1778566208,62,,Aggregated,0.000000,0.000000,N/A,N/A,N/A,N/A,N/A,N/A,N/A,N/A,N/A,N/A,N/A,0,0,0,0.0,0,0,0
1778566209,63,,Aggregated,0.000000,0.000000,N/A,N/A,N/A,N/A,N/A,N/A,N/A,N/A,N/A,N/A,N/A,0,0,0,0.0,0,0,0
1778566210,64,,Aggregated,0.000000,0.000000,N/A,N/A,N/A,N/A,N/A,N/A,N/A,N/A,N/A,N/A,N/A,0,0,0,0.0,0,0,0
1778566211,64,,Aggregated,0.000000,0.000000,N/A,N/A,N/A,N/A,N/A,N/A,N/A,N/A,N/A,N/A,N/A,0,0,0,0.0,0,0,0
1778566212,64,,Aggregated,0.000000,0.000000,N/A,N/A,N/A,N/A,N/A,N/A,N/A,N/A,N/A,N/A,N/A,0,0,0,0.0,0,0,0
1778566213,64,,Aggregated,0.000000,0.000000,N/A,N/A,N/A,N/A,N/A,N/A,N/A,N/A,N/A,N/A,N/A,0,0,0,0.0,0,0,0
1778566214,64,,Aggregated,0.000000,0.000000,N/A,N/A,N/A,N/A,N/A,N/A,N/A,N/A,N/A,N/A,N/A,0,0,0,0.0,0,0,0
1778566215,64,,Aggregated,0.000000,0.000000,N/A,N/A,N/A,N/A,N/A,N/A,N/A,N/A,N/A,N/A,N/A,0,0,0,0.0,0,0,0
1778566216,64,,Aggregated,0.000000,0.000000,N/A,N/A,N/A,N/A,N/A,N/A,N/A,N/A,N/A,N/A,N/A,0,0,0,0.0,0,0,0
1778566217,64,,Aggregated,0.000000,0.000000,N/A,N/A,N/A,N/A,N/A,N/A,N/A,N/A,N/A,N/A,N/A,0,0,0,0.0,0,0,0
1778566218,64,,Aggregated,0.000000,0.000000,N/A,N/A,N/A,N/A,N/A,N/A,N/A,N/A,N/A,N/A,N/A,0,0,0,0.0,0,0,0
1778566219,64,,Aggregated,0.000000,0.000000,N/A,N/A,N/A,N/A,N/A,N/A,N/A,N/A,N/A,N/A,N/A,0,0,0,0.0,0,0,0
1778566220,64,,Aggregated,0.000000,0.000000,N/A,N/A,N/A,N/A,N/A,N/A,N/A,N/A,N/A,N/A,N/A,0,0,0,0.0,0,0,0
1778566221,64,,Aggregated,0.000000,0.000000,N/A,N/A,N/A,N/A,N/A,N/A,N/A,N/A,N/A,N/A,N/A,0,0,0,0.0,0,0,0
1778566222,64,,Aggregated,0.000000,0.000000,N/A,N/A,N/A,N/A,N/A,N/A,N/A,N/A,N/A,N/A,N/A,0,0,0,0.0,0,0,0
1778566223,64,,Aggregated,0.000000,0.000000,N/A,N/A,N/A,N/A,N/A,N/A,N/A,N/A,N/A,N/A,N/A,0,0,0,0.0,0,0,0
1778566224,64,,Aggregated,0.000000,0.000000,N/A,N/A,N/A,N/A,N/A,N/A,N/A,N/A,N/A,N/A,N/A,0,0,0,0.0,0,0,0
1778566225,64,,Aggregated,0.000000,0.000000,N/A,N/A,N/A,N/A,N/A,N/A,N/A,N/A,N/A,N/A,N/A,0,0,0,0.0,0,0,0
1778566226,64,,Aggregated,0.000000,0.000000,N/A,N/A,N/A,N/A,N/A,N/A,N/A,N/A,N/A,N/A,N/A,0,0,0,0.0,0,0,0
1778566227,64,,Aggregated,0.000000,0.000000,N/A,N/A,N/A,N/A,N/A,N/A,N/A,N/A,N/A,N/A,N/A,0,0,0,0.0,0,0,0
1778566228,64,,Aggregated,0.000000,0.000000,N/A,N/A,N/A,N/A,N/A,N/A,N/A,N/A,N/A,N/A,N/A,0,0,0,0.0,0,0,0
1778566229,64,,Aggregated,0.000000,0.000000,N/A,N/A,N/A,N/A,N/A,N/A,N/A,N/A,N/A,N/A,N/A,0,0,0,0.0,0,0,0
1778566230,64,,Aggregated,0.000000,0.000000,N/A,N/A,N/A,N/A,N/A,N/A,N/A,N/A,N/A,N/A,N/A,0,0,0,0.0,0,0,0
1778566231,64,,Aggregated,0.000000,0.000000,N/A,N/A,N/A,N/A,N/A,N/A,N/A,N/A,N/A,N/A,N/A,0,0,0,0.0,0,0,0
1778566232,64,,Aggregated,0.000000,0.000000,N/A,N/A,N/A,N/A,N/A,N/A,N/A,N/A,N/A,N/A,N/A,0,0,0,0.0,0,0,0
1778566233,64,,Aggregated,0.000000,0.000000,N/A,N/A,N/A,N/A,N/A,N/A,N/A,N/A,N/A,N/A,N/A,0,0,0,0.0,0,0,0
1778566234,64,,Aggregated,0.000000,0.000000,N/A,N/A,N/A,N/A,N/A,N/A,N/A,N/A,N/A,N/A,N/A,0,0,0,0.0,0,0,0
1778566235,64,,Aggregated,0.000000,0.000000,N/A,N/A,N/A,N/A,N/A,N/A,N/A,N/A,N/A,N/A,N/A,0,0,0,0.0,0,0,0
1778566236,64,,Aggregated,0.000000,0.000000,N/A,N/A,N/A,N/A,N/A,N/A,N/A,N/A,N/A,N/A,N/A,0,0,0,0.0,0,0,0
1778566237,64,,Aggregated,0.000000,0.000000,N/A,N/A,N/A,N/A,N/A,N/A,N/A,N/A,N/A,N/A,N/A,0,0,0,0.0,0,0,0
1778566238,64,,Aggregated,0.000000,0.000000,N/A,N/A,N/A,N/A,N/A,N/A,N/A,N/A,N/A,N/A,N/A,0,0,0,0.0,0,0,0
1778566239,64,,Aggregated,0.000000,0.000000,N/A,N/A,N/A,N/A,N/A,N/A,N/A,N/A,N/A,N/A,N/A,0,0,0,0.0,0,0,0
1778566240,64,,Aggregated,0.000000,0.000000,N/A,N/A,N/A,N/A,N/A,N/A,N/A,N/A,N/A,N/A,N/A,0,0,0,0.0,0,0,0
1778566241,64,,Aggregated,0.000000,0.000000,N/A,N/A,N/A,N/A,N/A,N/A,N/A,N/A,N/A,N/A,N/A,0,0,0,0.0,0,0,0
1778566242,64,,Aggregated,0.000000,0.000000,N/A,N/A,N/A,N/A,N/A,N/A,N/A,N/A,N/A,N/A,N/A,0,0,0,0.0,0,0,0
1778566243,64,,Aggregated,0.000000,0.000000,N/A,N/A,N/A,N/A,N/A,N/A,N/A,N/A,N/A,N/A,N/A,0,0,0,0.0,0,0,0
1778566244,64,,Aggregated,0.000000,0.000000,N/A,N/A,N/A,N/A,N/A,N/A,N/A,N/A,N/A,N/A,N/A,0,0,0,0.0,0,0,0
1778566245,64,,Aggregated,0.000000,0.000000,N/A,N/A,N/A,N/A,N/A,N/A,N/A,N/A,N/A,N/A,N/A,0,0,0,0.0,0,0,0
1778566246,64,,Aggregated,0.000000,0.000000,N/A,N/A,N/A,N/A,N/A,N/A,N/A,N/A,N/A,N/A,N/A,0,0,0,0.0,0,0,0
1778566247,64,,Aggregated,0.000000,0.000000,N/A,N/A,N/A,N/A,N/A,N/A,N/A,N/A,N/A,N/A,N/A,0,0,0,0.0,0,0,0
1778566248,64,,Aggregated,0.000000,0.000000,N/A,N/A,N/A,N/A,N/A,N/A,N/A,N/A,N/A,N/A,N/A,0,0,0,0.0,0,0,0
1778566249,64,,Aggregated,0.000000,0.000000,N/A,N/A,N/A,N/A,N/A,N/A,N/A,N/A,N/A,N/A,N/A,0,0,0,0.0,0,0,0
1778566250,64,,Aggregated,0.000000,0.000000,N/A,N/A,N/A,N/A,N/A,N/A,N/A,N/A,N/A,N/A,N/A,0,0,0,0.0,0,0,0
1778566251,64,POST,chat/long,0.000000,0.000000,0,0,0,0,0,0,0,0,0,0,0,1,0,8.640778993139975,8.640778993139975,8.640778993139975,8.640778993139975,0.0
1778566251,64,,Aggregated,0.000000,0.000000,0,0,0,0,0,0,0,0,0,0,0,1,0,8.640778993139975,8.640778993139975,8.640778993139975,8.640778993139975,0.0
1778566252,64,POST,chat/long,0.000000,0.000000,0,0,0,0,0,0,0,0,0,0,0,1,0,8.640778993139975,8.640778993139975,8.640778993139975,8.640778993139975,0.0
1778566252,64,,Aggregated,0.000000,0.000000,0,0,0,0,0,0,0,0,0,0,0,1,0,8.640778993139975,8.640778993139975,8.640778993139975,8.640778993139975,0.0
1778566253,64,POST,chat/long,0.000000,0.000000,0,0,0,0,0,0,0,0,0,0,0,1,0,8.640778993139975,8.640778993139975,8.640778993139975,8.640778993139975,0.0
1778566253,64,,Aggregated,0.000000,0.000000,0,0,0,0,0,0,0,0,0,0,0,1,0,8.640778993139975,8.640778993139975,8.640778993139975,8.640778993139975,0.0
1778566254,64,POST,chat/long,0.000000,0.000000,0,0,0,0,0,0,0,0,0,0,0,1,0,8.640778993139975,8.640778993139975,8.640778993139975,8.640778993139975,0.0
1778566254,64,,Aggregated,0.000000,0.000000,0,0,0,0,0,0,0,0,0,0,0,1,0,8.640778993139975,8.640778993139975,8.640778993139975,8.640778993139975,0.0
1778566255,64,POST,chat/long,0.000000,0.000000,0,0,0,0,0,0,0,0,0,0,0,1,0,8.640778993139975,8.640778993139975,8.640778993139975,8.640778993139975,0.0
1778566255,64,,Aggregated,0.000000,0.000000,0,0,0,0,0,0,0,0,0,0,0,1,0,8.640778993139975,8.640778993139975,8.640778993139975,8.640778993139975,0.0
1778566256,64,POST,chat/long,0.000000,0.000000,0,0,0,0,0,0,0,0,0,0,0,1,0,8.640778993139975,8.640778993139975,8.640778993139975,8.640778993139975,0.0
1778566256,64,,Aggregated,0.000000,0.000000,0,0,0,0,0,0,0,0,0,0,0,1,0,8.640778993139975,8.640778993139975,8.640778993139975,8.640778993139975,0.0
1778566257,64,POST,chat/long,0.000000,0.000000,0,0,0,0,0,0,0,0,0,0,0,1,0,8.640778993139975,8.640778993139975,8.640778993139975,8.640778993139975,0.0
1778566257,64,,Aggregated,0.000000,0.000000,0,0,0,0,0,0,0,0,0,0,0,1,0,8.640778993139975,8.640778993139975,8.640778993139975,8.640778993139975,0.0
1778566258,64,POST,chat/long,0.000000,0.000000,0,0,0,0,0,0,0,0,0,0,0,1,0,8.640778993139975,8.640778993139975,8.640778993139975,8.640778993139975,0.0
1778566258,64,,Aggregated,0.000000,0.000000,0,0,0,0,0,0,0,0,0,0,0,1,0,8.640778993139975,8.640778993139975,8.640778993139975,8.640778993139975,0.0
1778566259,64,POST,chat/long,0.000000,0.000000,0,0,0,0,0,0,0,0,0,0,0,1,0,8.640778993139975,8.640778993139975,8.640778993139975,8.640778993139975,0.0
1778566259,64,,Aggregated,0.000000,0.000000,0,0,0,0,0,0,0,0,0,0,0,1,0,8.640778993139975,8.640778993139975,8.640778993139975,8.640778993139975,0.0
1778566260,64,POST,chat/long,0.000000,0.000000,0,0,0,0,0,0,0,0,0,0,0,1,0,8.640778993139975,8.640778993139975,8.640778993139975,8.640778993139975,0.0
1778566260,64,,Aggregated,0.000000,0.000000,0,0,0,0,0,0,0,0,0,0,0,1,0,8.640778993139975,8.640778993139975,8.640778993139975,8.640778993139975,0.0
1778566261,64,POST,chat/long,0.000000,0.000000,9,9,9,9,9,9,9,9,9,9,9,1,0,8.640778993139975,8.640778993139975,8.640778993139975,8.640778993139975,0.0
1778566261,64,,Aggregated,0.000000,0.000000,0,0,0,0,0,0,0,0,0,0,0,1,0,8.640778993139975,8.640778993139975,8.640778993139975,8.640778993139975,0.0
1778566262,64,POST,chat/long,0.000000,0.000000,9,9,9,9,9,9,9,9,9,9,9,1,0,8.640778993139975,8.640778993139975,8.640778993139975,8.640778993139975,0.0
1778566262,64,,Aggregated,0.000000,0.000000,0,0,0,0,0,0,0,0,0,0,0,1,0,8.640778993139975,8.640778993139975,8.640778993139975,8.640778993139975,0.0
1778566263,64,POST,chat/long,0.000000,0.000000,9,9,9,9,9,9,9,9,9,9,9,1,0,8.640778993139975,8.640778993139975,8.640778993139975,8.640778993139975,0.0
1778566263,64,,Aggregated,0.000000,0.000000,0,0,0,0,0,0,0,0,0,0,0,1,0,8.640778993139975,8.640778993139975,8.640778993139975,8.640778993139975,0.0
1778566264,64,POST,chat/long,0.000000,0.000000,9,9,9,9,9,9,9,9,9,9,9,1,0,8.640778993139975,8.640778993139975,8.640778993139975,8.640778993139975,0.0
1778566264,64,,Aggregated,0.000000,0.000000,0,0,0,0,0,0,0,0,0,0,0,1,0,8.640778993139975,8.640778993139975,8.640778993139975,8.640778993139975,0.0
1778566265,64,POST,chat/long,0.000000,0.000000,9,9,9,9,9,9,9,9,9,9,9,1,0,8.640778993139975,8.640778993139975,8.640778993139975,8.640778993139975,0.0
1778566265,64,,Aggregated,0.000000,0.000000,0,0,0,0,0,0,0,0,0,0,0,1,0,8.640778993139975,8.640778993139975,8.640778993139975,8.640778993139975,0.0
1778566266,64,POST,chat/long,0.000000,0.000000,13,13,13,13,13,13,13,13,13,13,13,2,0,9,10.931293494650163,8.640778993139975,13.22180799616035,0.0
1778566266,64,,Aggregated,0.000000,0.000000,13,13,13,13,13,13,13,13,13,13,13,2,0,9,10.931293494650163,8.640778993139975,13.22180799616035,0.0
1778566267,64,POST,chat/long,0.000000,0.000000,13,13,13,13,13,13,13,13,13,13,13,2,0,9,10.931293494650163,8.640778993139975,13.22180799616035,0.0
1778566267,64,,Aggregated,0.000000,0.000000,0,0,0,0,0,0,0,0,0,0,0,2,0,9,10.931293494650163,8.640778993139975,13.22180799616035,0.0
1778566268,64,POST,chat/long,0.000000,0.000000,0,0,0,0,0,0,0,0,0,0,0,2,0,9,10.931293494650163,8.640778993139975,13.22180799616035,0.0
1778566268,64,,Aggregated,0.000000,0.000000,0,0,0,0,0,0,0,0,0,0,0,2,0,9,10.931293494650163,8.640778993139975,13.22180799616035,0.0
1778566269,64,POST,chat/long,0.100000,0.000000,15,15,15,15,15,15,15,15,15,15,15,3,0,13,12.360038327945707,8.640778993139975,15.217527994536795,0.0
1778566269,64,,Aggregated,0.100000,0.000000,15,15,15,15,15,15,15,15,15,15,15,3,0,13,12.360038327945707,8.640778993139975,15.217527994536795,0.0
1778566270,64,POST,chat/long,0.100000,0.000000,15,15,15,15,15,15,15,15,15,15,15,3,0,13,12.360038327945707,8.640778993139975,15.217527994536795,0.0
1778566270,64,,Aggregated,0.100000,0.000000,15,15,15,15,15,15,15,15,15,15,15,3,0,13,12.360038327945707,8.640778993139975,15.217527994536795,0.0
1778566271,64,POST,chat/long,0.100000,0.000000,15,15,15,15,15,15,15,15,15,15,15,3,0,13,12.360038327945707,8.640778993139975,15.217527994536795,0.0
1778566271,64,,Aggregated,0.100000,0.000000,15,15,15,15,15,15,15,15,15,15,15,3,0,13,12.360038327945707,8.640778993139975,15.217527994536795,0.0
1778566272,64,POST,chat/long,0.100000,0.000000,15,15,15,15,15,15,15,15,15,15,15,3,0,13,12.360038327945707,8.640778993139975,15.217527994536795,0.0
1778566272,64,,Aggregated,0.100000,0.000000,15,15,15,15,15,15,15,15,15,15,15,3,0,13,12.360038327945707,8.640778993139975,15.217527994536795,0.0
1778566273,64,POST,chat/long,0.100000,0.000000,15,15,15,15,15,15,15,15,15,15,15,3,0,13,12.360038327945707,8.640778993139975,15.217527994536795,0.0
1778566273,64,,Aggregated,0.100000,0.000000,15,15,15,15,15,15,15,15,15,15,15,3,0,13,12.360038327945707,8.640778993139975,15.217527994536795,0.0
1778566274,64,POST,chat/long,0.100000,0.000000,15,15,15,15,15,15,15,15,15,15,15,3,0,13,12.360038327945707,8.640778993139975,15.217527994536795,0.0
1778566274,64,,Aggregated,0.100000,0.000000,15,15,15,15,15,15,15,15,15,15,15,3,0,13,12.360038327945707,8.640778993139975,15.217527994536795,0.0
1778566275,64,POST,chat/long,0.200000,0.000000,10,10,10,10,10,10,10,10,10,10,10,4,0,10,11.66133099468425,8.640778993139975,15.217527994536795,0.0
1778566275,64,,Aggregated,0.200000,0.000000,10,10,10,10,10,10,10,10,10,10,10,4,0,10,11.66133099468425,8.640778993139975,15.217527994536795,0.0
1778566276,64,POST,chat/long,0.200000,0.000000,10,10,10,10,10,10,10,10,10,10,10,4,0,10,11.66133099468425,8.640778993139975,15.217527994536795,0.0
1778566276,64,,Aggregated,0.200000,0.000000,10,10,10,10,10,10,10,10,10,10,10,4,0,10,11.66133099468425,8.640778993139975,15.217527994536795,0.0
1778566277,64,POST,chat/long,0.200000,0.000000,10,10,10,10,10,10,10,10,10,10,10,4,0,10,11.66133099468425,8.640778993139975,15.217527994536795,0.0
1778566277,64,,Aggregated,0.200000,0.000000,10,10,10,10,10,10,10,10,10,10,10,4,0,10,11.66133099468425,8.640778993139975,15.217527994536795,0.0
1778566278,64,POST,chat/long,0.200000,0.000000,10,10,10,10,10,10,10,10,10,10,10,4,0,10,11.66133099468425,8.640778993139975,15.217527994536795,0.0
1778566278,64,,Aggregated,0.200000,0.000000,10,10,10,10,10,10,10,10,10,10,10,4,0,10,11.66133099468425,8.640778993139975,15.217527994536795,0.0
1778566279,64,POST,chat/long,0.200000,0.000000,10,10,10,10,10,10,10,10,10,10,10,4,0,10,11.66133099468425,8.640778993139975,15.217527994536795,0.0
1778566279,64,,Aggregated,0.200000,0.000000,10,10,10,10,10,10,10,10,10,10,10,4,0,10,11.66133099468425,8.640778993139975,15.217527994536795,0.0
1778566280,64,POST,chat/long,0.200000,0.000000,10,10,10,10,10,10,10,10,10,10,10,4,0,10,11.66133099468425,8.640778993139975,15.217527994536795,0.0
1778566280,64,,Aggregated,0.200000,0.000000,10,10,10,10,10,10,10,10,10,10,10,4,0,10,11.66133099468425,8.640778993139975,15.217527994536795,0.0
1778566281,64,POST,chat/long,0.200000,0.000000,0,0,0,0,0,0,0,0,0,0,0,4,0,10,11.66133099468425,8.640778993139975,15.217527994536795,0.0
1778566281,64,,Aggregated,0.200000,0.000000,0,0,0,0,0,0,0,0,0,0,0,4,0,10,11.66133099468425,8.640778993139975,15.217527994536795,0.0
1778566282,64,POST,chat/long,0.200000,0.000000,0,0,0,0,0,0,0,0,0,0,0,4,0,10,11.66133099468425,8.640778993139975,15.217527994536795,0.0
1778566282,64,,Aggregated,0.200000,0.000000,0,0,0,0,0,0,0,0,0,0,0,4,0,10,11.66133099468425,8.640778993139975,15.217527994536795,0.0
1778566283,64,POST,chat/long,0.200000,0.000000,0,0,0,0,0,0,0,0,0,0,0,4,0,10,11.66133099468425,8.640778993139975,15.217527994536795,0.0
1778566283,64,,Aggregated,0.200000,0.000000,0,0,0,0,0,0,0,0,0,0,0,4,0,10,11.66133099468425,8.640778993139975,15.217527994536795,0.0
1778566284,64,POST,chat/long,0.200000,0.000000,0,0,0,0,0,0,0,0,0,0,0,4,0,10,11.66133099468425,8.640778993139975,15.217527994536795,0.0
1778566284,64,,Aggregated,0.200000,0.000000,0,0,0,0,0,0,0,0,0,0,0,4,0,10,11.66133099468425,8.640778993139975,15.217527994536795,0.0
1778566285,64,POST,chat/long,0.200000,0.000000,0,0,0,0,0,0,0,0,0,0,0,4,0,10,11.66133099468425,8.640778993139975,15.217527994536795,0.0
1778566285,64,,Aggregated,0.200000,0.000000,0,0,0,0,0,0,0,0,0,0,0,4,0,10,11.66133099468425,8.640778993139975,15.217527994536795,0.0
1778566286,64,POST,chat/long,0.200000,0.000000,0,0,0,0,0,0,0,0,0,0,0,4,0,10,11.66133099468425,8.640778993139975,15.217527994536795,0.0
1778566286,64,,Aggregated,0.200000,0.000000,0,0,0,0,0,0,0,0,0,0,0,4,0,10,11.66133099468425,8.640778993139975,15.217527994536795,0.0
1778566287,64,POST,chat/long,0.100000,0.000000,17,17,17,17,17,17,17,17,17,17,17,5,0,13,12.75499839684926,8.640778993139975,17.129668005509302,0.0
1778566287,64,,Aggregated,0.100000,0.000000,17,17,17,17,17,17,17,17,17,17,17,5,0,13,12.75499839684926,8.640778993139975,17.129668005509302,0.0
1778566288,64,POST,chat/long,0.100000,0.000000,17,17,17,17,17,17,17,17,17,17,17,5,0,13,12.75499839684926,8.640778993139975,17.129668005509302,0.0
1778566288,64,,Aggregated,0.100000,0.000000,17,17,17,17,17,17,17,17,17,17,17,5,0,13,12.75499839684926,8.640778993139975,17.129668005509302,0.0
1778566289,64,POST,chat/long,0.100000,0.000000,17,17,17,17,17,17,17,17,17,17,17,5,0,13,12.75499839684926,8.640778993139975,17.129668005509302,0.0
1778566289,64,,Aggregated,0.100000,0.000000,17,17,17,17,17,17,17,17,17,17,17,5,0,13,12.75499839684926,8.640778993139975,17.129668005509302,0.0
1778566290,64,POST,chat/long,0.100000,0.000000,0,0,0,0,0,0,0,0,0,0,0,5,0,13,12.75499839684926,8.640778993139975,17.129668005509302,0.0
1778566290,64,,Aggregated,0.100000,0.000000,0,0,0,0,0,0,0,0,0,0,0,5,0,13,12.75499839684926,8.640778993139975,17.129668005509302,0.0
1778566291,64,POST,chat/long,0.100000,0.000000,0,0,0,0,0,0,0,0,0,0,0,5,0,13,12.75499839684926,8.640778993139975,17.129668005509302,0.0
1778566291,64,,Aggregated,0.100000,0.000000,0,0,0,0,0,0,0,0,0,0,0,5,0,13,12.75499839684926,8.640778993139975,17.129668005509302,0.0
1778566292,64,POST,chat/long,0.100000,0.000000,0,0,0,0,0,0,0,0,0,0,0,5,0,13,12.75499839684926,8.640778993139975,17.129668005509302,0.0
1778566292,64,,Aggregated,0.100000,0.000000,0,0,0,0,0,0,0,0,0,0,0,5,0,13,12.75499839684926,8.640778993139975,17.129668005509302,0.0
1778566293,64,POST,chat/long,0.100000,0.000000,0,0,0,0,0,0,0,0,0,0,0,5,0,13,12.75499839684926,8.640778993139975,17.129668005509302,0.0
1778566293,64,POST,chat/medium,0.000000,0.000000,0,0,0,0,0,0,0,0,0,0,0,1,0,10.964379005599767,10.964379005599767,10.964379005599767,10.964379005599767,0.0
1778566293,64,,Aggregated,0.100000,0.000000,11,11,11,11,11,11,11,11,11,11,11,6,0,11,12.456561831641011,8.640778993139975,17.129668005509302,0.0
1778566294,64,POST,chat/long,0.100000,0.000000,0,0,0,0,0,0,0,0,0,0,0,5,0,13,12.75499839684926,8.640778993139975,17.129668005509302,0.0
1778566294,64,POST,chat/medium,0.000000,0.000000,0,0,0,0,0,0,0,0,0,0,0,1,0,10.964379005599767,10.964379005599767,10.964379005599767,10.964379005599767,0.0
1778566294,64,,Aggregated,0.100000,0.000000,11,11,11,11,11,11,11,11,11,11,11,6,0,11,12.456561831641011,8.640778993139975,17.129668005509302,0.0
1778566295,64,POST,chat/long,0.100000,0.000000,0,0,0,0,0,0,0,0,0,0,0,5,0,13,12.75499839684926,8.640778993139975,17.129668005509302,0.0
1778566295,64,POST,chat/medium,0.000000,0.000000,0,0,0,0,0,0,0,0,0,0,0,1,0,10.964379005599767,10.964379005599767,10.964379005599767,10.964379005599767,0.0
1778566295,64,,Aggregated,0.100000,0.000000,11,11,11,11,11,11,11,11,11,11,11,6,0,11,12.456561831641011,8.640778993139975,17.129668005509302,0.0
1778566296,64,POST,chat/long,0.100000,0.000000,0,0,0,0,0,0,0,0,0,0,0,5,0,13,12.75499839684926,8.640778993139975,17.129668005509302,0.0
1778566296,64,POST,chat/medium,0.000000,0.000000,0,0,0,0,0,0,0,0,0,0,0,1,0,10.964379005599767,10.964379005599767,10.964379005599767,10.964379005599767,0.0
1778566296,64,,Aggregated,0.100000,0.000000,11,11,11,11,11,11,11,11,11,11,11,6,0,11,12.456561831641011,8.640778993139975,17.129668005509302,0.0
1778566297,64,POST,chat/long,0.100000,0.000000,0,0,0,0,0,0,0,0,0,0,0,5,0,13,12.75499839684926,8.640778993139975,17.129668005509302,0.0
1778566297,64,POST,chat/medium,0.000000,0.000000,0,0,0,0,0,0,0,0,0,0,0,1,0,10.964379005599767,10.964379005599767,10.964379005599767,10.964379005599767,0.0
1778566297,64,,Aggregated,0.100000,0.000000,11,11,11,11,11,11,11,11,11,11,11,6,0,11,12.456561831641011,8.640778993139975,17.129668005509302,0.0
1778566298,64,POST,chat/long,0.100000,0.000000,0,0,0,0,0,0,0,0,0,0,0,5,0,13,12.75499839684926,8.640778993139975,17.129668005509302,0.0
1778566298,64,POST,chat/medium,0.000000,0.000000,0,0,0,0,0,0,0,0,0,0,0,1,0,10.964379005599767,10.964379005599767,10.964379005599767,10.964379005599767,0.0
1778566298,64,,Aggregated,0.100000,0.000000,0,0,0,0,0,0,0,0,0,0,0,6,0,11,12.456561831641011,8.640778993139975,17.129668005509302,0.0
1778566299,64,POST,chat/long,0.100000,0.000000,0,0,0,0,0,0,0,0,0,0,0,5,0,13,12.75499839684926,8.640778993139975,17.129668005509302,0.0
1778566299,64,POST,chat/medium,0.000000,0.000000,0,0,0,0,0,0,0,0,0,0,0,1,0,10.964379005599767,10.964379005599767,10.964379005599767,10.964379005599767,0.0
1778566299,64,,Aggregated,0.100000,0.000000,0,0,0,0,0,0,0,0,0,0,0,6,0,11,12.456561831641011,8.640778993139975,17.129668005509302,0.0
1778566300,64,POST,chat/long,0.100000,0.000000,0,0,0,0,0,0,0,0,0,0,0,5,0,13,12.75499839684926,8.640778993139975,17.129668005509302,0.0
1778566300,64,POST,chat/medium,0.000000,0.000000,0,0,0,0,0,0,0,0,0,0,0,1,0,10.964379005599767,10.964379005599767,10.964379005599767,10.964379005599767,0.0
1778566300,64,,Aggregated,0.100000,0.000000,0,0,0,0,0,0,0,0,0,0,0,6,0,11,12.456561831641011,8.640778993139975,17.129668005509302,0.0
1778566301,64,POST,chat/long,0.100000,0.000000,0,0,0,0,0,0,0,0,0,0,0,5,0,13,12.75499839684926,8.640778993139975,17.129668005509302,0.0
1778566301,64,POST,chat/medium,0.000000,0.000000,0,0,0,0,0,0,0,0,0,0,0,1,0,10.964379005599767,10.964379005599767,10.964379005599767,10.964379005599767,0.0
1778566301,64,,Aggregated,0.100000,0.000000,0,0,0,0,0,0,0,0,0,0,0,6,0,11,12.456561831641011,8.640778993139975,17.129668005509302,0.0
1778566302,64,POST,chat/long,0.000000,0.000000,0,0,0,0,0,0,0,0,0,0,0,5,0,13,12.75499839684926,8.640778993139975,17.129668005509302,0.0
1778566302,64,POST,chat/medium,0.100000,0.000000,11,11,11,11,11,11,11,11,11,11,11,2,0,10.964379005599767,10.84818399976939,10.731988993939012,10.964379005599767,0.0
1778566302,64,,Aggregated,0.100000,0.000000,11,11,11,11,11,11,11,11,11,11,11,7,0,11,12.210194283397868,8.640778993139975,17.129668005509302,0.0
1778566303,64,POST,chat/long,0.000000,0.000000,0,0,0,0,0,0,0,0,0,0,0,5,0,13,12.75499839684926,8.640778993139975,17.129668005509302,0.0
1778566303,64,POST,chat/medium,0.100000,0.000000,11,11,11,11,11,11,11,11,11,11,11,2,0,10.964379005599767,10.84818399976939,10.731988993939012,10.964379005599767,0.0
1778566303,64,,Aggregated,0.100000,0.000000,11,11,11,11,11,11,11,11,11,11,11,7,0,11,12.210194283397868,8.640778993139975,17.129668005509302,0.0
1778566304,64,POST,chat/long,0.000000,0.000000,0,0,0,0,0,0,0,0,0,0,0,5,0,13,12.75499839684926,8.640778993139975,17.129668005509302,0.0
1778566304,64,POST,chat/medium,0.100000,0.000000,11,11,11,11,11,11,11,11,11,11,11,2,0,10.964379005599767,10.84818399976939,10.731988993939012,10.964379005599767,0.0
1778566304,64,,Aggregated,0.100000,0.000000,11,11,11,11,11,11,11,11,11,11,11,7,0,11,12.210194283397868,8.640778993139975,17.129668005509302,0.0
1778566305,64,POST,chat/long,0.000000,0.000000,0,0,0,0,0,0,0,0,0,0,0,5,0,13,12.75499839684926,8.640778993139975,17.129668005509302,0.0
1778566305,64,POST,chat/medium,0.100000,0.000000,11,11,11,11,11,11,11,11,11,11,11,2,0,10.964379005599767,10.84818399976939,10.731988993939012,10.964379005599767,0.0
1778566305,64,,Aggregated,0.100000,0.000000,11,11,11,11,11,11,11,11,11,11,11,7,0,11,12.210194283397868,8.640778993139975,17.129668005509302,0.0
1778566306,64,POST,chat/long,0.000000,0.000000,0,0,0,0,0,0,0,0,0,0,0,5,0,13,12.75499839684926,8.640778993139975,17.129668005509302,0.0
1778566306,64,POST,chat/medium,0.100000,0.000000,11,11,11,11,11,11,11,11,11,11,11,2,0,10.964379005599767,10.84818399976939,10.731988993939012,10.964379005599767,0.0
1778566306,64,,Aggregated,0.100000,0.000000,0,0,0,0,0,0,0,0,0,0,0,7,0,11,12.210194283397868,8.640778993139975,17.129668005509302,0.0
1778566307,64,POST,chat/long,0.000000,0.000000,0,0,0,0,0,0,0,0,0,0,0,5,0,13,12.75499839684926,8.640778993139975,17.129668005509302,0.0
1778566307,64,POST,chat/medium,0.100000,0.000000,0,0,0,0,0,0,0,0,0,0,0,2,0,10.964379005599767,10.84818399976939,10.731988993939012,10.964379005599767,0.0
1778566307,64,,Aggregated,0.100000,0.000000,0,0,0,0,0,0,0,0,0,0,0,7,0,11,12.210194283397868,8.640778993139975,17.129668005509302,0.0
1778566308,64,POST,chat/long,0.000000,0.000000,0,0,0,0,0,0,0,0,0,0,0,5,0,13,12.75499839684926,8.640778993139975,17.129668005509302,0.0
1778566308,64,POST,chat/medium,0.100000,0.000000,0,0,0,0,0,0,0,0,0,0,0,2,0,10.964379005599767,10.84818399976939,10.731988993939012,10.964379005599767,0.0
1778566308,64,,Aggregated,0.100000,0.000000,0,0,0,0,0,0,0,0,0,0,0,7,0,11,12.210194283397868,8.640778993139975,17.129668005509302,0.0
1778566309,64,POST,chat/long,0.000000,0.000000,0,0,0,0,0,0,0,0,0,0,0,5,0,13,12.75499839684926,8.640778993139975,17.129668005509302,0.0
1778566309,64,POST,chat/medium,0.100000,0.000000,0,0,0,0,0,0,0,0,0,0,0,2,0,10.964379005599767,10.84818399976939,10.731988993939012,10.964379005599767,0.0
1778566309,64,,Aggregated,0.100000,0.000000,0,0,0,0,0,0,0,0,0,0,0,7,0,11,12.210194283397868,8.640778993139975,17.129668005509302,0.0
1778566310,64,POST,chat/long,0.000000,0.000000,0,0,0,0,0,0,0,0,0,0,0,5,0,13,12.75499839684926,8.640778993139975,17.129668005509302,0.0
1778566310,64,POST,chat/medium,0.100000,0.000000,0,0,0,0,0,0,0,0,0,0,0,2,0,10.964379005599767,10.84818399976939,10.731988993939012,10.964379005599767,0.0
1778566310,64,,Aggregated,0.100000,0.000000,0,0,0,0,0,0,0,0,0,0,0,7,0,11,12.210194283397868,8.640778993139975,17.129668005509302,0.0
1778566311,64,POST,chat/long,0.000000,0.000000,0,0,0,0,0,0,0,0,0,0,0,5,0,13,12.75499839684926,8.640778993139975,17.129668005509302,0.0
1778566311,64,POST,chat/medium,0.100000,0.000000,0,0,0,0,0,0,0,0,0,0,0,2,0,10.964379005599767,10.84818399976939,10.731988993939012,10.964379005599767,0.0
1778566311,64,,Aggregated,0.100000,0.000000,0,0,0,0,0,0,0,0,0,0,0,7,0,11,12.210194283397868,8.640778993139975,17.129668005509302,0.0
1778566312,64,POST,chat/long,0.000000,0.000000,0,0,0,0,0,0,0,0,0,0,0,5,0,13,12.75499839684926,8.640778993139975,17.129668005509302,0.0
1778566312,64,POST,chat/medium,0.100000,0.000000,0,0,0,0,0,0,0,0,0,0,0,2,0,10.964379005599767,10.84818399976939,10.731988993939012,10.964379005599767,0.0
1778566312,64,,Aggregated,0.100000,0.000000,0,0,0,0,0,0,0,0,0,0,0,7,0,11,12.210194283397868,8.640778993139975,17.129668005509302,0.0
1778566313,64,POST,chat/long,0.000000,0.000000,0,0,0,0,0,0,0,0,0,0,0,5,0,13,12.75499839684926,8.640778993139975,17.129668005509302,0.0
1778566313,64,POST,chat/medium,0.100000,0.000000,0,0,0,0,0,0,0,0,0,0,0,2,0,10.964379005599767,10.84818399976939,10.731988993939012,10.964379005599767,0.0
1778566313,64,,Aggregated,0.100000,0.000000,0,0,0,0,0,0,0,0,0,0,0,7,0,11,12.210194283397868,8.640778993139975,17.129668005509302,0.0
1778566314,64,POST,chat/long,0.000000,0.000000,0,0,0,0,0,0,0,0,0,0,0,6,0,12,12.682406830814822,8.640778993139975,17.129668005509302,0.0
1778566314,64,POST,chat/medium,0.000000,0.000000,0,0,0,0,0,0,0,0,0,0,0,2,0,10.964379005599767,10.84818399976939,10.731988993939012,10.964379005599767,0.0
1778566314,64,,Aggregated,0.000000,0.000000,12,12,12,12,12,12,12,12,12,12,12,8,0,11,12.223851123053464,8.640778993139975,17.129668005509302,0.0
1778566315,64,POST,chat/long,0.000000,0.000000,0,0,0,0,0,0,0,0,0,0,0,6,0,12,12.682406830814822,8.640778993139975,17.129668005509302,0.0
1778566315,64,POST,chat/medium,0.000000,0.000000,0,0,0,0,0,0,0,0,0,0,0,2,0,10.964379005599767,10.84818399976939,10.731988993939012,10.964379005599767,0.0
1778566315,64,,Aggregated,0.000000,0.000000,12,12,12,12,12,12,12,12,12,12,12,8,0,11,12.223851123053464,8.640778993139975,17.129668005509302,0.0
1778566316,64,POST,chat/long,0.000000,0.000000,0,0,0,0,0,0,0,0,0,0,0,6,0,12,12.682406830814822,8.640778993139975,17.129668005509302,0.0
1778566316,64,POST,chat/medium,0.000000,0.000000,0,0,0,0,0,0,0,0,0,0,0,2,0,10.964379005599767,10.84818399976939,10.731988993939012,10.964379005599767,0.0
1778566316,64,,Aggregated,0.000000,0.000000,12,12,12,12,12,12,12,12,12,12,12,8,0,11,12.223851123053464,8.640778993139975,17.129668005509302,0.0
1778566317,64,POST,chat/long,0.000000,0.000000,0,0,0,0,0,0,0,0,0,0,0,6,0,12,12.682406830814822,8.640778993139975,17.129668005509302,0.0
1778566317,64,POST,chat/medium,0.000000,0.000000,0,0,0,0,0,0,0,0,0,0,0,2,0,10.964379005599767,10.84818399976939,10.731988993939012,10.964379005599767,0.0
1778566317,64,,Aggregated,0.000000,0.000000,0,0,0,0,0,0,0,0,0,0,0,8,0,11,12.223851123053464,8.640778993139975,17.129668005509302,0.0
1778566318,64,POST,chat/long,0.000000,0.000000,0,0,0,0,0,0,0,0,0,0,0,6,0,12,12.682406830814822,8.640778993139975,17.129668005509302,0.0
1778566318,64,POST,chat/medium,0.000000,0.000000,0,0,0,0,0,0,0,0,0,0,0,2,0,10.964379005599767,10.84818399976939,10.731988993939012,10.964379005599767,0.0
1778566318,64,,Aggregated,0.000000,0.000000,0,0,0,0,0,0,0,0,0,0,0,8,0,11,12.223851123053464,8.640778993139975,17.129668005509302,0.0
1778566319,64,POST,chat/long,0.000000,0.000000,0,0,0,0,0,0,0,0,0,0,0,6,0,12,12.682406830814822,8.640778993139975,17.129668005509302,0.0
1778566319,64,POST,chat/medium,0.000000,0.000000,0,0,0,0,0,0,0,0,0,0,0,2,0,10.964379005599767,10.84818399976939,10.731988993939012,10.964379005599767,0.0
1778566319,64,,Aggregated,0.000000,0.000000,0,0,0,0,0,0,0,0,0,0,0,8,0,11,12.223851123053464,8.640778993139975,17.129668005509302,0.0
1778566320,64,POST,chat/long,0.000000,0.000000,0,0,0,0,0,0,0,0,0,0,0,6,0,12,12.682406830814822,8.640778993139975,17.129668005509302,0.0
1778566320,64,POST,chat/medium,0.000000,0.000000,0,0,0,0,0,0,0,0,0,0,0,2,0,10.964379005599767,10.84818399976939,10.731988993939012,10.964379005599767,0.0
1778566320,64,,Aggregated,0.000000,0.000000,0,0,0,0,0,0,0,0,0,0,0,8,0,11,12.223851123053464,8.640778993139975,17.129668005509302,0.0
1778566321,64,POST,chat/long,0.000000,0.000000,0,0,0,0,0,0,0,0,0,0,0,6,0,12,12.682406830814822,8.640778993139975,17.129668005509302,0.0
1778566321,64,POST,chat/medium,0.000000,0.000000,0,0,0,0,0,0,0,0,0,0,0,2,0,10.964379005599767,10.84818399976939,10.731988993939012,10.964379005599767,0.0
1778566321,64,,Aggregated,0.000000,0.000000,0,0,0,0,0,0,0,0,0,0,0,8,0,11,12.223851123053464,8.640778993139975,17.129668005509302,0.0
1778566322,64,POST,chat/long,0.000000,0.000000,0,0,0,0,0,0,0,0,0,0,0,6,0,12,12.682406830814822,8.640778993139975,17.129668005509302,0.0
1778566322,64,POST,chat/medium,0.000000,0.000000,0,0,0,0,0,0,0,0,0,0,0,2,0,10.964379005599767,10.84818399976939,10.731988993939012,10.964379005599767,0.0
1778566322,64,,Aggregated,0.000000,0.000000,0,0,0,0,0,0,0,0,0,0,0,8,0,11,12.223851123053464,8.640778993139975,17.129668005509302,0.0
1778566323,64,POST,chat/long,0.000000,0.000000,0,0,0,0,0,0,0,0,0,0,0,6,0,12,12.682406830814822,8.640778993139975,17.129668005509302,0.0
1778566323,64,POST,chat/medium,0.000000,0.000000,0,0,0,0,0,0,0,0,0,0,0,2,0,10.964379005599767,10.84818399976939,10.731988993939012,10.964379005599767,0.0
1778566323,64,,Aggregated,0.000000,0.000000,0,0,0,0,0,0,0,0,0,0,0,8,0,11,12.223851123053464,8.640778993139975,17.129668005509302,0.0
1778566324,64,POST,chat/long,0.000000,0.000000,0,0,0,0,0,0,0,0,0,0,0,6,0,12,12.682406830814822,8.640778993139975,17.129668005509302,0.0
1778566324,64,POST,chat/medium,0.000000,0.000000,0,0,0,0,0,0,0,0,0,0,0,2,0,10.964379005599767,10.84818399976939,10.731988993939012,10.964379005599767,0.0
1778566324,64,,Aggregated,0.000000,0.000000,0,0,0,0,0,0,0,0,0,0,0,8,0,11,12.223851123053464,8.640778993139975,17.129668005509302,0.0
1778566325,64,POST,chat/long,0.000000,0.000000,0,0,0,0,0,0,0,0,0,0,0,6,0,12,12.682406830814822,8.640778993139975,17.129668005509302,0.0
1778566325,64,POST,chat/medium,0.000000,0.000000,0,0,0,0,0,0,0,0,0,0,0,2,0,10.964379005599767,10.84818399976939,10.731988993939012,10.964379005599767,0.0
1778566325,64,,Aggregated,0.000000,0.000000,0,0,0,0,0,0,0,0,0,0,0,8,0,11,12.223851123053464,8.640778993139975,17.129668005509302,0.0
1778566326,64,POST,chat/long,0.000000,0.000000,0,0,0,0,0,0,0,0,0,0,0,6,0,12,12.682406830814822,8.640778993139975,17.129668005509302,0.0
1778566326,64,POST,chat/medium,0.000000,0.000000,0,0,0,0,0,0,0,0,0,0,0,2,0,10.964379005599767,10.84818399976939,10.731988993939012,10.964379005599767,0.0
1778566326,64,,Aggregated,0.000000,0.000000,0,0,0,0,0,0,0,0,0,0,0,8,0,11,12.223851123053464,8.640778993139975,17.129668005509302,0.0
1778566327,64,POST,chat/long,0.000000,0.000000,0,0,0,0,0,0,0,0,0,0,0,6,0,12,12.682406830814822,8.640778993139975,17.129668005509302,0.0
1778566327,64,POST,chat/medium,0.000000,0.000000,0,0,0,0,0,0,0,0,0,0,0,2,0,10.964379005599767,10.84818399976939,10.731988993939012,10.964379005599767,0.0
1778566327,64,,Aggregated,0.000000,0.000000,0,0,0,0,0,0,0,0,0,0,0,8,0,11,12.223851123053464,8.640778993139975,17.129668005509302,0.0
1778566328,64,POST,chat/long,0.000000,0.000000,0,0,0,0,0,0,0,0,0,0,0,6,0,12,12.682406830814822,8.640778993139975,17.129668005509302,0.0
1778566328,64,POST,chat/medium,0.000000,0.000000,0,0,0,0,0,0,0,0,0,0,0,2,0,10.964379005599767,10.84818399976939,10.731988993939012,10.964379005599767,0.0
1778566328,64,,Aggregated,0.000000,0.000000,0,0,0,0,0,0,0,0,0,0,0,8,0,11,12.223851123053464,8.640778993139975,17.129668005509302,0.0
1778566329,64,POST,chat/long,0.000000,0.000000,10,10,10,10,10,10,10,10,10,10,10,7,0,12,12.359747141350194,8.640778993139975,17.129668005509302,0.0
1778566329,64,POST,chat/medium,0.000000,0.000000,0,0,0,0,0,0,0,0,0,0,0,2,0,10.964379005599767,10.84818399976939,10.731988993939012,10.964379005599767,0.0
1778566329,64,,Aggregated,0.000000,0.000000,10,10,10,10,10,10,10,10,10,10,10,9,0,11,12.023844220998903,8.640778993139975,17.129668005509302,0.0
1778566330,64,POST,chat/long,0.000000,0.000000,10,10,10,10,10,10,10,10,10,10,10,7,0,12,12.359747141350194,8.640778993139975,17.129668005509302,0.0
1778566330,64,POST,chat/medium,0.000000,0.000000,0,0,0,0,0,0,0,0,0,0,0,2,0,10.964379005599767,10.84818399976939,10.731988993939012,10.964379005599767,0.0
1778566330,64,,Aggregated,0.000000,0.000000,10,10,10,10,10,10,10,10,10,10,10,9,0,11,12.023844220998903,8.640778993139975,17.129668005509302,0.0
1778566331,64,POST,chat/long,0.000000,0.000000,0,0,0,0,0,0,0,0,0,0,0,7,0,12,12.359747141350194,8.640778993139975,17.129668005509302,0.0
1778566331,64,POST,chat/medium,0.000000,0.000000,0,0,0,0,0,0,0,0,0,0,0,2,0,10.964379005599767,10.84818399976939,10.731988993939012,10.964379005599767,0.0
1778566331,64,,Aggregated,0.000000,0.000000,0,0,0,0,0,0,0,0,0,0,0,9,0,11,12.023844220998903,8.640778993139975,17.129668005509302,0.0
1778566332,64,POST,chat/long,0.000000,0.000000,15,15,15,15,15,15,15,15,15,15,15,8,0,12,12.665811123952153,8.640778993139975,17.129668005509302,0.0
1778566332,64,POST,chat/medium,0.000000,0.000000,0,0,0,0,0,0,0,0,0,0,0,2,0,10.964379005599767,10.84818399976939,10.731988993939012,10.964379005599767,0.0
1778566332,64,,Aggregated,0.000000,0.000000,15,15,15,15,15,15,15,15,15,15,15,10,0,11,12.3022856991156,8.640778993139975,17.129668005509302,0.0
1778566333,64,POST,chat/long,0.000000,0.000000,15,15,15,15,15,15,15,15,15,15,15,8,0,12,12.665811123952153,8.640778993139975,17.129668005509302,0.0
1778566333,64,POST,chat/medium,0.000000,0.000000,0,0,0,0,0,0,0,0,0,0,0,2,0,10.964379005599767,10.84818399976939,10.731988993939012,10.964379005599767,0.0
1778566333,64,,Aggregated,0.000000,0.000000,15,15,15,15,15,15,15,15,15,15,15,10,0,11,12.3022856991156,8.640778993139975,17.129668005509302,0.0
1778566334,64,POST,chat/long,0.000000,0.000000,15,15,15,15,15,15,15,15,15,15,15,8,0,12,12.665811123952153,8.640778993139975,17.129668005509302,0.0
1778566334,64,POST,chat/medium,0.000000,0.000000,0,0,0,0,0,0,0,0,0,0,0,2,0,10.964379005599767,10.84818399976939,10.731988993939012,10.964379005599767,0.0
1778566334,64,,Aggregated,0.000000,0.000000,15,15,15,15,15,15,15,15,15,15,15,10,0,11,12.3022856991156,8.640778993139975,17.129668005509302,0.0
1778566335,64,POST,chat/long,0.000000,0.000000,15,15,15,15,15,15,15,15,15,15,15,8,0,12,12.665811123952153,8.640778993139975,17.129668005509302,0.0
1778566335,64,POST,chat/medium,0.000000,0.000000,0,0,0,0,0,0,0,0,0,0,0,2,0,10.964379005599767,10.84818399976939,10.731988993939012,10.964379005599767,0.0
1778566335,64,,Aggregated,0.000000,0.000000,15,15,15,15,15,15,15,15,15,15,15,10,0,11,12.3022856991156,8.640778993139975,17.129668005509302,0.0
1778566336,64,POST,chat/long,0.000000,0.000000,15,15,15,15,15,15,15,15,15,15,15,8,0,12,12.665811123952153,8.640778993139975,17.129668005509302,0.0
1778566336,64,POST,chat/medium,0.000000,0.000000,0,0,0,0,0,0,0,0,0,0,0,2,0,10.964379005599767,10.84818399976939,10.731988993939012,10.964379005599767,0.0
1778566336,64,,Aggregated,0.000000,0.000000,15,15,15,15,15,15,15,15,15,15,15,10,0,11,12.3022856991156,8.640778993139975,17.129668005509302,0.0
1778566337,64,POST,chat/long,0.000000,0.000000,15,15,15,15,15,15,15,15,15,15,15,8,0,12,12.665811123952153,8.640778993139975,17.129668005509302,0.0
1778566337,64,POST,chat/medium,0.000000,0.000000,0,0,0,0,0,0,0,0,0,0,0,2,0,10.964379005599767,10.84818399976939,10.731988993939012,10.964379005599767,0.0
1778566337,64,,Aggregated,0.000000,0.000000,15,15,15,15,15,15,15,15,15,15,15,10,0,11,12.3022856991156,8.640778993139975,17.129668005509302,0.0
1778566338,64,POST,chat/long,0.200000,0.000000,15,15,15,15,15,15,15,15,15,15,15,8,0,12,12.665811123952153,8.640778993139975,17.129668005509302,0.0
1778566338,64,POST,chat/medium,0.000000,0.000000,0,0,0,0,0,0,0,0,0,0,0,3,0,11,11.641208999208175,10.731988993939012,13.227258998085745,0.0
1778566338,64,,Aggregated,0.200000,0.000000,15,15,15,15,15,15,15,15,15,15,15,11,0,12,12.386374180840159,8.640778993139975,17.129668005509302,0.0
1778566339,64,POST,chat/long,0.200000,0.000000,0,0,0,0,0,0,0,0,0,0,0,8,0,12,12.665811123952153,8.640778993139975,17.129668005509302,0.0
1778566339,64,POST,chat/medium,0.000000,0.000000,0,0,0,0,0,0,0,0,0,0,0,3,0,11,11.641208999208175,10.731988993939012,13.227258998085745,0.0
1778566339,64,,Aggregated,0.200000,0.000000,13,13,13,13,13,13,13,13,13,13,13,11,0,12,12.386374180840159,8.640778993139975,17.129668005509302,0.0
1778566340,64,POST,chat/long,0.200000,0.000000,0,0,0,0,0,0,0,0,0,0,0,8,0,12,12.665811123952153,8.640778993139975,17.129668005509302,0.0
1778566340,64,POST,chat/medium,0.000000,0.000000,0,0,0,0,0,0,0,0,0,0,0,3,0,11,11.641208999208175,10.731988993939012,13.227258998085745,0.0
1778566340,64,,Aggregated,0.200000,0.000000,13,13,13,13,13,13,13,13,13,13,13,11,0,12,12.386374180840159,8.640778993139975,17.129668005509302,0.0
1778566341,64,POST,chat/long,0.200000,0.000000,0,0,0,0,0,0,0,0,0,0,0,8,0,12,12.665811123952153,8.640778993139975,17.129668005509302,0.0
1778566341,64,POST,chat/medium,0.000000,0.000000,0,0,0,0,0,0,0,0,0,0,0,3,0,11,11.641208999208175,10.731988993939012,13.227258998085745,0.0
1778566341,64,,Aggregated,0.200000,0.000000,13,13,13,13,13,13,13,13,13,13,13,11,0,12,12.386374180840159,8.640778993139975,17.129668005509302,0.0
1778566342,64,POST,chat/long,0.200000,0.000000,0,0,0,0,0,0,0,0,0,0,0,8,0,12,12.665811123952153,8.640778993139975,17.129668005509302,0.0
1778566342,64,POST,chat/medium,0.000000,0.000000,0,0,0,0,0,0,0,0,0,0,0,3,0,11,11.641208999208175,10.731988993939012,13.227258998085745,0.0
1778566342,64,,Aggregated,0.200000,0.000000,13,13,13,13,13,13,13,13,13,13,13,11,0,12,12.386374180840159,8.640778993139975,17.129668005509302,0.0
1778566343,64,POST,chat/long,0.200000,0.000000,0,0,0,0,0,0,0,0,0,0,0,8,0,12,12.665811123952153,8.640778993139975,17.129668005509302,0.0
1778566343,64,POST,chat/medium,0.000000,0.000000,0,0,0,0,0,0,0,0,0,0,0,3,0,11,11.641208999208175,10.731988993939012,13.227258998085745,0.0
1778566343,64,,Aggregated,0.200000,0.000000,13,13,13,13,13,13,13,13,13,13,13,11,0,12,12.386374180840159,8.640778993139975,17.129668005509302,0.0
1778566344,64,POST,chat/long,0.000000,0.000000,22,22,22,22,22,22,22,22,22,22,22,9,0,13,13.691075222191607,8.640778993139975,21.893188008107245,0.0
1778566344,64,POST,chat/medium,0.100000,0.000000,0,0,0,0,0,0,0,0,0,0,0,3,0,11,11.641208999208175,10.731988993939012,13.227258998085745,0.0
1778566344,64,,Aggregated,0.100000,0.000000,22,22,22,22,22,22,22,22,22,22,22,12,0,12,13.178608666445749,8.640778993139975,21.893188008107245,0.0
1778566345,64,POST,chat/long,0.000000,0.000000,22,22,22,22,22,22,22,22,22,22,22,9,0,13,13.691075222191607,8.640778993139975,21.893188008107245,0.0
1778566345,64,POST,chat/medium,0.100000,0.000000,0,0,0,0,0,0,0,0,0,0,0,3,0,11,11.641208999208175,10.731988993939012,13.227258998085745,0.0
1778566345,64,,Aggregated,0.100000,0.000000,22,22,22,22,22,22,22,22,22,22,22,12,0,12,13.178608666445749,8.640778993139975,21.893188008107245,0.0
1778566346,64,POST,chat/long,0.000000,0.000000,22,22,22,22,22,22,22,22,22,22,22,9,0,13,13.691075222191607,8.640778993139975,21.893188008107245,0.0
1778566346,64,POST,chat/medium,0.100000,0.000000,0,0,0,0,0,0,0,0,0,0,0,3,0,11,11.641208999208175,10.731988993939012,13.227258998085745,0.0
1778566346,64,,Aggregated,0.100000,0.000000,22,22,22,22,22,22,22,22,22,22,22,12,0,12,13.178608666445749,8.640778993139975,21.893188008107245,0.0
1778566347,64,POST,chat/long,0.000000,0.000000,11,11,11,11,11,11,11,11,11,11,11,10,0,12,13.424102698627394,8.640778993139975,21.893188008107245,0.0
1778566347,64,POST,chat/medium,0.100000,0.000000,0,0,0,0,0,0,0,0,0,0,0,3,0,11,11.641208999208175,10.731988993939012,13.227258998085745,0.0
1778566347,64,,Aggregated,0.100000,0.000000,22,22,22,22,22,22,22,22,22,22,22,13,0,12,13.012665691069113,8.640778993139975,21.893188008107245,0.0
1778566348,64,POST,chat/long,0.000000,0.000000,11,11,11,11,11,11,11,11,11,11,11,10,0,12,13.424102698627394,8.640778993139975,21.893188008107245,0.0
1778566348,64,POST,chat/medium,0.100000,0.000000,0,0,0,0,0,0,0,0,0,0,0,3,0,11,11.641208999208175,10.731988993939012,13.227258998085745,0.0
1778566348,64,,Aggregated,0.100000,0.000000,22,22,22,22,22,22,22,22,22,22,22,13,0,12,13.012665691069113,8.640778993139975,21.893188008107245,0.0
1778566349,64,POST,chat/long,0.000000,0.000000,11,11,11,11,11,11,11,11,11,11,11,10,0,12,13.424102698627394,8.640778993139975,21.893188008107245,0.0
1778566349,64,POST,chat/medium,0.100000,0.000000,0,0,0,0,0,0,0,0,0,0,0,3,0,11,11.641208999208175,10.731988993939012,13.227258998085745,0.0
1778566349,64,,Aggregated,0.100000,0.000000,22,22,22,22,22,22,22,22,22,22,22,13,0,12,13.012665691069113,8.640778993139975,21.893188008107245,0.0
1778566350,64,POST,chat/long,0.200000,0.000000,12,12,45,45,45,45,45,45,45,45,45,12,0,12,15.975379332909748,8.640778993139975,45.04573601298034,0.0
1778566350,64,POST,chat/medium,0.100000,0.000000,0,0,0,0,0,0,0,0,0,0,0,3,0,11,11.641208999208175,10.731988993939012,13.227258998085745,0.0
1778566350,64,,Aggregated,0.300000,0.000000,22,22,45,45,45,45,45,45,45,45,45,15,0,12,15.108545266169434,8.640778993139975,45.04573601298034,0.0
1778566351,64,POST,chat/long,0.200000,0.000000,12,12,45,45,45,45,45,45,45,45,45,12,0,12,15.975379332909748,8.640778993139975,45.04573601298034,0.0
1778566351,64,POST,chat/medium,0.100000,0.000000,0,0,0,0,0,0,0,0,0,0,0,3,0,11,11.641208999208175,10.731988993939012,13.227258998085745,0.0
1778566351,64,,Aggregated,0.300000,0.000000,12,12,45,45,45,45,45,45,45,45,45,15,0,12,15.108545266169434,8.640778993139975,45.04573601298034,0.0
1778566352,64,POST,chat/long,0.200000,0.000000,12,12,45,45,45,45,45,45,45,45,45,12,0,12,15.975379332909748,8.640778993139975,45.04573601298034,0.0
1778566352,64,POST,chat/medium,0.100000,0.000000,0,0,0,0,0,0,0,0,0,0,0,3,0,11,11.641208999208175,10.731988993939012,13.227258998085745,0.0
1778566352,64,,Aggregated,0.300000,0.000000,12,12,45,45,45,45,45,45,45,45,45,15,0,12,15.108545266169434,8.640778993139975,45.04573601298034,0.0
1778566353,64,POST,chat/long,0.400000,0.000000,13,13,45,45,45,45,45,45,45,45,45,13,0,13,15.71205469148341,8.640778993139975,45.04573601298034,0.0
1778566353,64,POST,chat/medium,0.000000,0.000000,0,0,0,0,0,0,0,0,0,0,0,3,0,11,11.641208999208175,10.731988993939012,13.227258998085745,0.0
1778566353,64,,Aggregated,0.400000,0.000000,13,13,45,45,45,45,45,45,45,45,45,16,0,12,14.948771124181803,8.640778993139975,45.04573601298034,0.0
1778566354,64,POST,chat/long,0.400000,0.000000,13,13,45,45,45,45,45,45,45,45,45,13,0,13,15.71205469148341,8.640778993139975,45.04573601298034,0.0
1778566354,64,POST,chat/medium,0.000000,0.000000,0,0,0,0,0,0,0,0,0,0,0,3,0,11,11.641208999208175,10.731988993939012,13.227258998085745,0.0
1778566354,64,,Aggregated,0.400000,0.000000,13,13,45,45,45,45,45,45,45,45,45,16,0,12,14.948771124181803,8.640778993139975,45.04573601298034,0.0
1778566355,64,POST,chat/long,0.400000,0.000000,13,13,45,45,45,45,45,45,45,45,45,13,0,13,15.71205469148341,8.640778993139975,45.04573601298034,0.0
1778566355,64,POST,chat/medium,0.000000,0.000000,0,0,0,0,0,0,0,0,0,0,0,3,0,11,11.641208999208175,10.731988993939012,13.227258998085745,0.0
1778566355,64,,Aggregated,0.400000,0.000000,13,13,45,45,45,45,45,45,45,45,45,16,0,12,14.948771124181803,8.640778993139975,45.04573601298034,0.0
1778566356,64,POST,chat/long,0.400000,0.000000,13,13,45,45,45,45,45,45,45,45,45,13,0,13,15.71205469148341,8.640778993139975,45.04573601298034,0.0
1778566356,64,POST,chat/medium,0.000000,0.000000,0,0,0,0,0,0,0,0,0,0,0,4,0,11,11.04283899985603,9.247729001799598,13.227258998085745,0.0
1778566356,64,,Aggregated,0.400000,0.000000,13,13,45,45,45,45,45,45,45,45,45,17,0,12,14.613415705218145,8.640778993139975,45.04573601298034,0.0
1778566357,64,POST,chat/long,0.400000,0.000000,13,13,13,13,13,13,13,13,13,13,13,13,0,13,15.71205469148341,8.640778993139975,45.04573601298034,0.0
1778566357,64,POST,chat/medium,0.000000,0.000000,0,0,0,0,0,0,0,0,0,0,0,4,0,11,11.04283899985603,9.247729001799598,13.227258998085745,0.0
1778566357,64,,Aggregated,0.400000,0.000000,13,13,13,13,13,13,13,13,13,13,13,17,0,12,14.613415705218145,8.640778993139975,45.04573601298034,0.0
1778566358,64,POST,chat/long,0.400000,0.000000,13,13,13,13,13,13,13,13,13,13,13,13,0,13,15.71205469148341,8.640778993139975,45.04573601298034,0.0
1778566358,64,POST,chat/medium,0.000000,0.000000,0,0,0,0,0,0,0,0,0,0,0,4,0,11,11.04283899985603,9.247729001799598,13.227258998085745,0.0
1778566358,64,,Aggregated,0.400000,0.000000,13,13,13,13,13,13,13,13,13,13,13,17,0,12,14.613415705218145,8.640778993139975,45.04573601298034,0.0
1778566359,64,POST,chat/long,0.300000,0.000000,13,13,17,17,17,17,17,17,17,17,17,15,0,13,15.532605866125474,8.640778993139975,45.04573601298034,0.0
1778566359,64,POST,chat/medium,0.100000,0.000000,0,0,0,0,0,0,0,0,0,0,0,4,0,11,11.04283899985603,9.247729001799598,13.227258998085745,0.0
1778566359,64,,Aggregated,0.400000,0.000000,13,13,17,17,17,17,17,17,17,17,17,19,0,12,14.587391789016118,8.640778993139975,45.04573601298034,0.0
1778566360,64,POST,chat/long,0.300000,0.000000,13,13,17,17,17,17,17,17,17,17,17,15,0,13,15.532605866125474,8.640778993139975,45.04573601298034,0.0
1778566360,64,POST,chat/medium,0.100000,0.000000,0,0,0,0,0,0,0,0,0,0,0,4,0,11,11.04283899985603,9.247729001799598,13.227258998085745,0.0
1778566360,64,,Aggregated,0.400000,0.000000,13,13,17,17,17,17,17,17,17,17,17,19,0,12,14.587391789016118,8.640778993139975,45.04573601298034,0.0
1778566361,64,POST,chat/long,0.300000,0.000000,17,17,17,17,17,17,17,17,17,17,17,15,0,13,15.532605866125474,8.640778993139975,45.04573601298034,0.0
1778566361,64,POST,chat/medium,0.100000,0.000000,0,0,0,0,0,0,0,0,0,0,0,4,0,11,11.04283899985603,9.247729001799598,13.227258998085745,0.0
1778566361,64,,Aggregated,0.400000,0.000000,12,12,17,17,17,17,17,17,17,17,17,19,0,12,14.587391789016118,8.640778993139975,45.04573601298034,0.0
1778566362,64,POST,chat/long,0.300000,0.000000,17,17,17,17,17,17,17,17,17,17,17,15,0,13,15.532605866125474,8.640778993139975,45.04573601298034,0.0
1778566362,64,POST,chat/medium,0.100000,0.000000,0,0,0,0,0,0,0,0,0,0,0,4,0,11,11.04283899985603,9.247729001799598,13.227258998085745,0.0
1778566362,64,,Aggregated,0.400000,0.000000,12,12,17,17,17,17,17,17,17,17,17,19,0,12,14.587391789016118,8.640778993139975,45.04573601298034,0.0
1778566363,64,POST,chat/long,0.300000,0.000000,17,17,17,17,17,17,17,17,17,17,17,15,0,13,15.532605866125474,8.640778993139975,45.04573601298034,0.0
1778566363,64,POST,chat/medium,0.100000,0.000000,0,0,0,0,0,0,0,0,0,0,0,4,0,11,11.04283899985603,9.247729001799598,13.227258998085745,0.0
1778566363,64,,Aggregated,0.400000,0.000000,12,12,17,17,17,17,17,17,17,17,17,19,0,12,14.587391789016118,8.640778993139975,45.04573601298034,0.0
1778566364,64,POST,chat/long,0.300000,0.000000,17,17,17,17,17,17,17,17,17,17,17,15,0,13,15.532605866125474,8.640778993139975,45.04573601298034,0.0
1778566364,64,POST,chat/medium,0.100000,0.000000,0,0,0,0,0,0,0,0,0,0,0,4,0,11,11.04283899985603,9.247729001799598,13.227258998085745,0.0
1778566364,64,,Aggregated,0.400000,0.000000,17,17,17,17,17,17,17,17,17,17,17,19,0,12,14.587391789016118,8.640778993139975,45.04573601298034,0.0
1778566365,64,POST,chat/long,0.300000,0.000000,17,17,18,18,18,18,18,18,18,18,18,16,0,13,15.681043561926344,8.640778993139975,45.04573601298034,0.0
1778566365,64,POST,chat/medium,0.100000,0.000000,0,0,0,0,0,0,0,0,0,0,0,4,0,11,11.04283899985603,9.247729001799598,13.227258998085745,0.0
1778566365,64,,Aggregated,0.400000,0.000000,17,17,18,18,18,18,18,18,18,18,18,20,0,12,14.753402649512282,8.640778993139975,45.04573601298034,0.0
1778566366,64,POST,chat/long,0.300000,0.000000,18,18,18,18,18,18,18,18,18,18,18,16,0,13,15.681043561926344,8.640778993139975,45.04573601298034,0.0
1778566366,64,POST,chat/medium,0.100000,0.000000,0,0,0,0,0,0,0,0,0,0,0,4,0,11,11.04283899985603,9.247729001799598,13.227258998085745,0.0
1778566366,64,,Aggregated,0.400000,0.000000,17,17,18,18,18,18,18,18,18,18,18,20,0,12,14.753402649512282,8.640778993139975,45.04573601298034,0.0
1778566367,64,POST,chat/long,0.300000,0.000000,18,18,18,18,18,18,18,18,18,18,18,16,0,13,15.681043561926344,8.640778993139975,45.04573601298034,0.0
1778566367,64,POST,chat/medium,0.100000,0.000000,0,0,0,0,0,0,0,0,0,0,0,4,0,11,11.04283899985603,9.247729001799598,13.227258998085745,0.0
1778566367,64,,Aggregated,0.400000,0.000000,18,18,18,18,18,18,18,18,18,18,18,20,0,12,14.753402649512282,8.640778993139975,45.04573601298034,0.0
1778566368,64,POST,chat/long,0.200000,0.000000,18,18,20,20,20,20,20,20,20,20,20,18,0,13,15.674261333414405,8.640778993139975,45.04573601298034,0.0
1778566368,64,POST,chat/medium,0.100000,0.000000,0,0,0,0,0,0,0,0,0,0,0,4,0,11,11.04283899985603,9.247729001799598,13.227258998085745,0.0
1778566368,64,,Aggregated,0.300000,0.000000,18,18,20,20,20,20,20,20,20,20,20,22,0,12,14.8321845454947,8.640778993139975,45.04573601298034,0.0
1778566369,64,POST,chat/long,0.200000,0.000000,18,18,20,20,20,20,20,20,20,20,20,18,0,13,15.674261333414405,8.640778993139975,45.04573601298034,0.0
1778566369,64,POST,chat/medium,0.100000,0.000000,0,0,0,0,0,0,0,0,0,0,0,4,0,11,11.04283899985603,9.247729001799598,13.227258998085745,0.0
1778566369,64,,Aggregated,0.300000,0.000000,18,18,20,20,20,20,20,20,20,20,20,22,0,12,14.8321845454947,8.640778993139975,45.04573601298034,0.0
1778566370,64,POST,chat/long,0.200000,0.000000,18,18,20,20,20,20,20,20,20,20,20,18,0,13,15.674261333414405,8.640778993139975,45.04573601298034,0.0
1778566370,64,POST,chat/medium,0.100000,0.000000,0,0,0,0,0,0,0,0,0,0,0,4,0,11,11.04283899985603,9.247729001799598,13.227258998085745,0.0
1778566370,64,,Aggregated,0.300000,0.000000,18,18,20,20,20,20,20,20,20,20,20,22,0,12,14.8321845454947,8.640778993139975,45.04573601298034,0.0
1778566371,64,POST,chat/long,0.400000,0.000000,16,16,18,18,20,20,20,20,20,20,20,20,0,13,15.522982049151324,8.640778993139975,45.04573601298034,0.0
1778566371,64,POST,chat/medium,0.000000,0.000000,0,0,0,0,0,0,0,0,0,0,0,4,0,11,11.04283899985603,9.247729001799598,13.227258998085745,0.0
1778566371,64,,Aggregated,0.400000,0.000000,16,16,18,18,20,20,20,20,20,20,20,24,0,13,14.776291540935441,8.640778993139975,45.04573601298034,0.0
1778566372,64,POST,chat/long,0.400000,0.000000,16,16,20,20,20,20,20,20,20,20,20,20,0,13,15.522982049151324,8.640778993139975,45.04573601298034,0.0
1778566372,64,POST,chat/medium,0.000000,0.000000,0,0,0,0,0,0,0,0,0,0,0,4,0,11,11.04283899985603,9.247729001799598,13.227258998085745,0.0
1778566372,64,,Aggregated,0.400000,0.000000,16,16,20,20,20,20,20,20,20,20,20,24,0,13,14.776291540935441,8.640778993139975,45.04573601298034,0.0
1778566373,64,POST,chat/long,0.400000,0.000000,16,16,20,20,20,20,20,20,20,20,20,20,0,13,15.522982049151324,8.640778993139975,45.04573601298034,0.0
1778566373,64,POST,chat/medium,0.000000,0.000000,0,0,0,0,0,0,0,0,0,0,0,4,0,11,11.04283899985603,9.247729001799598,13.227258998085745,0.0
1778566373,64,,Aggregated,0.400000,0.000000,16,16,20,20,20,20,20,20,20,20,20,24,0,13,14.776291540935441,8.640778993139975,45.04573601298034,0.0
1778566374,64,POST,chat/long,0.400000,0.000000,16,16,20,20,20,20,20,20,20,20,20,20,0,13,15.522982049151324,8.640778993139975,45.04573601298034,0.0
1778566374,64,POST,chat/medium,0.000000,0.000000,0,0,0,0,0,0,0,0,0,0,0,4,0,11,11.04283899985603,9.247729001799598,13.227258998085745,0.0
1778566374,64,,Aggregated,0.400000,0.000000,16,16,20,20,20,20,20,20,20,20,20,24,0,13,14.776291540935441,8.640778993139975,45.04573601298034,0.0
1778566375,64,POST,chat/long,0.400000,0.000000,16,16,20,20,20,20,20,20,20,20,20,20,0,13,15.522982049151324,8.640778993139975,45.04573601298034,0.0
1778566375,64,POST,chat/medium,0.000000,0.000000,0,0,0,0,0,0,0,0,0,0,0,4,0,11,11.04283899985603,9.247729001799598,13.227258998085745,0.0
1778566375,64,,Aggregated,0.400000,0.000000,16,16,20,20,20,20,20,20,20,20,20,24,0,13,14.776291540935441,8.640778993139975,45.04573601298034,0.0
1778566376,64,POST,chat/long,0.400000,0.000000,16,16,16,16,16,16,16,16,16,16,16,20,0,13,15.522982049151324,8.640778993139975,45.04573601298034,0.0
1778566376,64,POST,chat/medium,0.000000,0.000000,0,0,0,0,0,0,0,0,0,0,0,4,0,11,11.04283899985603,9.247729001799598,13.227258998085745,0.0
1778566376,64,,Aggregated,0.400000,0.000000,16,16,16,16,16,16,16,16,16,16,16,24,0,13,14.776291540935441,8.640778993139975,45.04573601298034,0.0
1778566377,64,POST,chat/long,0.400000,0.000000,16,16,17,17,17,17,17,17,17,17,17,21,0,13,15.58155899900677,8.640778993139975,45.04573601298034,0.0
1778566377,64,POST,chat/medium,0.000000,0.000000,0,0,0,0,0,0,0,0,0,0,0,4,0,11,11.04283899985603,9.247729001799598,13.227258998085745,0.0
1778566377,64,,Aggregated,0.400000,0.000000,16,16,17,17,17,17,17,17,17,17,17,25,0,13,14.855363799142651,8.640778993139975,45.04573601298034,0.0
1778566378,64,POST,chat/long,0.400000,0.000000,16,16,17,17,17,17,17,17,17,17,17,21,0,13,15.58155899900677,8.640778993139975,45.04573601298034,0.0
1778566378,64,POST,chat/medium,0.000000,0.000000,0,0,0,0,0,0,0,0,0,0,0,4,0,11,11.04283899985603,9.247729001799598,13.227258998085745,0.0
1778566378,64,,Aggregated,0.400000,0.000000,16,16,17,17,17,17,17,17,17,17,17,25,0,13,14.855363799142651,8.640778993139975,45.04573601298034,0.0
1778566379,64,POST,chat/long,0.400000,0.000000,17,17,17,17,17,17,17,17,17,17,17,21,0,13,15.58155899900677,8.640778993139975,45.04573601298034,0.0
1778566379,64,POST,chat/medium,0.000000,0.000000,0,0,0,0,0,0,0,0,0,0,0,4,0,11,11.04283899985603,9.247729001799598,13.227258998085745,0.0
1778566379,64,,Aggregated,0.400000,0.000000,17,17,17,17,17,17,17,17,17,17,17,25,0,13,14.855363799142651,8.640778993139975,45.04573601298034,0.0
1778566380,64,POST,chat/long,0.400000,0.000000,17,17,17,17,17,17,17,17,17,17,17,21,0,13,15.58155899900677,8.640778993139975,45.04573601298034,0.0
1778566380,64,POST,chat/medium,0.000000,0.000000,0,0,0,0,0,0,0,0,0,0,0,4,0,11,11.04283899985603,9.247729001799598,13.227258998085745,0.0
1778566380,64,,Aggregated,0.400000,0.000000,17,17,17,17,17,17,17,17,17,17,17,25,0,13,14.855363799142651,8.640778993139975,45.04573601298034,0.0
1778566381,64,POST,chat/long,0.400000,0.000000,17,17,17,17,17,17,17,17,17,17,17,21,0,13,15.58155899900677,8.640778993139975,45.04573601298034,0.0
1778566381,64,POST,chat/medium,0.000000,0.000000,0,0,0,0,0,0,0,0,0,0,0,4,0,11,11.04283899985603,9.247729001799598,13.227258998085745,0.0
1778566381,64,,Aggregated,0.400000,0.000000,17,17,17,17,17,17,17,17,17,17,17,25,0,13,14.855363799142651,8.640778993139975,45.04573601298034,0.0
1778566382,64,POST,chat/long,0.400000,0.000000,17,17,17,17,17,17,17,17,17,17,17,21,0,13,15.58155899900677,8.640778993139975,45.04573601298034,0.0
1778566382,64,POST,chat/medium,0.000000,0.000000,0,0,0,0,0,0,0,0,0,0,0,4,0,11,11.04283899985603,9.247729001799598,13.227258998085745,0.0
1778566382,64,,Aggregated,0.400000,0.000000,17,17,17,17,17,17,17,17,17,17,17,25,0,13,14.855363799142651,8.640778993139975,45.04573601298034,0.0
1778566383,64,POST,chat/long,0.400000,0.000000,17,17,17,17,17,17,17,17,17,17,17,21,0,13,15.58155899900677,8.640778993139975,45.04573601298034,0.0
1778566383,64,POST,chat/medium,0.000000,0.000000,0,0,0,0,0,0,0,0,0,0,0,4,0,11,11.04283899985603,9.247729001799598,13.227258998085745,0.0
1778566383,64,,Aggregated,0.400000,0.000000,17,17,17,17,17,17,17,17,17,17,17,25,0,13,14.855363799142651,8.640778993139975,45.04573601298034,0.0
1778566384,64,POST,chat/long,0.400000,0.000000,0,0,0,0,0,0,0,0,0,0,0,21,0,13,15.58155899900677,8.640778993139975,45.04573601298034,0.0
1778566384,64,POST,chat/medium,0.000000,0.000000,0,0,0,0,0,0,0,0,0,0,0,4,0,11,11.04283899985603,9.247729001799598,13.227258998085745,0.0
1778566384,64,,Aggregated,0.400000,0.000000,0,0,0,0,0,0,0,0,0,0,0,25,0,13,14.855363799142651,8.640778993139975,45.04573601298034,0.0
1778566385,64,POST,chat/long,0.400000,0.000000,0,0,0,0,0,0,0,0,0,0,0,21,0,13,15.58155899900677,8.640778993139975,45.04573601298034,0.0
1778566385,64,POST,chat/medium,0.000000,0.000000,0,0,0,0,0,0,0,0,0,0,0,4,0,11,11.04283899985603,9.247729001799598,13.227258998085745,0.0
1778566385,64,,Aggregated,0.400000,0.000000,0,0,0,0,0,0,0,0,0,0,0,25,0,13,14.855363799142651,8.640778993139975,45.04573601298034,0.0
1778566386,64,POST,chat/long,0.400000,0.000000,0,0,0,0,0,0,0,0,0,0,0,21,0,13,15.58155899900677,8.640778993139975,45.04573601298034,0.0
1778566386,64,POST,chat/medium,0.000000,0.000000,0,0,0,0,0,0,0,0,0,0,0,4,0,11,11.04283899985603,9.247729001799598,13.227258998085745,0.0
1778566386,64,,Aggregated,0.400000,0.000000,0,0,0,0,0,0,0,0,0,0,0,25,0,13,14.855363799142651,8.640778993139975,45.04573601298034,0.0
1778566387,64,POST,chat/long,0.400000,0.000000,0,0,0,0,0,0,0,0,0,0,0,21,0,13,15.58155899900677,8.640778993139975,45.04573601298034,0.0
1778566387,64,POST,chat/medium,0.000000,0.000000,0,0,0,0,0,0,0,0,0,0,0,4,0,11,11.04283899985603,9.247729001799598,13.227258998085745,0.0
1778566387,64,,Aggregated,0.400000,0.000000,0,0,0,0,0,0,0,0,0,0,0,25,0,13,14.855363799142651,8.640778993139975,45.04573601298034,0.0
1778566388,64,POST,chat/long,0.400000,0.000000,0,0,0,0,0,0,0,0,0,0,0,21,0,13,15.58155899900677,8.640778993139975,45.04573601298034,0.0
1778566388,64,POST,chat/medium,0.000000,0.000000,0,0,0,0,0,0,0,0,0,0,0,4,0,11,11.04283899985603,9.247729001799598,13.227258998085745,0.0
1778566388,64,,Aggregated,0.400000,0.000000,0,0,0,0,0,0,0,0,0,0,0,25,0,13,14.855363799142651,8.640778993139975,45.04573601298034,0.0
1778566389,64,POST,chat/long,0.400000,0.000000,0,0,0,0,0,0,0,0,0,0,0,21,0,13,15.58155899900677,8.640778993139975,45.04573601298034,0.0
1778566389,64,POST,chat/medium,0.000000,0.000000,0,0,0,0,0,0,0,0,0,0,0,4,0,11,11.04283899985603,9.247729001799598,13.227258998085745,0.0
1778566389,64,,Aggregated,0.400000,0.000000,0,0,0,0,0,0,0,0,0,0,0,25,0,13,14.855363799142651,8.640778993139975,45.04573601298034,0.0
1778566390,64,POST,chat/long,0.400000,0.000000,0,0,0,0,0,0,0,0,0,0,0,21,0,13,15.58155899900677,8.640778993139975,45.04573601298034,0.0
1778566390,64,POST,chat/medium,0.000000,0.000000,0,0,0,0,0,0,0,0,0,0,0,4,0,11,11.04283899985603,9.247729001799598,13.227258998085745,0.0
1778566390,64,,Aggregated,0.400000,0.000000,0,0,0,0,0,0,0,0,0,0,0,25,0,13,14.855363799142651,8.640778993139975,45.04573601298034,0.0
1778566391,64,POST,chat/long,0.400000,0.000000,0,0,0,0,0,0,0,0,0,0,0,21,0,13,15.58155899900677,8.640778993139975,45.04573601298034,0.0
1778566391,64,POST,chat/medium,0.000000,0.000000,0,0,0,0,0,0,0,0,0,0,0,4,0,11,11.04283899985603,9.247729001799598,13.227258998085745,0.0
1778566391,64,,Aggregated,0.400000,0.000000,0,0,0,0,0,0,0,0,0,0,0,25,0,13,14.855363799142651,8.640778993139975,45.04573601298034,0.0
1778566392,63,POST,chat/long,0.100000,0.000000,15,15,15,15,15,15,15,15,15,15,15,23,0,13,15.324870304143785,8.640778993139975,45.04573601298034,0.0
1778566392,63,POST,chat/medium,0.000000,0.000000,0,0,0,0,0,0,0,0,0,0,0,4,0,11,11.04283899985603,9.247729001799598,13.227258998085745,0.0
1778566392,63,,Aggregated,0.100000,0.000000,15,15,15,15,15,15,15,15,15,15,15,27,0,13,14.690495296101155,8.640778993139975,45.04573601298034,0.0
1778566393,63,POST,chat/long,0.100000,0.000000,15,15,15,15,15,15,15,15,15,15,15,23,0,13,15.324870304143785,8.640778993139975,45.04573601298034,0.0
1778566393,63,POST,chat/medium,0.000000,0.000000,0,0,0,0,0,0,0,0,0,0,0,4,0,11,11.04283899985603,9.247729001799598,13.227258998085745,0.0
1778566393,63,,Aggregated,0.100000,0.000000,15,15,15,15,15,15,15,15,15,15,15,27,0,13,14.690495296101155,8.640778993139975,45.04573601298034,0.0
1778566394,63,POST,chat/long,0.100000,0.000000,15,15,15,15,15,15,15,15,15,15,15,23,0,13,15.324870304143785,8.640778993139975,45.04573601298034,0.0
1778566394,63,POST,chat/medium,0.000000,0.000000,0,0,0,0,0,0,0,0,0,0,0,4,0,11,11.04283899985603,9.247729001799598,13.227258998085745,0.0
1778566394,63,,Aggregated,0.100000,0.000000,15,15,15,15,15,15,15,15,15,15,15,27,0,13,14.690495296101155,8.640778993139975,45.04573601298034,0.0
1778566395,63,POST,chat/long,0.100000,0.000000,0,0,0,0,0,0,0,0,0,0,0,23,0,13,15.324870304143785,8.640778993139975,45.04573601298034,0.0
1778566395,63,POST,chat/medium,0.000000,0.000000,0,0,0,0,0,0,0,0,0,0,0,4,0,11,11.04283899985603,9.247729001799598,13.227258998085745,0.0
1778566395,63,,Aggregated,0.100000,0.000000,0,0,0,0,0,0,0,0,0,0,0,27,0,13,14.690495296101155,8.640778993139975,45.04573601298034,0.0
1778566396,63,POST,chat/long,0.100000,0.000000,0,0,0,0,0,0,0,0,0,0,0,23,0,13,15.324870304143785,8.640778993139975,45.04573601298034,0.0
1778566396,63,POST,chat/medium,0.000000,0.000000,0,0,0,0,0,0,0,0,0,0,0,4,0,11,11.04283899985603,9.247729001799598,13.227258998085745,0.0
1778566396,63,,Aggregated,0.100000,0.000000,0,0,0,0,0,0,0,0,0,0,0,27,0,13,14.690495296101155,8.640778993139975,45.04573601298034,0.0
1778566397,63,POST,chat/long,0.100000,0.000000,0,0,0,0,0,0,0,0,0,0,0,23,0,13,15.324870304143785,8.640778993139975,45.04573601298034,0.0
1778566397,63,POST,chat/medium,0.000000,0.000000,0,0,0,0,0,0,0,0,0,0,0,4,0,11,11.04283899985603,9.247729001799598,13.227258998085745,0.0
1778566397,63,,Aggregated,0.100000,0.000000,0,0,0,0,0,0,0,0,0,0,0,27,0,13,14.690495296101155,8.640778993139975,45.04573601298034,0.0
1778566398,62,POST,chat/long,0.200000,0.000000,12,12,12,12,12,12,12,12,12,12,12,24,0,13,15.202434791717678,8.640778993139975,45.04573601298034,0.0
1778566398,62,POST,chat/medium,0.000000,0.000000,0,0,0,0,0,0,0,0,0,0,0,4,0,11,11.04283899985603,9.247729001799598,13.227258998085745,0.0
1778566398,62,,Aggregated,0.200000,0.000000,12,12,12,12,12,12,12,12,12,12,12,28,0,13,14.608206821451729,8.640778993139975,45.04573601298034,0.0
1778566399,62,POST,chat/long,0.200000,0.000000,12,12,12,12,12,12,12,12,12,12,12,24,0,13,15.202434791717678,8.640778993139975,45.04573601298034,0.0
1778566399,62,POST,chat/medium,0.000000,0.000000,0,0,0,0,0,0,0,0,0,0,0,4,0,11,11.04283899985603,9.247729001799598,13.227258998085745,0.0
1778566399,62,,Aggregated,0.200000,0.000000,12,12,12,12,12,12,12,12,12,12,12,28,0,13,14.608206821451729,8.640778993139975,45.04573601298034,0.0
1778566400,62,POST,chat/long,0.200000,0.000000,12,12,12,12,12,12,12,12,12,12,12,24,0,13,15.202434791717678,8.640778993139975,45.04573601298034,0.0
1778566400,62,POST,chat/medium,0.000000,0.000000,0,0,0,0,0,0,0,0,0,0,0,4,0,11,11.04283899985603,9.247729001799598,13.227258998085745,0.0
1778566400,62,,Aggregated,0.200000,0.000000,12,12,12,12,12,12,12,12,12,12,12,28,0,13,14.608206821451729,8.640778993139975,45.04573601298034,0.0
1778566401,62,POST,chat/long,0.200000,0.000000,12,12,12,12,12,12,12,12,12,12,12,24,0,13,15.202434791717678,8.640778993139975,45.04573601298034,0.0
1778566401,62,POST,chat/medium,0.000000,0.000000,0,0,0,0,0,0,0,0,0,0,0,4,0,11,11.04283899985603,9.247729001799598,13.227258998085745,0.0
1778566401,62,,Aggregated,0.200000,0.000000,12,12,12,12,12,12,12,12,12,12,12,28,0,13,14.608206821451729,8.640778993139975,45.04573601298034,0.0
1778566402,62,POST,chat/long,0.200000,0.000000,12,12,12,12,12,12,12,12,12,12,12,24,0,13,15.202434791717678,8.640778993139975,45.04573601298034,0.0
1778566402,62,POST,chat/medium,0.000000,0.000000,0,0,0,0,0,0,0,0,0,0,0,4,0,11,11.04283899985603,9.247729001799598,13.227258998085745,0.0
1778566402,62,,Aggregated,0.200000,0.000000,12,12,12,12,12,12,12,12,12,12,12,28,0,13,14.608206821451729,8.640778993139975,45.04573601298034,0.0
1778566403,62,POST,chat/long,0.200000,0.000000,12,12,12,12,12,12,12,12,12,12,12,24,0,13,15.202434791717678,8.640778993139975,45.04573601298034,0.0
1778566403,62,POST,chat/medium,0.000000,0.000000,0,0,0,0,0,0,0,0,0,0,0,4,0,11,11.04283899985603,9.247729001799598,13.227258998085745,0.0
1778566403,62,,Aggregated,0.200000,0.000000,12,12,12,12,12,12,12,12,12,12,12,28,0,13,14.608206821451729,8.640778993139975,45.04573601298034,0.0
1778566404,62,POST,chat/long,0.200000,0.000000,12,12,12,12,12,12,12,12,12,12,12,24,0,13,15.202434791717678,8.640778993139975,45.04573601298034,0.0
1778566404,62,POST,chat/medium,0.000000,0.000000,0,0,0,0,0,0,0,0,0,0,0,4,0,11,11.04283899985603,9.247729001799598,13.227258998085745,0.0
1778566404,62,,Aggregated,0.200000,0.000000,12,12,12,12,12,12,12,12,12,12,12,28,0,13,14.608206821451729,8.640778993139975,45.04573601298034,0.0
1778566405,62,POST,chat/long,0.200000,0.000000,0,0,0,0,0,0,0,0,0,0,0,24,0,13,15.202434791717678,8.640778993139975,45.04573601298034,0.0
1778566405,62,POST,chat/medium,0.000000,0.000000,0,0,0,0,0,0,0,0,0,0,0,4,0,11,11.04283899985603,9.247729001799598,13.227258998085745,0.0
1778566405,62,,Aggregated,0.200000,0.000000,0,0,0,0,0,0,0,0,0,0,0,28,0,13,14.608206821451729,8.640778993139975,45.04573601298034,0.0
1778566406,62,POST,chat/long,0.200000,0.000000,0,0,0,0,0,0,0,0,0,0,0,24,0,13,15.202434791717678,8.640778993139975,45.04573601298034,0.0
1778566406,62,POST,chat/medium,0.000000,0.000000,0,0,0,0,0,0,0,0,0,0,0,4,0,11,11.04283899985603,9.247729001799598,13.227258998085745,0.0
1778566406,62,,Aggregated,0.200000,0.000000,0,0,0,0,0,0,0,0,0,0,0,28,0,13,14.608206821451729,8.640778993139975,45.04573601298034,0.0
1778566407,61,POST,chat/long,0.200000,0.000000,16,16,16,16,16,16,16,16,16,16,16,25,0,13,15.237416119780391,8.640778993139975,45.04573601298034,0.0
1778566407,61,POST,chat/medium,0.000000,0.000000,0,0,0,0,0,0,0,0,0,0,0,4,0,11,11.04283899985603,9.247729001799598,13.227258998085745,0.0
1778566407,61,,Aggregated,0.200000,0.000000,16,16,16,16,16,16,16,16,16,16,16,29,0,13,14.658853758411514,8.640778993139975,45.04573601298034,0.0
1778566408,61,POST,chat/long,0.200000,0.000000,16,16,16,16,16,16,16,16,16,16,16,25,0,13,15.237416119780391,8.640778993139975,45.04573601298034,0.0
1778566408,61,POST,chat/medium,0.000000,0.000000,0,0,0,0,0,0,0,0,0,0,0,4,0,11,11.04283899985603,9.247729001799598,13.227258998085745,0.0
1778566408,61,,Aggregated,0.200000,0.000000,16,16,16,16,16,16,16,16,16,16,16,29,0,13,14.658853758411514,8.640778993139975,45.04573601298034,0.0
1778566409,61,POST,chat/long,0.200000,0.000000,16,16,16,16,16,16,16,16,16,16,16,25,0,13,15.237416119780391,8.640778993139975,45.04573601298034,0.0
1778566409,61,POST,chat/medium,0.000000,0.000000,0,0,0,0,0,0,0,0,0,0,0,4,0,11,11.04283899985603,9.247729001799598,13.227258998085745,0.0
1778566409,61,,Aggregated,0.200000,0.000000,16,16,16,16,16,16,16,16,16,16,16,29,0,13,14.658853758411514,8.640778993139975,45.04573601298034,0.0
1778566410,61,POST,chat/long,0.200000,0.000000,16,16,16,16,16,16,16,16,16,16,16,25,0,13,15.237416119780391,8.640778993139975,45.04573601298034,0.0
1778566410,61,POST,chat/medium,0.000000,0.000000,0,0,0,0,0,0,0,0,0,0,0,4,0,11,11.04283899985603,9.247729001799598,13.227258998085745,0.0
1778566410,61,,Aggregated,0.200000,0.000000,16,16,16,16,16,16,16,16,16,16,16,29,0,13,14.658853758411514,8.640778993139975,45.04573601298034,0.0
1778566411,61,POST,chat/long,0.200000,0.000000,0,0,0,0,0,0,0,0,0,0,0,25,0,13,15.237416119780391,8.640778993139975,45.04573601298034,0.0
1778566411,61,POST,chat/medium,0.000000,0.000000,0,0,0,0,0,0,0,0,0,0,0,4,0,11,11.04283899985603,9.247729001799598,13.227258998085745,0.0
1778566411,61,,Aggregated,0.200000,0.000000,0,0,0,0,0,0,0,0,0,0,0,29,0,13,14.658853758411514,8.640778993139975,45.04573601298034,0.0
1778566412,61,POST,chat/long,0.200000,0.000000,0,0,0,0,0,0,0,0,0,0,0,25,0,13,15.237416119780391,8.640778993139975,45.04573601298034,0.0
1778566412,61,POST,chat/medium,0.000000,0.000000,0,0,0,0,0,0,0,0,0,0,0,4,0,11,11.04283899985603,9.247729001799598,13.227258998085745,0.0
1778566412,61,,Aggregated,0.200000,0.000000,0,0,0,0,0,0,0,0,0,0,0,29,0,13,14.658853758411514,8.640778993139975,45.04573601298034,0.0
1778566413,60,POST,chat/long,0.100000,0.000000,17,17,17,17,17,17,17,17,17,17,17,26,0,13,15.31969196142969,8.640778993139975,45.04573601298034,0.0
1778566413,60,POST,chat/medium,0.000000,0.000000,0,0,0,0,0,0,0,0,0,0,0,4,0,11,11.04283899985603,9.247729001799598,13.227258998085745,0.0
1778566413,60,,Aggregated,0.100000,0.000000,17,17,17,17,17,17,17,17,17,17,17,30,0,13,14.749444899886536,8.640778993139975,45.04573601298034,0.0
1778566414,60,POST,chat/long,0.100000,0.000000,17,17,17,17,17,17,17,17,17,17,17,26,0,13,15.31969196142969,8.640778993139975,45.04573601298034,0.0
1778566414,60,POST,chat/medium,0.000000,0.000000,0,0,0,0,0,0,0,0,0,0,0,4,0,11,11.04283899985603,9.247729001799598,13.227258998085745,0.0
1778566414,60,,Aggregated,0.100000,0.000000,17,17,17,17,17,17,17,17,17,17,17,30,0,13,14.749444899886536,8.640778993139975,45.04573601298034,0.0
1778566415,60,POST,chat/long,0.100000,0.000000,17,17,17,17,17,17,17,17,17,17,17,26,0,13,15.31969196142969,8.640778993139975,45.04573601298034,0.0
1778566415,60,POST,chat/medium,0.000000,0.000000,0,0,0,0,0,0,0,0,0,0,0,4,0,11,11.04283899985603,9.247729001799598,13.227258998085745,0.0
1778566415,60,,Aggregated,0.100000,0.000000,17,17,17,17,17,17,17,17,17,17,17,30,0,13,14.749444899886536,8.640778993139975,45.04573601298034,0.0
1778566416,59,POST,chat/long,0.200000,0.000000,18,18,18,18,18,18,18,18,18,18,18,27,0,15,15.41684144467581,8.640778993139975,45.04573601298034,0.0
1778566416,59,POST,chat/medium,0.000000,0.000000,0,0,0,0,0,0,0,0,0,0,0,4,0,11,11.04283899985603,9.247729001799598,13.227258998085745,0.0
1778566416,59,,Aggregated,0.200000,0.000000,18,18,18,18,18,18,18,18,18,18,18,31,0,13,14.852454032441,8.640778993139975,45.04573601298034,0.0
1778566417,59,POST,chat/long,0.200000,0.000000,18,18,18,18,18,18,18,18,18,18,18,27,0,15,15.41684144467581,8.640778993139975,45.04573601298034,0.0
1778566417,59,POST,chat/medium,0.000000,0.000000,0,0,0,0,0,0,0,0,0,0,0,4,0,11,11.04283899985603,9.247729001799598,13.227258998085745,0.0
1778566417,59,,Aggregated,0.200000,0.000000,18,18,18,18,18,18,18,18,18,18,18,31,0,13,14.852454032441,8.640778993139975,45.04573601298034,0.0
1778566418,59,POST,chat/long,0.200000,0.000000,18,18,18,18,18,18,18,18,18,18,18,27,0,15,15.41684144467581,8.640778993139975,45.04573601298034,0.0
1778566418,59,POST,chat/medium,0.000000,0.000000,0,0,0,0,0,0,0,0,0,0,0,4,0,11,11.04283899985603,9.247729001799598,13.227258998085745,0.0
1778566418,59,,Aggregated,0.200000,0.000000,18,18,18,18,18,18,18,18,18,18,18,31,0,13,14.852454032441,8.640778993139975,45.04573601298034,0.0
1778566419,58,POST,chat/long,0.200000,0.000000,22,22,22,22,22,22,22,22,22,22,22,28,0,15,15.659501321351854,8.640778993139975,45.04573601298034,0.0
1778566419,58,POST,chat/medium,0.000000,0.000000,0,0,0,0,0,0,0,0,0,0,0,4,0,11,11.04283899985603,9.247729001799598,13.227258998085745,0.0
1778566419,58,,Aggregated,0.200000,0.000000,22,22,22,22,22,22,22,22,22,22,22,32,0,13,15.082418531164876,8.640778993139975,45.04573601298034,0.0
1778566420,58,POST,chat/long,0.200000,0.000000,22,22,22,22,22,22,22,22,22,22,22,28,0,15,15.659501321351854,8.640778993139975,45.04573601298034,0.0
1778566420,58,POST,chat/medium,0.000000,0.000000,0,0,0,0,0,0,0,0,0,0,0,4,0,11,11.04283899985603,9.247729001799598,13.227258998085745,0.0
1778566420,58,,Aggregated,0.200000,0.000000,22,22,22,22,22,22,22,22,22,22,22,32,0,13,15.082418531164876,8.640778993139975,45.04573601298034,0.0
1778566421,58,POST,chat/long,0.200000,0.000000,22,22,22,22,22,22,22,22,22,22,22,28,0,15,15.659501321351854,8.640778993139975,45.04573601298034,0.0
1778566421,58,POST,chat/medium,0.000000,0.000000,0,0,0,0,0,0,0,0,0,0,0,4,0,11,11.04283899985603,9.247729001799598,13.227258998085745,0.0
1778566421,58,,Aggregated,0.200000,0.000000,22,22,22,22,22,22,22,22,22,22,22,32,0,13,15.082418531164876,8.640778993139975,45.04573601298034,0.0
1778566422,57,POST,chat/long,0.200000,0.000000,18,18,22,22,22,22,22,22,22,22,22,29,0,15,15.569794689232868,8.640778993139975,45.04573601298034,0.0
1778566422,57,POST,chat/medium,0.000000,0.000000,0,0,0,0,0,0,0,0,0,0,0,4,0,11,11.04283899985603,9.247729001799598,13.227258998085745,0.0
1778566422,57,,Aggregated,0.200000,0.000000,18,18,22,22,22,22,22,22,22,22,22,33,0,13,15.021072787490223,8.640778993139975,45.04573601298034,0.0
1778566423,57,POST,chat/long,0.200000,0.000000,22,22,22,22,22,22,22,22,22,22,22,29,0,15,15.569794689232868,8.640778993139975,45.04573601298034,0.0
1778566423,57,POST,chat/medium,0.000000,0.000000,0,0,0,0,0,0,0,0,0,0,0,4,0,11,11.04283899985603,9.247729001799598,13.227258998085745,0.0
1778566423,57,,Aggregated,0.200000,0.000000,22,22,22,22,22,22,22,22,22,22,22,33,0,13,15.021072787490223,8.640778993139975,45.04573601298034,0.0
1778566424,57,POST,chat/long,0.200000,0.000000,22,22,22,22,22,22,22,22,22,22,22,29,0,15,15.569794689232868,8.640778993139975,45.04573601298034,0.0
1778566424,57,POST,chat/medium,0.000000,0.000000,0,0,0,0,0,0,0,0,0,0,0,4,0,11,11.04283899985603,9.247729001799598,13.227258998085745,0.0
1778566424,57,,Aggregated,0.200000,0.000000,22,22,22,22,22,22,22,22,22,22,22,33,0,13,15.021072787490223,8.640778993139975,45.04573601298034,0.0
1778566425,57,POST,chat/long,0.200000,0.000000,22,22,22,22,22,22,22,22,22,22,22,29,0,15,15.569794689232868,8.640778993139975,45.04573601298034,0.0
1778566425,57,POST,chat/medium,0.000000,0.000000,0,0,0,0,0,0,0,0,0,0,0,4,0,11,11.04283899985603,9.247729001799598,13.227258998085745,0.0
1778566425,57,,Aggregated,0.200000,0.000000,22,22,22,22,22,22,22,22,22,22,22,33,0,13,15.021072787490223,8.640778993139975,45.04573601298034,0.0
1778566426,57,POST,chat/long,0.200000,0.000000,13,13,13,13,13,13,13,13,13,13,13,29,0,15,15.569794689232868,8.640778993139975,45.04573601298034,0.0
1778566426,57,POST,chat/medium,0.000000,0.000000,0,0,0,0,0,0,0,0,0,0,0,4,0,11,11.04283899985603,9.247729001799598,13.227258998085745,0.0
1778566426,57,,Aggregated,0.200000,0.000000,13,13,13,13,13,13,13,13,13,13,13,33,0,13,15.021072787490223,8.640778993139975,45.04573601298034,0.0
1778566427,57,POST,chat/long,0.200000,0.000000,13,13,13,13,13,13,13,13,13,13,13,29,0,15,15.569794689232868,8.640778993139975,45.04573601298034,0.0
1778566427,57,POST,chat/medium,0.000000,0.000000,0,0,0,0,0,0,0,0,0,0,0,4,0,11,11.04283899985603,9.247729001799598,13.227258998085745,0.0
1778566427,57,,Aggregated,0.200000,0.000000,13,13,13,13,13,13,13,13,13,13,13,33,0,13,15.021072787490223,8.640778993139975,45.04573601298034,0.0
1778566428,57,POST,chat/long,0.200000,0.000000,13,13,13,13,13,13,13,13,13,13,13,29,0,15,15.569794689232868,8.640778993139975,45.04573601298034,0.0
1778566428,57,POST,chat/medium,0.000000,0.000000,0,0,0,0,0,0,0,0,0,0,0,4,0,11,11.04283899985603,9.247729001799598,13.227258998085745,0.0
1778566428,57,,Aggregated,0.200000,0.000000,13,13,13,13,13,13,13,13,13,13,13,33,0,13,15.021072787490223,8.640778993139975,45.04573601298034,0.0
1778566429,57,POST,chat/long,0.200000,0.000000,0,0,0,0,0,0,0,0,0,0,0,29,0,15,15.569794689232868,8.640778993139975,45.04573601298034,0.0
1778566429,57,POST,chat/medium,0.000000,0.000000,0,0,0,0,0,0,0,0,0,0,0,4,0,11,11.04283899985603,9.247729001799598,13.227258998085745,0.0
1778566429,57,,Aggregated,0.200000,0.000000,0,0,0,0,0,0,0,0,0,0,0,33,0,13,15.021072787490223,8.640778993139975,45.04573601298034,0.0
1778566430,57,POST,chat/long,0.200000,0.000000,0,0,0,0,0,0,0,0,0,0,0,29,0,15,15.569794689232868,8.640778993139975,45.04573601298034,0.0
1778566430,57,POST,chat/medium,0.000000,0.000000,0,0,0,0,0,0,0,0,0,0,0,4,0,11,11.04283899985603,9.247729001799598,13.227258998085745,0.0
1778566430,57,,Aggregated,0.200000,0.000000,0,0,0,0,0,0,0,0,0,0,0,33,0,13,15.021072787490223,8.640778993139975,45.04573601298034,0.0
1778566431,57,POST,chat/long,0.200000,0.000000,0,0,0,0,0,0,0,0,0,0,0,29,0,15,15.569794689232868,8.640778993139975,45.04573601298034,0.0
1778566431,57,POST,chat/medium,0.000000,0.000000,0,0,0,0,0,0,0,0,0,0,0,4,0,11,11.04283899985603,9.247729001799598,13.227258998085745,0.0
1778566431,57,,Aggregated,0.200000,0.000000,0,0,0,0,0,0,0,0,0,0,0,33,0,13,15.021072787490223,8.640778993139975,45.04573601298034,0.0
1778566432,57,POST,chat/long,0.200000,0.000000,0,0,0,0,0,0,0,0,0,0,0,29,0,15,15.569794689232868,8.640778993139975,45.04573601298034,0.0
1778566432,57,POST,chat/medium,0.000000,0.000000,0,0,0,0,0,0,0,0,0,0,0,4,0,11,11.04283899985603,9.247729001799598,13.227258998085745,0.0
1778566432,57,,Aggregated,0.200000,0.000000,0,0,0,0,0,0,0,0,0,0,0,33,0,13,15.021072787490223,8.640778993139975,45.04573601298034,0.0
1778566433,57,POST,chat/long,0.200000,0.000000,0,0,0,0,0,0,0,0,0,0,0,29,0,15,15.569794689232868,8.640778993139975,45.04573601298034,0.0
1778566433,57,POST,chat/medium,0.000000,0.000000,0,0,0,0,0,0,0,0,0,0,0,4,0,11,11.04283899985603,9.247729001799598,13.227258998085745,0.0
1778566433,57,,Aggregated,0.200000,0.000000,0,0,0,0,0,0,0,0,0,0,0,33,0,13,15.021072787490223,8.640778993139975,45.04573601298034,0.0
1778566434,57,POST,chat/long,0.200000,0.000000,0,0,0,0,0,0,0,0,0,0,0,29,0,15,15.569794689232868,8.640778993139975,45.04573601298034,0.0
1778566434,57,POST,chat/medium,0.000000,0.000000,0,0,0,0,0,0,0,0,0,0,0,4,0,11,11.04283899985603,9.247729001799598,13.227258998085745,0.0
1778566434,57,,Aggregated,0.200000,0.000000,0,0,0,0,0,0,0,0,0,0,0,33,0,13,15.021072787490223,8.640778993139975,45.04573601298034,0.0
1778566435,57,POST,chat/long,0.200000,0.000000,0,0,0,0,0,0,0,0,0,0,0,29,0,15,15.569794689232868,8.640778993139975,45.04573601298034,0.0
1778566435,57,POST,chat/medium,0.000000,0.000000,0,0,0,0,0,0,0,0,0,0,0,4,0,11,11.04283899985603,9.247729001799598,13.227258998085745,0.0
1778566435,57,,Aggregated,0.200000,0.000000,0,0,0,0,0,0,0,0,0,0,0,33,0,13,15.021072787490223,8.640778993139975,45.04573601298034,0.0
1778566436,57,POST,chat/long,0.200000,0.000000,0,0,0,0,0,0,0,0,0,0,0,29,0,15,15.569794689232868,8.640778993139975,45.04573601298034,0.0
1778566436,57,POST,chat/medium,0.000000,0.000000,0,0,0,0,0,0,0,0,0,0,0,4,0,11,11.04283899985603,9.247729001799598,13.227258998085745,0.0
1778566436,57,,Aggregated,0.200000,0.000000,0,0,0,0,0,0,0,0,0,0,0,33,0,13,15.021072787490223,8.640778993139975,45.04573601298034,0.0
1778566437,56,POST,chat/long,0.000000,0.000000,10,10,10,10,10,10,10,10,10,10,10,30,0,13,15.381080166359121,8.640778993139975,45.04573601298034,0.0
1778566437,56,POST,chat/medium,0.000000,0.000000,0,0,0,0,0,0,0,0,0,0,0,4,0,11,11.04283899985603,9.247729001799598,13.227258998085745,0.0
1778566437,56,,Aggregated,0.000000,0.000000,10,10,10,10,10,10,10,10,10,10,10,34,0,13,14.870698852652875,8.640778993139975,45.04573601298034,0.0
1778566438,56,POST,chat/long,0.000000,0.000000,0,0,0,0,0,0,0,0,0,0,0,30,0,13,15.381080166359121,8.640778993139975,45.04573601298034,0.0
1778566438,56,POST,chat/medium,0.000000,0.000000,0,0,0,0,0,0,0,0,0,0,0,4,0,11,11.04283899985603,9.247729001799598,13.227258998085745,0.0
1778566438,56,,Aggregated,0.000000,0.000000,0,0,0,0,0,0,0,0,0,0,0,34,0,13,14.870698852652875,8.640778993139975,45.04573601298034,0.0
1778566439,56,POST,chat/long,0.000000,0.000000,0,0,0,0,0,0,0,0,0,0,0,30,0,13,15.381080166359121,8.640778993139975,45.04573601298034,0.0
1778566439,56,POST,chat/medium,0.000000,0.000000,0,0,0,0,0,0,0,0,0,0,0,4,0,11,11.04283899985603,9.247729001799598,13.227258998085745,0.0
1778566439,56,,Aggregated,0.000000,0.000000,0,0,0,0,0,0,0,0,0,0,0,34,0,13,14.870698852652875,8.640778993139975,45.04573601298034,0.0
1778566440,56,POST,chat/long,0.000000,0.000000,0,0,0,0,0,0,0,0,0,0,0,30,0,13,15.381080166359121,8.640778993139975,45.04573601298034,0.0
1778566440,56,POST,chat/medium,0.000000,0.000000,0,0,0,0,0,0,0,0,0,0,0,4,0,11,11.04283899985603,9.247729001799598,13.227258998085745,0.0
1778566440,56,,Aggregated,0.000000,0.000000,0,0,0,0,0,0,0,0,0,0,0,34,0,13,14.870698852652875,8.640778993139975,45.04573601298034,0.0
1778566441,56,POST,chat/long,0.000000,0.000000,0,0,0,0,0,0,0,0,0,0,0,30,0,13,15.381080166359121,8.640778993139975,45.04573601298034,0.0
1778566441,56,POST,chat/medium,0.000000,0.000000,0,0,0,0,0,0,0,0,0,0,0,4,0,11,11.04283899985603,9.247729001799598,13.227258998085745,0.0
1778566441,56,,Aggregated,0.000000,0.000000,0,0,0,0,0,0,0,0,0,0,0,34,0,13,14.870698852652875,8.640778993139975,45.04573601298034,0.0
1778566442,56,POST,chat/long,0.000000,0.000000,0,0,0,0,0,0,0,0,0,0,0,30,0,13,15.381080166359121,8.640778993139975,45.04573601298034,0.0
1778566442,56,POST,chat/medium,0.000000,0.000000,0,0,0,0,0,0,0,0,0,0,0,4,0,11,11.04283899985603,9.247729001799598,13.227258998085745,0.0
1778566442,56,,Aggregated,0.000000,0.000000,0,0,0,0,0,0,0,0,0,0,0,34,0,13,14.870698852652875,8.640778993139975,45.04573601298034,0.0
1778566443,55,POST,chat/long,0.100000,0.000000,20,20,20,20,20,20,20,20,20,20,20,31,0,15,15.528819451461576,8.640778993139975,45.04573601298034,0.0
1778566443,55,POST,chat/medium,0.000000,0.000000,0,0,0,0,0,0,0,0,0,0,0,4,0,11,11.04283899985603,9.247729001799598,13.227258998085745,0.0
1778566443,55,,Aggregated,0.100000,0.000000,20,20,20,20,20,20,20,20,20,20,20,35,0,13,15.016135971278086,8.640778993139975,45.04573601298034,0.0
1778566444,55,POST,chat/long,0.100000,0.000000,20,20,20,20,20,20,20,20,20,20,20,31,0,15,15.528819451461576,8.640778993139975,45.04573601298034,0.0
1778566444,55,POST,chat/medium,0.000000,0.000000,0,0,0,0,0,0,0,0,0,0,0,4,0,11,11.04283899985603,9.247729001799598,13.227258998085745,0.0
1778566444,55,,Aggregated,0.100000,0.000000,20,20,20,20,20,20,20,20,20,20,20,35,0,13,15.016135971278086,8.640778993139975,45.04573601298034,0.0
1778566445,55,POST,chat/long,0.100000,0.000000,20,20,20,20,20,20,20,20,20,20,20,31,0,15,15.528819451461576,8.640778993139975,45.04573601298034,0.0
1778566445,55,POST,chat/medium,0.000000,0.000000,0,0,0,0,0,0,0,0,0,0,0,4,0,11,11.04283899985603,9.247729001799598,13.227258998085745,0.0
1778566445,55,,Aggregated,0.100000,0.000000,20,20,20,20,20,20,20,20,20,20,20,35,0,13,15.016135971278086,8.640778993139975,45.04573601298034,0.0
1778566446,54,POST,chat/long,0.200000,0.000000,20,20,20,20,20,20,20,20,20,20,20,32,0,15,15.533441280695115,8.640778993139975,45.04573601298034,0.0
1778566446,54,POST,chat/medium,0.000000,0.000000,0,0,0,0,0,0,0,0,0,0,0,4,0,11,11.04283899985603,9.247729001799598,13.227258998085745,0.0
1778566446,54,,Aggregated,0.200000,0.000000,20,20,20,20,20,20,20,20,20,20,20,36,0,13,15.034485471712994,8.640778993139975,45.04573601298034,0.0
1778566447,54,POST,chat/long,0.200000,0.000000,20,20,20,20,20,20,20,20,20,20,20,32,0,15,15.533441280695115,8.640778993139975,45.04573601298034,0.0
1778566447,54,POST,chat/medium,0.000000,0.000000,0,0,0,0,0,0,0,0,0,0,0,4,0,11,11.04283899985603,9.247729001799598,13.227258998085745,0.0
1778566447,54,,Aggregated,0.200000,0.000000,20,20,20,20,20,20,20,20,20,20,20,36,0,13,15.034485471712994,8.640778993139975,45.04573601298034,0.0
1778566448,54,POST,chat/long,0.200000,0.000000,20,20,20,20,20,20,20,20,20,20,20,32,0,15,15.533441280695115,8.640778993139975,45.04573601298034,0.0
1778566448,54,POST,chat/medium,0.000000,0.000000,0,0,0,0,0,0,0,0,0,0,0,4,0,11,11.04283899985603,9.247729001799598,13.227258998085745,0.0
1778566448,54,,Aggregated,0.200000,0.000000,20,20,20,20,20,20,20,20,20,20,20,36,0,13,15.034485471712994,8.640778993139975,45.04573601298034,0.0
1778566449,54,POST,chat/long,0.200000,0.000000,16,16,16,16,16,16,16,16,16,16,16,32,0,15,15.533441280695115,8.640778993139975,45.04573601298034,0.0
1778566449,54,POST,chat/medium,0.000000,0.000000,0,0,0,0,0,0,0,0,0,0,0,4,0,11,11.04283899985603,9.247729001799598,13.227258998085745,0.0
1778566449,54,,Aggregated,0.200000,0.000000,16,16,16,16,16,16,16,16,16,16,16,36,0,13,15.034485471712994,8.640778993139975,45.04573601298034,0.0
1778566450,54,POST,chat/long,0.200000,0.000000,16,16,16,16,16,16,16,16,16,16,16,32,0,15,15.533441280695115,8.640778993139975,45.04573601298034,0.0
1778566450,54,POST,chat/medium,0.000000,0.000000,0,0,0,0,0,0,0,0,0,0,0,4,0,11,11.04283899985603,9.247729001799598,13.227258998085745,0.0
1778566450,54,,Aggregated,0.200000,0.000000,16,16,16,16,16,16,16,16,16,16,16,36,0,13,15.034485471712994,8.640778993139975,45.04573601298034,0.0
1778566451,54,POST,chat/long,0.200000,0.000000,16,16,16,16,16,16,16,16,16,16,16,32,0,15,15.533441280695115,8.640778993139975,45.04573601298034,0.0
1778566451,54,POST,chat/medium,0.000000,0.000000,0,0,0,0,0,0,0,0,0,0,0,4,0,11,11.04283899985603,9.247729001799598,13.227258998085745,0.0
1778566451,54,,Aggregated,0.200000,0.000000,16,16,16,16,16,16,16,16,16,16,16,36,0,13,15.034485471712994,8.640778993139975,45.04573601298034,0.0
1778566452,52,POST,chat/long,0.200000,0.000000,16,16,20,20,20,20,20,20,20,20,20,34,0,15,15.507686117523596,8.640778993139975,45.04573601298034,0.0
1778566452,52,POST,chat/medium,0.000000,0.000000,0,0,0,0,0,0,0,0,0,0,0,4,0,11,11.04283899985603,9.247729001799598,13.227258998085745,0.0
1778566452,52,,Aggregated,0.200000,0.000000,16,16,20,20,20,20,20,20,20,20,20,38,0,13,15.037702210400695,8.640778993139975,45.04573601298034,0.0
1778566453,52,POST,chat/long,0.200000,0.000000,16,16,20,20,20,20,20,20,20,20,20,34,0,15,15.507686117523596,8.640778993139975,45.04573601298034,0.0
1778566453,52,POST,chat/medium,0.000000,0.000000,0,0,0,0,0,0,0,0,0,0,0,4,0,11,11.04283899985603,9.247729001799598,13.227258998085745,0.0
1778566453,52,,Aggregated,0.200000,0.000000,16,16,20,20,20,20,20,20,20,20,20,38,0,13,15.037702210400695,8.640778993139975,45.04573601298034,0.0
1778566454,52,POST,chat/long,0.200000,0.000000,20,20,20,20,20,20,20,20,20,20,20,34,0,15,15.507686117523596,8.640778993139975,45.04573601298034,0.0
1778566454,52,POST,chat/medium,0.000000,0.000000,0,0,0,0,0,0,0,0,0,0,0,4,0,11,11.04283899985603,9.247729001799598,13.227258998085745,0.0
1778566454,52,,Aggregated,0.200000,0.000000,20,20,20,20,20,20,20,20,20,20,20,38,0,13,15.037702210400695,8.640778993139975,45.04573601298034,0.0
1778566455,52,POST,chat/long,0.200000,0.000000,20,20,20,20,20,20,20,20,20,20,20,34,0,15,15.507686117523596,8.640778993139975,45.04573601298034,0.0
1778566455,52,POST,chat/medium,0.000000,0.000000,0,0,0,0,0,0,0,0,0,0,0,4,0,11,11.04283899985603,9.247729001799598,13.227258998085745,0.0
1778566455,52,,Aggregated,0.200000,0.000000,20,20,20,20,20,20,20,20,20,20,20,38,0,13,15.037702210400695,8.640778993139975,45.04573601298034,0.0
1778566456,52,POST,chat/long,0.200000,0.000000,20,20,20,20,20,20,20,20,20,20,20,34,0,15,15.507686117523596,8.640778993139975,45.04573601298034,0.0
1778566456,52,POST,chat/medium,0.000000,0.000000,0,0,0,0,0,0,0,0,0,0,0,4,0,11,11.04283899985603,9.247729001799598,13.227258998085745,0.0
1778566456,52,,Aggregated,0.200000,0.000000,20,20,20,20,20,20,20,20,20,20,20,38,0,13,15.037702210400695,8.640778993139975,45.04573601298034,0.0
1778566457,52,POST,chat/long,0.200000,0.000000,20,20,20,20,20,20,20,20,20,20,20,34,0,15,15.507686117523596,8.640778993139975,45.04573601298034,0.0
1778566457,52,POST,chat/medium,0.000000,0.000000,0,0,0,0,0,0,0,0,0,0,0,4,0,11,11.04283899985603,9.247729001799598,13.227258998085745,0.0
1778566457,52,,Aggregated,0.200000,0.000000,20,20,20,20,20,20,20,20,20,20,20,38,0,13,15.037702210400695,8.640778993139975,45.04573601298034,0.0
1778566458,52,POST,chat/long,0.200000,0.000000,20,20,20,20,20,20,20,20,20,20,20,34,0,15,15.507686117523596,8.640778993139975,45.04573601298034,0.0
1778566458,52,POST,chat/medium,0.000000,0.000000,0,0,0,0,0,0,0,0,0,0,0,4,0,11,11.04283899985603,9.247729001799598,13.227258998085745,0.0
1778566458,52,,Aggregated,0.200000,0.000000,20,20,20,20,20,20,20,20,20,20,20,38,0,13,15.037702210400695,8.640778993139975,45.04573601298034,0.0
1778566459,52,POST,chat/long,0.200000,0.000000,10,10,10,10,10,10,10,10,10,10,10,34,0,15,15.507686117523596,8.640778993139975,45.04573601298034,0.0
1778566459,52,POST,chat/medium,0.000000,0.000000,0,0,0,0,0,0,0,0,0,0,0,4,0,11,11.04283899985603,9.247729001799598,13.227258998085745,0.0
1778566459,52,,Aggregated,0.200000,0.000000,10,10,10,10,10,10,10,10,10,10,10,38,0,13,15.037702210400695,8.640778993139975,45.04573601298034,0.0
1778566460,52,POST,chat/long,0.200000,0.000000,10,10,10,10,10,10,10,10,10,10,10,34,0,15,15.507686117523596,8.640778993139975,45.04573601298034,0.0
1778566460,52,POST,chat/medium,0.000000,0.000000,0,0,0,0,0,0,0,0,0,0,0,4,0,11,11.04283899985603,9.247729001799598,13.227258998085745,0.0
1778566460,52,,Aggregated,0.200000,0.000000,10,10,10,10,10,10,10,10,10,10,10,38,0,13,15.037702210400695,8.640778993139975,45.04573601298034,0.0
1778566461,52,POST,chat/long,0.200000,0.000000,10,10,10,10,10,10,10,10,10,10,10,34,0,15,15.507686117523596,8.640778993139975,45.04573601298034,0.0
1778566461,52,POST,chat/medium,0.000000,0.000000,0,0,0,0,0,0,0,0,0,0,0,4,0,11,11.04283899985603,9.247729001799598,13.227258998085745,0.0
1778566461,52,,Aggregated,0.200000,0.000000,10,10,10,10,10,10,10,10,10,10,10,38,0,13,15.037702210400695,8.640778993139975,45.04573601298034,0.0
1778566462,52,POST,chat/long,0.200000,0.000000,10,10,10,10,10,10,10,10,10,10,10,34,0,15,15.507686117523596,8.640778993139975,45.04573601298034,0.0
1778566462,52,POST,chat/medium,0.000000,0.000000,0,0,0,0,0,0,0,0,0,0,0,4,0,11,11.04283899985603,9.247729001799598,13.227258998085745,0.0
1778566462,52,,Aggregated,0.200000,0.000000,10,10,10,10,10,10,10,10,10,10,10,38,0,13,15.037702210400695,8.640778993139975,45.04573601298034,0.0
1778566463,52,POST,chat/long,0.200000,0.000000,10,10,10,10,10,10,10,10,10,10,10,34,0,15,15.507686117523596,8.640778993139975,45.04573601298034,0.0
1778566463,52,POST,chat/medium,0.000000,0.000000,0,0,0,0,0,0,0,0,0,0,0,4,0,11,11.04283899985603,9.247729001799598,13.227258998085745,0.0
1778566463,52,,Aggregated,0.200000,0.000000,10,10,10,10,10,10,10,10,10,10,10,38,0,13,15.037702210400695,8.640778993139975,45.04573601298034,0.0
1778566464,52,POST,chat/long,0.200000,0.000000,10,10,10,10,10,10,10,10,10,10,10,34,0,15,15.507686117523596,8.640778993139975,45.04573601298034,0.0
1778566464,52,POST,chat/medium,0.000000,0.000000,0,0,0,0,0,0,0,0,0,0,0,4,0,11,11.04283899985603,9.247729001799598,13.227258998085745,0.0
1778566464,52,,Aggregated,0.200000,0.000000,10,10,10,10,10,10,10,10,10,10,10,38,0,13,15.037702210400695,8.640778993139975,45.04573601298034,0.0
1778566465,52,POST,chat/long,0.200000,0.000000,10,10,10,10,10,10,10,10,10,10,10,34,0,15,15.507686117523596,8.640778993139975,45.04573601298034,0.0
1778566465,52,POST,chat/medium,0.000000,0.000000,0,0,0,0,0,0,0,0,0,0,0,4,0,11,11.04283899985603,9.247729001799598,13.227258998085745,0.0
1778566465,52,,Aggregated,0.200000,0.000000,10,10,10,10,10,10,10,10,10,10,10,38,0,13,15.037702210400695,8.640778993139975,45.04573601298034,0.0
1778566466,52,POST,chat/long,0.200000,0.000000,10,10,10,10,10,10,10,10,10,10,10,34,0,15,15.507686117523596,8.640778993139975,45.04573601298034,0.0
1778566466,52,POST,chat/medium,0.000000,0.000000,0,0,0,0,0,0,0,0,0,0,0,4,0,11,11.04283899985603,9.247729001799598,13.227258998085745,0.0
1778566466,52,,Aggregated,0.200000,0.000000,10,10,10,10,10,10,10,10,10,10,10,38,0,13,15.037702210400695,8.640778993139975,45.04573601298034,0.0
1778566467,52,POST,chat/long,0.200000,0.000000,10,10,10,10,10,10,10,10,10,10,10,34,0,15,15.507686117523596,8.640778993139975,45.04573601298034,0.0
1778566467,52,POST,chat/medium,0.000000,0.000000,0,0,0,0,0,0,0,0,0,0,0,4,0,11,11.04283899985603,9.247729001799598,13.227258998085745,0.0
1778566467,52,,Aggregated,0.200000,0.000000,10,10,10,10,10,10,10,10,10,10,10,38,0,13,15.037702210400695,8.640778993139975,45.04573601298034,0.0
1778566468,52,POST,chat/long,0.200000,0.000000,10,10,10,10,10,10,10,10,10,10,10,34,0,15,15.507686117523596,8.640778993139975,45.04573601298034,0.0
1778566468,52,POST,chat/medium,0.000000,0.000000,0,0,0,0,0,0,0,0,0,0,0,4,0,11,11.04283899985603,9.247729001799598,13.227258998085745,0.0
1778566468,52,,Aggregated,0.200000,0.000000,10,10,10,10,10,10,10,10,10,10,10,38,0,13,15.037702210400695,8.640778993139975,45.04573601298034,0.0
1778566469,52,POST,chat/long,0.200000,0.000000,10,10,10,10,10,10,10,10,10,10,10,34,0,15,15.507686117523596,8.640778993139975,45.04573601298034,0.0
1778566469,52,POST,chat/medium,0.000000,0.000000,0,0,0,0,0,0,0,0,0,0,0,4,0,11,11.04283899985603,9.247729001799598,13.227258998085745,0.0
1778566469,52,,Aggregated,0.200000,0.000000,10,10,10,10,10,10,10,10,10,10,10,38,0,13,15.037702210400695,8.640778993139975,45.04573601298034,0.0
1778566470,51,POST,chat/long,0.000000,0.000000,0,0,0,0,0,0,0,0,0,0,0,35,0,15,15.533007314245749,8.640778993139975,45.04573601298034,0.0
1778566470,51,POST,chat/medium,0.000000,0.000000,0,0,0,0,0,0,0,0,0,0,0,4,0,11,11.04283899985603,9.247729001799598,13.227258998085745,0.0
1778566470,51,,Aggregated,0.000000,0.000000,0,0,0,0,0,0,0,0,0,0,0,39,0,13,15.072477230718599,8.640778993139975,45.04573601298034,0.0
1778566471,51,POST,chat/long,0.000000,0.000000,0,0,0,0,0,0,0,0,0,0,0,35,0,15,15.533007314245749,8.640778993139975,45.04573601298034,0.0
1778566471,51,POST,chat/medium,0.000000,0.000000,0,0,0,0,0,0,0,0,0,0,0,4,0,11,11.04283899985603,9.247729001799598,13.227258998085745,0.0
1778566471,51,,Aggregated,0.000000,0.000000,0,0,0,0,0,0,0,0,0,0,0,39,0,13,15.072477230718599,8.640778993139975,45.04573601298034,0.0
1778566472,51,POST,chat/long,0.000000,0.000000,0,0,0,0,0,0,0,0,0,0,0,35,0,15,15.533007314245749,8.640778993139975,45.04573601298034,0.0
1778566472,51,POST,chat/medium,0.000000,0.000000,0,0,0,0,0,0,0,0,0,0,0,4,0,11,11.04283899985603,9.247729001799598,13.227258998085745,0.0
1778566472,51,,Aggregated,0.000000,0.000000,0,0,0,0,0,0,0,0,0,0,0,39,0,13,15.072477230718599,8.640778993139975,45.04573601298034,0.0
1778566473,51,POST,chat/long,0.000000,0.000000,0,0,0,0,0,0,0,0,0,0,0,35,0,15,15.533007314245749,8.640778993139975,45.04573601298034,0.0
1778566473,51,POST,chat/medium,0.000000,0.000000,0,0,0,0,0,0,0,0,0,0,0,4,0,11,11.04283899985603,9.247729001799598,13.227258998085745,0.0
1778566473,51,,Aggregated,0.000000,0.000000,0,0,0,0,0,0,0,0,0,0,0,39,0,13,15.072477230718599,8.640778993139975,45.04573601298034,0.0
1778566474,51,POST,chat/long,0.000000,0.000000,0,0,0,0,0,0,0,0,0,0,0,35,0,15,15.533007314245749,8.640778993139975,45.04573601298034,0.0
1778566474,51,POST,chat/medium,0.000000,0.000000,0,0,0,0,0,0,0,0,0,0,0,4,0,11,11.04283899985603,9.247729001799598,13.227258998085745,0.0
1778566474,51,,Aggregated,0.000000,0.000000,0,0,0,0,0,0,0,0,0,0,0,39,0,13,15.072477230718599,8.640778993139975,45.04573601298034,0.0
1778566475,51,POST,chat/long,0.000000,0.000000,0,0,0,0,0,0,0,0,0,0,0,35,0,15,15.533007314245749,8.640778993139975,45.04573601298034,0.0
1778566475,51,POST,chat/medium,0.000000,0.000000,0,0,0,0,0,0,0,0,0,0,0,4,0,11,11.04283899985603,9.247729001799598,13.227258998085745,0.0
1778566475,51,,Aggregated,0.000000,0.000000,0,0,0,0,0,0,0,0,0,0,0,39,0,13,15.072477230718599,8.640778993139975,45.04573601298034,0.0
1778566476,51,POST,chat/long,0.000000,0.000000,0,0,0,0,0,0,0,0,0,0,0,35,0,15,15.533007314245749,8.640778993139975,45.04573601298034,0.0
1778566476,51,POST,chat/medium,0.000000,0.000000,0,0,0,0,0,0,0,0,0,0,0,4,0,11,11.04283899985603,9.247729001799598,13.227258998085745,0.0
1778566476,51,,Aggregated,0.000000,0.000000,0,0,0,0,0,0,0,0,0,0,0,39,0,13,15.072477230718599,8.640778993139975,45.04573601298034,0.0
1778566477,51,POST,chat/long,0.000000,0.000000,0,0,0,0,0,0,0,0,0,0,0,35,0,15,15.533007314245749,8.640778993139975,45.04573601298034,0.0
1778566477,51,POST,chat/medium,0.000000,0.000000,0,0,0,0,0,0,0,0,0,0,0,4,0,11,11.04283899985603,9.247729001799598,13.227258998085745,0.0
1778566477,51,,Aggregated,0.000000,0.000000,0,0,0,0,0,0,0,0,0,0,0,39,0,13,15.072477230718599,8.640778993139975,45.04573601298034,0.0
1778566478,51,POST,chat/long,0.000000,0.000000,0,0,0,0,0,0,0,0,0,0,0,35,0,15,15.533007314245749,8.640778993139975,45.04573601298034,0.0
1778566478,51,POST,chat/medium,0.000000,0.000000,0,0,0,0,0,0,0,0,0,0,0,4,0,11,11.04283899985603,9.247729001799598,13.227258998085745,0.0
1778566478,51,,Aggregated,0.000000,0.000000,0,0,0,0,0,0,0,0,0,0,0,39,0,13,15.072477230718599,8.640778993139975,45.04573601298034,0.0
1778566479,51,POST,chat/long,0.000000,0.000000,0,0,0,0,0,0,0,0,0,0,0,35,0,15,15.533007314245749,8.640778993139975,45.04573601298034,0.0
1778566479,51,POST,chat/medium,0.000000,0.000000,0,0,0,0,0,0,0,0,0,0,0,4,0,11,11.04283899985603,9.247729001799598,13.227258998085745,0.0
1778566479,51,,Aggregated,0.000000,0.000000,0,0,0,0,0,0,0,0,0,0,0,39,0,13,15.072477230718599,8.640778993139975,45.04573601298034,0.0
1778566480,51,POST,chat/long,0.000000,0.000000,0,0,0,0,0,0,0,0,0,0,0,35,0,15,15.533007314245749,8.640778993139975,45.04573601298034,0.0
1778566480,51,POST,chat/medium,0.000000,0.000000,0,0,0,0,0,0,0,0,0,0,0,4,0,11,11.04283899985603,9.247729001799598,13.227258998085745,0.0
1778566480,51,,Aggregated,0.000000,0.000000,0,0,0,0,0,0,0,0,0,0,0,39,0,13,15.072477230718599,8.640778993139975,45.04573601298034,0.0
1778566481,51,POST,chat/long,0.000000,0.000000,0,0,0,0,0,0,0,0,0,0,0,35,0,15,15.533007314245749,8.640778993139975,45.04573601298034,0.0
1778566481,51,POST,chat/medium,0.000000,0.000000,0,0,0,0,0,0,0,0,0,0,0,4,0,11,11.04283899985603,9.247729001799598,13.227258998085745,0.0
1778566481,51,,Aggregated,0.000000,0.000000,0,0,0,0,0,0,0,0,0,0,0,39,0,13,15.072477230718599,8.640778993139975,45.04573601298034,0.0
1778566482,51,POST,chat/long,0.000000,0.000000,0,0,0,0,0,0,0,0,0,0,0,35,0,15,15.533007314245749,8.640778993139975,45.04573601298034,0.0
1778566482,51,POST,chat/medium,0.000000,0.000000,0,0,0,0,0,0,0,0,0,0,0,4,0,11,11.04283899985603,9.247729001799598,13.227258998085745,0.0
1778566482,51,,Aggregated,0.000000,0.000000,0,0,0,0,0,0,0,0,0,0,0,39,0,13,15.072477230718599,8.640778993139975,45.04573601298034,0.0
1778566483,51,POST,chat/long,0.000000,0.000000,0,0,0,0,0,0,0,0,0,0,0,35,0,15,15.533007314245749,8.640778993139975,45.04573601298034,0.0
1778566483,51,POST,chat/medium,0.000000,0.000000,0,0,0,0,0,0,0,0,0,0,0,4,0,11,11.04283899985603,9.247729001799598,13.227258998085745,0.0
1778566483,51,,Aggregated,0.000000,0.000000,0,0,0,0,0,0,0,0,0,0,0,39,0,13,15.072477230718599,8.640778993139975,45.04573601298034,0.0
1778566484,51,POST,chat/long,0.000000,0.000000,0,0,0,0,0,0,0,0,0,0,0,35,0,15,15.533007314245749,8.640778993139975,45.04573601298034,0.0
1778566484,51,POST,chat/medium,0.000000,0.000000,0,0,0,0,0,0,0,0,0,0,0,4,0,11,11.04283899985603,9.247729001799598,13.227258998085745,0.0
1778566484,51,,Aggregated,0.000000,0.000000,0,0,0,0,0,0,0,0,0,0,0,39,0,13,15.072477230718599,8.640778993139975,45.04573601298034,0.0
1778566485,49,POST,chat/long,0.000000,0.000000,18,18,18,18,18,18,18,18,18,18,18,37,0,15,15.531594648711836,8.640778993139975,45.04573601298034,0.0
1778566485,49,POST,chat/medium,0.000000,0.000000,0,0,0,0,0,0,0,0,0,0,0,4,0,11,11.04283899985603,9.247729001799598,13.227258998085745,0.0
1778566485,49,,Aggregated,0.000000,0.000000,18,18,18,18,18,18,18,18,18,18,18,41,0,13,15.09366726833566,8.640778993139975,45.04573601298034,0.0
1778566486,49,POST,chat/long,0.000000,0.000000,18,18,18,18,18,18,18,18,18,18,18,37,0,15,15.531594648711836,8.640778993139975,45.04573601298034,0.0
1778566486,49,POST,chat/medium,0.000000,0.000000,0,0,0,0,0,0,0,0,0,0,0,4,0,11,11.04283899985603,9.247729001799598,13.227258998085745,0.0
1778566486,49,,Aggregated,0.000000,0.000000,18,18,18,18,18,18,18,18,18,18,18,41,0,13,15.09366726833566,8.640778993139975,45.04573601298034,0.0
1778566487,49,POST,chat/long,0.000000,0.000000,18,18,18,18,18,18,18,18,18,18,18,37,0,15,15.531594648711836,8.640778993139975,45.04573601298034,0.0
1778566487,49,POST,chat/medium,0.000000,0.000000,0,0,0,0,0,0,0,0,0,0,0,4,0,11,11.04283899985603,9.247729001799598,13.227258998085745,0.0
1778566487,49,,Aggregated,0.000000,0.000000,18,18,18,18,18,18,18,18,18,18,18,41,0,13,15.09366726833566,8.640778993139975,45.04573601298034,0.0
1778566488,49,POST,chat/long,0.000000,0.000000,18,18,18,18,18,18,18,18,18,18,18,37,0,15,15.531594648711836,8.640778993139975,45.04573601298034,0.0
1778566488,49,POST,chat/medium,0.000000,0.000000,0,0,0,0,0,0,0,0,0,0,0,4,0,11,11.04283899985603,9.247729001799598,13.227258998085745,0.0
1778566488,49,,Aggregated,0.000000,0.000000,18,18,18,18,18,18,18,18,18,18,18,41,0,13,15.09366726833566,8.640778993139975,45.04573601298034,0.0
1778566489,49,POST,chat/long,0.000000,0.000000,18,18,18,18,18,18,18,18,18,18,18,37,0,15,15.531594648711836,8.640778993139975,45.04573601298034,0.0
1778566489,49,POST,chat/medium,0.000000,0.000000,0,0,0,0,0,0,0,0,0,0,0,4,0,11,11.04283899985603,9.247729001799598,13.227258998085745,0.0
1778566489,49,,Aggregated,0.000000,0.000000,18,18,18,18,18,18,18,18,18,18,18,41,0,13,15.09366726833566,8.640778993139975,45.04573601298034,0.0
1778566490,49,POST,chat/long,0.000000,0.000000,18,18,18,18,18,18,18,18,18,18,18,37,0,15,15.531594648711836,8.640778993139975,45.04573601298034,0.0
1778566490,49,POST,chat/medium,0.000000,0.000000,0,0,0,0,0,0,0,0,0,0,0,4,0,11,11.04283899985603,9.247729001799598,13.227258998085745,0.0
1778566490,49,,Aggregated,0.000000,0.000000,18,18,18,18,18,18,18,18,18,18,18,41,0,13,15.09366726833566,8.640778993139975,45.04573601298034,0.0
1778566491,49,POST,chat/long,0.000000,0.000000,18,18,18,18,18,18,18,18,18,18,18,37,0,15,15.531594648711836,8.640778993139975,45.04573601298034,0.0
1778566491,49,POST,chat/medium,0.000000,0.000000,0,0,0,0,0,0,0,0,0,0,0,4,0,11,11.04283899985603,9.247729001799598,13.227258998085745,0.0
1778566491,49,,Aggregated,0.000000,0.000000,18,18,18,18,18,18,18,18,18,18,18,41,0,13,15.09366726833566,8.640778993139975,45.04573601298034,0.0
1778566492,49,POST,chat/long,0.000000,0.000000,18,18,18,18,18,18,18,18,18,18,18,37,0,15,15.531594648711836,8.640778993139975,45.04573601298034,0.0
1778566492,49,POST,chat/medium,0.000000,0.000000,0,0,0,0,0,0,0,0,0,0,0,4,0,11,11.04283899985603,9.247729001799598,13.227258998085745,0.0
1778566492,49,,Aggregated,0.000000,0.000000,18,18,18,18,18,18,18,18,18,18,18,41,0,13,15.09366726833566,8.640778993139975,45.04573601298034,0.0
1778566493,49,POST,chat/long,0.000000,0.000000,18,18,18,18,18,18,18,18,18,18,18,37,0,15,15.531594648711836,8.640778993139975,45.04573601298034,0.0
1778566493,49,POST,chat/medium,0.000000,0.000000,0,0,0,0,0,0,0,0,0,0,0,4,0,11,11.04283899985603,9.247729001799598,13.227258998085745,0.0
1778566493,49,,Aggregated,0.000000,0.000000,18,18,18,18,18,18,18,18,18,18,18,41,0,13,15.09366726833566,8.640778993139975,45.04573601298034,0.0
1778566494,48,POST,chat/long,0.200000,0.000000,18,18,18,18,18,18,18,18,18,18,18,38,0,15,15.56132949994399,8.640778993139975,45.04573601298034,0.0
1778566494,48,POST,chat/medium,0.000000,0.000000,0,0,0,0,0,0,0,0,0,0,0,4,0,11,11.04283899985603,9.247729001799598,13.227258998085745,0.0
1778566494,48,,Aggregated,0.200000,0.000000,18,18,18,18,18,18,18,18,18,18,18,42,0,13,15.130997071364185,8.640778993139975,45.04573601298034,0.0
1778566495,48,POST,chat/long,0.200000,0.000000,18,18,18,18,18,18,18,18,18,18,18,38,0,15,15.56132949994399,8.640778993139975,45.04573601298034,0.0
1778566495,48,POST,chat/medium,0.000000,0.000000,0,0,0,0,0,0,0,0,0,0,0,4,0,11,11.04283899985603,9.247729001799598,13.227258998085745,0.0
1778566495,48,,Aggregated,0.200000,0.000000,18,18,18,18,18,18,18,18,18,18,18,42,0,13,15.130997071364185,8.640778993139975,45.04573601298034,0.0
1778566496,48,POST,chat/long,0.200000,0.000000,18,18,18,18,18,18,18,18,18,18,18,38,0,15,15.56132949994399,8.640778993139975,45.04573601298034,0.0
1778566496,48,POST,chat/medium,0.000000,0.000000,0,0,0,0,0,0,0,0,0,0,0,4,0,11,11.04283899985603,9.247729001799598,13.227258998085745,0.0
1778566496,48,,Aggregated,0.200000,0.000000,18,18,18,18,18,18,18,18,18,18,18,42,0,13,15.130997071364185,8.640778993139975,45.04573601298034,0.0
1778566497,48,POST,chat/long,0.200000,0.000000,18,18,18,18,18,18,18,18,18,18,18,38,0,15,15.56132949994399,8.640778993139975,45.04573601298034,0.0
1778566497,48,POST,chat/medium,0.000000,0.000000,0,0,0,0,0,0,0,0,0,0,0,4,0,11,11.04283899985603,9.247729001799598,13.227258998085745,0.0
1778566497,48,,Aggregated,0.200000,0.000000,18,18,18,18,18,18,18,18,18,18,18,42,0,13,15.130997071364185,8.640778993139975,45.04573601298034,0.0
1778566498,48,POST,chat/long,0.200000,0.000000,0,0,0,0,0,0,0,0,0,0,0,38,0,15,15.56132949994399,8.640778993139975,45.04573601298034,0.0
1778566498,48,POST,chat/medium,0.000000,0.000000,0,0,0,0,0,0,0,0,0,0,0,4,0,11,11.04283899985603,9.247729001799598,13.227258998085745,0.0
1778566498,48,,Aggregated,0.200000,0.000000,0,0,0,0,0,0,0,0,0,0,0,42,0,13,15.130997071364185,8.640778993139975,45.04573601298034,0.0
1778566499,48,POST,chat/long,0.200000,0.000000,0,0,0,0,0,0,0,0,0,0,0,38,0,15,15.56132949994399,8.640778993139975,45.04573601298034,0.0
1778566499,48,POST,chat/medium,0.000000,0.000000,0,0,0,0,0,0,0,0,0,0,0,4,0,11,11.04283899985603,9.247729001799598,13.227258998085745,0.0
1778566499,48,,Aggregated,0.200000,0.000000,0,0,0,0,0,0,0,0,0,0,0,42,0,13,15.130997071364185,8.640778993139975,45.04573601298034,0.0
1778566500,48,POST,chat/long,0.200000,0.000000,0,0,0,0,0,0,0,0,0,0,0,38,0,15,15.56132949994399,8.640778993139975,45.04573601298034,0.0
1778566500,48,POST,chat/medium,0.000000,0.000000,0,0,0,0,0,0,0,0,0,0,0,4,0,11,11.04283899985603,9.247729001799598,13.227258998085745,0.0
1778566500,48,,Aggregated,0.200000,0.000000,0,0,0,0,0,0,0,0,0,0,0,42,0,13,15.130997071364185,8.640778993139975,45.04573601298034,0.0
1778566501,48,POST,chat/long,0.200000,0.000000,0,0,0,0,0,0,0,0,0,0,0,38,0,15,15.56132949994399,8.640778993139975,45.04573601298034,0.0
1778566501,48,POST,chat/medium,0.000000,0.000000,0,0,0,0,0,0,0,0,0,0,0,4,0,11,11.04283899985603,9.247729001799598,13.227258998085745,0.0
1778566501,48,,Aggregated,0.200000,0.000000,0,0,0,0,0,0,0,0,0,0,0,42,0,13,15.130997071364185,8.640778993139975,45.04573601298034,0.0
1778566502,48,POST,chat/long,0.200000,0.000000,0,0,0,0,0,0,0,0,0,0,0,38,0,15,15.56132949994399,8.640778993139975,45.04573601298034,0.0
1778566502,48,POST,chat/medium,0.000000,0.000000,0,0,0,0,0,0,0,0,0,0,0,4,0,11,11.04283899985603,9.247729001799598,13.227258998085745,0.0
1778566502,48,,Aggregated,0.200000,0.000000,0,0,0,0,0,0,0,0,0,0,0,42,0,13,15.130997071364185,8.640778993139975,45.04573601298034,0.0
1778566503,47,POST,chat/long,0.100000,0.000000,13,13,13,13,13,13,13,13,13,13,13,39,0,15,15.491622051250978,8.640778993139975,45.04573601298034,0.0
1778566503,47,POST,chat/medium,0.000000,0.000000,0,0,0,0,0,0,0,0,0,0,0,4,0,11,11.04283899985603,9.247729001799598,13.227258998085745,0.0
1778566503,47,,Aggregated,0.100000,0.000000,13,13,13,13,13,13,13,13,13,13,13,43,0,13,15.077781767400285,8.640778993139975,45.04573601298034,0.0
1778566504,47,POST,chat/long,0.100000,0.000000,13,13,13,13,13,13,13,13,13,13,13,39,0,15,15.491622051250978,8.640778993139975,45.04573601298034,0.0
1778566504,47,POST,chat/medium,0.000000,0.000000,0,0,0,0,0,0,0,0,0,0,0,4,0,11,11.04283899985603,9.247729001799598,13.227258998085745,0.0
1778566504,47,,Aggregated,0.100000,0.000000,13,13,13,13,13,13,13,13,13,13,13,43,0,13,15.077781767400285,8.640778993139975,45.04573601298034,0.0
1778566505,47,POST,chat/long,0.100000,0.000000,13,13,13,13,13,13,13,13,13,13,13,39,0,15,15.491622051250978,8.640778993139975,45.04573601298034,0.0
1778566505,47,POST,chat/medium,0.000000,0.000000,0,0,0,0,0,0,0,0,0,0,0,4,0,11,11.04283899985603,9.247729001799598,13.227258998085745,0.0
1778566505,47,,Aggregated,0.100000,0.000000,13,13,13,13,13,13,13,13,13,13,13,43,0,13,15.077781767400285,8.640778993139975,45.04573601298034,0.0
1778566506,47,POST,chat/long,0.100000,0.000000,13,13,13,13,13,13,13,13,13,13,13,39,0,15,15.491622051250978,8.640778993139975,45.04573601298034,0.0
1778566506,47,POST,chat/medium,0.000000,0.000000,0,0,0,0,0,0,0,0,0,0,0,4,0,11,11.04283899985603,9.247729001799598,13.227258998085745,0.0
1778566506,47,,Aggregated,0.100000,0.000000,13,13,13,13,13,13,13,13,13,13,13,43,0,13,15.077781767400285,8.640778993139975,45.04573601298034,0.0
1778566507,47,POST,chat/long,0.100000,0.000000,13,13,13,13,13,13,13,13,13,13,13,39,0,15,15.491622051250978,8.640778993139975,45.04573601298034,0.0
1778566507,47,POST,chat/medium,0.000000,0.000000,0,0,0,0,0,0,0,0,0,0,0,4,0,11,11.04283899985603,9.247729001799598,13.227258998085745,0.0
1778566507,47,,Aggregated,0.100000,0.000000,13,13,13,13,13,13,13,13,13,13,13,43,0,13,15.077781767400285,8.640778993139975,45.04573601298034,0.0
1778566508,47,POST,chat/long,0.100000,0.000000,0,0,0,0,0,0,0,0,0,0,0,39,0,15,15.491622051250978,8.640778993139975,45.04573601298034,0.0
1778566508,47,POST,chat/medium,0.000000,0.000000,0,0,0,0,0,0,0,0,0,0,0,4,0,11,11.04283899985603,9.247729001799598,13.227258998085745,0.0
1778566508,47,,Aggregated,0.100000,0.000000,0,0,0,0,0,0,0,0,0,0,0,43,0,13,15.077781767400285,8.640778993139975,45.04573601298034,0.0
1778566509,47,POST,chat/long,0.100000,0.000000,0,0,0,0,0,0,0,0,0,0,0,39,0,15,15.491622051250978,8.640778993139975,45.04573601298034,0.0
1778566509,47,POST,chat/medium,0.000000,0.000000,0,0,0,0,0,0,0,0,0,0,0,4,0,11,11.04283899985603,9.247729001799598,13.227258998085745,0.0
1778566509,47,,Aggregated,0.100000,0.000000,0,0,0,0,0,0,0,0,0,0,0,43,0,13,15.077781767400285,8.640778993139975,45.04573601298034,0.0
1778566510,47,POST,chat/long,0.100000,0.000000,0,0,0,0,0,0,0,0,0,0,0,39,0,15,15.491622051250978,8.640778993139975,45.04573601298034,0.0
1778566510,47,POST,chat/medium,0.000000,0.000000,0,0,0,0,0,0,0,0,0,0,0,4,0,11,11.04283899985603,9.247729001799598,13.227258998085745,0.0
1778566510,47,,Aggregated,0.100000,0.000000,0,0,0,0,0,0,0,0,0,0,0,43,0,13,15.077781767400285,8.640778993139975,45.04573601298034,0.0
1778566511,47,POST,chat/long,0.100000,0.000000,0,0,0,0,0,0,0,0,0,0,0,39,0,15,15.491622051250978,8.640778993139975,45.04573601298034,0.0
1778566511,47,POST,chat/medium,0.000000,0.000000,0,0,0,0,0,0,0,0,0,0,0,4,0,11,11.04283899985603,9.247729001799598,13.227258998085745,0.0
1778566511,47,,Aggregated,0.100000,0.000000,0,0,0,0,0,0,0,0,0,0,0,43,0,13,15.077781767400285,8.640778993139975,45.04573601298034,0.0
1778566512,47,POST,chat/long,0.100000,0.000000,0,0,0,0,0,0,0,0,0,0,0,39,0,15,15.491622051250978,8.640778993139975,45.04573601298034,0.0
1778566512,47,POST,chat/medium,0.000000,0.000000,0,0,0,0,0,0,0,0,0,0,0,4,0,11,11.04283899985603,9.247729001799598,13.227258998085745,0.0
1778566512,47,,Aggregated,0.100000,0.000000,0,0,0,0,0,0,0,0,0,0,0,43,0,13,15.077781767400285,8.640778993139975,45.04573601298034,0.0
1778566513,47,POST,chat/long,0.100000,0.000000,0,0,0,0,0,0,0,0,0,0,0,39,0,15,15.491622051250978,8.640778993139975,45.04573601298034,0.0
1778566513,47,POST,chat/medium,0.000000,0.000000,0,0,0,0,0,0,0,0,0,0,0,4,0,11,11.04283899985603,9.247729001799598,13.227258998085745,0.0
1778566513,47,,Aggregated,0.100000,0.000000,0,0,0,0,0,0,0,0,0,0,0,43,0,13,15.077781767400285,8.640778993139975,45.04573601298034,0.0
1778566514,47,POST,chat/long,0.100000,0.000000,0,0,0,0,0,0,0,0,0,0,0,39,0,15,15.491622051250978,8.640778993139975,45.04573601298034,0.0
1778566514,47,POST,chat/medium,0.000000,0.000000,0,0,0,0,0,0,0,0,0,0,0,4,0,11,11.04283899985603,9.247729001799598,13.227258998085745,0.0
1778566514,47,,Aggregated,0.100000,0.000000,0,0,0,0,0,0,0,0,0,0,0,43,0,13,15.077781767400285,8.640778993139975,45.04573601298034,0.0
1778566515,47,POST,chat/long,0.100000,0.000000,0,0,0,0,0,0,0,0,0,0,0,39,0,15,15.491622051250978,8.640778993139975,45.04573601298034,0.0
1778566515,47,POST,chat/medium,0.000000,0.000000,0,0,0,0,0,0,0,0,0,0,0,4,0,11,11.04283899985603,9.247729001799598,13.227258998085745,0.0
1778566515,47,,Aggregated,0.100000,0.000000,0,0,0,0,0,0,0,0,0,0,0,43,0,13,15.077781767400285,8.640778993139975,45.04573601298034,0.0
1778566516,47,POST,chat/long,0.100000,0.000000,0,0,0,0,0,0,0,0,0,0,0,39,0,15,15.491622051250978,8.640778993139975,45.04573601298034,0.0
1778566516,47,POST,chat/medium,0.000000,0.000000,0,0,0,0,0,0,0,0,0,0,0,4,0,11,11.04283899985603,9.247729001799598,13.227258998085745,0.0
1778566516,47,,Aggregated,0.100000,0.000000,0,0,0,0,0,0,0,0,0,0,0,43,0,13,15.077781767400285,8.640778993139975,45.04573601298034,0.0
1778566517,47,POST,chat/long,0.100000,0.000000,0,0,0,0,0,0,0,0,0,0,0,39,0,15,15.491622051250978,8.640778993139975,45.04573601298034,0.0
1778566517,47,POST,chat/medium,0.000000,0.000000,0,0,0,0,0,0,0,0,0,0,0,4,0,11,11.04283899985603,9.247729001799598,13.227258998085745,0.0
1778566517,47,,Aggregated,0.100000,0.000000,0,0,0,0,0,0,0,0,0,0,0,43,0,13,15.077781767400285,8.640778993139975,45.04573601298034,0.0
1778566518,46,POST,chat/long,0.000000,0.000000,12,12,12,12,12,12,12,12,12,12,12,40,0,15,15.413985725172097,8.640778993139975,45.04573601298034,0.0
1778566518,46,POST,chat/medium,0.000000,0.000000,0,0,0,0,0,0,0,0,0,0,0,4,0,11,11.04283899985603,9.247729001799598,13.227258998085745,0.0
1778566518,46,,Aggregated,0.000000,0.000000,12,12,12,12,12,12,12,12,12,12,12,44,0,13,15.016608750143364,8.640778993139975,45.04573601298034,0.0
1778566519,46,POST,chat/long,0.000000,0.000000,0,0,0,0,0,0,0,0,0,0,0,40,0,15,15.413985725172097,8.640778993139975,45.04573601298034,0.0
1778566519,46,POST,chat/medium,0.000000,0.000000,0,0,0,0,0,0,0,0,0,0,0,4,0,11,11.04283899985603,9.247729001799598,13.227258998085745,0.0
1778566519,46,,Aggregated,0.000000,0.000000,0,0,0,0,0,0,0,0,0,0,0,44,0,13,15.016608750143364,8.640778993139975,45.04573601298034,0.0
1778566520,46,POST,chat/long,0.000000,0.000000,0,0,0,0,0,0,0,0,0,0,0,40,0,15,15.413985725172097,8.640778993139975,45.04573601298034,0.0
1778566520,46,POST,chat/medium,0.000000,0.000000,0,0,0,0,0,0,0,0,0,0,0,4,0,11,11.04283899985603,9.247729001799598,13.227258998085745,0.0
1778566520,46,,Aggregated,0.000000,0.000000,0,0,0,0,0,0,0,0,0,0,0,44,0,13,15.016608750143364,8.640778993139975,45.04573601298034,0.0
1778566521,46,POST,chat/long,0.000000,0.000000,0,0,0,0,0,0,0,0,0,0,0,40,0,15,15.413985725172097,8.640778993139975,45.04573601298034,0.0
1778566521,46,POST,chat/medium,0.000000,0.000000,0,0,0,0,0,0,0,0,0,0,0,4,0,11,11.04283899985603,9.247729001799598,13.227258998085745,0.0
1778566521,46,,Aggregated,0.000000,0.000000,0,0,0,0,0,0,0,0,0,0,0,44,0,13,15.016608750143364,8.640778993139975,45.04573601298034,0.0
1778566522,46,POST,chat/long,0.000000,0.000000,0,0,0,0,0,0,0,0,0,0,0,40,0,15,15.413985725172097,8.640778993139975,45.04573601298034,0.0
1778566522,46,POST,chat/medium,0.000000,0.000000,0,0,0,0,0,0,0,0,0,0,0,4,0,11,11.04283899985603,9.247729001799598,13.227258998085745,0.0
1778566522,46,,Aggregated,0.000000,0.000000,0,0,0,0,0,0,0,0,0,0,0,44,0,13,15.016608750143364,8.640778993139975,45.04573601298034,0.0
1778566523,46,POST,chat/long,0.000000,0.000000,0,0,0,0,0,0,0,0,0,0,0,40,0,15,15.413985725172097,8.640778993139975,45.04573601298034,0.0
1778566523,46,POST,chat/medium,0.000000,0.000000,0,0,0,0,0,0,0,0,0,0,0,4,0,11,11.04283899985603,9.247729001799598,13.227258998085745,0.0
1778566523,46,,Aggregated,0.000000,0.000000,0,0,0,0,0,0,0,0,0,0,0,44,0,13,15.016608750143364,8.640778993139975,45.04573601298034,0.0
1778566524,45,POST,chat/long,0.100000,0.000000,21,21,21,21,21,21,21,21,21,21,21,41,0,15,15.55265114669654,8.640778993139975,45.04573601298034,0.0
1778566524,45,POST,chat/medium,0.000000,0.000000,0,0,0,0,0,0,0,0,0,0,0,4,0,11,11.04283899985603,9.247729001799598,13.227258998085745,0.0
1778566524,45,,Aggregated,0.100000,0.000000,21,21,21,21,21,21,21,21,21,21,21,45,0,13,15.151778955866272,8.640778993139975,45.04573601298034,0.0
1778566525,45,POST,chat/long,0.100000,0.000000,21,21,21,21,21,21,21,21,21,21,21,41,0,15,15.55265114669654,8.640778993139975,45.04573601298034,0.0
1778566525,45,POST,chat/medium,0.000000,0.000000,0,0,0,0,0,0,0,0,0,0,0,4,0,11,11.04283899985603,9.247729001799598,13.227258998085745,0.0
1778566525,45,,Aggregated,0.100000,0.000000,21,21,21,21,21,21,21,21,21,21,21,45,0,13,15.151778955866272,8.640778993139975,45.04573601298034,0.0
1778566526,45,POST,chat/long,0.100000,0.000000,21,21,21,21,21,21,21,21,21,21,21,41,0,15,15.55265114669654,8.640778993139975,45.04573601298034,0.0
1778566526,45,POST,chat/medium,0.000000,0.000000,0,0,0,0,0,0,0,0,0,0,0,4,0,11,11.04283899985603,9.247729001799598,13.227258998085745,0.0
1778566526,45,,Aggregated,0.100000,0.000000,21,21,21,21,21,21,21,21,21,21,21,45,0,13,15.151778955866272,8.640778993139975,45.04573601298034,0.0
1778566527,44,POST,chat/long,0.200000,0.000000,21,21,21,21,21,21,21,21,21,21,21,41,0,15,15.55265114669654,8.640778993139975,45.04573601298034,0.0
1778566527,44,POST,chat/medium,0.000000,0.000000,0,0,0,0,0,0,0,0,0,0,0,5,0,11,10.761050999280997,9.247729001799598,13.227258998085745,0.0
1778566527,44,,Aggregated,0.200000,0.000000,21,21,21,21,21,21,21,21,21,21,21,46,0,13,15.031825043716589,8.640778993139975,45.04573601298034,0.0
1778566528,44,POST,chat/long,0.200000,0.000000,21,21,21,21,21,21,21,21,21,21,21,41,0,15,15.55265114669654,8.640778993139975,45.04573601298034,0.0
1778566528,44,POST,chat/medium,0.000000,0.000000,0,0,0,0,0,0,0,0,0,0,0,5,0,11,10.761050999280997,9.247729001799598,13.227258998085745,0.0
1778566528,44,,Aggregated,0.200000,0.000000,21,21,21,21,21,21,21,21,21,21,21,46,0,13,15.031825043716589,8.640778993139975,45.04573601298034,0.0
1778566529,44,POST,chat/long,0.200000,0.000000,21,21,21,21,21,21,21,21,21,21,21,41,0,15,15.55265114669654,8.640778993139975,45.04573601298034,0.0
1778566529,44,POST,chat/medium,0.000000,0.000000,0,0,0,0,0,0,0,0,0,0,0,5,0,11,10.761050999280997,9.247729001799598,13.227258998085745,0.0
1778566529,44,,Aggregated,0.200000,0.000000,21,21,21,21,21,21,21,21,21,21,21,46,0,13,15.031825043716589,8.640778993139975,45.04573601298034,0.0
1778566530,44,POST,chat/long,0.200000,0.000000,0,0,0,0,0,0,0,0,0,0,0,41,0,15,15.55265114669654,8.640778993139975,45.04573601298034,0.0
1778566530,44,POST,chat/medium,0.000000,0.000000,0,0,0,0,0,0,0,0,0,0,0,5,0,11,10.761050999280997,9.247729001799598,13.227258998085745,0.0
1778566530,44,,Aggregated,0.200000,0.000000,10,10,10,10,10,10,10,10,10,10,10,46,0,13,15.031825043716589,8.640778993139975,45.04573601298034,0.0
1778566531,44,POST,chat/long,0.200000,0.000000,0,0,0,0,0,0,0,0,0,0,0,41,0,15,15.55265114669654,8.640778993139975,45.04573601298034,0.0
1778566531,44,POST,chat/medium,0.000000,0.000000,0,0,0,0,0,0,0,0,0,0,0,5,0,11,10.761050999280997,9.247729001799598,13.227258998085745,0.0
1778566531,44,,Aggregated,0.200000,0.000000,10,10,10,10,10,10,10,10,10,10,10,46,0,13,15.031825043716589,8.640778993139975,45.04573601298034,0.0
1778566532,44,POST,chat/long,0.200000,0.000000,0,0,0,0,0,0,0,0,0,0,0,41,0,15,15.55265114669654,8.640778993139975,45.04573601298034,0.0
1778566532,44,POST,chat/medium,0.000000,0.000000,0,0,0,0,0,0,0,0,0,0,0,5,0,11,10.761050999280997,9.247729001799598,13.227258998085745,0.0
1778566532,44,,Aggregated,0.200000,0.000000,10,10,10,10,10,10,10,10,10,10,10,46,0,13,15.031825043716589,8.640778993139975,45.04573601298034,0.0
1778566533,44,POST,chat/long,0.200000,0.000000,0,0,0,0,0,0,0,0,0,0,0,41,0,15,15.55265114669654,8.640778993139975,45.04573601298034,0.0
1778566533,44,POST,chat/medium,0.000000,0.000000,0,0,0,0,0,0,0,0,0,0,0,5,0,11,10.761050999280997,9.247729001799598,13.227258998085745,0.0
1778566533,44,,Aggregated,0.200000,0.000000,10,10,10,10,10,10,10,10,10,10,10,46,0,13,15.031825043716589,8.640778993139975,45.04573601298034,0.0
1778566534,44,POST,chat/long,0.200000,0.000000,0,0,0,0,0,0,0,0,0,0,0,41,0,15,15.55265114669654,8.640778993139975,45.04573601298034,0.0
1778566534,44,POST,chat/medium,0.000000,0.000000,0,0,0,0,0,0,0,0,0,0,0,5,0,11,10.761050999280997,9.247729001799598,13.227258998085745,0.0
1778566534,44,,Aggregated,0.200000,0.000000,10,10,10,10,10,10,10,10,10,10,10,46,0,13,15.031825043716589,8.640778993139975,45.04573601298034,0.0
1778566535,44,POST,chat/long,0.200000,0.000000,0,0,0,0,0,0,0,0,0,0,0,41,0,15,15.55265114669654,8.640778993139975,45.04573601298034,0.0
1778566535,44,POST,chat/medium,0.000000,0.000000,0,0,0,0,0,0,0,0,0,0,0,5,0,11,10.761050999280997,9.247729001799598,13.227258998085745,0.0
1778566535,44,,Aggregated,0.200000,0.000000,0,0,0,0,0,0,0,0,0,0,0,46,0,13,15.031825043716589,8.640778993139975,45.04573601298034,0.0
1778566536,44,POST,chat/long,0.200000,0.000000,0,0,0,0,0,0,0,0,0,0,0,41,0,15,15.55265114669654,8.640778993139975,45.04573601298034,0.0
1778566536,44,POST,chat/medium,0.000000,0.000000,0,0,0,0,0,0,0,0,0,0,0,5,0,11,10.761050999280997,9.247729001799598,13.227258998085745,0.0
1778566536,44,,Aggregated,0.200000,0.000000,0,0,0,0,0,0,0,0,0,0,0,46,0,13,15.031825043716589,8.640778993139975,45.04573601298034,0.0
1778566537,44,POST,chat/long,0.200000,0.000000,0,0,0,0,0,0,0,0,0,0,0,41,0,15,15.55265114669654,8.640778993139975,45.04573601298034,0.0
1778566537,44,POST,chat/medium,0.000000,0.000000,0,0,0,0,0,0,0,0,0,0,0,5,0,11,10.761050999280997,9.247729001799598,13.227258998085745,0.0
1778566537,44,,Aggregated,0.200000,0.000000,0,0,0,0,0,0,0,0,0,0,0,46,0,13,15.031825043716589,8.640778993139975,45.04573601298034,0.0
1778566538,44,POST,chat/long,0.200000,0.000000,0,0,0,0,0,0,0,0,0,0,0,41,0,15,15.55265114669654,8.640778993139975,45.04573601298034,0.0
1778566538,44,POST,chat/medium,0.000000,0.000000,0,0,0,0,0,0,0,0,0,0,0,5,0,11,10.761050999280997,9.247729001799598,13.227258998085745,0.0
1778566538,44,,Aggregated,0.200000,0.000000,0,0,0,0,0,0,0,0,0,0,0,46,0,13,15.031825043716589,8.640778993139975,45.04573601298034,0.0
1778566539,44,POST,chat/long,0.200000,0.000000,0,0,0,0,0,0,0,0,0,0,0,41,0,15,15.55265114669654,8.640778993139975,45.04573601298034,0.0
1778566539,44,POST,chat/medium,0.000000,0.000000,0,0,0,0,0,0,0,0,0,0,0,5,0,11,10.761050999280997,9.247729001799598,13.227258998085745,0.0
1778566539,44,,Aggregated,0.200000,0.000000,0,0,0,0,0,0,0,0,0,0,0,46,0,13,15.031825043716589,8.640778993139975,45.04573601298034,0.0
1778566540,44,POST,chat/long,0.200000,0.000000,0,0,0,0,0,0,0,0,0,0,0,41,0,15,15.55265114669654,8.640778993139975,45.04573601298034,0.0
1778566540,44,POST,chat/medium,0.000000,0.000000,0,0,0,0,0,0,0,0,0,0,0,5,0,11,10.761050999280997,9.247729001799598,13.227258998085745,0.0
1778566540,44,,Aggregated,0.200000,0.000000,0,0,0,0,0,0,0,0,0,0,0,46,0,13,15.031825043716589,8.640778993139975,45.04573601298034,0.0
1778566541,44,POST,chat/long,0.200000,0.000000,0,0,0,0,0,0,0,0,0,0,0,41,0,15,15.55265114669654,8.640778993139975,45.04573601298034,0.0
1778566541,44,POST,chat/medium,0.000000,0.000000,0,0,0,0,0,0,0,0,0,0,0,5,0,11,10.761050999280997,9.247729001799598,13.227258998085745,0.0
1778566541,44,,Aggregated,0.200000,0.000000,0,0,0,0,0,0,0,0,0,0,0,46,0,13,15.031825043716589,8.640778993139975,45.04573601298034,0.0
1778566542,44,POST,chat/long,0.200000,0.000000,0,0,0,0,0,0,0,0,0,0,0,41,0,15,15.55265114669654,8.640778993139975,45.04573601298034,0.0
1778566542,44,POST,chat/medium,0.000000,0.000000,0,0,0,0,0,0,0,0,0,0,0,5,0,11,10.761050999280997,9.247729001799598,13.227258998085745,0.0
1778566542,44,,Aggregated,0.200000,0.000000,0,0,0,0,0,0,0,0,0,0,0,46,0,13,15.031825043716589,8.640778993139975,45.04573601298034,0.0
1778566543,44,POST,chat/long,0.200000,0.000000,0,0,0,0,0,0,0,0,0,0,0,41,0,15,15.55265114669654,8.640778993139975,45.04573601298034,0.0
1778566543,44,POST,chat/medium,0.000000,0.000000,0,0,0,0,0,0,0,0,0,0,0,5,0,11,10.761050999280997,9.247729001799598,13.227258998085745,0.0
1778566543,44,,Aggregated,0.200000,0.000000,0,0,0,0,0,0,0,0,0,0,0,46,0,13,15.031825043716589,8.640778993139975,45.04573601298034,0.0
1778566544,44,POST,chat/long,0.200000,0.000000,0,0,0,0,0,0,0,0,0,0,0,41,0,15,15.55265114669654,8.640778993139975,45.04573601298034,0.0
1778566544,44,POST,chat/medium,0.000000,0.000000,0,0,0,0,0,0,0,0,0,0,0,5,0,11,10.761050999280997,9.247729001799598,13.227258998085745,0.0
1778566544,44,,Aggregated,0.200000,0.000000,0,0,0,0,0,0,0,0,0,0,0,46,0,13,15.031825043716589,8.640778993139975,45.04573601298034,0.0
1778566545,43,POST,chat/long,0.000000,0.000000,0,0,0,0,0,0,0,0,0,0,0,42,0,15,15.535141547886832,8.640778993139975,45.04573601298034,0.0
1778566545,43,POST,chat/medium,0.000000,0.000000,0,0,0,0,0,0,0,0,0,0,0,5,0,11,10.761050999280997,9.247729001799598,13.227258998085745,0.0
1778566545,43,,Aggregated,0.000000,0.000000,0,0,0,0,0,0,0,0,0,0,0,47,0,13,15.027259574630893,8.640778993139975,45.04573601298034,0.0
1778566546,43,POST,chat/long,0.000000,0.000000,0,0,0,0,0,0,0,0,0,0,0,42,0,15,15.535141547886832,8.640778993139975,45.04573601298034,0.0
1778566546,43,POST,chat/medium,0.000000,0.000000,0,0,0,0,0,0,0,0,0,0,0,5,0,11,10.761050999280997,9.247729001799598,13.227258998085745,0.0
1778566546,43,,Aggregated,0.000000,0.000000,0,0,0,0,0,0,0,0,0,0,0,47,0,13,15.027259574630893,8.640778993139975,45.04573601298034,0.0
1778566547,43,POST,chat/long,0.000000,0.000000,0,0,0,0,0,0,0,0,0,0,0,42,0,15,15.535141547886832,8.640778993139975,45.04573601298034,0.0
1778566547,43,POST,chat/medium,0.000000,0.000000,0,0,0,0,0,0,0,0,0,0,0,5,0,11,10.761050999280997,9.247729001799598,13.227258998085745,0.0
1778566547,43,,Aggregated,0.000000,0.000000,0,0,0,0,0,0,0,0,0,0,0,47,0,13,15.027259574630893,8.640778993139975,45.04573601298034,0.0
1778566548,42,POST,chat/long,0.100000,0.000000,15,15,15,15,15,15,15,15,15,15,15,43,0,15,15.515395674683955,8.640778993139975,45.04573601298034,0.0
1778566548,42,POST,chat/medium,0.000000,0.000000,0,0,0,0,0,0,0,0,0,0,0,5,0,11,10.761050999280997,9.247729001799598,13.227258998085745,0.0
1778566548,42,,Aggregated,0.100000,0.000000,15,15,15,15,15,15,15,15,15,15,15,48,0,13,15.020151437662813,8.640778993139975,45.04573601298034,0.0
1778566549,42,POST,chat/long,0.100000,0.000000,15,15,15,15,15,15,15,15,15,15,15,43,0,15,15.515395674683955,8.640778993139975,45.04573601298034,0.0
1778566549,42,POST,chat/medium,0.000000,0.000000,0,0,0,0,0,0,0,0,0,0,0,5,0,11,10.761050999280997,9.247729001799598,13.227258998085745,0.0
1778566549,42,,Aggregated,0.100000,0.000000,15,15,15,15,15,15,15,15,15,15,15,48,0,13,15.020151437662813,8.640778993139975,45.04573601298034,0.0
1778566550,42,POST,chat/long,0.100000,0.000000,15,15,15,15,15,15,15,15,15,15,15,43,0,15,15.515395674683955,8.640778993139975,45.04573601298034,0.0
1778566550,42,POST,chat/medium,0.000000,0.000000,0,0,0,0,0,0,0,0,0,0,0,5,0,11,10.761050999280997,9.247729001799598,13.227258998085745,0.0
1778566550,42,,Aggregated,0.100000,0.000000,15,15,15,15,15,15,15,15,15,15,15,48,0,13,15.020151437662813,8.640778993139975,45.04573601298034,0.0
1778566551,41,POST,chat/long,0.100000,0.000000,18,18,18,18,18,18,18,18,18,18,18,44,0,15,15.57373277286057,8.640778993139975,45.04573601298034,0.0
1778566551,41,POST,chat/medium,0.000000,0.000000,0,0,0,0,0,0,0,0,0,0,0,5,0,11,10.761050999280997,9.247729001799598,13.227258998085745,0.0
1778566551,41,,Aggregated,0.100000,0.000000,18,18,18,18,18,18,18,18,18,18,18,49,0,15,15.082642795964695,8.640778993139975,45.04573601298034,0.0
1778566552,41,POST,chat/long,0.100000,0.000000,18,18,18,18,18,18,18,18,18,18,18,44,0,15,15.57373277286057,8.640778993139975,45.04573601298034,0.0
1778566552,41,POST,chat/medium,0.000000,0.000000,0,0,0,0,0,0,0,0,0,0,0,5,0,11,10.761050999280997,9.247729001799598,13.227258998085745,0.0
1778566552,41,,Aggregated,0.100000,0.000000,18,18,18,18,18,18,18,18,18,18,18,49,0,15,15.082642795964695,8.640778993139975,45.04573601298034,0.0
1778566553,41,POST,chat/long,0.100000,0.000000,18,18,18,18,18,18,18,18,18,18,18,44,0,15,15.57373277286057,8.640778993139975,45.04573601298034,0.0
1778566553,41,POST,chat/medium,0.000000,0.000000,0,0,0,0,0,0,0,0,0,0,0,5,0,11,10.761050999280997,9.247729001799598,13.227258998085745,0.0
1778566553,41,,Aggregated,0.100000,0.000000,18,18,18,18,18,18,18,18,18,18,18,49,0,15,15.082642795964695,8.640778993139975,45.04573601298034,0.0
1778566554,41,POST,chat/long,0.100000,0.000000,18,18,18,18,18,18,18,18,18,18,18,44,0,15,15.57373277286057,8.640778993139975,45.04573601298034,0.0
1778566554,41,POST,chat/medium,0.000000,0.000000,0,0,0,0,0,0,0,0,0,0,0,5,0,11,10.761050999280997,9.247729001799598,13.227258998085745,0.0
1778566554,41,,Aggregated,0.100000,0.000000,18,18,18,18,18,18,18,18,18,18,18,49,0,15,15.082642795964695,8.640778993139975,45.04573601298034,0.0
1778566555,41,POST,chat/long,0.100000,0.000000,18,18,18,18,18,18,18,18,18,18,18,44,0,15,15.57373277286057,8.640778993139975,45.04573601298034,0.0
1778566555,41,POST,chat/medium,0.000000,0.000000,0,0,0,0,0,0,0,0,0,0,0,5,0,11,10.761050999280997,9.247729001799598,13.227258998085745,0.0
1778566555,41,,Aggregated,0.100000,0.000000,18,18,18,18,18,18,18,18,18,18,18,49,0,15,15.082642795964695,8.640778993139975,45.04573601298034,0.0
1778566556,41,POST,chat/long,0.100000,0.000000,18,18,18,18,18,18,18,18,18,18,18,44,0,15,15.57373277286057,8.640778993139975,45.04573601298034,0.0
1778566556,41,POST,chat/medium,0.000000,0.000000,0,0,0,0,0,0,0,0,0,0,0,5,0,11,10.761050999280997,9.247729001799598,13.227258998085745,0.0
1778566556,41,,Aggregated,0.100000,0.000000,18,18,18,18,18,18,18,18,18,18,18,49,0,15,15.082642795964695,8.640778993139975,45.04573601298034,0.0
1778566557,40,POST,chat/long,0.200000,0.000000,36,36,36,36,36,36,36,36,36,36,36,45,0,15,16.030047978145173,8.640778993139975,45.04573601298034,0.0
1778566557,40,POST,chat/medium,0.000000,0.000000,0,0,0,0,0,0,0,0,0,0,0,5,0,11,10.761050999280997,9.247729001799598,13.227258998085745,0.0
1778566557,40,,Aggregated,0.200000,0.000000,36,36,36,36,36,36,36,36,36,36,36,50,0,15,15.503148280258756,8.640778993139975,45.04573601298034,0.0
1778566558,40,POST,chat/long,0.200000,0.000000,36,36,36,36,36,36,36,36,36,36,36,45,0,15,16.030047978145173,8.640778993139975,45.04573601298034,0.0
1778566558,40,POST,chat/medium,0.000000,0.000000,0,0,0,0,0,0,0,0,0,0,0,5,0,11,10.761050999280997,9.247729001799598,13.227258998085745,0.0
1778566558,40,,Aggregated,0.200000,0.000000,36,36,36,36,36,36,36,36,36,36,36,50,0,15,15.503148280258756,8.640778993139975,45.04573601298034,0.0
1778566559,40,POST,chat/long,0.200000,0.000000,36,36,36,36,36,36,36,36,36,36,36,45,0,15,16.030047978145173,8.640778993139975,45.04573601298034,0.0
1778566559,40,POST,chat/medium,0.000000,0.000000,0,0,0,0,0,0,0,0,0,0,0,5,0,11,10.761050999280997,9.247729001799598,13.227258998085745,0.0
1778566559,40,,Aggregated,0.200000,0.000000,36,36,36,36,36,36,36,36,36,36,36,50,0,15,15.503148280258756,8.640778993139975,45.04573601298034,0.0
1778566560,40,POST,chat/long,0.200000,0.000000,36,36,36,36,36,36,36,36,36,36,36,45,0,15,16.030047978145173,8.640778993139975,45.04573601298034,0.0
1778566560,40,POST,chat/medium,0.000000,0.000000,0,0,0,0,0,0,0,0,0,0,0,5,0,11,10.761050999280997,9.247729001799598,13.227258998085745,0.0
1778566560,40,,Aggregated,0.200000,0.000000,36,36,36,36,36,36,36,36,36,36,36,50,0,15,15.503148280258756,8.640778993139975,45.04573601298034,0.0
1778566561,40,POST,chat/long,0.200000,0.000000,36,36,36,36,36,36,36,36,36,36,36,45,0,15,16.030047978145173,8.640778993139975,45.04573601298034,0.0
1778566561,40,POST,chat/medium,0.000000,0.000000,0,0,0,0,0,0,0,0,0,0,0,5,0,11,10.761050999280997,9.247729001799598,13.227258998085745,0.0
1778566561,40,,Aggregated,0.200000,0.000000,36,36,36,36,36,36,36,36,36,36,36,50,0,15,15.503148280258756,8.640778993139975,45.04573601298034,0.0
1778566562,40,POST,chat/long,0.200000,0.000000,0,0,0,0,0,0,0,0,0,0,0,45,0,15,16.030047978145173,8.640778993139975,45.04573601298034,0.0
1778566562,40,POST,chat/medium,0.000000,0.000000,0,0,0,0,0,0,0,0,0,0,0,5,0,11,10.761050999280997,9.247729001799598,13.227258998085745,0.0
1778566562,40,,Aggregated,0.200000,0.000000,0,0,0,0,0,0,0,0,0,0,0,50,0,15,15.503148280258756,8.640778993139975,45.04573601298034,0.0
1778566563,40,POST,chat/long,0.200000,0.000000,0,0,0,0,0,0,0,0,0,0,0,45,0,15,16.030047978145173,8.640778993139975,45.04573601298034,0.0
1778566563,40,POST,chat/medium,0.000000,0.000000,0,0,0,0,0,0,0,0,0,0,0,5,0,11,10.761050999280997,9.247729001799598,13.227258998085745,0.0
1778566563,40,,Aggregated,0.200000,0.000000,0,0,0,0,0,0,0,0,0,0,0,50,0,15,15.503148280258756,8.640778993139975,45.04573601298034,0.0
1778566564,40,POST,chat/long,0.200000,0.000000,0,0,0,0,0,0,0,0,0,0,0,45,0,15,16.030047978145173,8.640778993139975,45.04573601298034,0.0
1778566564,40,POST,chat/medium,0.000000,0.000000,0,0,0,0,0,0,0,0,0,0,0,5,0,11,10.761050999280997,9.247729001799598,13.227258998085745,0.0
1778566564,40,,Aggregated,0.200000,0.000000,0,0,0,0,0,0,0,0,0,0,0,50,0,15,15.503148280258756,8.640778993139975,45.04573601298034,0.0
1778566565,40,POST,chat/long,0.200000,0.000000,0,0,0,0,0,0,0,0,0,0,0,45,0,15,16.030047978145173,8.640778993139975,45.04573601298034,0.0
1778566565,40,POST,chat/medium,0.000000,0.000000,0,0,0,0,0,0,0,0,0,0,0,5,0,11,10.761050999280997,9.247729001799598,13.227258998085745,0.0
1778566565,40,,Aggregated,0.200000,0.000000,0,0,0,0,0,0,0,0,0,0,0,50,0,15,15.503148280258756,8.640778993139975,45.04573601298034,0.0
1778566566,39,POST,chat/long,0.100000,0.000000,19,19,19,19,19,19,19,19,19,19,19,46,0,15,16.091696891753994,8.640778993139975,45.04573601298034,0.0
1778566566,39,POST,chat/medium,0.000000,0.000000,0,0,0,0,0,0,0,0,0,0,0,5,0,11,10.761050999280997,9.247729001799598,13.227258998085745,0.0
1778566566,39,,Aggregated,0.100000,0.000000,19,19,19,19,19,19,19,19,19,19,19,51,0,15,15.569084549354681,8.640778993139975,45.04573601298034,0.0
1778566567,39,POST,chat/long,0.100000,0.000000,19,19,19,19,19,19,19,19,19,19,19,46,0,15,16.091696891753994,8.640778993139975,45.04573601298034,0.0
1778566567,39,POST,chat/medium,0.000000,0.000000,0,0,0,0,0,0,0,0,0,0,0,5,0,11,10.761050999280997,9.247729001799598,13.227258998085745,0.0
1778566567,39,,Aggregated,0.100000,0.000000,19,19,19,19,19,19,19,19,19,19,19,51,0,15,15.569084549354681,8.640778993139975,45.04573601298034,0.0
1778566568,39,POST,chat/long,0.100000,0.000000,19,19,19,19,19,19,19,19,19,19,19,46,0,15,16.091696891753994,8.640778993139975,45.04573601298034,0.0
1778566568,39,POST,chat/medium,0.000000,0.000000,0,0,0,0,0,0,0,0,0,0,0,5,0,11,10.761050999280997,9.247729001799598,13.227258998085745,0.0
1778566568,39,,Aggregated,0.100000,0.000000,19,19,19,19,19,19,19,19,19,19,19,51,0,15,15.569084549354681,8.640778993139975,45.04573601298034,0.0
1778566569,39,POST,chat/long,0.100000,0.000000,19,19,19,19,19,19,19,19,19,19,19,46,0,15,16.091696891753994,8.640778993139975,45.04573601298034,0.0
1778566569,39,POST,chat/medium,0.000000,0.000000,0,0,0,0,0,0,0,0,0,0,0,5,0,11,10.761050999280997,9.247729001799598,13.227258998085745,0.0
1778566569,39,,Aggregated,0.100000,0.000000,19,19,19,19,19,19,19,19,19,19,19,51,0,15,15.569084549354681,8.640778993139975,45.04573601298034,0.0
1778566570,39,POST,chat/long,0.100000,0.000000,0,0,0,0,0,0,0,0,0,0,0,46,0,15,16.091696891753994,8.640778993139975,45.04573601298034,0.0
1778566570,39,POST,chat/medium,0.000000,0.000000,0,0,0,0,0,0,0,0,0,0,0,5,0,11,10.761050999280997,9.247729001799598,13.227258998085745,0.0
1778566570,39,,Aggregated,0.100000,0.000000,0,0,0,0,0,0,0,0,0,0,0,51,0,15,15.569084549354681,8.640778993139975,45.04573601298034,0.0
1778566571,39,POST,chat/long,0.100000,0.000000,0,0,0,0,0,0,0,0,0,0,0,46,0,15,16.091696891753994,8.640778993139975,45.04573601298034,0.0
1778566571,39,POST,chat/medium,0.000000,0.000000,0,0,0,0,0,0,0,0,0,0,0,5,0,11,10.761050999280997,9.247729001799598,13.227258998085745,0.0
1778566571,39,,Aggregated,0.100000,0.000000,0,0,0,0,0,0,0,0,0,0,0,51,0,15,15.569084549354681,8.640778993139975,45.04573601298034,0.0
1778566572,39,POST,chat/long,0.100000,0.000000,0,0,0,0,0,0,0,0,0,0,0,46,0,15,16.091696891753994,8.640778993139975,45.04573601298034,0.0
1778566572,39,POST,chat/medium,0.000000,0.000000,0,0,0,0,0,0,0,0,0,0,0,5,0,11,10.761050999280997,9.247729001799598,13.227258998085745,0.0
1778566572,39,,Aggregated,0.100000,0.000000,0,0,0,0,0,0,0,0,0,0,0,51,0,15,15.569084549354681,8.640778993139975,45.04573601298034,0.0
1778566573,39,POST,chat/long,0.100000,0.000000,0,0,0,0,0,0,0,0,0,0,0,46,0,15,16.091696891753994,8.640778993139975,45.04573601298034,0.0
1778566573,39,POST,chat/medium,0.000000,0.000000,0,0,0,0,0,0,0,0,0,0,0,5,0,11,10.761050999280997,9.247729001799598,13.227258998085745,0.0
1778566573,39,,Aggregated,0.100000,0.000000,0,0,0,0,0,0,0,0,0,0,0,51,0,15,15.569084549354681,8.640778993139975,45.04573601298034,0.0
1778566574,39,POST,chat/long,0.100000,0.000000,0,0,0,0,0,0,0,0,0,0,0,46,0,15,16.091696891753994,8.640778993139975,45.04573601298034,0.0
1778566574,39,POST,chat/medium,0.000000,0.000000,0,0,0,0,0,0,0,0,0,0,0,5,0,11,10.761050999280997,9.247729001799598,13.227258998085745,0.0
1778566574,39,,Aggregated,0.100000,0.000000,0,0,0,0,0,0,0,0,0,0,0,51,0,15,15.569084549354681,8.640778993139975,45.04573601298034,0.0
1778566575,39,POST,chat/long,0.100000,0.000000,0,0,0,0,0,0,0,0,0,0,0,46,0,15,16.091696891753994,8.640778993139975,45.04573601298034,0.0
1778566575,39,POST,chat/medium,0.000000,0.000000,0,0,0,0,0,0,0,0,0,0,0,5,0,11,10.761050999280997,9.247729001799598,13.227258998085745,0.0
1778566575,39,,Aggregated,0.100000,0.000000,0,0,0,0,0,0,0,0,0,0,0,51,0,15,15.569084549354681,8.640778993139975,45.04573601298034,0.0
1778566576,39,POST,chat/long,0.100000,0.000000,0,0,0,0,0,0,0,0,0,0,0,46,0,15,16.091696891753994,8.640778993139975,45.04573601298034,0.0
1778566576,39,POST,chat/medium,0.000000,0.000000,0,0,0,0,0,0,0,0,0,0,0,5,0,11,10.761050999280997,9.247729001799598,13.227258998085745,0.0
1778566576,39,,Aggregated,0.100000,0.000000,0,0,0,0,0,0,0,0,0,0,0,51,0,15,15.569084549354681,8.640778993139975,45.04573601298034,0.0
1778566577,39,POST,chat/long,0.100000,0.000000,0,0,0,0,0,0,0,0,0,0,0,46,0,15,16.091696891753994,8.640778993139975,45.04573601298034,0.0
1778566577,39,POST,chat/medium,0.000000,0.000000,0,0,0,0,0,0,0,0,0,0,0,5,0,11,10.761050999280997,9.247729001799598,13.227258998085745,0.0
1778566577,39,,Aggregated,0.100000,0.000000,0,0,0,0,0,0,0,0,0,0,0,51,0,15,15.569084549354681,8.640778993139975,45.04573601298034,0.0
1778566578,34,POST,chat/long,0.100000,0.000000,19,22,22,24,24,24,24,24,24,24,24,51,0,16,16.415882490429222,8.640778993139975,45.04573601298034,0.0
1778566578,34,POST,chat/medium,0.000000,0.000000,0,0,0,0,0,0,0,0,0,0,0,5,0,11,10.761050999280997,9.247729001799598,13.227258998085745,0.0
1778566578,34,,Aggregated,0.100000,0.000000,19,22,22,24,24,24,24,24,24,24,24,56,0,15,15.910986821576703,8.640778993139975,45.04573601298034,0.0
1778566579,34,POST,chat/long,0.100000,0.000000,19,22,22,24,24,24,24,24,24,24,24,51,0,16,16.415882490429222,8.640778993139975,45.04573601298034,0.0
1778566579,34,POST,chat/medium,0.000000,0.000000,0,0,0,0,0,0,0,0,0,0,0,5,0,11,10.761050999280997,9.247729001799598,13.227258998085745,0.0
1778566579,34,,Aggregated,0.100000,0.000000,19,22,22,24,24,24,24,24,24,24,24,56,0,15,15.910986821576703,8.640778993139975,45.04573601298034,0.0
1778566580,34,POST,chat/long,0.100000,0.000000,19,22,22,24,24,24,24,24,24,24,24,51,0,16,16.415882490429222,8.640778993139975,45.04573601298034,0.0
1778566580,34,POST,chat/medium,0.000000,0.000000,0,0,0,0,0,0,0,0,0,0,0,5,0,11,10.761050999280997,9.247729001799598,13.227258998085745,0.0
1778566580,34,,Aggregated,0.100000,0.000000,19,22,22,24,24,24,24,24,24,24,24,56,0,15,15.910986821576703,8.640778993139975,45.04573601298034,0.0
1778566581,34,POST,chat/long,0.100000,0.000000,19,22,22,24,24,24,24,24,24,24,24,51,0,16,16.415882490429222,8.640778993139975,45.04573601298034,0.0
1778566581,34,POST,chat/medium,0.000000,0.000000,0,0,0,0,0,0,0,0,0,0,0,5,0,11,10.761050999280997,9.247729001799598,13.227258998085745,0.0
1778566581,34,,Aggregated,0.100000,0.000000,19,22,22,24,24,24,24,24,24,24,24,56,0,15,15.910986821576703,8.640778993139975,45.04573601298034,0.0
1778566582,34,POST,chat/long,0.100000,0.000000,19,19,24,24,24,24,24,24,24,24,24,51,0,16,16.415882490429222,8.640778993139975,45.04573601298034,0.0
1778566582,34,POST,chat/medium,0.000000,0.000000,0,0,0,0,0,0,0,0,0,0,0,5,0,11,10.761050999280997,9.247729001799598,13.227258998085745,0.0
1778566582,34,,Aggregated,0.100000,0.000000,19,19,24,24,24,24,24,24,24,24,24,56,0,15,15.910986821576703,8.640778993139975,45.04573601298034,0.0
1778566583,34,POST,chat/long,0.100000,0.000000,19,19,24,24,24,24,24,24,24,24,24,51,0,16,16.415882490429222,8.640778993139975,45.04573601298034,0.0
1778566583,34,POST,chat/medium,0.000000,0.000000,0,0,0,0,0,0,0,0,0,0,0,5,0,11,10.761050999280997,9.247729001799598,13.227258998085745,0.0
1778566583,34,,Aggregated,0.100000,0.000000,19,19,24,24,24,24,24,24,24,24,24,56,0,15,15.910986821576703,8.640778993139975,45.04573601298034,0.0
1778566584,34,POST,chat/long,0.100000,0.000000,19,19,24,24,24,24,24,24,24,24,24,51,0,16,16.415882490429222,8.640778993139975,45.04573601298034,0.0
1778566584,34,POST,chat/medium,0.000000,0.000000,0,0,0,0,0,0,0,0,0,0,0,5,0,11,10.761050999280997,9.247729001799598,13.227258998085745,0.0
1778566584,34,,Aggregated,0.100000,0.000000,19,19,24,24,24,24,24,24,24,24,24,56,0,15,15.910986821576703,8.640778993139975,45.04573601298034,0.0
1778566585,34,POST,chat/long,0.100000,0.000000,19,19,24,24,24,24,24,24,24,24,24,51,0,16,16.415882490429222,8.640778993139975,45.04573601298034,0.0
1778566585,34,POST,chat/medium,0.000000,0.000000,0,0,0,0,0,0,0,0,0,0,0,5,0,11,10.761050999280997,9.247729001799598,13.227258998085745,0.0
1778566585,34,,Aggregated,0.100000,0.000000,19,19,24,24,24,24,24,24,24,24,24,56,0,15,15.910986821576703,8.640778993139975,45.04573601298034,0.0
1778566586,34,POST,chat/long,0.100000,0.000000,19,19,24,24,24,24,24,24,24,24,24,51,0,16,16.415882490429222,8.640778993139975,45.04573601298034,0.0
1778566586,34,POST,chat/medium,0.000000,0.000000,0,0,0,0,0,0,0,0,0,0,0,5,0,11,10.761050999280997,9.247729001799598,13.227258998085745,0.0
1778566586,34,,Aggregated,0.100000,0.000000,19,19,24,24,24,24,24,24,24,24,24,56,0,15,15.910986821576703,8.640778993139975,45.04573601298034,0.0
1778566587,34,POST,chat/long,0.100000,0.000000,19,19,24,24,24,24,24,24,24,24,24,51,0,16,16.415882490429222,8.640778993139975,45.04573601298034,0.0
1778566587,34,POST,chat/medium,0.000000,0.000000,0,0,0,0,0,0,0,0,0,0,0,5,0,11,10.761050999280997,9.247729001799598,13.227258998085745,0.0
1778566587,34,,Aggregated,0.100000,0.000000,19,19,24,24,24,24,24,24,24,24,24,56,0,15,15.910986821576703,8.640778993139975,45.04573601298034,0.0
1778566588,34,POST,chat/long,0.100000,0.000000,19,19,24,24,24,24,24,24,24,24,24,51,0,16,16.415882490429222,8.640778993139975,45.04573601298034,0.0
1778566588,34,POST,chat/medium,0.000000,0.000000,0,0,0,0,0,0,0,0,0,0,0,5,0,11,10.761050999280997,9.247729001799598,13.227258998085745,0.0
1778566588,34,,Aggregated,0.100000,0.000000,19,19,24,24,24,24,24,24,24,24,24,56,0,15,15.910986821576703,8.640778993139975,45.04573601298034,0.0
1778566589,34,POST,chat/long,0.100000,0.000000,19,19,24,24,24,24,24,24,24,24,24,51,0,16,16.415882490429222,8.640778993139975,45.04573601298034,0.0
1778566589,34,POST,chat/medium,0.000000,0.000000,0,0,0,0,0,0,0,0,0,0,0,5,0,11,10.761050999280997,9.247729001799598,13.227258998085745,0.0
1778566589,34,,Aggregated,0.100000,0.000000,19,19,24,24,24,24,24,24,24,24,24,56,0,15,15.910986821576703,8.640778993139975,45.04573601298034,0.0
1778566590,33,POST,chat/long,0.200000,0.000000,19,19,24,24,24,24,24,24,24,24,24,52,0,15,16.390069923195718,8.640778993139975,45.04573601298034,0.0
1778566590,33,POST,chat/medium,0.000000,0.000000,0,0,0,0,0,0,0,0,0,0,0,5,0,11,10.761050999280997,9.247729001799598,13.227258998085745,0.0
1778566590,33,,Aggregated,0.200000,0.000000,19,19,24,24,24,24,24,24,24,24,24,57,0,15,15.896296333378638,8.640778993139975,45.04573601298034,0.0
1778566591,33,POST,chat/long,0.200000,0.000000,19,19,24,24,24,24,24,24,24,24,24,52,0,15,16.390069923195718,8.640778993139975,45.04573601298034,0.0
1778566591,33,POST,chat/medium,0.000000,0.000000,0,0,0,0,0,0,0,0,0,0,0,5,0,11,10.761050999280997,9.247729001799598,13.227258998085745,0.0
1778566591,33,,Aggregated,0.200000,0.000000,19,19,24,24,24,24,24,24,24,24,24,57,0,15,15.896296333378638,8.640778993139975,45.04573601298034,0.0
1778566592,33,POST,chat/long,0.200000,0.000000,19,19,24,24,24,24,24,24,24,24,24,52,0,15,16.390069923195718,8.640778993139975,45.04573601298034,0.0
1778566592,33,POST,chat/medium,0.000000,0.000000,0,0,0,0,0,0,0,0,0,0,0,5,0,11,10.761050999280997,9.247729001799598,13.227258998085745,0.0
1778566592,33,,Aggregated,0.200000,0.000000,19,19,24,24,24,24,24,24,24,24,24,57,0,15,15.896296333378638,8.640778993139975,45.04573601298034,0.0
1778566593,33,POST,chat/long,0.200000,0.000000,19,19,24,24,24,24,24,0,0,0,0,52,0,15,16.390069923195718,8.640778993139975,45.04573601298034,0.0
1778566593,33,POST,chat/medium,0.000000,0.000000,0,0,0,0,0,0,0,0,0,0,0,5,0,11,10.761050999280997,9.247729001799598,13.227258998085745,0.0
1778566593,33,,Aggregated,0.200000,0.000000,0,0,0,0,0,0,0,0,0,0,0,57,0,15,15.896296333378638,8.640778993139975,45.04573601298034,0.0
1778566595,33,POST,chat/long,0.200000,0.000000,0,0,0,0,0,0,0,0,0,0,0,52,0,15,16.390069923195718,8.640778993139975,45.04573601298034,0.0
1778566595,33,POST,chat/medium,0.000000,0.000000,0,0,0,0,0,0,0,0,0,0,0,5,0,11,10.761050999280997,9.247729001799598,13.227258998085745,0.0
1778566595,33,,Aggregated,0.200000,0.000000,0,0,0,0,0,0,0,0,0,0,0,57,0,15,15.896296333378638,8.640778993139975,45.04573601298034,0.0
1778566596,33,POST,chat/long,0.200000,0.000000,0,0,0,0,0,0,0,0,0,0,0,52,0,15,16.390069923195718,8.640778993139975,45.04573601298034,0.0
1778566596,33,POST,chat/medium,0.000000,0.000000,0,0,0,0,0,0,0,0,0,0,0,5,0,11,10.761050999280997,9.247729001799598,13.227258998085745,0.0
1778566596,33,,Aggregated,0.200000,0.000000,0,0,0,0,0,0,0,0,0,0,0,57,0,15,15.896296333378638,8.640778993139975,45.04573601298034,0.0
1778566597,33,POST,chat/long,0.200000,0.000000,0,0,0,0,0,0,0,0,0,0,0,52,0,15,16.390069923195718,8.640778993139975,45.04573601298034,0.0
1778566597,33,POST,chat/medium,0.000000,0.000000,0,0,0,0,0,0,0,0,0,0,0,5,0,11,10.761050999280997,9.247729001799598,13.227258998085745,0.0
1778566597,33,,Aggregated,0.200000,0.000000,0,0,0,0,0,0,0,0,0,0,0,57,0,15,15.896296333378638,8.640778993139975,45.04573601298034,0.0
1778566598,33,POST,chat/long,0.200000,0.000000,0,0,0,0,0,0,0,0,0,0,0,52,0,15,16.390069923195718,8.640778993139975,45.04573601298034,0.0
1778566598,33,POST,chat/medium,0.000000,0.000000,0,0,0,0,0,0,0,0,0,0,0,5,0,11,10.761050999280997,9.247729001799598,13.227258998085745,0.0
1778566598,33,,Aggregated,0.200000,0.000000,0,0,0,0,0,0,0,0,0,0,0,57,0,15,15.896296333378638,8.640778993139975,45.04573601298034,0.0
1778566599,33,POST,chat/long,0.200000,0.000000,0,0,0,0,0,0,0,0,0,0,0,52,0,15,16.390069923195718,8.640778993139975,45.04573601298034,0.0
1778566599,33,POST,chat/medium,0.000000,0.000000,0,0,0,0,0,0,0,0,0,0,0,5,0,11,10.761050999280997,9.247729001799598,13.227258998085745,0.0
1778566599,33,,Aggregated,0.200000,0.000000,0,0,0,0,0,0,0,0,0,0,0,57,0,15,15.896296333378638,8.640778993139975,45.04573601298034,0.0
1778566600,32,POST,chat/long,0.100000,0.000000,18,18,18,18,18,18,18,18,18,18,18,53,0,16,16.41270894346372,8.640778993139975,45.04573601298034,0.0
1778566600,32,POST,chat/medium,0.000000,0.000000,0,0,0,0,0,0,0,0,0,0,0,5,0,11,10.761050999280997,9.247729001799598,13.227258998085745,0.0
1778566600,32,,Aggregated,0.100000,0.000000,18,18,18,18,18,18,18,18,18,18,18,58,0,15,15.92549705172383,8.640778993139975,45.04573601298034,0.0
1778566601,32,POST,chat/long,0.100000,0.000000,18,18,18,18,18,18,18,18,18,18,18,53,0,16,16.41270894346372,8.640778993139975,45.04573601298034,0.0
1778566601,32,POST,chat/medium,0.000000,0.000000,0,0,0,0,0,0,0,0,0,0,0,5,0,11,10.761050999280997,9.247729001799598,13.227258998085745,0.0
1778566601,32,,Aggregated,0.100000,0.000000,18,18,18,18,18,18,18,18,18,18,18,58,0,15,15.92549705172383,8.640778993139975,45.04573601298034,0.0
1778566602,32,POST,chat/long,0.100000,0.000000,18,18,18,18,18,18,18,18,18,18,18,53,0,16,16.41270894346372,8.640778993139975,45.04573601298034,0.0
1778566602,32,POST,chat/medium,0.000000,0.000000,0,0,0,0,0,0,0,0,0,0,0,5,0,11,10.761050999280997,9.247729001799598,13.227258998085745,0.0
1778566602,32,,Aggregated,0.100000,0.000000,18,18,18,18,18,18,18,18,18,18,18,58,0,15,15.92549705172383,8.640778993139975,45.04573601298034,0.0
1778566603,32,POST,chat/long,0.100000,0.000000,0,0,0,0,0,0,0,0,0,0,0,53,0,16,16.41270894346372,8.640778993139975,45.04573601298034,0.0
1778566603,32,POST,chat/medium,0.000000,0.000000,0,0,0,0,0,0,0,0,0,0,0,5,0,11,10.761050999280997,9.247729001799598,13.227258998085745,0.0
1778566603,32,,Aggregated,0.100000,0.000000,0,0,0,0,0,0,0,0,0,0,0,58,0,15,15.92549705172383,8.640778993139975,45.04573601298034,0.0
1778566604,32,POST,chat/long,0.100000,0.000000,0,0,0,0,0,0,0,0,0,0,0,53,0,16,16.41270894346372,8.640778993139975,45.04573601298034,0.0
1778566604,32,POST,chat/medium,0.000000,0.000000,0,0,0,0,0,0,0,0,0,0,0,5,0,11,10.761050999280997,9.247729001799598,13.227258998085745,0.0
1778566604,32,,Aggregated,0.100000,0.000000,0,0,0,0,0,0,0,0,0,0,0,58,0,15,15.92549705172383,8.640778993139975,45.04573601298034,0.0
1778566605,32,POST,chat/long,0.100000,0.000000,0,0,0,0,0,0,0,0,0,0,0,53,0,16,16.41270894346372,8.640778993139975,45.04573601298034,0.0
1778566605,32,POST,chat/medium,0.000000,0.000000,0,0,0,0,0,0,0,0,0,0,0,5,0,11,10.761050999280997,9.247729001799598,13.227258998085745,0.0
1778566605,32,,Aggregated,0.100000,0.000000,0,0,0,0,0,0,0,0,0,0,0,58,0,15,15.92549705172383,8.640778993139975,45.04573601298034,0.0
1778566606,32,POST,chat/long,0.100000,0.000000,0,0,0,0,0,0,0,0,0,0,0,53,0,16,16.41270894346372,8.640778993139975,45.04573601298034,0.0
1778566606,32,POST,chat/medium,0.000000,0.000000,0,0,0,0,0,0,0,0,0,0,0,5,0,11,10.761050999280997,9.247729001799598,13.227258998085745,0.0
1778566606,32,,Aggregated,0.100000,0.000000,0,0,0,0,0,0,0,0,0,0,0,58,0,15,15.92549705172383,8.640778993139975,45.04573601298034,0.0
1778566607,32,POST,chat/long,0.100000,0.000000,0,0,0,0,0,0,0,0,0,0,0,53,0,16,16.41270894346372,8.640778993139975,45.04573601298034,0.0
1778566607,32,POST,chat/medium,0.000000,0.000000,0,0,0,0,0,0,0,0,0,0,0,5,0,11,10.761050999280997,9.247729001799598,13.227258998085745,0.0
1778566607,32,,Aggregated,0.100000,0.000000,0,0,0,0,0,0,0,0,0,0,0,58,0,15,15.92549705172383,8.640778993139975,45.04573601298034,0.0
1778566608,32,POST,chat/long,0.100000,0.000000,0,0,0,0,0,0,0,0,0,0,0,53,0,16,16.41270894346372,8.640778993139975,45.04573601298034,0.0
1778566608,32,POST,chat/medium,0.000000,0.000000,0,0,0,0,0,0,0,0,0,0,0,5,0,11,10.761050999280997,9.247729001799598,13.227258998085745,0.0
1778566608,32,,Aggregated,0.100000,0.000000,0,0,0,0,0,0,0,0,0,0,0,58,0,15,15.92549705172383,8.640778993139975,45.04573601298034,0.0
1778566609,31,POST,chat/long,0.100000,0.000000,9,9,9,9,9,9,9,9,9,9,9,54,0,15,16.284543574362974,8.640778993139975,45.04573601298034,0.0
1778566609,31,POST,chat/medium,0.000000,0.000000,0,0,0,0,0,0,0,0,0,0,0,5,0,11,10.761050999280997,9.247729001799598,13.227258998085745,0.0
1778566609,31,,Aggregated,0.100000,0.000000,9,9,9,9,9,9,9,9,9,9,9,59,0,15,15.816450983254335,8.640778993139975,45.04573601298034,0.0
1778566610,31,POST,chat/long,0.100000,0.000000,9,9,9,9,9,9,9,9,9,9,9,54,0,15,16.284543574362974,8.640778993139975,45.04573601298034,0.0
1778566610,31,POST,chat/medium,0.000000,0.000000,0,0,0,0,0,0,0,0,0,0,0,5,0,11,10.761050999280997,9.247729001799598,13.227258998085745,0.0
1778566610,31,,Aggregated,0.100000,0.000000,9,9,9,9,9,9,9,9,9,9,9,59,0,15,15.816450983254335,8.640778993139975,45.04573601298034,0.0
1778566611,31,POST,chat/long,0.100000,0.000000,9,9,9,9,9,9,9,9,9,9,9,54,0,15,16.284543574362974,8.640778993139975,45.04573601298034,0.0
1778566611,31,POST,chat/medium,0.000000,0.000000,0,0,0,0,0,0,0,0,0,0,0,5,0,11,10.761050999280997,9.247729001799598,13.227258998085745,0.0
1778566611,31,,Aggregated,0.100000,0.000000,9,9,9,9,9,9,9,9,9,9,9,59,0,15,15.816450983254335,8.640778993139975,45.04573601298034,0.0
1778566612,31,POST,chat/long,0.100000,0.000000,9,9,9,9,9,9,9,9,9,9,9,54,0,15,16.284543574362974,8.640778993139975,45.04573601298034,0.0
1778566612,31,POST,chat/medium,0.000000,0.000000,0,0,0,0,0,0,0,0,0,0,0,5,0,11,10.761050999280997,9.247729001799598,13.227258998085745,0.0
1778566612,31,,Aggregated,0.100000,0.000000,9,9,9,9,9,9,9,9,9,9,9,59,0,15,15.816450983254335,8.640778993139975,45.04573601298034,0.0
1778566613,31,POST,chat/long,0.100000,0.000000,0,0,0,0,0,0,0,0,0,0,0,54,0,15,16.284543574362974,8.640778993139975,45.04573601298034,0.0
1778566613,31,POST,chat/medium,0.000000,0.000000,0,0,0,0,0,0,0,0,0,0,0,5,0,11,10.761050999280997,9.247729001799598,13.227258998085745,0.0
1778566613,31,,Aggregated,0.100000,0.000000,0,0,0,0,0,0,0,0,0,0,0,59,0,15,15.816450983254335,8.640778993139975,45.04573601298034,0.0
1778566614,31,POST,chat/long,0.100000,0.000000,0,0,0,0,0,0,0,0,0,0,0,54,0,15,16.284543574362974,8.640778993139975,45.04573601298034,0.0
1778566614,31,POST,chat/medium,0.000000,0.000000,0,0,0,0,0,0,0,0,0,0,0,5,0,11,10.761050999280997,9.247729001799598,13.227258998085745,0.0
1778566614,31,,Aggregated,0.100000,0.000000,0,0,0,0,0,0,0,0,0,0,0,59,0,15,15.816450983254335,8.640778993139975,45.04573601298034,0.0
1778566615,30,POST,chat/long,0.100000,0.000000,0,0,0,0,0,0,0,0,0,0,0,54,0,15,16.284543574362974,8.640778993139975,45.04573601298034,0.0
1778566615,30,POST,chat/medium,0.000000,0.000000,0,0,0,0,0,0,0,0,0,0,0,6,0,11,12.824848832678981,9.247729001799598,23.143837999668904,0.0
1778566615,30,,Aggregated,0.100000,0.000000,23,23,23,23,23,23,23,23,23,23,23,60,0,15,15.938574100194577,8.640778993139975,45.04573601298034,0.0
1778566616,30,POST,chat/long,0.100000,0.000000,0,0,0,0,0,0,0,0,0,0,0,54,0,15,16.284543574362974,8.640778993139975,45.04573601298034,0.0
1778566616,30,POST,chat/medium,0.000000,0.000000,0,0,0,0,0,0,0,0,0,0,0,6,0,11,12.824848832678981,9.247729001799598,23.143837999668904,0.0
1778566616,30,,Aggregated,0.100000,0.000000,23,23,23,23,23,23,23,23,23,23,23,60,0,15,15.938574100194577,8.640778993139975,45.04573601298034,0.0
1778566617,30,POST,chat/long,0.100000,0.000000,0,0,0,0,0,0,0,0,0,0,0,54,0,15,16.284543574362974,8.640778993139975,45.04573601298034,0.0
1778566617,30,POST,chat/medium,0.000000,0.000000,0,0,0,0,0,0,0,0,0,0,0,6,0,11,12.824848832678981,9.247729001799598,23.143837999668904,0.0
1778566617,30,,Aggregated,0.100000,0.000000,23,23,23,23,23,23,23,23,23,23,23,60,0,15,15.938574100194577,8.640778993139975,45.04573601298034,0.0
1778566618,29,POST,chat/long,0.100000,0.000000,0,0,0,0,0,0,0,0,0,0,0,54,0,15,16.284543574362974,8.640778993139975,45.04573601298034,0.0
1778566618,29,POST,chat/medium,0.000000,0.000000,0,0,0,0,0,0,0,0,0,0,0,6,0,11,12.824848832678981,9.247729001799598,23.143837999668904,0.0
1778566618,29,POST,chat/short,0.000000,0.000000,0,0,0,0,0,0,0,0,0,0,0,1,0,8.400438993703574,8.400438993703574,8.400438993703574,8.400438993703574,0.0
1778566618,29,,Aggregated,0.100000,0.000000,23,23,23,23,23,23,23,23,23,23,23,61,0,15,15.814998114842265,8.400438993703574,45.04573601298034,0.0
1778566619,29,POST,chat/long,0.100000,0.000000,0,0,0,0,0,0,0,0,0,0,0,54,0,15,16.284543574362974,8.640778993139975,45.04573601298034,0.0
1778566619,29,POST,chat/medium,0.000000,0.000000,0,0,0,0,0,0,0,0,0,0,0,6,0,11,12.824848832678981,9.247729001799598,23.143837999668904,0.0
1778566619,29,POST,chat/short,0.000000,0.000000,0,0,0,0,0,0,0,0,0,0,0,1,0,8.400438993703574,8.400438993703574,8.400438993703574,8.400438993703574,0.0
1778566619,29,,Aggregated,0.100000,0.000000,23,23,23,23,23,23,23,23,23,23,23,61,0,15,15.814998114842265,8.400438993703574,45.04573601298034,0.0
1778566620,29,POST,chat/long,0.100000,0.000000,0,0,0,0,0,0,0,0,0,0,0,54,0,15,16.284543574362974,8.640778993139975,45.04573601298034,0.0
1778566620,29,POST,chat/medium,0.000000,0.000000,0,0,0,0,0,0,0,0,0,0,0,6,0,11,12.824848832678981,9.247729001799598,23.143837999668904,0.0
1778566620,29,POST,chat/short,0.000000,0.000000,0,0,0,0,0,0,0,0,0,0,0,1,0,8.400438993703574,8.400438993703574,8.400438993703574,8.400438993703574,0.0
1778566620,29,,Aggregated,0.100000,0.000000,23,23,23,23,23,23,23,23,23,23,23,61,0,15,15.814998114842265,8.400438993703574,45.04573601298034,0.0
1778566621,29,POST,chat/long,0.100000,0.000000,0,0,0,0,0,0,0,0,0,0,0,54,0,15,16.284543574362974,8.640778993139975,45.04573601298034,0.0
1778566621,29,POST,chat/medium,0.000000,0.000000,0,0,0,0,0,0,0,0,0,0,0,6,0,11,12.824848832678981,9.247729001799598,23.143837999668904,0.0
1778566621,29,POST,chat/short,0.000000,0.000000,0,0,0,0,0,0,0,0,0,0,0,1,0,8.400438993703574,8.400438993703574,8.400438993703574,8.400438993703574,0.0
1778566621,29,,Aggregated,0.100000,0.000000,8,8,8,8,8,8,8,8,8,8,8,61,0,15,15.814998114842265,8.400438993703574,45.04573601298034,0.0
1778566622,29,POST,chat/long,0.100000,0.000000,0,0,0,0,0,0,0,0,0,0,0,54,0,15,16.284543574362974,8.640778993139975,45.04573601298034,0.0
1778566622,29,POST,chat/medium,0.000000,0.000000,0,0,0,0,0,0,0,0,0,0,0,6,0,11,12.824848832678981,9.247729001799598,23.143837999668904,0.0
1778566622,29,POST,chat/short,0.000000,0.000000,0,0,0,0,0,0,0,0,0,0,0,1,0,8.400438993703574,8.400438993703574,8.400438993703574,8.400438993703574,0.0
1778566622,29,,Aggregated,0.100000,0.000000,8,8,8,8,8,8,8,8,8,8,8,61,0,15,15.814998114842265,8.400438993703574,45.04573601298034,0.0
1778566623,29,POST,chat/long,0.100000,0.000000,0,0,0,0,0,0,0,0,0,0,0,54,0,15,16.284543574362974,8.640778993139975,45.04573601298034,0.0
1778566623,29,POST,chat/medium,0.000000,0.000000,0,0,0,0,0,0,0,0,0,0,0,6,0,11,12.824848832678981,9.247729001799598,23.143837999668904,0.0
1778566623,29,POST,chat/short,0.000000,0.000000,0,0,0,0,0,0,0,0,0,0,0,1,0,8.400438993703574,8.400438993703574,8.400438993703574,8.400438993703574,0.0
1778566623,29,,Aggregated,0.100000,0.000000,8,8,8,8,8,8,8,8,8,8,8,61,0,15,15.814998114842265,8.400438993703574,45.04573601298034,0.0
1778566624,29,POST,chat/long,0.100000,0.000000,0,0,0,0,0,0,0,0,0,0,0,54,0,15,16.284543574362974,8.640778993139975,45.04573601298034,0.0
1778566624,29,POST,chat/medium,0.000000,0.000000,0,0,0,0,0,0,0,0,0,0,0,6,0,11,12.824848832678981,9.247729001799598,23.143837999668904,0.0
1778566624,29,POST,chat/short,0.000000,0.000000,0,0,0,0,0,0,0,0,0,0,0,1,0,8.400438993703574,8.400438993703574,8.400438993703574,8.400438993703574,0.0
1778566624,29,,Aggregated,0.100000,0.000000,8,8,8,8,8,8,8,8,8,8,8,61,0,15,15.814998114842265,8.400438993703574,45.04573601298034,0.0
1778566625,29,POST,chat/long,0.100000,0.000000,0,0,0,0,0,0,0,0,0,0,0,54,0,15,16.284543574362974,8.640778993139975,45.04573601298034,0.0
1778566625,29,POST,chat/medium,0.000000,0.000000,0,0,0,0,0,0,0,0,0,0,0,6,0,11,12.824848832678981,9.247729001799598,23.143837999668904,0.0
1778566625,29,POST,chat/short,0.000000,0.000000,0,0,0,0,0,0,0,0,0,0,0,1,0,8.400438993703574,8.400438993703574,8.400438993703574,8.400438993703574,0.0
1778566625,29,,Aggregated,0.100000,0.000000,0,0,0,0,0,0,0,0,0,0,0,61,0,15,15.814998114842265,8.400438993703574,45.04573601298034,0.0
1778566626,29,POST,chat/long,0.100000,0.000000,0,0,0,0,0,0,0,0,0,0,0,54,0,15,16.284543574362974,8.640778993139975,45.04573601298034,0.0
1778566626,29,POST,chat/medium,0.000000,0.000000,0,0,0,0,0,0,0,0,0,0,0,6,0,11,12.824848832678981,9.247729001799598,23.143837999668904,0.0
1778566626,29,POST,chat/short,0.000000,0.000000,0,0,0,0,0,0,0,0,0,0,0,1,0,8.400438993703574,8.400438993703574,8.400438993703574,8.400438993703574,0.0
1778566626,29,,Aggregated,0.100000,0.000000,0,0,0,0,0,0,0,0,0,0,0,61,0,15,15.814998114842265,8.400438993703574,45.04573601298034,0.0
1778566627,28,POST,chat/long,0.000000,0.000000,0,0,0,0,0,0,0,0,0,0,0,55,0,16,16.508321836590767,8.640778993139975,45.04573601298034,0.0
1778566627,28,POST,chat/medium,0.100000,0.000000,0,0,0,0,0,0,0,0,0,0,0,6,0,11,12.824848832678981,9.247729001799598,23.143837999668904,0.0
1778566627,28,POST,chat/short,0.100000,0.000000,8,8,8,8,8,8,8,8,8,8,8,1,0,8.400438993703574,8.400438993703574,8.400438993703574,8.400438993703574,0.0
1778566627,28,,Aggregated,0.200000,0.000000,29,29,29,29,29,29,29,29,29,29,29,62,0,15,16.021084403262414,8.400438993703574,45.04573601298034,0.0
1778566628,28,POST,chat/long,0.000000,0.000000,0,0,0,0,0,0,0,0,0,0,0,55,0,16,16.508321836590767,8.640778993139975,45.04573601298034,0.0
1778566628,28,POST,chat/medium,0.100000,0.000000,0,0,0,0,0,0,0,0,0,0,0,6,0,11,12.824848832678981,9.247729001799598,23.143837999668904,0.0
1778566628,28,POST,chat/short,0.100000,0.000000,8,8,8,8,8,8,8,8,8,8,8,1,0,8.400438993703574,8.400438993703574,8.400438993703574,8.400438993703574,0.0
1778566628,28,,Aggregated,0.200000,0.000000,29,29,29,29,29,29,29,29,29,29,29,62,0,15,16.021084403262414,8.400438993703574,45.04573601298034,0.0
1778566629,28,POST,chat/long,0.000000,0.000000,0,0,0,0,0,0,0,0,0,0,0,55,0,16,16.508321836590767,8.640778993139975,45.04573601298034,0.0
1778566629,28,POST,chat/medium,0.100000,0.000000,0,0,0,0,0,0,0,0,0,0,0,6,0,11,12.824848832678981,9.247729001799598,23.143837999668904,0.0
1778566629,28,POST,chat/short,0.100000,0.000000,8,8,8,8,8,8,8,8,8,8,8,1,0,8.400438993703574,8.400438993703574,8.400438993703574,8.400438993703574,0.0
1778566629,28,,Aggregated,0.200000,0.000000,29,29,29,29,29,29,29,29,29,29,29,62,0,15,16.021084403262414,8.400438993703574,45.04573601298034,0.0
1778566630,28,POST,chat/long,0.000000,0.000000,0,0,0,0,0,0,0,0,0,0,0,55,0,16,16.508321836590767,8.640778993139975,45.04573601298034,0.0
1778566630,28,POST,chat/medium,0.100000,0.000000,0,0,0,0,0,0,0,0,0,0,0,6,0,11,12.824848832678981,9.247729001799598,23.143837999668904,0.0
1778566630,28,POST,chat/short,0.100000,0.000000,8,8,8,8,8,8,8,8,8,8,8,1,0,8.400438993703574,8.400438993703574,8.400438993703574,8.400438993703574,0.0
1778566630,28,,Aggregated,0.200000,0.000000,29,29,29,29,29,29,29,29,29,29,29,62,0,15,16.021084403262414,8.400438993703574,45.04573601298034,0.0
1778566631,28,POST,chat/long,0.000000,0.000000,0,0,0,0,0,0,0,0,0,0,0,55,0,16,16.508321836590767,8.640778993139975,45.04573601298034,0.0
1778566631,28,POST,chat/medium,0.100000,0.000000,0,0,0,0,0,0,0,0,0,0,0,6,0,11,12.824848832678981,9.247729001799598,23.143837999668904,0.0
1778566631,28,POST,chat/short,0.100000,0.000000,8,8,8,8,8,8,8,8,8,8,8,1,0,8.400438993703574,8.400438993703574,8.400438993703574,8.400438993703574,0.0
1778566631,28,,Aggregated,0.200000,0.000000,0,0,0,0,0,0,0,0,0,0,0,62,0,15,16.021084403262414,8.400438993703574,45.04573601298034,0.0
1778566632,28,POST,chat/long,0.000000,0.000000,0,0,0,0,0,0,0,0,0,0,0,55,0,16,16.508321836590767,8.640778993139975,45.04573601298034,0.0
1778566632,28,POST,chat/medium,0.100000,0.000000,0,0,0,0,0,0,0,0,0,0,0,6,0,11,12.824848832678981,9.247729001799598,23.143837999668904,0.0
1778566632,28,POST,chat/short,0.100000,0.000000,8,8,8,8,8,8,8,8,8,8,8,1,0,8.400438993703574,8.400438993703574,8.400438993703574,8.400438993703574,0.0
1778566632,28,,Aggregated,0.200000,0.000000,0,0,0,0,0,0,0,0,0,0,0,62,0,15,16.021084403262414,8.400438993703574,45.04573601298034,0.0
1778566633,26,POST,chat/long,0.100000,0.000000,21,21,21,21,21,21,21,21,21,21,21,57,0,16,16.489462070718506,8.640778993139975,45.04573601298034,0.0
1778566633,26,POST,chat/medium,0.000000,0.000000,0,0,0,0,0,0,0,0,0,0,0,6,0,11,12.824848832678981,9.247729001799598,23.143837999668904,0.0
1778566633,26,POST,chat/short,0.000000,0.000000,8,8,8,8,8,8,8,8,8,8,8,1,0,8.400438993703574,8.400438993703574,8.400438993703574,8.400438993703574,0.0
1778566633,26,,Aggregated,0.100000,0.000000,21,21,21,21,21,21,21,21,21,21,21,64,0,15,16.019513594073942,8.400438993703574,45.04573601298034,0.0
1778566634,26,POST,chat/long,0.100000,0.000000,21,21,21,21,21,21,21,21,21,21,21,57,0,16,16.489462070718506,8.640778993139975,45.04573601298034,0.0
1778566634,26,POST,chat/medium,0.000000,0.000000,0,0,0,0,0,0,0,0,0,0,0,6,0,11,12.824848832678981,9.247729001799598,23.143837999668904,0.0
1778566634,26,POST,chat/short,0.000000,0.000000,8,8,8,8,8,8,8,8,8,8,8,1,0,8.400438993703574,8.400438993703574,8.400438993703574,8.400438993703574,0.0
1778566634,26,,Aggregated,0.100000,0.000000,21,21,21,21,21,21,21,21,21,21,21,64,0,15,16.019513594073942,8.400438993703574,45.04573601298034,0.0
1778566635,26,POST,chat/long,0.100000,0.000000,21,21,21,21,21,21,21,21,21,21,21,57,0,16,16.489462070718506,8.640778993139975,45.04573601298034,0.0
1778566635,26,POST,chat/medium,0.000000,0.000000,0,0,0,0,0,0,0,0,0,0,0,6,0,11,12.824848832678981,9.247729001799598,23.143837999668904,0.0
1778566635,26,POST,chat/short,0.000000,0.000000,8,8,8,8,8,8,8,8,8,8,8,1,0,8.400438993703574,8.400438993703574,8.400438993703574,8.400438993703574,0.0
1778566635,26,,Aggregated,0.100000,0.000000,21,21,21,21,21,21,21,21,21,21,21,64,0,15,16.019513594073942,8.400438993703574,45.04573601298034,0.0
1778566636,26,POST,chat/long,0.100000,0.000000,21,21,21,21,21,21,21,21,21,21,21,57,0,16,16.489462070718506,8.640778993139975,45.04573601298034,0.0
1778566636,26,POST,chat/medium,0.000000,0.000000,0,0,0,0,0,0,0,0,0,0,0,6,0,11,12.824848832678981,9.247729001799598,23.143837999668904,0.0
1778566636,26,POST,chat/short,0.000000,0.000000,0,0,0,0,0,0,0,0,0,0,0,1,0,8.400438993703574,8.400438993703574,8.400438993703574,8.400438993703574,0.0
1778566636,26,,Aggregated,0.100000,0.000000,21,21,21,21,21,21,21,21,21,21,21,64,0,15,16.019513594073942,8.400438993703574,45.04573601298034,0.0
1778566637,26,POST,chat/long,0.100000,0.000000,21,21,21,21,21,21,21,21,21,21,21,57,0,16,16.489462070718506,8.640778993139975,45.04573601298034,0.0
1778566637,26,POST,chat/medium,0.000000,0.000000,0,0,0,0,0,0,0,0,0,0,0,6,0,11,12.824848832678981,9.247729001799598,23.143837999668904,0.0
1778566637,26,POST,chat/short,0.000000,0.000000,0,0,0,0,0,0,0,0,0,0,0,1,0,8.400438993703574,8.400438993703574,8.400438993703574,8.400438993703574,0.0
1778566637,26,,Aggregated,0.100000,0.000000,21,21,21,21,21,21,21,21,21,21,21,64,0,15,16.019513594073942,8.400438993703574,45.04573601298034,0.0
1778566638,26,POST,chat/long,0.100000,0.000000,21,21,21,21,21,21,21,21,21,21,21,57,0,16,16.489462070718506,8.640778993139975,45.04573601298034,0.0
1778566638,26,POST,chat/medium,0.000000,0.000000,0,0,0,0,0,0,0,0,0,0,0,6,0,11,12.824848832678981,9.247729001799598,23.143837999668904,0.0
1778566638,26,POST,chat/short,0.000000,0.000000,0,0,0,0,0,0,0,0,0,0,0,1,0,8.400438993703574,8.400438993703574,8.400438993703574,8.400438993703574,0.0
1778566638,26,,Aggregated,0.100000,0.000000,21,21,21,21,21,21,21,21,21,21,21,64,0,15,16.019513594073942,8.400438993703574,45.04573601298034,0.0
1778566639,26,POST,chat/long,0.100000,0.000000,0,0,0,0,0,0,0,0,0,0,0,57,0,16,16.489462070718506,8.640778993139975,45.04573601298034,0.0
1778566639,26,POST,chat/medium,0.000000,0.000000,0,0,0,0,0,0,0,0,0,0,0,6,0,11,12.824848832678981,9.247729001799598,23.143837999668904,0.0
1778566639,26,POST,chat/short,0.000000,0.000000,0,0,0,0,0,0,0,0,0,0,0,1,0,8.400438993703574,8.400438993703574,8.400438993703574,8.400438993703574,0.0
1778566639,26,,Aggregated,0.100000,0.000000,0,0,0,0,0,0,0,0,0,0,0,64,0,15,16.019513594073942,8.400438993703574,45.04573601298034,0.0
1778566640,26,POST,chat/long,0.100000,0.000000,0,0,0,0,0,0,0,0,0,0,0,57,0,16,16.489462070718506,8.640778993139975,45.04573601298034,0.0
1778566640,26,POST,chat/medium,0.000000,0.000000,0,0,0,0,0,0,0,0,0,0,0,6,0,11,12.824848832678981,9.247729001799598,23.143837999668904,0.0
1778566640,26,POST,chat/short,0.000000,0.000000,0,0,0,0,0,0,0,0,0,0,0,1,0,8.400438993703574,8.400438993703574,8.400438993703574,8.400438993703574,0.0
1778566640,26,,Aggregated,0.100000,0.000000,0,0,0,0,0,0,0,0,0,0,0,64,0,15,16.019513594073942,8.400438993703574,45.04573601298034,0.0
1778566641,26,POST,chat/long,0.100000,0.000000,0,0,0,0,0,0,0,0,0,0,0,57,0,16,16.489462070718506,8.640778993139975,45.04573601298034,0.0
1778566641,26,POST,chat/medium,0.000000,0.000000,0,0,0,0,0,0,0,0,0,0,0,6,0,11,12.824848832678981,9.247729001799598,23.143837999668904,0.0
1778566641,26,POST,chat/short,0.000000,0.000000,0,0,0,0,0,0,0,0,0,0,0,1,0,8.400438993703574,8.400438993703574,8.400438993703574,8.400438993703574,0.0
1778566641,26,,Aggregated,0.100000,0.000000,0,0,0,0,0,0,0,0,0,0,0,64,0,15,16.019513594073942,8.400438993703574,45.04573601298034,0.0
1778566642,26,POST,chat/long,0.100000,0.000000,0,0,0,0,0,0,0,0,0,0,0,57,0,16,16.489462070718506,8.640778993139975,45.04573601298034,0.0
1778566642,26,POST,chat/medium,0.000000,0.000000,0,0,0,0,0,0,0,0,0,0,0,6,0,11,12.824848832678981,9.247729001799598,23.143837999668904,0.0
1778566642,26,POST,chat/short,0.000000,0.000000,0,0,0,0,0,0,0,0,0,0,0,1,0,8.400438993703574,8.400438993703574,8.400438993703574,8.400438993703574,0.0
1778566642,26,,Aggregated,0.100000,0.000000,0,0,0,0,0,0,0,0,0,0,0,64,0,15,16.019513594073942,8.400438993703574,45.04573601298034,0.0
1778566643,26,POST,chat/long,0.100000,0.000000,0,0,0,0,0,0,0,0,0,0,0,57,0,16,16.489462070718506,8.640778993139975,45.04573601298034,0.0
1778566643,26,POST,chat/medium,0.000000,0.000000,0,0,0,0,0,0,0,0,0,0,0,6,0,11,12.824848832678981,9.247729001799598,23.143837999668904,0.0
1778566643,26,POST,chat/short,0.000000,0.000000,0,0,0,0,0,0,0,0,0,0,0,1,0,8.400438993703574,8.400438993703574,8.400438993703574,8.400438993703574,0.0
1778566643,26,,Aggregated,0.100000,0.000000,0,0,0,0,0,0,0,0,0,0,0,64,0,15,16.019513594073942,8.400438993703574,45.04573601298034,0.0
1778566644,26,POST,chat/long,0.100000,0.000000,0,0,0,0,0,0,0,0,0,0,0,57,0,16,16.489462070718506,8.640778993139975,45.04573601298034,0.0
1778566644,26,POST,chat/medium,0.000000,0.000000,0,0,0,0,0,0,0,0,0,0,0,6,0,11,12.824848832678981,9.247729001799598,23.143837999668904,0.0
1778566644,26,POST,chat/short,0.000000,0.000000,0,0,0,0,0,0,0,0,0,0,0,1,0,8.400438993703574,8.400438993703574,8.400438993703574,8.400438993703574,0.0
1778566644,26,,Aggregated,0.100000,0.000000,0,0,0,0,0,0,0,0,0,0,0,64,0,15,16.019513594073942,8.400438993703574,45.04573601298034,0.0
1778566645,26,POST,chat/long,0.100000,0.000000,0,0,0,0,0,0,0,0,0,0,0,57,0,16,16.489462070718506,8.640778993139975,45.04573601298034,0.0
1778566645,26,POST,chat/medium,0.000000,0.000000,0,0,0,0,0,0,0,0,0,0,0,6,0,11,12.824848832678981,9.247729001799598,23.143837999668904,0.0
1778566645,26,POST,chat/short,0.000000,0.000000,0,0,0,0,0,0,0,0,0,0,0,1,0,8.400438993703574,8.400438993703574,8.400438993703574,8.400438993703574,0.0
1778566645,26,,Aggregated,0.100000,0.000000,0,0,0,0,0,0,0,0,0,0,0,64,0,15,16.019513594073942,8.400438993703574,45.04573601298034,0.0
1778566646,26,POST,chat/long,0.100000,0.000000,0,0,0,0,0,0,0,0,0,0,0,57,0,16,16.489462070718506,8.640778993139975,45.04573601298034,0.0
1778566646,26,POST,chat/medium,0.000000,0.000000,0,0,0,0,0,0,0,0,0,0,0,6,0,11,12.824848832678981,9.247729001799598,23.143837999668904,0.0
1778566646,26,POST,chat/short,0.000000,0.000000,0,0,0,0,0,0,0,0,0,0,0,1,0,8.400438993703574,8.400438993703574,8.400438993703574,8.400438993703574,0.0
1778566646,26,,Aggregated,0.100000,0.000000,0,0,0,0,0,0,0,0,0,0,0,64,0,15,16.019513594073942,8.400438993703574,45.04573601298034,0.0
1778566647,26,POST,chat/long,0.100000,0.000000,0,0,0,0,0,0,0,0,0,0,0,57,0,16,16.489462070718506,8.640778993139975,45.04573601298034,0.0
1778566647,26,POST,chat/medium,0.000000,0.000000,0,0,0,0,0,0,0,0,0,0,0,6,0,11,12.824848832678981,9.247729001799598,23.143837999668904,0.0
1778566647,26,POST,chat/short,0.000000,0.000000,0,0,0,0,0,0,0,0,0,0,0,1,0,8.400438993703574,8.400438993703574,8.400438993703574,8.400438993703574,0.0
1778566647,26,,Aggregated,0.100000,0.000000,0,0,0,0,0,0,0,0,0,0,0,64,0,15,16.019513594073942,8.400438993703574,45.04573601298034,0.0
1778566648,26,POST,chat/long,0.100000,0.000000,0,0,0,0,0,0,0,0,0,0,0,57,0,16,16.489462070718506,8.640778993139975,45.04573601298034,0.0
1778566648,26,POST,chat/medium,0.000000,0.000000,0,0,0,0,0,0,0,0,0,0,0,6,0,11,12.824848832678981,9.247729001799598,23.143837999668904,0.0
1778566648,26,POST,chat/short,0.000000,0.000000,0,0,0,0,0,0,0,0,0,0,0,1,0,8.400438993703574,8.400438993703574,8.400438993703574,8.400438993703574,0.0
1778566648,26,,Aggregated,0.100000,0.000000,0,0,0,0,0,0,0,0,0,0,0,64,0,15,16.019513594073942,8.400438993703574,45.04573601298034,0.0
1778566649,26,POST,chat/long,0.100000,0.000000,0,0,0,0,0,0,0,0,0,0,0,57,0,16,16.489462070718506,8.640778993139975,45.04573601298034,0.0
1778566649,26,POST,chat/medium,0.000000,0.000000,0,0,0,0,0,0,0,0,0,0,0,6,0,11,12.824848832678981,9.247729001799598,23.143837999668904,0.0
1778566649,26,POST,chat/short,0.000000,0.000000,0,0,0,0,0,0,0,0,0,0,0,1,0,8.400438993703574,8.400438993703574,8.400438993703574,8.400438993703574,0.0
1778566649,26,,Aggregated,0.100000,0.000000,0,0,0,0,0,0,0,0,0,0,0,64,0,15,16.019513594073942,8.400438993703574,45.04573601298034,0.0
1778566650,26,POST,chat/long,0.100000,0.000000,0,0,0,0,0,0,0,0,0,0,0,57,0,16,16.489462070718506,8.640778993139975,45.04573601298034,0.0
1778566650,26,POST,chat/medium,0.000000,0.000000,0,0,0,0,0,0,0,0,0,0,0,6,0,11,12.824848832678981,9.247729001799598,23.143837999668904,0.0
1778566650,26,POST,chat/short,0.000000,0.000000,0,0,0,0,0,0,0,0,0,0,0,1,0,8.400438993703574,8.400438993703574,8.400438993703574,8.400438993703574,0.0
1778566650,26,,Aggregated,0.100000,0.000000,0,0,0,0,0,0,0,0,0,0,0,64,0,15,16.019513594073942,8.400438993703574,45.04573601298034,0.0
1778566651,26,POST,chat/long,0.100000,0.000000,0,0,0,0,0,0,0,0,0,0,0,57,0,16,16.489462070718506,8.640778993139975,45.04573601298034,0.0
1778566651,26,POST,chat/medium,0.000000,0.000000,0,0,0,0,0,0,0,0,0,0,0,6,0,11,12.824848832678981,9.247729001799598,23.143837999668904,0.0
1778566651,26,POST,chat/short,0.000000,0.000000,0,0,0,0,0,0,0,0,0,0,0,1,0,8.400438993703574,8.400438993703574,8.400438993703574,8.400438993703574,0.0
1778566651,26,,Aggregated,0.100000,0.000000,0,0,0,0,0,0,0,0,0,0,0,64,0,15,16.019513594073942,8.400438993703574,45.04573601298034,0.0
1778566652,26,POST,chat/long,0.100000,0.000000,0,0,0,0,0,0,0,0,0,0,0,57,0,16,16.489462070718506,8.640778993139975,45.04573601298034,0.0
1778566652,26,POST,chat/medium,0.000000,0.000000,0,0,0,0,0,0,0,0,0,0,0,6,0,11,12.824848832678981,9.247729001799598,23.143837999668904,0.0
1778566652,26,POST,chat/short,0.000000,0.000000,0,0,0,0,0,0,0,0,0,0,0,1,0,8.400438993703574,8.400438993703574,8.400438993703574,8.400438993703574,0.0
1778566652,26,,Aggregated,0.100000,0.000000,0,0,0,0,0,0,0,0,0,0,0,64,0,15,16.019513594073942,8.400438993703574,45.04573601298034,0.0
1778566653,26,POST,chat/long,0.100000,0.000000,0,0,0,0,0,0,0,0,0,0,0,57,0,16,16.489462070718506,8.640778993139975,45.04573601298034,0.0
1778566653,26,POST,chat/medium,0.000000,0.000000,0,0,0,0,0,0,0,0,0,0,0,6,0,11,12.824848832678981,9.247729001799598,23.143837999668904,0.0
1778566653,26,POST,chat/short,0.000000,0.000000,0,0,0,0,0,0,0,0,0,0,0,1,0,8.400438993703574,8.400438993703574,8.400438993703574,8.400438993703574,0.0
1778566653,26,,Aggregated,0.100000,0.000000,0,0,0,0,0,0,0,0,0,0,0,64,0,15,16.019513594073942,8.400438993703574,45.04573601298034,0.0
1778566654,26,POST,chat/long,0.100000,0.000000,0,0,0,0,0,0,0,0,0,0,0,57,0,16,16.489462070718506,8.640778993139975,45.04573601298034,0.0
1778566654,26,POST,chat/medium,0.000000,0.000000,0,0,0,0,0,0,0,0,0,0,0,6,0,11,12.824848832678981,9.247729001799598,23.143837999668904,0.0
1778566654,26,POST,chat/short,0.000000,0.000000,0,0,0,0,0,0,0,0,0,0,0,1,0,8.400438993703574,8.400438993703574,8.400438993703574,8.400438993703574,0.0
1778566654,26,,Aggregated,0.100000,0.000000,0,0,0,0,0,0,0,0,0,0,0,64,0,15,16.019513594073942,8.400438993703574,45.04573601298034,0.0
1778566655,26,POST,chat/long,0.100000,0.000000,0,0,0,0,0,0,0,0,0,0,0,57,0,16,16.489462070718506,8.640778993139975,45.04573601298034,0.0
1778566655,26,POST,chat/medium,0.000000,0.000000,0,0,0,0,0,0,0,0,0,0,0,6,0,11,12.824848832678981,9.247729001799598,23.143837999668904,0.0
1778566655,26,POST,chat/short,0.000000,0.000000,0,0,0,0,0,0,0,0,0,0,0,1,0,8.400438993703574,8.400438993703574,8.400438993703574,8.400438993703574,0.0
1778566655,26,,Aggregated,0.100000,0.000000,0,0,0,0,0,0,0,0,0,0,0,64,0,15,16.019513594073942,8.400438993703574,45.04573601298034,0.0
1778566656,26,POST,chat/long,0.100000,0.000000,0,0,0,0,0,0,0,0,0,0,0,57,0,16,16.489462070718506,8.640778993139975,45.04573601298034,0.0
1778566656,26,POST,chat/medium,0.000000,0.000000,0,0,0,0,0,0,0,0,0,0,0,6,0,11,12.824848832678981,9.247729001799598,23.143837999668904,0.0
1778566656,26,POST,chat/short,0.000000,0.000000,0,0,0,0,0,0,0,0,0,0,0,1,0,8.400438993703574,8.400438993703574,8.400438993703574,8.400438993703574,0.0
1778566656,26,,Aggregated,0.100000,0.000000,0,0,0,0,0,0,0,0,0,0,0,64,0,15,16.019513594073942,8.400438993703574,45.04573601298034,0.0
1778566657,26,POST,chat/long,0.100000,0.000000,0,0,0,0,0,0,0,0,0,0,0,57,0,16,16.489462070718506,8.640778993139975,45.04573601298034,0.0
1778566657,26,POST,chat/medium,0.000000,0.000000,0,0,0,0,0,0,0,0,0,0,0,6,0,11,12.824848832678981,9.247729001799598,23.143837999668904,0.0
1778566657,26,POST,chat/short,0.000000,0.000000,0,0,0,0,0,0,0,0,0,0,0,1,0,8.400438993703574,8.400438993703574,8.400438993703574,8.400438993703574,0.0
1778566657,26,,Aggregated,0.100000,0.000000,0,0,0,0,0,0,0,0,0,0,0,64,0,15,16.019513594073942,8.400438993703574,45.04573601298034,0.0
1778566658,26,POST,chat/long,0.100000,0.000000,0,0,0,0,0,0,0,0,0,0,0,57,0,16,16.489462070718506,8.640778993139975,45.04573601298034,0.0
1778566658,26,POST,chat/medium,0.000000,0.000000,0,0,0,0,0,0,0,0,0,0,0,6,0,11,12.824848832678981,9.247729001799598,23.143837999668904,0.0
1778566658,26,POST,chat/short,0.000000,0.000000,0,0,0,0,0,0,0,0,0,0,0,1,0,8.400438993703574,8.400438993703574,8.400438993703574,8.400438993703574,0.0
1778566658,26,,Aggregated,0.100000,0.000000,0,0,0,0,0,0,0,0,0,0,0,64,0,15,16.019513594073942,8.400438993703574,45.04573601298034,0.0
1778566659,26,POST,chat/long,0.100000,0.000000,0,0,0,0,0,0,0,0,0,0,0,57,0,16,16.489462070718506,8.640778993139975,45.04573601298034,0.0
1778566659,26,POST,chat/medium,0.000000,0.000000,0,0,0,0,0,0,0,0,0,0,0,6,0,11,12.824848832678981,9.247729001799598,23.143837999668904,0.0
1778566659,26,POST,chat/short,0.000000,0.000000,0,0,0,0,0,0,0,0,0,0,0,1,0,8.400438993703574,8.400438993703574,8.400438993703574,8.400438993703574,0.0
1778566659,26,,Aggregated,0.100000,0.000000,0,0,0,0,0,0,0,0,0,0,0,64,0,15,16.019513594073942,8.400438993703574,45.04573601298034,0.0
1778566660,26,POST,chat/long,0.100000,0.000000,0,0,0,0,0,0,0,0,0,0,0,57,0,16,16.489462070718506,8.640778993139975,45.04573601298034,0.0
1778566660,26,POST,chat/medium,0.000000,0.000000,0,0,0,0,0,0,0,0,0,0,0,6,0,11,12.824848832678981,9.247729001799598,23.143837999668904,0.0
1778566660,26,POST,chat/short,0.000000,0.000000,0,0,0,0,0,0,0,0,0,0,0,1,0,8.400438993703574,8.400438993703574,8.400438993703574,8.400438993703574,0.0
1778566660,26,,Aggregated,0.100000,0.000000,0,0,0,0,0,0,0,0,0,0,0,64,0,15,16.019513594073942,8.400438993703574,45.04573601298034,0.0
1778566661,26,POST,chat/long,0.100000,0.000000,0,0,0,0,0,0,0,0,0,0,0,57,0,16,16.489462070718506,8.640778993139975,45.04573601298034,0.0
1778566661,26,POST,chat/medium,0.000000,0.000000,0,0,0,0,0,0,0,0,0,0,0,6,0,11,12.824848832678981,9.247729001799598,23.143837999668904,0.0
1778566661,26,POST,chat/short,0.000000,0.000000,0,0,0,0,0,0,0,0,0,0,0,1,0,8.400438993703574,8.400438993703574,8.400438993703574,8.400438993703574,0.0
1778566661,26,,Aggregated,0.100000,0.000000,0,0,0,0,0,0,0,0,0,0,0,64,0,15,16.019513594073942,8.400438993703574,45.04573601298034,0.0
1778566662,26,POST,chat/long,0.100000,0.000000,0,0,0,0,0,0,0,0,0,0,0,57,0,16,16.489462070718506,8.640778993139975,45.04573601298034,0.0
1778566662,26,POST,chat/medium,0.000000,0.000000,0,0,0,0,0,0,0,0,0,0,0,6,0,11,12.824848832678981,9.247729001799598,23.143837999668904,0.0
1778566662,26,POST,chat/short,0.000000,0.000000,0,0,0,0,0,0,0,0,0,0,0,1,0,8.400438993703574,8.400438993703574,8.400438993703574,8.400438993703574,0.0
1778566662,26,,Aggregated,0.100000,0.000000,0,0,0,0,0,0,0,0,0,0,0,64,0,15,16.019513594073942,8.400438993703574,45.04573601298034,0.0
1778566663,25,POST,chat/long,0.000000,0.000000,0,0,0,0,0,0,0,0,0,0,0,58,0,15,16.46888596612904,8.640778993139975,45.04573601298034,0.0
1778566663,25,POST,chat/medium,0.000000,0.000000,0,0,0,0,0,0,0,0,0,0,0,6,0,11,12.824848832678981,9.247729001799598,23.143837999668904,0.0
1778566663,25,POST,chat/short,0.000000,0.000000,0,0,0,0,0,0,0,0,0,0,0,1,0,8.400438993703574,8.400438993703574,8.400438993703574,8.400438993703574,0.0
1778566663,25,,Aggregated,0.000000,0.000000,0,0,0,0,0,0,0,0,0,0,0,65,0,15,16.008383354234795,8.400438993703574,45.04573601298034,0.0
1778566664,25,POST,chat/long,0.000000,0.000000,0,0,0,0,0,0,0,0,0,0,0,58,0,15,16.46888596612904,8.640778993139975,45.04573601298034,0.0
1778566664,25,POST,chat/medium,0.000000,0.000000,0,0,0,0,0,0,0,0,0,0,0,6,0,11,12.824848832678981,9.247729001799598,23.143837999668904,0.0
1778566664,25,POST,chat/short,0.000000,0.000000,0,0,0,0,0,0,0,0,0,0,0,1,0,8.400438993703574,8.400438993703574,8.400438993703574,8.400438993703574,0.0
1778566664,25,,Aggregated,0.000000,0.000000,0,0,0,0,0,0,0,0,0,0,0,65,0,15,16.008383354234795,8.400438993703574,45.04573601298034,0.0
1778566665,25,POST,chat/long,0.000000,0.000000,0,0,0,0,0,0,0,0,0,0,0,58,0,15,16.46888596612904,8.640778993139975,45.04573601298034,0.0
1778566665,25,POST,chat/medium,0.000000,0.000000,0,0,0,0,0,0,0,0,0,0,0,6,0,11,12.824848832678981,9.247729001799598,23.143837999668904,0.0
1778566665,25,POST,chat/short,0.000000,0.000000,0,0,0,0,0,0,0,0,0,0,0,1,0,8.400438993703574,8.400438993703574,8.400438993703574,8.400438993703574,0.0
1778566665,25,,Aggregated,0.000000,0.000000,0,0,0,0,0,0,0,0,0,0,0,65,0,15,16.008383354234795,8.400438993703574,45.04573601298034,0.0
1778566666,24,POST,chat/long,0.100000,0.000000,10,10,10,10,10,10,10,10,10,10,10,59,0,15,16.361321102368045,8.640778993139975,45.04573601298034,0.0
1778566666,24,POST,chat/medium,0.000000,0.000000,0,0,0,0,0,0,0,0,0,0,0,6,0,11,12.824848832678981,9.247729001799598,23.143837999668904,0.0
1778566666,24,POST,chat/short,0.000000,0.000000,0,0,0,0,0,0,0,0,0,0,0,1,0,8.400438993703574,8.400438993703574,8.400438993703574,8.400438993703574,0.0
1778566666,24,,Aggregated,0.100000,0.000000,10,10,10,10,10,10,10,10,10,10,10,66,0,15,15.919204197416548,8.400438993703574,45.04573601298034,0.0
1778566667,24,POST,chat/long,0.100000,0.000000,10,10,10,10,10,10,10,10,10,10,10,59,0,15,16.361321102368045,8.640778993139975,45.04573601298034,0.0
1778566667,24,POST,chat/medium,0.000000,0.000000,0,0,0,0,0,0,0,0,0,0,0,6,0,11,12.824848832678981,9.247729001799598,23.143837999668904,0.0
1778566667,24,POST,chat/short,0.000000,0.000000,0,0,0,0,0,0,0,0,0,0,0,1,0,8.400438993703574,8.400438993703574,8.400438993703574,8.400438993703574,0.0
1778566667,24,,Aggregated,0.100000,0.000000,10,10,10,10,10,10,10,10,10,10,10,66,0,15,15.919204197416548,8.400438993703574,45.04573601298034,0.0
1778566668,24,POST,chat/long,0.100000,0.000000,10,10,10,10,10,10,10,10,10,10,10,59,0,15,16.361321102368045,8.640778993139975,45.04573601298034,0.0
1778566668,24,POST,chat/medium,0.000000,0.000000,0,0,0,0,0,0,0,0,0,0,0,6,0,11,12.824848832678981,9.247729001799598,23.143837999668904,0.0
1778566668,24,POST,chat/short,0.000000,0.000000,0,0,0,0,0,0,0,0,0,0,0,1,0,8.400438993703574,8.400438993703574,8.400438993703574,8.400438993703574,0.0
1778566668,24,,Aggregated,0.100000,0.000000,10,10,10,10,10,10,10,10,10,10,10,66,0,15,15.919204197416548,8.400438993703574,45.04573601298034,0.0
1778566669,24,POST,chat/long,0.100000,0.000000,10,10,10,10,10,10,10,10,10,10,10,59,0,15,16.361321102368045,8.640778993139975,45.04573601298034,0.0
1778566669,24,POST,chat/medium,0.000000,0.000000,0,0,0,0,0,0,0,0,0,0,0,6,0,11,12.824848832678981,9.247729001799598,23.143837999668904,0.0
1778566669,24,POST,chat/short,0.000000,0.000000,0,0,0,0,0,0,0,0,0,0,0,1,0,8.400438993703574,8.400438993703574,8.400438993703574,8.400438993703574,0.0
1778566669,24,,Aggregated,0.100000,0.000000,10,10,10,10,10,10,10,10,10,10,10,66,0,15,15.919204197416548,8.400438993703574,45.04573601298034,0.0
1778566670,24,POST,chat/long,0.100000,0.000000,10,10,10,10,10,10,10,10,10,10,10,59,0,15,16.361321102368045,8.640778993139975,45.04573601298034,0.0
1778566670,24,POST,chat/medium,0.000000,0.000000,0,0,0,0,0,0,0,0,0,0,0,6,0,11,12.824848832678981,9.247729001799598,23.143837999668904,0.0
1778566670,24,POST,chat/short,0.000000,0.000000,0,0,0,0,0,0,0,0,0,0,0,1,0,8.400438993703574,8.400438993703574,8.400438993703574,8.400438993703574,0.0
1778566670,24,,Aggregated,0.100000,0.000000,10,10,10,10,10,10,10,10,10,10,10,66,0,15,15.919204197416548,8.400438993703574,45.04573601298034,0.0
1778566671,24,POST,chat/long,0.100000,0.000000,10,10,10,10,10,10,10,10,10,10,10,59,0,15,16.361321102368045,8.640778993139975,45.04573601298034,0.0
1778566671,24,POST,chat/medium,0.000000,0.000000,0,0,0,0,0,0,0,0,0,0,0,6,0,11,12.824848832678981,9.247729001799598,23.143837999668904,0.0
1778566671,24,POST,chat/short,0.000000,0.000000,0,0,0,0,0,0,0,0,0,0,0,1,0,8.400438993703574,8.400438993703574,8.400438993703574,8.400438993703574,0.0
1778566671,24,,Aggregated,0.100000,0.000000,10,10,10,10,10,10,10,10,10,10,10,66,0,15,15.919204197416548,8.400438993703574,45.04573601298034,0.0
1778566672,24,POST,chat/long,0.100000,0.000000,10,10,10,10,10,10,10,10,10,10,10,59,0,15,16.361321102368045,8.640778993139975,45.04573601298034,0.0
1778566672,24,POST,chat/medium,0.000000,0.000000,0,0,0,0,0,0,0,0,0,0,0,6,0,11,12.824848832678981,9.247729001799598,23.143837999668904,0.0
1778566672,24,POST,chat/short,0.000000,0.000000,0,0,0,0,0,0,0,0,0,0,0,1,0,8.400438993703574,8.400438993703574,8.400438993703574,8.400438993703574,0.0
1778566672,24,,Aggregated,0.100000,0.000000,10,10,10,10,10,10,10,10,10,10,10,66,0,15,15.919204197416548,8.400438993703574,45.04573601298034,0.0
1778566673,24,POST,chat/long,0.100000,0.000000,0,0,0,0,0,0,0,0,0,0,0,59,0,15,16.361321102368045,8.640778993139975,45.04573601298034,0.0
1778566673,24,POST,chat/medium,0.000000,0.000000,0,0,0,0,0,0,0,0,0,0,0,6,0,11,12.824848832678981,9.247729001799598,23.143837999668904,0.0
1778566673,24,POST,chat/short,0.000000,0.000000,0,0,0,0,0,0,0,0,0,0,0,1,0,8.400438993703574,8.400438993703574,8.400438993703574,8.400438993703574,0.0
1778566673,24,,Aggregated,0.100000,0.000000,0,0,0,0,0,0,0,0,0,0,0,66,0,15,15.919204197416548,8.400438993703574,45.04573601298034,0.0
1778566674,24,POST,chat/long,0.100000,0.000000,0,0,0,0,0,0,0,0,0,0,0,59,0,15,16.361321102368045,8.640778993139975,45.04573601298034,0.0
1778566674,24,POST,chat/medium,0.000000,0.000000,0,0,0,0,0,0,0,0,0,0,0,6,0,11,12.824848832678981,9.247729001799598,23.143837999668904,0.0
1778566674,24,POST,chat/short,0.000000,0.000000,0,0,0,0,0,0,0,0,0,0,0,1,0,8.400438993703574,8.400438993703574,8.400438993703574,8.400438993703574,0.0
1778566674,24,,Aggregated,0.100000,0.000000,0,0,0,0,0,0,0,0,0,0,0,66,0,15,15.919204197416548,8.400438993703574,45.04573601298034,0.0
1778566675,24,POST,chat/long,0.100000,0.000000,0,0,0,0,0,0,0,0,0,0,0,59,0,15,16.361321102368045,8.640778993139975,45.04573601298034,0.0
1778566675,24,POST,chat/medium,0.000000,0.000000,0,0,0,0,0,0,0,0,0,0,0,6,0,11,12.824848832678981,9.247729001799598,23.143837999668904,0.0
1778566675,24,POST,chat/short,0.000000,0.000000,0,0,0,0,0,0,0,0,0,0,0,1,0,8.400438993703574,8.400438993703574,8.400438993703574,8.400438993703574,0.0
1778566675,24,,Aggregated,0.100000,0.000000,0,0,0,0,0,0,0,0,0,0,0,66,0,15,15.919204197416548,8.400438993703574,45.04573601298034,0.0
1778566676,24,POST,chat/long,0.100000,0.000000,0,0,0,0,0,0,0,0,0,0,0,59,0,15,16.361321102368045,8.640778993139975,45.04573601298034,0.0
1778566676,24,POST,chat/medium,0.000000,0.000000,0,0,0,0,0,0,0,0,0,0,0,6,0,11,12.824848832678981,9.247729001799598,23.143837999668904,0.0
1778566676,24,POST,chat/short,0.000000,0.000000,0,0,0,0,0,0,0,0,0,0,0,1,0,8.400438993703574,8.400438993703574,8.400438993703574,8.400438993703574,0.0
1778566676,24,,Aggregated,0.100000,0.000000,0,0,0,0,0,0,0,0,0,0,0,66,0,15,15.919204197416548,8.400438993703574,45.04573601298034,0.0
1778566677,24,POST,chat/long,0.100000,0.000000,0,0,0,0,0,0,0,0,0,0,0,59,0,15,16.361321102368045,8.640778993139975,45.04573601298034,0.0
1778566677,24,POST,chat/medium,0.000000,0.000000,0,0,0,0,0,0,0,0,0,0,0,6,0,11,12.824848832678981,9.247729001799598,23.143837999668904,0.0
1778566677,24,POST,chat/short,0.000000,0.000000,0,0,0,0,0,0,0,0,0,0,0,1,0,8.400438993703574,8.400438993703574,8.400438993703574,8.400438993703574,0.0
1778566677,24,,Aggregated,0.100000,0.000000,0,0,0,0,0,0,0,0,0,0,0,66,0,15,15.919204197416548,8.400438993703574,45.04573601298034,0.0
1778566678,24,POST,chat/long,0.100000,0.000000,0,0,0,0,0,0,0,0,0,0,0,59,0,15,16.361321102368045,8.640778993139975,45.04573601298034,0.0
1778566678,24,POST,chat/medium,0.000000,0.000000,0,0,0,0,0,0,0,0,0,0,0,6,0,11,12.824848832678981,9.247729001799598,23.143837999668904,0.0
1778566678,24,POST,chat/short,0.000000,0.000000,0,0,0,0,0,0,0,0,0,0,0,1,0,8.400438993703574,8.400438993703574,8.400438993703574,8.400438993703574,0.0
1778566678,24,,Aggregated,0.100000,0.000000,0,0,0,0,0,0,0,0,0,0,0,66,0,15,15.919204197416548,8.400438993703574,45.04573601298034,0.0
1778566679,24,POST,chat/long,0.100000,0.000000,0,0,0,0,0,0,0,0,0,0,0,59,0,15,16.361321102368045,8.640778993139975,45.04573601298034,0.0
1778566679,24,POST,chat/medium,0.000000,0.000000,0,0,0,0,0,0,0,0,0,0,0,6,0,11,12.824848832678981,9.247729001799598,23.143837999668904,0.0
1778566679,24,POST,chat/short,0.000000,0.000000,0,0,0,0,0,0,0,0,0,0,0,1,0,8.400438993703574,8.400438993703574,8.400438993703574,8.400438993703574,0.0
1778566679,24,,Aggregated,0.100000,0.000000,0,0,0,0,0,0,0,0,0,0,0,66,0,15,15.919204197416548,8.400438993703574,45.04573601298034,0.0
1778566680,24,POST,chat/long,0.100000,0.000000,0,0,0,0,0,0,0,0,0,0,0,59,0,15,16.361321102368045,8.640778993139975,45.04573601298034,0.0
1778566680,24,POST,chat/medium,0.000000,0.000000,0,0,0,0,0,0,0,0,0,0,0,6,0,11,12.824848832678981,9.247729001799598,23.143837999668904,0.0
1778566680,24,POST,chat/short,0.000000,0.000000,0,0,0,0,0,0,0,0,0,0,0,1,0,8.400438993703574,8.400438993703574,8.400438993703574,8.400438993703574,0.0
1778566680,24,,Aggregated,0.100000,0.000000,0,0,0,0,0,0,0,0,0,0,0,66,0,15,15.919204197416548,8.400438993703574,45.04573601298034,0.0
1778566681,24,POST,chat/long,0.100000,0.000000,0,0,0,0,0,0,0,0,0,0,0,59,0,15,16.361321102368045,8.640778993139975,45.04573601298034,0.0
1778566681,24,POST,chat/medium,0.000000,0.000000,0,0,0,0,0,0,0,0,0,0,0,6,0,11,12.824848832678981,9.247729001799598,23.143837999668904,0.0
1778566681,24,POST,chat/short,0.000000,0.000000,0,0,0,0,0,0,0,0,0,0,0,1,0,8.400438993703574,8.400438993703574,8.400438993703574,8.400438993703574,0.0
1778566681,24,,Aggregated,0.100000,0.000000,0,0,0,0,0,0,0,0,0,0,0,66,0,15,15.919204197416548,8.400438993703574,45.04573601298034,0.0
1778566682,24,POST,chat/long,0.100000,0.000000,0,0,0,0,0,0,0,0,0,0,0,59,0,15,16.361321102368045,8.640778993139975,45.04573601298034,0.0
1778566682,24,POST,chat/medium,0.000000,0.000000,0,0,0,0,0,0,0,0,0,0,0,6,0,11,12.824848832678981,9.247729001799598,23.143837999668904,0.0
1778566682,24,POST,chat/short,0.000000,0.000000,0,0,0,0,0,0,0,0,0,0,0,1,0,8.400438993703574,8.400438993703574,8.400438993703574,8.400438993703574,0.0
1778566682,24,,Aggregated,0.100000,0.000000,0,0,0,0,0,0,0,0,0,0,0,66,0,15,15.919204197416548,8.400438993703574,45.04573601298034,0.0
1778566683,24,POST,chat/long,0.100000,0.000000,0,0,0,0,0,0,0,0,0,0,0,59,0,15,16.361321102368045,8.640778993139975,45.04573601298034,0.0
1778566683,24,POST,chat/medium,0.000000,0.000000,0,0,0,0,0,0,0,0,0,0,0,6,0,11,12.824848832678981,9.247729001799598,23.143837999668904,0.0
1778566683,24,POST,chat/short,0.000000,0.000000,0,0,0,0,0,0,0,0,0,0,0,1,0,8.400438993703574,8.400438993703574,8.400438993703574,8.400438993703574,0.0
1778566683,24,,Aggregated,0.100000,0.000000,0,0,0,0,0,0,0,0,0,0,0,66,0,15,15.919204197416548,8.400438993703574,45.04573601298034,0.0
1778566684,23,POST,chat/long,0.000000,0.000000,0,0,0,0,0,0,0,0,0,0,0,60,0,15,16.47902905072745,8.640778993139975,45.04573601298034,0.0
1778566684,23,POST,chat/medium,0.000000,0.000000,0,0,0,0,0,0,0,0,0,0,0,6,0,11,12.824848832678981,9.247729001799598,23.143837999668904,0.0
1778566684,23,POST,chat/short,0.000000,0.000000,0,0,0,0,0,0,0,0,0,0,0,1,0,8.400438993703574,8.400438993703574,8.400438993703574,8.400438993703574,0.0
1778566684,23,,Aggregated,0.000000,0.000000,0,0,0,0,0,0,0,0,0,0,0,67,0,15,16.03121306020037,8.400438993703574,45.04573601298034,0.0
1778566685,23,POST,chat/long,0.000000,0.000000,0,0,0,0,0,0,0,0,0,0,0,60,0,15,16.47902905072745,8.640778993139975,45.04573601298034,0.0
1778566685,23,POST,chat/medium,0.000000,0.000000,0,0,0,0,0,0,0,0,0,0,0,6,0,11,12.824848832678981,9.247729001799598,23.143837999668904,0.0
1778566685,23,POST,chat/short,0.000000,0.000000,0,0,0,0,0,0,0,0,0,0,0,1,0,8.400438993703574,8.400438993703574,8.400438993703574,8.400438993703574,0.0
1778566685,23,,Aggregated,0.000000,0.000000,0,0,0,0,0,0,0,0,0,0,0,67,0,15,16.03121306020037,8.400438993703574,45.04573601298034,0.0
1778566686,23,POST,chat/long,0.000000,0.000000,0,0,0,0,0,0,0,0,0,0,0,60,0,15,16.47902905072745,8.640778993139975,45.04573601298034,0.0
1778566686,23,POST,chat/medium,0.000000,0.000000,0,0,0,0,0,0,0,0,0,0,0,6,0,11,12.824848832678981,9.247729001799598,23.143837999668904,0.0
1778566686,23,POST,chat/short,0.000000,0.000000,0,0,0,0,0,0,0,0,0,0,0,1,0,8.400438993703574,8.400438993703574,8.400438993703574,8.400438993703574,0.0
1778566686,23,,Aggregated,0.000000,0.000000,0,0,0,0,0,0,0,0,0,0,0,67,0,15,16.03121306020037,8.400438993703574,45.04573601298034,0.0
1778566687,23,POST,chat/long,0.000000,0.000000,0,0,0,0,0,0,0,0,0,0,0,60,0,15,16.47902905072745,8.640778993139975,45.04573601298034,0.0
1778566687,23,POST,chat/medium,0.000000,0.000000,0,0,0,0,0,0,0,0,0,0,0,6,0,11,12.824848832678981,9.247729001799598,23.143837999668904,0.0
1778566687,23,POST,chat/short,0.000000,0.000000,0,0,0,0,0,0,0,0,0,0,0,1,0,8.400438993703574,8.400438993703574,8.400438993703574,8.400438993703574,0.0
1778566687,23,,Aggregated,0.000000,0.000000,0,0,0,0,0,0,0,0,0,0,0,67,0,15,16.03121306020037,8.400438993703574,45.04573601298034,0.0
1778566688,23,POST,chat/long,0.000000,0.000000,0,0,0,0,0,0,0,0,0,0,0,60,0,15,16.47902905072745,8.640778993139975,45.04573601298034,0.0
1778566688,23,POST,chat/medium,0.000000,0.000000,0,0,0,0,0,0,0,0,0,0,0,6,0,11,12.824848832678981,9.247729001799598,23.143837999668904,0.0
1778566688,23,POST,chat/short,0.000000,0.000000,0,0,0,0,0,0,0,0,0,0,0,1,0,8.400438993703574,8.400438993703574,8.400438993703574,8.400438993703574,0.0
1778566688,23,,Aggregated,0.000000,0.000000,0,0,0,0,0,0,0,0,0,0,0,67,0,15,16.03121306020037,8.400438993703574,45.04573601298034,0.0
1778566689,23,POST,chat/long,0.000000,0.000000,0,0,0,0,0,0,0,0,0,0,0,60,0,15,16.47902905072745,8.640778993139975,45.04573601298034,0.0
1778566689,23,POST,chat/medium,0.000000,0.000000,0,0,0,0,0,0,0,0,0,0,0,6,0,11,12.824848832678981,9.247729001799598,23.143837999668904,0.0
1778566689,23,POST,chat/short,0.000000,0.000000,0,0,0,0,0,0,0,0,0,0,0,1,0,8.400438993703574,8.400438993703574,8.400438993703574,8.400438993703574,0.0
1778566689,23,,Aggregated,0.000000,0.000000,0,0,0,0,0,0,0,0,0,0,0,67,0,15,16.03121306020037,8.400438993703574,45.04573601298034,0.0
1778566690,23,POST,chat/long,0.000000,0.000000,0,0,0,0,0,0,0,0,0,0,0,60,0,15,16.47902905072745,8.640778993139975,45.04573601298034,0.0
1778566690,23,POST,chat/medium,0.000000,0.000000,0,0,0,0,0,0,0,0,0,0,0,6,0,11,12.824848832678981,9.247729001799598,23.143837999668904,0.0
1778566690,23,POST,chat/short,0.000000,0.000000,0,0,0,0,0,0,0,0,0,0,0,1,0,8.400438993703574,8.400438993703574,8.400438993703574,8.400438993703574,0.0
1778566690,23,,Aggregated,0.000000,0.000000,0,0,0,0,0,0,0,0,0,0,0,67,0,15,16.03121306020037,8.400438993703574,45.04573601298034,0.0
1778566691,0,POST,chat/long,0.000000,0.000000,0,0,0,0,0,0,0,0,0,0,0,60,0,15,16.47902905072745,8.640778993139975,45.04573601298034,0.0
1778566691,0,POST,chat/medium,0.000000,0.000000,0,0,0,0,0,0,0,0,0,0,0,6,0,11,12.824848832678981,9.247729001799598,23.143837999668904,0.0
1778566691,0,POST,chat/short,0.000000,0.000000,0,0,0,0,0,0,0,0,0,0,0,1,0,8.400438993703574,8.400438993703574,8.400438993703574,8.400438993703574,0.0
1778566691,0,,Aggregated,0.000000,0.000000,0,0,0,0,0,0,0,0,0,0,0,67,0,15,16.03121306020037,8.400438993703574,45.04573601298034,0.0
1778566692,0,POST,chat/long,0.000000,0.000000,0,0,0,0,0,0,0,0,0,0,0,60,0,15,16.47902905072745,8.640778993139975,45.04573601298034,0.0
1778566692,0,POST,chat/medium,0.000000,0.000000,0,0,0,0,0,0,0,0,0,0,0,6,0,11,12.824848832678981,9.247729001799598,23.143837999668904,0.0
1778566692,0,POST,chat/short,0.000000,0.000000,0,0,0,0,0,0,0,0,0,0,0,1,0,8.400438993703574,8.400438993703574,8.400438993703574,8.400438993703574,0.0
1778566692,0,,Aggregated,0.000000,0.000000,0,0,0,0,0,0,0,0,0,0,0,67,0,15,16.03121306020037,8.400438993703574,45.04573601298034,0.0
1778566693,0,POST,chat/long,0.000000,0.000000,0,0,0,0,0,0,0,0,0,0,0,60,0,15,16.47902905072745,8.640778993139975,45.04573601298034,0.0
1778566693,0,POST,chat/medium,0.000000,0.000000,0,0,0,0,0,0,0,0,0,0,0,6,0,11,12.824848832678981,9.247729001799598,23.143837999668904,0.0
1778566693,0,POST,chat/short,0.000000,0.000000,0,0,0,0,0,0,0,0,0,0,0,1,0,8.400438993703574,8.400438993703574,8.400438993703574,8.400438993703574,0.0
1778566693,0,,Aggregated,0.000000,0.000000,0,0,0,0,0,0,0,0,0,0,0,67,0,15,16.03121306020037,8.400438993703574,45.04573601298034,0.0
1778566694,0,POST,chat/long,0.000000,0.000000,0,0,0,0,0,0,0,0,0,0,0,60,0,15,16.47902905072745,8.640778993139975,45.04573601298034,0.0
1778566694,0,POST,chat/medium,0.000000,0.000000,0,0,0,0,0,0,0,0,0,0,0,6,0,11,12.824848832678981,9.247729001799598,23.143837999668904,0.0
1778566694,0,POST,chat/short,0.000000,0.000000,0,0,0,0,0,0,0,0,0,0,0,1,0,8.400438993703574,8.400438993703574,8.400438993703574,8.400438993703574,0.0
1778566694,0,,Aggregated,0.000000,0.000000,0,0,0,0,0,0,0,0,0,0,0,67,0,15,16.03121306020037,8.400438993703574,45.04573601298034,0.0
1778566695,0,POST,chat/long,0.000000,0.000000,0,0,0,0,0,0,0,0,0,0,0,60,0,15,16.47902905072745,8.640778993139975,45.04573601298034,0.0
1778566695,0,POST,chat/medium,0.000000,0.000000,0,0,0,0,0,0,0,0,0,0,0,6,0,11,12.824848832678981,9.247729001799598,23.143837999668904,0.0
1778566695,0,POST,chat/short,0.000000,0.000000,0,0,0,0,0,0,0,0,0,0,0,1,0,8.400438993703574,8.400438993703574,8.400438993703574,8.400438993703574,0.0
1778566695,0,,Aggregated,0.000000,0.000000,0,0,0,0,0,0,0,0,0,0,0,67,0,15,16.03121306020037,8.400438993703574,45.04573601298034,0.0
1778566696,0,POST,chat/long,0.000000,0.000000,0,0,0,0,0,0,0,0,0,0,0,60,0,15,16.47902905072745,8.640778993139975,45.04573601298034,0.0
1778566696,0,POST,chat/medium,0.000000,0.000000,0,0,0,0,0,0,0,0,0,0,0,6,0,11,12.824848832678981,9.247729001799598,23.143837999668904,0.0
1778566696,0,POST,chat/short,0.000000,0.000000,0,0,0,0,0,0,0,0,0,0,0,1,0,8.400438993703574,8.400438993703574,8.400438993703574,8.400438993703574,0.0
1778566696,0,,Aggregated,0.000000,0.000000,0,0,0,0,0,0,0,0,0,0,0,67,0,15,16.03121306020037,8.400438993703574,45.04573601298034,0.0
1778566697,0,POST,chat/long,0.000000,0.000000,0,0,0,0,0,0,0,0,0,0,0,60,0,15,16.47902905072745,8.640778993139975,45.04573601298034,0.0
1778566697,0,POST,chat/medium,0.000000,0.000000,0,0,0,0,0,0,0,0,0,0,0,6,0,11,12.824848832678981,9.247729001799598,23.143837999668904,0.0
1778566697,0,POST,chat/short,0.000000,0.000000,0,0,0,0,0,0,0,0,0,0,0,1,0,8.400438993703574,8.400438993703574,8.400438993703574,8.400438993703574,0.0
1778566697,0,,Aggregated,0.000000,0.000000,0,0,0,0,0,0,0,0,0,0,0,67,0,15,16.03121306020037,8.400438993703574,45.04573601298034,0.0
1778566698,0,POST,chat/long,0.000000,0.000000,0,0,0,0,0,0,0,0,0,0,0,60,0,15,16.47902905072745,8.640778993139975,45.04573601298034,0.0
1778566698,0,POST,chat/medium,0.000000,0.000000,0,0,0,0,0,0,0,0,0,0,0,6,0,11,12.824848832678981,9.247729001799598,23.143837999668904,0.0
1778566698,0,POST,chat/short,0.000000,0.000000,0,0,0,0,0,0,0,0,0,0,0,1,0,8.400438993703574,8.400438993703574,8.400438993703574,8.400438993703574,0.0
1778566698,0,,Aggregated,0.000000,0.000000,0,0,0,0,0,0,0,0,0,0,0,67,0,15,16.03121306020037,8.400438993703574,45.04573601298034,0.0
1778566699,0,POST,chat/long,0.000000,0.000000,0,0,0,0,0,0,0,0,0,0,0,60,0,15,16.47902905072745,8.640778993139975,45.04573601298034,0.0
1778566699,0,POST,chat/medium,0.000000,0.000000,0,0,0,0,0,0,0,0,0,0,0,6,0,11,12.824848832678981,9.247729001799598,23.143837999668904,0.0
1778566699,0,POST,chat/short,0.000000,0.000000,0,0,0,0,0,0,0,0,0,0,0,1,0,8.400438993703574,8.400438993703574,8.400438993703574,8.400438993703574,0.0
1778566699,0,,Aggregated,0.000000,0.000000,0,0,0,0,0,0,0,0,0,0,0,67,0,15,16.03121306020037,8.400438993703574,45.04573601298034,0.0
1778566700,0,POST,chat/long,0.000000,0.000000,0,0,0,0,0,0,0,0,0,0,0,60,0,15,16.47902905072745,8.640778993139975,45.04573601298034,0.0
1778566700,0,POST,chat/medium,0.000000,0.000000,0,0,0,0,0,0,0,0,0,0,0,6,0,11,12.824848832678981,9.247729001799598,23.143837999668904,0.0
1778566700,0,POST,chat/short,0.000000,0.000000,0,0,0,0,0,0,0,0,0,0,0,1,0,8.400438993703574,8.400438993703574,8.400438993703574,8.400438993703574,0.0
1778566700,0,,Aggregated,0.000000,0.000000,0,0,0,0,0,0,0,0,0,0,0,67,0,15,16.03121306020037,8.400438993703574,45.04573601298034,0.0
1778566701,0,POST,chat/long,0.000000,0.000000,0,0,0,0,0,0,0,0,0,0,0,60,0,15,16.47902905072745,8.640778993139975,45.04573601298034,0.0
1778566701,0,POST,chat/medium,0.000000,0.000000,0,0,0,0,0,0,0,0,0,0,0,6,0,11,12.824848832678981,9.247729001799598,23.143837999668904,0.0
1778566701,0,POST,chat/short,0.000000,0.000000,0,0,0,0,0,0,0,0,0,0,0,1,0,8.400438993703574,8.400438993703574,8.400438993703574,8.400438993703574,0.0
1778566701,0,,Aggregated,0.000000,0.000000,0,0,0,0,0,0,0,0,0,0,0,67,0,15,16.03121306020037,8.400438993703574,45.04573601298034,0.0
1778566702,0,POST,chat/long,0.000000,0.000000,0,0,0,0,0,0,0,0,0,0,0,60,0,15,16.47902905072745,8.640778993139975,45.04573601298034,0.0
1778566702,0,POST,chat/medium,0.000000,0.000000,0,0,0,0,0,0,0,0,0,0,0,6,0,11,12.824848832678981,9.247729001799598,23.143837999668904,0.0
1778566702,0,POST,chat/short,0.000000,0.000000,0,0,0,0,0,0,0,0,0,0,0,1,0,8.400438993703574,8.400438993703574,8.400438993703574,8.400438993703574,0.0
1778566702,0,,Aggregated,0.000000,0.000000,0,0,0,0,0,0,0,0,0,0,0,67,0,15,16.03121306020037,8.400438993703574,45.04573601298034,0.0
1778566703,0,POST,chat/long,0.000000,0.000000,0,0,0,0,0,0,0,0,0,0,0,60,0,15,16.47902905072745,8.640778993139975,45.04573601298034,0.0
1778566703,0,POST,chat/medium,0.000000,0.000000,0,0,0,0,0,0,0,0,0,0,0,6,0,11,12.824848832678981,9.247729001799598,23.143837999668904,0.0
1778566703,0,POST,chat/short,0.000000,0.000000,0,0,0,0,0,0,0,0,0,0,0,1,0,8.400438993703574,8.400438993703574,8.400438993703574,8.400438993703574,0.0
1778566703,0,,Aggregated,0.000000,0.000000,0,0,0,0,0,0,0,0,0,0,0,67,0,15,16.03121306020037,8.400438993703574,45.04573601298034,0.0
1778566704,0,POST,chat/long,0.000000,0.000000,0,0,0,0,0,0,0,0,0,0,0,60,0,15,16.47902905072745,8.640778993139975,45.04573601298034,0.0
1778566704,0,POST,chat/medium,0.000000,0.000000,0,0,0,0,0,0,0,0,0,0,0,6,0,11,12.824848832678981,9.247729001799598,23.143837999668904,0.0
1778566704,0,POST,chat/short,0.000000,0.000000,0,0,0,0,0,0,0,0,0,0,0,1,0,8.400438993703574,8.400438993703574,8.400438993703574,8.400438993703574,0.0
1778566704,0,,Aggregated,0.000000,0.000000,0,0,0,0,0,0,0,0,0,0,0,67,0,15,16.03121306020037,8.400438993703574,45.04573601298034,0.0
1778566705,0,POST,chat/long,0.000000,0.000000,0,0,0,0,0,0,0,0,0,0,0,60,0,15,16.47902905072745,8.640778993139975,45.04573601298034,0.0
1778566705,0,POST,chat/medium,0.000000,0.000000,0,0,0,0,0,0,0,0,0,0,0,6,0,11,12.824848832678981,9.247729001799598,23.143837999668904,0.0
1778566705,0,POST,chat/short,0.000000,0.000000,0,0,0,0,0,0,0,0,0,0,0,1,0,8.400438993703574,8.400438993703574,8.400438993703574,8.400438993703574,0.0
1778566705,0,,Aggregated,0.000000,0.000000,0,0,0,0,0,0,0,0,0,0,0,67,0,15,16.03121306020037,8.400438993703574,45.04573601298034,0.0
1778566706,0,POST,chat/long,0.000000,0.000000,0,0,0,0,0,0,0,0,0,0,0,60,0,15,16.47902905072745,8.640778993139975,45.04573601298034,0.0
1778566706,0,POST,chat/medium,0.000000,0.000000,0,0,0,0,0,0,0,0,0,0,0,6,0,11,12.824848832678981,9.247729001799598,23.143837999668904,0.0
1778566706,0,POST,chat/short,0.000000,0.000000,0,0,0,0,0,0,0,0,0,0,0,1,0,8.400438993703574,8.400438993703574,8.400438993703574,8.400438993703574,0.0
1778566706,0,,Aggregated,0.000000,0.000000,0,0,0,0,0,0,0,0,0,0,0,67,0,15,16.03121306020037,8.400438993703574,45.04573601298034,0.0
1778566707,0,POST,chat/long,0.000000,0.000000,0,0,0,0,0,0,0,0,0,0,0,60,0,15,16.47902905072745,8.640778993139975,45.04573601298034,0.0
1778566707,0,POST,chat/medium,0.000000,0.000000,0,0,0,0,0,0,0,0,0,0,0,6,0,11,12.824848832678981,9.247729001799598,23.143837999668904,0.0
1778566707,0,POST,chat/short,0.000000,0.000000,0,0,0,0,0,0,0,0,0,0,0,1,0,8.400438993703574,8.400438993703574,8.400438993703574,8.400438993703574,0.0
1778566707,0,,Aggregated,0.000000,0.000000,0,0,0,0,0,0,0,0,0,0,0,67,0,15,16.03121306020037,8.400438993703574,45.04573601298034,0.0
1778566708,0,POST,chat/long,0.000000,0.000000,0,0,0,0,0,0,0,0,0,0,0,60,0,15,16.47902905072745,8.640778993139975,45.04573601298034,0.0
1778566708,0,POST,chat/medium,0.000000,0.000000,0,0,0,0,0,0,0,0,0,0,0,6,0,11,12.824848832678981,9.247729001799598,23.143837999668904,0.0
1778566708,0,POST,chat/short,0.000000,0.000000,0,0,0,0,0,0,0,0,0,0,0,1,0,8.400438993703574,8.400438993703574,8.400438993703574,8.400438993703574,0.0
1778566708,0,,Aggregated,0.000000,0.000000,0,0,0,0,0,0,0,0,0,0,0,67,0,15,16.03121306020037,8.400438993703574,45.04573601298034,0.0
1778566709,0,POST,chat/long,0.000000,0.000000,0,0,0,0,0,0,0,0,0,0,0,60,0,15,16.47902905072745,8.640778993139975,45.04573601298034,0.0
1778566709,0,POST,chat/medium,0.000000,0.000000,0,0,0,0,0,0,0,0,0,0,0,6,0,11,12.824848832678981,9.247729001799598,23.143837999668904,0.0
1778566709,0,POST,chat/short,0.000000,0.000000,0,0,0,0,0,0,0,0,0,0,0,1,0,8.400438993703574,8.400438993703574,8.400438993703574,8.400438993703574,0.0
1778566709,0,,Aggregated,0.000000,0.000000,0,0,0,0,0,0,0,0,0,0,0,67,0,15,16.03121306020037,8.400438993703574,45.04573601298034,0.0
1778566710,0,POST,chat/long,0.000000,0.000000,0,0,0,0,0,0,0,0,0,0,0,60,0,15,16.47902905072745,8.640778993139975,45.04573601298034,0.0
1778566710,0,POST,chat/medium,0.000000,0.000000,0,0,0,0,0,0,0,0,0,0,0,6,0,11,12.824848832678981,9.247729001799598,23.143837999668904,0.0
1778566710,0,POST,chat/short,0.000000,0.000000,0,0,0,0,0,0,0,0,0,0,0,1,0,8.400438993703574,8.400438993703574,8.400438993703574,8.400438993703574,0.0
1778566710,0,,Aggregated,0.000000,0.000000,0,0,0,0,0,0,0,0,0,0,0,67,0,15,16.03121306020037,8.400438993703574,45.04573601298034,0.0
1778566711,0,POST,chat/long,0.000000,0.000000,0,0,0,0,0,0,0,0,0,0,0,60,0,15,16.47902905072745,8.640778993139975,45.04573601298034,0.0
1778566711,0,POST,chat/medium,0.000000,0.000000,0,0,0,0,0,0,0,0,0,0,0,6,0,11,12.824848832678981,9.247729001799598,23.143837999668904,0.0
1778566711,0,POST,chat/short,0.000000,0.000000,0,0,0,0,0,0,0,0,0,0,0,1,0,8.400438993703574,8.400438993703574,8.400438993703574,8.400438993703574,0.0
1778566711,0,,Aggregated,0.000000,0.000000,0,0,0,0,0,0,0,0,0,0,0,67,0,15,16.03121306020037,8.400438993703574,45.04573601298034,0.0
1778566712,0,POST,chat/long,0.000000,0.000000,0,0,0,0,0,0,0,0,0,0,0,60,0,15,16.47902905072745,8.640778993139975,45.04573601298034,0.0
1778566712,0,POST,chat/medium,0.000000,0.000000,0,0,0,0,0,0,0,0,0,0,0,6,0,11,12.824848832678981,9.247729001799598,23.143837999668904,0.0
1778566712,0,POST,chat/short,0.000000,0.000000,0,0,0,0,0,0,0,0,0,0,0,1,0,8.400438993703574,8.400438993703574,8.400438993703574,8.400438993703574,0.0
1778566712,0,,Aggregated,0.000000,0.000000,0,0,0,0,0,0,0,0,0,0,0,67,0,15,16.03121306020037,8.400438993703574,45.04573601298034,0.0
1778566713,0,POST,chat/long,0.000000,0.000000,0,0,0,0,0,0,0,0,0,0,0,60,0,15,16.47902905072745,8.640778993139975,45.04573601298034,0.0
1778566713,0,POST,chat/medium,0.000000,0.000000,0,0,0,0,0,0,0,0,0,0,0,6,0,11,12.824848832678981,9.247729001799598,23.143837999668904,0.0
1778566713,0,POST,chat/short,0.000000,0.000000,0,0,0,0,0,0,0,0,0,0,0,1,0,8.400438993703574,8.400438993703574,8.400438993703574,8.400438993703574,0.0
1778566713,0,,Aggregated,0.000000,0.000000,0,0,0,0,0,0,0,0,0,0,0,67,0,15,16.03121306020037,8.400438993703574,45.04573601298034,0.0
1778566714,0,POST,chat/long,0.000000,0.000000,0,0,0,0,0,0,0,0,0,0,0,60,0,15,16.47902905072745,8.640778993139975,45.04573601298034,0.0
1778566714,0,POST,chat/medium,0.000000,0.000000,0,0,0,0,0,0,0,0,0,0,0,6,0,11,12.824848832678981,9.247729001799598,23.143837999668904,0.0
1778566714,0,POST,chat/short,0.000000,0.000000,0,0,0,0,0,0,0,0,0,0,0,1,0,8.400438993703574,8.400438993703574,8.400438993703574,8.400438993703574,0.0
1778566714,0,,Aggregated,0.000000,0.000000,0,0,0,0,0,0,0,0,0,0,0,67,0,15,16.03121306020037,8.400438993703574,45.04573601298034,0.0
1778566715,0,POST,chat/long,0.000000,0.000000,0,0,0,0,0,0,0,0,0,0,0,60,0,15,16.47902905072745,8.640778993139975,45.04573601298034,0.0
1778566715,0,POST,chat/medium,0.000000,0.000000,0,0,0,0,0,0,0,0,0,0,0,6,0,11,12.824848832678981,9.247729001799598,23.143837999668904,0.0
1778566715,0,POST,chat/short,0.000000,0.000000,0,0,0,0,0,0,0,0,0,0,0,1,0,8.400438993703574,8.400438993703574,8.400438993703574,8.400438993703574,0.0
1778566715,0,,Aggregated,0.000000,0.000000,0,0,0,0,0,0,0,0,0,0,0,67,0,15,16.03121306020037,8.400438993703574,45.04573601298034,0.0
1778566716,0,POST,chat/long,0.000000,0.000000,0,0,0,0,0,0,0,0,0,0,0,60,0,15,16.47902905072745,8.640778993139975,45.04573601298034,0.0
1778566716,0,POST,chat/medium,0.000000,0.000000,0,0,0,0,0,0,0,0,0,0,0,6,0,11,12.824848832678981,9.247729001799598,23.143837999668904,0.0
1778566716,0,POST,chat/short,0.000000,0.000000,0,0,0,0,0,0,0,0,0,0,0,1,0,8.400438993703574,8.400438993703574,8.400438993703574,8.400438993703574,0.0
1778566716,0,,Aggregated,0.000000,0.000000,0,0,0,0,0,0,0,0,0,0,0,67,0,15,16.03121306020037,8.400438993703574,45.04573601298034,0.0
1778566717,0,POST,chat/long,0.000000,0.000000,0,0,0,0,0,0,0,0,0,0,0,60,0,15,16.47902905072745,8.640778993139975,45.04573601298034,0.0
1778566717,0,POST,chat/medium,0.000000,0.000000,0,0,0,0,0,0,0,0,0,0,0,6,0,11,12.824848832678981,9.247729001799598,23.143837999668904,0.0
1778566717,0,POST,chat/short,0.000000,0.000000,0,0,0,0,0,0,0,0,0,0,0,1,0,8.400438993703574,8.400438993703574,8.400438993703574,8.400438993703574,0.0
1778566717,0,,Aggregated,0.000000,0.000000,0,0,0,0,0,0,0,0,0,0,0,67,0,15,16.03121306020037,8.400438993703574,45.04573601298034,0.0
1778566718,0,POST,chat/long,0.000000,0.000000,0,0,0,0,0,0,0,0,0,0,0,60,0,15,16.47902905072745,8.640778993139975,45.04573601298034,0.0
1778566718,0,POST,chat/medium,0.000000,0.000000,0,0,0,0,0,0,0,0,0,0,0,6,0,11,12.824848832678981,9.247729001799598,23.143837999668904,0.0
1778566718,0,POST,chat/short,0.000000,0.000000,0,0,0,0,0,0,0,0,0,0,0,1,0,8.400438993703574,8.400438993703574,8.400438993703574,8.400438993703574,0.0
1778566718,0,,Aggregated,0.000000,0.000000,0,0,0,0,0,0,0,0,0,0,0,67,0,15,16.03121306020037,8.400438993703574,45.04573601298034,0.0
1778566719,0,POST,chat/long,0.000000,0.000000,0,0,0,0,0,0,0,0,0,0,0,60,0,15,16.47902905072745,8.640778993139975,45.04573601298034,0.0
1778566719,0,POST,chat/medium,0.000000,0.000000,0,0,0,0,0,0,0,0,0,0,0,6,0,11,12.824848832678981,9.247729001799598,23.143837999668904,0.0
1778566719,0,POST,chat/short,0.000000,0.000000,0,0,0,0,0,0,0,0,0,0,0,1,0,8.400438993703574,8.400438993703574,8.400438993703574,8.400438993703574,0.0
1778566719,0,,Aggregated,0.000000,0.000000,0,0,0,0,0,0,0,0,0,0,0,67,0,15,16.03121306020037,8.400438993703574,45.04573601298034,0.0
1778566720,0,POST,chat/long,0.000000,0.000000,0,0,0,0,0,0,0,0,0,0,0,60,0,15,16.47902905072745,8.640778993139975,45.04573601298034,0.0
1778566720,0,POST,chat/medium,0.000000,0.000000,0,0,0,0,0,0,0,0,0,0,0,6,0,11,12.824848832678981,9.247729001799598,23.143837999668904,0.0
1778566720,0,POST,chat/short,0.000000,0.000000,0,0,0,0,0,0,0,0,0,0,0,1,0,8.400438993703574,8.400438993703574,8.400438993703574,8.400438993703574,0.0
1778566720,0,,Aggregated,0.000000,0.000000,0,0,0,0,0,0,0,0,0,0,0,67,0,15,16.03121306020037,8.400438993703574,45.04573601298034,0.0
1778566721,0,POST,chat/long,0.000000,0.000000,0,0,0,0,0,0,0,0,0,0,0,60,0,15,16.47902905072745,8.640778993139975,45.04573601298034,0.0
1778566721,0,POST,chat/medium,0.000000,0.000000,0,0,0,0,0,0,0,0,0,0,0,6,0,11,12.824848832678981,9.247729001799598,23.143837999668904,0.0
1778566721,0,POST,chat/short,0.000000,0.000000,0,0,0,0,0,0,0,0,0,0,0,1,0,8.400438993703574,8.400438993703574,8.400438993703574,8.400438993703574,0.0
1778566721,0,,Aggregated,0.000000,0.000000,0,0,0,0,0,0,0,0,0,0,0,67,0,15,16.03121306020037,8.400438993703574,45.04573601298034,0.0
1778566722,0,POST,chat/long,0.000000,0.000000,0,0,0,0,0,0,0,0,0,0,0,60,0,15,16.47902905072745,8.640778993139975,45.04573601298034,0.0
1778566722,0,POST,chat/medium,0.000000,0.000000,0,0,0,0,0,0,0,0,0,0,0,6,0,11,12.824848832678981,9.247729001799598,23.143837999668904,0.0
1778566722,0,POST,chat/short,0.000000,0.000000,0,0,0,0,0,0,0,0,0,0,0,1,0,8.400438993703574,8.400438993703574,8.400438993703574,8.400438993703574,0.0
1778566722,0,,Aggregated,0.000000,0.000000,0,0,0,0,0,0,0,0,0,0,0,67,0,15,16.03121306020037,8.400438993703574,45.04573601298034,0.0
1778566723,0,POST,chat/long,0.000000,0.000000,0,0,0,0,0,0,0,0,0,0,0,60,0,15,16.47902905072745,8.640778993139975,45.04573601298034,0.0
1778566723,0,POST,chat/medium,0.000000,0.000000,0,0,0,0,0,0,0,0,0,0,0,6,0,11,12.824848832678981,9.247729001799598,23.143837999668904,0.0
1778566723,0,POST,chat/short,0.000000,0.000000,0,0,0,0,0,0,0,0,0,0,0,1,0,8.400438993703574,8.400438993703574,8.400438993703574,8.400438993703574,0.0
1778566723,0,,Aggregated,0.000000,0.000000,0,0,0,0,0,0,0,0,0,0,0,67,0,15,16.03121306020037,8.400438993703574,45.04573601298034,0.0
1778566724,2,,Aggregated,0.000000,0.000000,N/A,N/A,N/A,N/A,N/A,N/A,N/A,N/A,N/A,N/A,N/A,0,0,0,0.0,0,0,0
1778566725,4,,Aggregated,0.000000,0.000000,N/A,N/A,N/A,N/A,N/A,N/A,N/A,N/A,N/A,N/A,N/A,0,0,0,0.0,0,0,0
1778566726,6,,Aggregated,0.000000,0.000000,N/A,N/A,N/A,N/A,N/A,N/A,N/A,N/A,N/A,N/A,N/A,0,0,0,0.0,0,0,0
1778566727,8,,Aggregated,0.000000,0.000000,N/A,N/A,N/A,N/A,N/A,N/A,N/A,N/A,N/A,N/A,N/A,0,0,0,0.0,0,0,0
1778566728,10,,Aggregated,0.000000,0.000000,N/A,N/A,N/A,N/A,N/A,N/A,N/A,N/A,N/A,N/A,N/A,0,0,0,0.0,0,0,0
1778566729,12,,Aggregated,0.000000,0.000000,N/A,N/A,N/A,N/A,N/A,N/A,N/A,N/A,N/A,N/A,N/A,0,0,0,0.0,0,0,0
1778566730,14,,Aggregated,0.000000,0.000000,N/A,N/A,N/A,N/A,N/A,N/A,N/A,N/A,N/A,N/A,N/A,0,0,0,0.0,0,0,0
1778566731,16,,Aggregated,0.000000,0.000000,N/A,N/A,N/A,N/A,N/A,N/A,N/A,N/A,N/A,N/A,N/A,0,0,0,0.0,0,0,0
1778566732,18,,Aggregated,0.000000,0.000000,N/A,N/A,N/A,N/A,N/A,N/A,N/A,N/A,N/A,N/A,N/A,0,0,0,0.0,0,0,0
1778566733,20,,Aggregated,0.000000,0.000000,N/A,N/A,N/A,N/A,N/A,N/A,N/A,N/A,N/A,N/A,N/A,0,0,0,0.0,0,0,0
1778566734,22,,Aggregated,0.000000,0.000000,N/A,N/A,N/A,N/A,N/A,N/A,N/A,N/A,N/A,N/A,N/A,0,0,0,0.0,0,0,0
1778566735,24,,Aggregated,0.000000,0.000000,N/A,N/A,N/A,N/A,N/A,N/A,N/A,N/A,N/A,N/A,N/A,0,0,0,0.0,0,0,0
1778566736,26,,Aggregated,0.000000,0.000000,N/A,N/A,N/A,N/A,N/A,N/A,N/A,N/A,N/A,N/A,N/A,0,0,0,0.0,0,0,0
1778566737,28,,Aggregated,0.000000,0.000000,N/A,N/A,N/A,N/A,N/A,N/A,N/A,N/A,N/A,N/A,N/A,0,0,0,0.0,0,0,0
1778566738,32,,Aggregated,0.000000,0.000000,N/A,N/A,N/A,N/A,N/A,N/A,N/A,N/A,N/A,N/A,N/A,0,0,0,0.0,0,0,0
1778566739,34,,Aggregated,0.000000,0.000000,N/A,N/A,N/A,N/A,N/A,N/A,N/A,N/A,N/A,N/A,N/A,0,0,0,0.0,0,0,0
1778566740,36,,Aggregated,0.000000,0.000000,N/A,N/A,N/A,N/A,N/A,N/A,N/A,N/A,N/A,N/A,N/A,0,0,0,0.0,0,0,0
1778566741,38,,Aggregated,0.000000,0.000000,N/A,N/A,N/A,N/A,N/A,N/A,N/A,N/A,N/A,N/A,N/A,0,0,0,0.0,0,0,0
1778566742,40,,Aggregated,0.000000,0.000000,N/A,N/A,N/A,N/A,N/A,N/A,N/A,N/A,N/A,N/A,N/A,0,0,0,0.0,0,0,0
1778566743,42,,Aggregated,0.000000,0.000000,N/A,N/A,N/A,N/A,N/A,N/A,N/A,N/A,N/A,N/A,N/A,0,0,0,0.0,0,0,0
1778566744,44,,Aggregated,0.000000,0.000000,N/A,N/A,N/A,N/A,N/A,N/A,N/A,N/A,N/A,N/A,N/A,0,0,0,0.0,0,0,0
1778566745,46,,Aggregated,0.000000,0.000000,N/A,N/A,N/A,N/A,N/A,N/A,N/A,N/A,N/A,N/A,N/A,0,0,0,0.0,0,0,0
1778566746,48,,Aggregated,0.000000,0.000000,N/A,N/A,N/A,N/A,N/A,N/A,N/A,N/A,N/A,N/A,N/A,0,0,0,0.0,0,0,0
1778566747,50,,Aggregated,0.000000,0.000000,N/A,N/A,N/A,N/A,N/A,N/A,N/A,N/A,N/A,N/A,N/A,0,0,0,0.0,0,0,0
1778566748,52,,Aggregated,0.000000,0.000000,N/A,N/A,N/A,N/A,N/A,N/A,N/A,N/A,N/A,N/A,N/A,0,0,0,0.0,0,0,0
1778566749,54,,Aggregated,0.000000,0.000000,N/A,N/A,N/A,N/A,N/A,N/A,N/A,N/A,N/A,N/A,N/A,0,0,0,0.0,0,0,0
1778566750,56,,Aggregated,0.000000,0.000000,N/A,N/A,N/A,N/A,N/A,N/A,N/A,N/A,N/A,N/A,N/A,0,0,0,0.0,0,0,0
1778566751,58,,Aggregated,0.000000,0.000000,N/A,N/A,N/A,N/A,N/A,N/A,N/A,N/A,N/A,N/A,N/A,0,0,0,0.0,0,0,0
1778566752,60,,Aggregated,0.000000,0.000000,N/A,N/A,N/A,N/A,N/A,N/A,N/A,N/A,N/A,N/A,N/A,0,0,0,0.0,0,0,0
1778566753,64,,Aggregated,0.000000,0.000000,N/A,N/A,N/A,N/A,N/A,N/A,N/A,N/A,N/A,N/A,N/A,0,0,0,0.0,0,0,0
1778566754,66,,Aggregated,0.000000,0.000000,N/A,N/A,N/A,N/A,N/A,N/A,N/A,N/A,N/A,N/A,N/A,0,0,0,0.0,0,0,0
1778566755,68,,Aggregated,0.000000,0.000000,N/A,N/A,N/A,N/A,N/A,N/A,N/A,N/A,N/A,N/A,N/A,0,0,0,0.0,0,0,0
1778566756,70,,Aggregated,0.000000,0.000000,N/A,N/A,N/A,N/A,N/A,N/A,N/A,N/A,N/A,N/A,N/A,0,0,0,0.0,0,0,0
1778566757,72,,Aggregated,0.000000,0.000000,N/A,N/A,N/A,N/A,N/A,N/A,N/A,N/A,N/A,N/A,N/A,0,0,0,0.0,0,0,0
1778566758,74,,Aggregated,0.000000,0.000000,N/A,N/A,N/A,N/A,N/A,N/A,N/A,N/A,N/A,N/A,N/A,0,0,0,0.0,0,0,0
1778566759,76,,Aggregated,0.000000,0.000000,N/A,N/A,N/A,N/A,N/A,N/A,N/A,N/A,N/A,N/A,N/A,0,0,0,0.0,0,0,0
1778566760,78,,Aggregated,0.000000,0.000000,N/A,N/A,N/A,N/A,N/A,N/A,N/A,N/A,N/A,N/A,N/A,0,0,0,0.0,0,0,0
1778566761,80,POST,chat/short,0.000000,0.000000,0,0,0,0,0,0,0,0,0,0,0,1,0,17.72293799149338,17.72293799149338,17.72293799149338,17.72293799149338,0.0
1778566761,80,,Aggregated,0.000000,0.000000,0,0,0,0,0,0,0,0,0,0,0,1,0,17.72293799149338,17.72293799149338,17.72293799149338,17.72293799149338,0.0
1778566762,82,POST,chat/short,0.000000,0.000000,0,0,0,0,0,0,0,0,0,0,0,1,0,17.72293799149338,17.72293799149338,17.72293799149338,17.72293799149338,0.0
1778566762,82,,Aggregated,0.000000,0.000000,0,0,0,0,0,0,0,0,0,0,0,1,0,17.72293799149338,17.72293799149338,17.72293799149338,17.72293799149338,0.0
1778566763,84,POST,chat/short,0.000000,0.000000,0,0,0,0,0,0,0,0,0,0,0,1,0,17.72293799149338,17.72293799149338,17.72293799149338,17.72293799149338,0.0
1778566763,84,,Aggregated,0.000000,0.000000,0,0,0,0,0,0,0,0,0,0,0,1,0,17.72293799149338,17.72293799149338,17.72293799149338,17.72293799149338,0.0
1778566764,86,POST,chat/short,0.000000,0.000000,0,0,0,0,0,0,0,0,0,0,0,1,0,17.72293799149338,17.72293799149338,17.72293799149338,17.72293799149338,0.0
1778566764,86,,Aggregated,0.000000,0.000000,0,0,0,0,0,0,0,0,0,0,0,1,0,17.72293799149338,17.72293799149338,17.72293799149338,17.72293799149338,0.0
1778566765,88,POST,chat/short,0.000000,0.000000,0,0,0,0,0,0,0,0,0,0,0,1,0,17.72293799149338,17.72293799149338,17.72293799149338,17.72293799149338,0.0
1778566765,88,,Aggregated,0.000000,0.000000,0,0,0,0,0,0,0,0,0,0,0,1,0,17.72293799149338,17.72293799149338,17.72293799149338,17.72293799149338,0.0
1778566766,90,POST,chat/short,0.000000,0.000000,0,0,0,0,0,0,0,0,0,0,0,1,0,17.72293799149338,17.72293799149338,17.72293799149338,17.72293799149338,0.0
1778566766,90,,Aggregated,0.000000,0.000000,0,0,0,0,0,0,0,0,0,0,0,1,0,17.72293799149338,17.72293799149338,17.72293799149338,17.72293799149338,0.0
1778566767,92,POST,chat/short,0.000000,0.000000,0,0,0,0,0,0,0,0,0,0,0,1,0,17.72293799149338,17.72293799149338,17.72293799149338,17.72293799149338,0.0
1778566767,92,,Aggregated,0.000000,0.000000,0,0,0,0,0,0,0,0,0,0,0,1,0,17.72293799149338,17.72293799149338,17.72293799149338,17.72293799149338,0.0
1778566768,96,POST,chat/short,0.000000,0.000000,0,0,0,0,0,0,0,0,0,0,0,1,0,17.72293799149338,17.72293799149338,17.72293799149338,17.72293799149338,0.0
1778566768,96,,Aggregated,0.000000,0.000000,0,0,0,0,0,0,0,0,0,0,0,1,0,17.72293799149338,17.72293799149338,17.72293799149338,17.72293799149338,0.0
1778566769,98,POST,chat/short,0.000000,0.000000,0,0,0,0,0,0,0,0,0,0,0,1,0,17.72293799149338,17.72293799149338,17.72293799149338,17.72293799149338,0.0
1778566769,98,,Aggregated,0.000000,0.000000,0,0,0,0,0,0,0,0,0,0,0,1,0,17.72293799149338,17.72293799149338,17.72293799149338,17.72293799149338,0.0
1778566770,100,POST,chat/short,0.000000,0.000000,0,0,0,0,0,0,0,0,0,0,0,1,0,17.72293799149338,17.72293799149338,17.72293799149338,17.72293799149338,0.0
1778566770,100,,Aggregated,0.000000,0.000000,0,0,0,0,0,0,0,0,0,0,0,1,0,17.72293799149338,17.72293799149338,17.72293799149338,17.72293799149338,0.0
1778566771,102,POST,chat/short,0.000000,0.000000,18,18,18,18,18,18,18,18,18,18,18,1,0,17.72293799149338,17.72293799149338,17.72293799149338,17.72293799149338,0.0
1778566771,102,,Aggregated,0.000000,0.000000,0,0,0,0,0,0,0,0,0,0,0,1,0,17.72293799149338,17.72293799149338,17.72293799149338,17.72293799149338,0.0
1778566772,104,POST,chat/short,0.000000,0.000000,18,18,18,18,18,18,18,18,18,18,18,1,0,17.72293799149338,17.72293799149338,17.72293799149338,17.72293799149338,0.0
1778566772,104,,Aggregated,0.000000,0.000000,0,0,0,0,0,0,0,0,0,0,0,1,0,17.72293799149338,17.72293799149338,17.72293799149338,17.72293799149338,0.0
1778566773,106,POST,chat/short,0.000000,0.000000,18,18,18,18,18,18,18,18,18,18,18,1,0,17.72293799149338,17.72293799149338,17.72293799149338,17.72293799149338,0.0
1778566773,106,,Aggregated,0.000000,0.000000,0,0,0,0,0,0,0,0,0,0,0,1,0,17.72293799149338,17.72293799149338,17.72293799149338,17.72293799149338,0.0
1778566774,108,POST,chat/short,0.000000,0.000000,18,18,18,18,18,18,18,18,18,18,18,1,0,17.72293799149338,17.72293799149338,17.72293799149338,17.72293799149338,0.0
1778566774,108,,Aggregated,0.000000,0.000000,0,0,0,0,0,0,0,0,0,0,0,1,0,17.72293799149338,17.72293799149338,17.72293799149338,17.72293799149338,0.0
1778566775,110,POST,chat/short,0.000000,0.000000,18,18,18,18,18,18,18,18,18,18,18,1,0,17.72293799149338,17.72293799149338,17.72293799149338,17.72293799149338,0.0
1778566775,110,,Aggregated,0.000000,0.000000,0,0,0,0,0,0,0,0,0,0,0,1,0,17.72293799149338,17.72293799149338,17.72293799149338,17.72293799149338,0.0
1778566776,112,POST,chat/short,0.000000,0.000000,18,18,18,18,18,18,18,18,18,18,18,1,0,17.72293799149338,17.72293799149338,17.72293799149338,17.72293799149338,0.0
1778566776,112,,Aggregated,0.000000,0.000000,0,0,0,0,0,0,0,0,0,0,0,1,0,17.72293799149338,17.72293799149338,17.72293799149338,17.72293799149338,0.0
1778566777,114,POST,chat/short,0.000000,0.000000,18,18,18,18,18,18,18,18,18,18,18,1,0,17.72293799149338,17.72293799149338,17.72293799149338,17.72293799149338,0.0
1778566777,114,,Aggregated,0.000000,0.000000,0,0,0,0,0,0,0,0,0,0,0,1,0,17.72293799149338,17.72293799149338,17.72293799149338,17.72293799149338,0.0
1778566778,116,POST,chat/short,0.000000,0.000000,18,18,18,18,18,18,18,18,18,18,18,1,0,17.72293799149338,17.72293799149338,17.72293799149338,17.72293799149338,0.0
1778566778,116,,Aggregated,0.000000,0.000000,0,0,0,0,0,0,0,0,0,0,0,1,0,17.72293799149338,17.72293799149338,17.72293799149338,17.72293799149338,0.0
1778566779,118,POST,chat/short,0.000000,0.000000,18,18,18,18,18,18,18,18,18,18,18,1,0,17.72293799149338,17.72293799149338,17.72293799149338,17.72293799149338,0.0
1778566779,118,,Aggregated,0.000000,0.000000,0,0,0,0,0,0,0,0,0,0,0,1,0,17.72293799149338,17.72293799149338,17.72293799149338,17.72293799149338,0.0
1778566780,120,POST,chat/short,0.000000,0.000000,0,0,0,0,0,0,0,0,0,0,0,1,0,17.72293799149338,17.72293799149338,17.72293799149338,17.72293799149338,0.0
1778566780,120,,Aggregated,0.000000,0.000000,0,0,0,0,0,0,0,0,0,0,0,1,0,17.72293799149338,17.72293799149338,17.72293799149338,17.72293799149338,0.0
1778566781,122,POST,chat/short,0.000000,0.000000,0,0,0,0,0,0,0,0,0,0,0,1,0,17.72293799149338,17.72293799149338,17.72293799149338,17.72293799149338,0.0
1778566781,122,,Aggregated,0.000000,0.000000,0,0,0,0,0,0,0,0,0,0,0,1,0,17.72293799149338,17.72293799149338,17.72293799149338,17.72293799149338,0.0
1778566782,124,POST,chat/short,0.000000,0.000000,0,0,0,0,0,0,0,0,0,0,0,1,0,17.72293799149338,17.72293799149338,17.72293799149338,17.72293799149338,0.0
1778566782,124,,Aggregated,0.000000,0.000000,0,0,0,0,0,0,0,0,0,0,0,1,0,17.72293799149338,17.72293799149338,17.72293799149338,17.72293799149338,0.0
1778566783,128,POST,chat/short,0.000000,0.000000,0,0,0,0,0,0,0,0,0,0,0,1,0,17.72293799149338,17.72293799149338,17.72293799149338,17.72293799149338,0.0
1778566783,128,,Aggregated,0.000000,0.000000,0,0,0,0,0,0,0,0,0,0,0,1,0,17.72293799149338,17.72293799149338,17.72293799149338,17.72293799149338,0.0
1778566784,128,POST,chat/short,0.000000,0.000000,0,0,0,0,0,0,0,0,0,0,0,1,0,17.72293799149338,17.72293799149338,17.72293799149338,17.72293799149338,0.0
1778566784,128,,Aggregated,0.000000,0.000000,0,0,0,0,0,0,0,0,0,0,0,1,0,17.72293799149338,17.72293799149338,17.72293799149338,17.72293799149338,0.0
1778566785,128,POST,chat/short,0.000000,0.000000,0,0,0,0,0,0,0,0,0,0,0,1,0,17.72293799149338,17.72293799149338,17.72293799149338,17.72293799149338,0.0
1778566785,128,,Aggregated,0.000000,0.000000,0,0,0,0,0,0,0,0,0,0,0,1,0,17.72293799149338,17.72293799149338,17.72293799149338,17.72293799149338,0.0
1778566786,128,POST,chat/short,0.000000,0.000000,0,0,0,0,0,0,0,0,0,0,0,1,0,17.72293799149338,17.72293799149338,17.72293799149338,17.72293799149338,0.0
1778566786,128,,Aggregated,0.000000,0.000000,0,0,0,0,0,0,0,0,0,0,0,1,0,17.72293799149338,17.72293799149338,17.72293799149338,17.72293799149338,0.0
1778566787,128,POST,chat/short,0.000000,0.000000,0,0,0,0,0,0,0,0,0,0,0,1,0,17.72293799149338,17.72293799149338,17.72293799149338,17.72293799149338,0.0
1778566787,128,,Aggregated,0.000000,0.000000,0,0,0,0,0,0,0,0,0,0,0,1,0,17.72293799149338,17.72293799149338,17.72293799149338,17.72293799149338,0.0
1778566788,128,POST,chat/short,0.000000,0.000000,0,0,0,0,0,0,0,0,0,0,0,1,0,17.72293799149338,17.72293799149338,17.72293799149338,17.72293799149338,0.0
1778566788,128,,Aggregated,0.000000,0.000000,0,0,0,0,0,0,0,0,0,0,0,1,0,17.72293799149338,17.72293799149338,17.72293799149338,17.72293799149338,0.0
1778566789,128,POST,chat/short,0.000000,0.000000,0,0,0,0,0,0,0,0,0,0,0,1,0,17.72293799149338,17.72293799149338,17.72293799149338,17.72293799149338,0.0
1778566789,128,,Aggregated,0.000000,0.000000,0,0,0,0,0,0,0,0,0,0,0,1,0,17.72293799149338,17.72293799149338,17.72293799149338,17.72293799149338,0.0
1778566790,128,POST,chat/short,0.000000,0.000000,0,0,0,0,0,0,0,0,0,0,0,1,0,17.72293799149338,17.72293799149338,17.72293799149338,17.72293799149338,0.0
1778566790,128,,Aggregated,0.000000,0.000000,0,0,0,0,0,0,0,0,0,0,0,1,0,17.72293799149338,17.72293799149338,17.72293799149338,17.72293799149338,0.0
1778566791,128,POST,chat/short,0.000000,0.000000,0,0,0,0,0,0,0,0,0,0,0,1,0,17.72293799149338,17.72293799149338,17.72293799149338,17.72293799149338,0.0
1778566791,128,,Aggregated,0.000000,0.000000,0,0,0,0,0,0,0,0,0,0,0,1,0,17.72293799149338,17.72293799149338,17.72293799149338,17.72293799149338,0.0
1778566792,128,POST,chat/short,0.000000,0.000000,0,0,0,0,0,0,0,0,0,0,0,1,0,17.72293799149338,17.72293799149338,17.72293799149338,17.72293799149338,0.0
1778566792,128,,Aggregated,0.000000,0.000000,0,0,0,0,0,0,0,0,0,0,0,1,0,17.72293799149338,17.72293799149338,17.72293799149338,17.72293799149338,0.0
1778566793,128,POST,chat/short,0.000000,0.000000,0,0,0,0,0,0,0,0,0,0,0,1,0,17.72293799149338,17.72293799149338,17.72293799149338,17.72293799149338,0.0
1778566793,128,,Aggregated,0.000000,0.000000,0,0,0,0,0,0,0,0,0,0,0,1,0,17.72293799149338,17.72293799149338,17.72293799149338,17.72293799149338,0.0
1778566794,128,POST,chat/short,0.000000,0.000000,0,0,0,0,0,0,0,0,0,0,0,1,0,17.72293799149338,17.72293799149338,17.72293799149338,17.72293799149338,0.0
1778566794,128,,Aggregated,0.000000,0.000000,0,0,0,0,0,0,0,0,0,0,0,1,0,17.72293799149338,17.72293799149338,17.72293799149338,17.72293799149338,0.0
1778566795,128,POST,chat/short,0.000000,0.000000,0,0,0,0,0,0,0,0,0,0,0,1,0,17.72293799149338,17.72293799149338,17.72293799149338,17.72293799149338,0.0
1778566795,128,,Aggregated,0.000000,0.000000,0,0,0,0,0,0,0,0,0,0,0,1,0,17.72293799149338,17.72293799149338,17.72293799149338,17.72293799149338,0.0
1778566796,128,POST,chat/short,0.000000,0.000000,0,0,0,0,0,0,0,0,0,0,0,1,0,17.72293799149338,17.72293799149338,17.72293799149338,17.72293799149338,0.0
1778566796,128,,Aggregated,0.000000,0.000000,0,0,0,0,0,0,0,0,0,0,0,1,0,17.72293799149338,17.72293799149338,17.72293799149338,17.72293799149338,0.0
1778566797,128,POST,chat/short,0.000000,0.000000,0,0,0,0,0,0,0,0,0,0,0,1,0,17.72293799149338,17.72293799149338,17.72293799149338,17.72293799149338,0.0
1778566797,128,,Aggregated,0.000000,0.000000,0,0,0,0,0,0,0,0,0,0,0,1,0,17.72293799149338,17.72293799149338,17.72293799149338,17.72293799149338,0.0
1778566798,128,POST,chat/short,0.000000,0.000000,0,0,0,0,0,0,0,0,0,0,0,1,0,17.72293799149338,17.72293799149338,17.72293799149338,17.72293799149338,0.0
1778566798,128,,Aggregated,0.000000,0.000000,0,0,0,0,0,0,0,0,0,0,0,1,0,17.72293799149338,17.72293799149338,17.72293799149338,17.72293799149338,0.0
1778566799,128,POST,chat/long,0.000000,0.000000,0,0,0,0,0,0,0,0,0,0,0,1,0,21.577598003204912,21.577598003204912,21.577598003204912,21.577598003204912,0.0
1778566799,128,POST,chat/short,0.000000,0.000000,0,0,0,0,0,0,0,0,0,0,0,1,0,17.72293799149338,17.72293799149338,17.72293799149338,17.72293799149338,0.0
1778566799,128,,Aggregated,0.000000,0.000000,0,0,0,0,0,0,0,0,0,0,0,2,0,18,19.650267997349147,17.72293799149338,21.577598003204912,0.0
1778566800,128,POST,chat/long,0.000000,0.000000,0,0,0,0,0,0,0,0,0,0,0,1,0,21.577598003204912,21.577598003204912,21.577598003204912,21.577598003204912,0.0
1778566800,128,POST,chat/short,0.000000,0.000000,0,0,0,0,0,0,0,0,0,0,0,1,0,17.72293799149338,17.72293799149338,17.72293799149338,17.72293799149338,0.0
1778566800,128,,Aggregated,0.000000,0.000000,0,0,0,0,0,0,0,0,0,0,0,2,0,18,19.650267997349147,17.72293799149338,21.577598003204912,0.0
1778566801,128,POST,chat/long,0.000000,0.000000,0,0,0,0,0,0,0,0,0,0,0,1,0,21.577598003204912,21.577598003204912,21.577598003204912,21.577598003204912,0.0
1778566801,128,POST,chat/short,0.000000,0.000000,0,0,0,0,0,0,0,0,0,0,0,1,0,17.72293799149338,17.72293799149338,17.72293799149338,17.72293799149338,0.0
1778566801,128,,Aggregated,0.000000,0.000000,0,0,0,0,0,0,0,0,0,0,0,2,0,18,19.650267997349147,17.72293799149338,21.577598003204912,0.0
1778566802,128,POST,chat/long,0.000000,0.000000,0,0,0,0,0,0,0,0,0,0,0,1,0,21.577598003204912,21.577598003204912,21.577598003204912,21.577598003204912,0.0
1778566802,128,POST,chat/short,0.000000,0.000000,0,0,0,0,0,0,0,0,0,0,0,1,0,17.72293799149338,17.72293799149338,17.72293799149338,17.72293799149338,0.0
1778566802,128,,Aggregated,0.000000,0.000000,0,0,0,0,0,0,0,0,0,0,0,2,0,18,19.650267997349147,17.72293799149338,21.577598003204912,0.0
1778566803,128,POST,chat/long,0.000000,0.000000,0,0,0,0,0,0,0,0,0,0,0,1,0,21.577598003204912,21.577598003204912,21.577598003204912,21.577598003204912,0.0
1778566803,128,POST,chat/short,0.000000,0.000000,0,0,0,0,0,0,0,0,0,0,0,1,0,17.72293799149338,17.72293799149338,17.72293799149338,17.72293799149338,0.0
1778566803,128,,Aggregated,0.000000,0.000000,0,0,0,0,0,0,0,0,0,0,0,2,0,18,19.650267997349147,17.72293799149338,21.577598003204912,0.0
1778566804,128,POST,chat/long,0.000000,0.000000,0,0,0,0,0,0,0,0,0,0,0,1,0,21.577598003204912,21.577598003204912,21.577598003204912,21.577598003204912,0.0
1778566804,128,POST,chat/short,0.000000,0.000000,0,0,0,0,0,0,0,0,0,0,0,1,0,17.72293799149338,17.72293799149338,17.72293799149338,17.72293799149338,0.0
1778566804,128,,Aggregated,0.000000,0.000000,0,0,0,0,0,0,0,0,0,0,0,2,0,18,19.650267997349147,17.72293799149338,21.577598003204912,0.0
1778566805,128,POST,chat/long,0.000000,0.000000,0,0,0,0,0,0,0,0,0,0,0,1,0,21.577598003204912,21.577598003204912,21.577598003204912,21.577598003204912,0.0
1778566805,128,POST,chat/short,0.000000,0.000000,0,0,0,0,0,0,0,0,0,0,0,1,0,17.72293799149338,17.72293799149338,17.72293799149338,17.72293799149338,0.0
1778566805,128,,Aggregated,0.000000,0.000000,0,0,0,0,0,0,0,0,0,0,0,2,0,18,19.650267997349147,17.72293799149338,21.577598003204912,0.0
1778566806,128,POST,chat/long,0.000000,0.000000,0,0,0,0,0,0,0,0,0,0,0,1,0,21.577598003204912,21.577598003204912,21.577598003204912,21.577598003204912,0.0
1778566806,128,POST,chat/short,0.000000,0.000000,0,0,0,0,0,0,0,0,0,0,0,1,0,17.72293799149338,17.72293799149338,17.72293799149338,17.72293799149338,0.0
1778566806,128,,Aggregated,0.000000,0.000000,0,0,0,0,0,0,0,0,0,0,0,2,0,18,19.650267997349147,17.72293799149338,21.577598003204912,0.0
1778566807,128,POST,chat/long,0.000000,0.000000,0,0,0,0,0,0,0,0,0,0,0,1,0,21.577598003204912,21.577598003204912,21.577598003204912,21.577598003204912,0.0
1778566807,128,POST,chat/short,0.000000,0.000000,0,0,0,0,0,0,0,0,0,0,0,1,0,17.72293799149338,17.72293799149338,17.72293799149338,17.72293799149338,0.0
1778566807,128,,Aggregated,0.000000,0.000000,0,0,0,0,0,0,0,0,0,0,0,2,0,18,19.650267997349147,17.72293799149338,21.577598003204912,0.0
1778566808,128,POST,chat/long,0.100000,0.000000,0,0,0,0,0,0,0,0,0,0,0,1,0,21.577598003204912,21.577598003204912,21.577598003204912,21.577598003204912,0.0
1778566808,128,POST,chat/medium,0.000000,0.000000,0,0,0,0,0,0,0,0,0,0,0,1,0,26.136296990443952,26.136296990443952,26.136296990443952,26.136296990443952,0.0
1778566808,128,POST,chat/short,0.000000,0.000000,0,0,0,0,0,0,0,0,0,0,0,1,0,17.72293799149338,17.72293799149338,17.72293799149338,17.72293799149338,0.0
1778566808,128,,Aggregated,0.100000,0.000000,26,26,26,26,26,26,26,26,26,26,26,3,0,22,21.81227766171408,17.72293799149338,26.136296990443952,0.0
1778566809,128,POST,chat/long,0.100000,0.000000,22,22,22,22,22,22,22,22,22,22,22,1,0,21.577598003204912,21.577598003204912,21.577598003204912,21.577598003204912,0.0
1778566809,128,POST,chat/medium,0.000000,0.000000,0,0,0,0,0,0,0,0,0,0,0,1,0,26.136296990443952,26.136296990443952,26.136296990443952,26.136296990443952,0.0
1778566809,128,POST,chat/short,0.000000,0.000000,0,0,0,0,0,0,0,0,0,0,0,1,0,17.72293799149338,17.72293799149338,17.72293799149338,17.72293799149338,0.0
1778566809,128,,Aggregated,0.100000,0.000000,26,26,26,26,26,26,26,26,26,26,26,3,0,22,21.81227766171408,17.72293799149338,26.136296990443952,0.0
1778566810,128,POST,chat/long,0.100000,0.000000,22,22,22,22,22,22,22,22,22,22,22,1,0,21.577598003204912,21.577598003204912,21.577598003204912,21.577598003204912,0.0
1778566810,128,POST,chat/medium,0.000000,0.000000,0,0,0,0,0,0,0,0,0,0,0,1,0,26.136296990443952,26.136296990443952,26.136296990443952,26.136296990443952,0.0
1778566810,128,POST,chat/short,0.000000,0.000000,0,0,0,0,0,0,0,0,0,0,0,1,0,17.72293799149338,17.72293799149338,17.72293799149338,17.72293799149338,0.0
1778566810,128,,Aggregated,0.100000,0.000000,26,26,26,26,26,26,26,26,26,26,26,3,0,22,21.81227766171408,17.72293799149338,26.136296990443952,0.0
1778566811,128,POST,chat/long,0.100000,0.000000,22,22,22,22,22,22,22,22,22,22,22,1,0,21.577598003204912,21.577598003204912,21.577598003204912,21.577598003204912,0.0
1778566811,128,POST,chat/medium,0.000000,0.000000,0,0,0,0,0,0,0,0,0,0,0,1,0,26.136296990443952,26.136296990443952,26.136296990443952,26.136296990443952,0.0
1778566811,128,POST,chat/short,0.000000,0.000000,0,0,0,0,0,0,0,0,0,0,0,1,0,17.72293799149338,17.72293799149338,17.72293799149338,17.72293799149338,0.0
1778566811,128,,Aggregated,0.100000,0.000000,26,26,26,26,26,26,26,26,26,26,26,3,0,22,21.81227766171408,17.72293799149338,26.136296990443952,0.0
1778566812,128,POST,chat/long,0.100000,0.000000,22,22,22,22,22,22,22,22,22,22,22,1,0,21.577598003204912,21.577598003204912,21.577598003204912,21.577598003204912,0.0
1778566812,128,POST,chat/medium,0.000000,0.000000,0,0,0,0,0,0,0,0,0,0,0,1,0,26.136296990443952,26.136296990443952,26.136296990443952,26.136296990443952,0.0
1778566812,128,POST,chat/short,0.000000,0.000000,0,0,0,0,0,0,0,0,0,0,0,1,0,17.72293799149338,17.72293799149338,17.72293799149338,17.72293799149338,0.0
1778566812,128,,Aggregated,0.100000,0.000000,26,26,26,26,26,26,26,26,26,26,26,3,0,22,21.81227766171408,17.72293799149338,26.136296990443952,0.0
1778566813,128,POST,chat/long,0.100000,0.000000,22,22,22,22,22,22,22,22,22,22,22,1,0,21.577598003204912,21.577598003204912,21.577598003204912,21.577598003204912,0.0
1778566813,128,POST,chat/medium,0.000000,0.000000,0,0,0,0,0,0,0,0,0,0,0,1,0,26.136296990443952,26.136296990443952,26.136296990443952,26.136296990443952,0.0
1778566813,128,POST,chat/short,0.000000,0.000000,0,0,0,0,0,0,0,0,0,0,0,1,0,17.72293799149338,17.72293799149338,17.72293799149338,17.72293799149338,0.0
1778566813,128,,Aggregated,0.100000,0.000000,0,0,0,0,0,0,0,0,0,0,0,3,0,22,21.81227766171408,17.72293799149338,26.136296990443952,0.0
1778566814,128,POST,chat/long,0.100000,0.000000,22,22,22,22,22,22,22,22,22,22,22,1,0,21.577598003204912,21.577598003204912,21.577598003204912,21.577598003204912,0.0
1778566814,128,POST,chat/medium,0.000000,0.000000,0,0,0,0,0,0,0,0,0,0,0,1,0,26.136296990443952,26.136296990443952,26.136296990443952,26.136296990443952,0.0
1778566814,128,POST,chat/short,0.000000,0.000000,0,0,0,0,0,0,0,0,0,0,0,1,0,17.72293799149338,17.72293799149338,17.72293799149338,17.72293799149338,0.0
1778566814,128,,Aggregated,0.100000,0.000000,0,0,0,0,0,0,0,0,0,0,0,3,0,22,21.81227766171408,17.72293799149338,26.136296990443952,0.0
1778566815,128,POST,chat/long,0.100000,0.000000,22,22,22,22,22,22,22,22,22,22,22,1,0,21.577598003204912,21.577598003204912,21.577598003204912,21.577598003204912,0.0
1778566815,128,POST,chat/medium,0.000000,0.000000,0,0,0,0,0,0,0,0,0,0,0,1,0,26.136296990443952,26.136296990443952,26.136296990443952,26.136296990443952,0.0
1778566815,128,POST,chat/short,0.000000,0.000000,0,0,0,0,0,0,0,0,0,0,0,1,0,17.72293799149338,17.72293799149338,17.72293799149338,17.72293799149338,0.0
1778566815,128,,Aggregated,0.100000,0.000000,0,0,0,0,0,0,0,0,0,0,0,3,0,22,21.81227766171408,17.72293799149338,26.136296990443952,0.0
1778566816,128,POST,chat/long,0.100000,0.000000,22,22,22,22,22,22,22,22,22,22,22,1,0,21.577598003204912,21.577598003204912,21.577598003204912,21.577598003204912,0.0
1778566816,128,POST,chat/medium,0.000000,0.000000,0,0,0,0,0,0,0,0,0,0,0,1,0,26.136296990443952,26.136296990443952,26.136296990443952,26.136296990443952,0.0
1778566816,128,POST,chat/short,0.000000,0.000000,0,0,0,0,0,0,0,0,0,0,0,1,0,17.72293799149338,17.72293799149338,17.72293799149338,17.72293799149338,0.0
1778566816,128,,Aggregated,0.100000,0.000000,0,0,0,0,0,0,0,0,0,0,0,3,0,22,21.81227766171408,17.72293799149338,26.136296990443952,0.0
1778566817,128,POST,chat/long,0.100000,0.000000,22,22,22,22,22,22,22,22,22,22,22,1,0,21.577598003204912,21.577598003204912,21.577598003204912,21.577598003204912,0.0
1778566817,128,POST,chat/medium,0.000000,0.000000,0,0,0,0,0,0,0,0,0,0,0,1,0,26.136296990443952,26.136296990443952,26.136296990443952,26.136296990443952,0.0
1778566817,128,POST,chat/short,0.000000,0.000000,0,0,0,0,0,0,0,0,0,0,0,1,0,17.72293799149338,17.72293799149338,17.72293799149338,17.72293799149338,0.0
1778566817,128,,Aggregated,0.100000,0.000000,0,0,0,0,0,0,0,0,0,0,0,3,0,22,21.81227766171408,17.72293799149338,26.136296990443952,0.0
1778566818,128,POST,chat/long,0.100000,0.000000,0,0,0,0,0,0,0,0,0,0,0,1,0,21.577598003204912,21.577598003204912,21.577598003204912,21.577598003204912,0.0
1778566818,128,POST,chat/medium,0.000000,0.000000,26,26,26,26,26,26,26,26,26,26,26,1,0,26.136296990443952,26.136296990443952,26.136296990443952,26.136296990443952,0.0
1778566818,128,POST,chat/short,0.000000,0.000000,0,0,0,0,0,0,0,0,0,0,0,1,0,17.72293799149338,17.72293799149338,17.72293799149338,17.72293799149338,0.0
1778566818,128,,Aggregated,0.100000,0.000000,0,0,0,0,0,0,0,0,0,0,0,3,0,22,21.81227766171408,17.72293799149338,26.136296990443952,0.0
1778566819,128,POST,chat/long,0.100000,0.000000,0,0,0,0,0,0,0,0,0,0,0,1,0,21.577598003204912,21.577598003204912,21.577598003204912,21.577598003204912,0.0
1778566819,128,POST,chat/medium,0.000000,0.000000,26,26,26,26,26,26,26,26,26,26,26,1,0,26.136296990443952,26.136296990443952,26.136296990443952,26.136296990443952,0.0
1778566819,128,POST,chat/short,0.000000,0.000000,0,0,0,0,0,0,0,0,0,0,0,1,0,17.72293799149338,17.72293799149338,17.72293799149338,17.72293799149338,0.0
1778566819,128,,Aggregated,0.100000,0.000000,0,0,0,0,0,0,0,0,0,0,0,3,0,22,21.81227766171408,17.72293799149338,26.136296990443952,0.0
1778566820,128,POST,chat/long,0.100000,0.000000,0,0,0,0,0,0,0,0,0,0,0,1,0,21.577598003204912,21.577598003204912,21.577598003204912,21.577598003204912,0.0
1778566820,128,POST,chat/medium,0.000000,0.000000,26,26,26,26,26,26,26,26,26,26,26,1,0,26.136296990443952,26.136296990443952,26.136296990443952,26.136296990443952,0.0
1778566820,128,POST,chat/short,0.000000,0.000000,0,0,0,0,0,0,0,0,0,0,0,1,0,17.72293799149338,17.72293799149338,17.72293799149338,17.72293799149338,0.0
1778566820,128,,Aggregated,0.100000,0.000000,0,0,0,0,0,0,0,0,0,0,0,3,0,22,21.81227766171408,17.72293799149338,26.136296990443952,0.0
1778566821,128,POST,chat/long,0.100000,0.000000,0,0,0,0,0,0,0,0,0,0,0,1,0,21.577598003204912,21.577598003204912,21.577598003204912,21.577598003204912,0.0
1778566821,128,POST,chat/medium,0.000000,0.000000,26,26,26,26,26,26,26,26,26,26,26,1,0,26.136296990443952,26.136296990443952,26.136296990443952,26.136296990443952,0.0
1778566821,128,POST,chat/short,0.000000,0.000000,0,0,0,0,0,0,0,0,0,0,0,1,0,17.72293799149338,17.72293799149338,17.72293799149338,17.72293799149338,0.0
1778566821,128,,Aggregated,0.100000,0.000000,0,0,0,0,0,0,0,0,0,0,0,3,0,22,21.81227766171408,17.72293799149338,26.136296990443952,0.0
1778566822,128,POST,chat/long,0.100000,0.000000,0,0,0,0,0,0,0,0,0,0,0,1,0,21.577598003204912,21.577598003204912,21.577598003204912,21.577598003204912,0.0
1778566822,128,POST,chat/medium,0.000000,0.000000,26,26,26,26,26,26,26,26,26,26,26,1,0,26.136296990443952,26.136296990443952,26.136296990443952,26.136296990443952,0.0
1778566822,128,POST,chat/short,0.000000,0.000000,0,0,0,0,0,0,0,0,0,0,0,1,0,17.72293799149338,17.72293799149338,17.72293799149338,17.72293799149338,0.0
1778566822,128,,Aggregated,0.100000,0.000000,0,0,0,0,0,0,0,0,0,0,0,3,0,22,21.81227766171408,17.72293799149338,26.136296990443952,0.0
1778566823,128,POST,chat/long,0.100000,0.000000,0,0,0,0,0,0,0,0,0,0,0,1,0,21.577598003204912,21.577598003204912,21.577598003204912,21.577598003204912,0.0
1778566823,128,POST,chat/medium,0.000000,0.000000,26,26,26,26,26,26,26,26,26,26,26,1,0,26.136296990443952,26.136296990443952,26.136296990443952,26.136296990443952,0.0
1778566823,128,POST,chat/short,0.000000,0.000000,0,0,0,0,0,0,0,0,0,0,0,1,0,17.72293799149338,17.72293799149338,17.72293799149338,17.72293799149338,0.0
1778566823,128,,Aggregated,0.100000,0.000000,0,0,0,0,0,0,0,0,0,0,0,3,0,22,21.81227766171408,17.72293799149338,26.136296990443952,0.0
1778566824,128,POST,chat/long,0.100000,0.000000,0,0,0,0,0,0,0,0,0,0,0,1,0,21.577598003204912,21.577598003204912,21.577598003204912,21.577598003204912,0.0
1778566824,128,POST,chat/medium,0.000000,0.000000,26,26,26,26,26,26,26,26,26,26,26,1,0,26.136296990443952,26.136296990443952,26.136296990443952,26.136296990443952,0.0
1778566824,128,POST,chat/short,0.000000,0.000000,0,0,0,0,0,0,0,0,0,0,0,1,0,17.72293799149338,17.72293799149338,17.72293799149338,17.72293799149338,0.0
1778566824,128,,Aggregated,0.100000,0.000000,0,0,0,0,0,0,0,0,0,0,0,3,0,22,21.81227766171408,17.72293799149338,26.136296990443952,0.0
1778566825,128,POST,chat/long,0.100000,0.000000,0,0,0,0,0,0,0,0,0,0,0,1,0,21.577598003204912,21.577598003204912,21.577598003204912,21.577598003204912,0.0
1778566825,128,POST,chat/medium,0.000000,0.000000,26,26,26,26,26,26,26,26,26,26,26,1,0,26.136296990443952,26.136296990443952,26.136296990443952,26.136296990443952,0.0
1778566825,128,POST,chat/short,0.000000,0.000000,0,0,0,0,0,0,0,0,0,0,0,1,0,17.72293799149338,17.72293799149338,17.72293799149338,17.72293799149338,0.0
1778566825,128,,Aggregated,0.100000,0.000000,0,0,0,0,0,0,0,0,0,0,0,3,0,22,21.81227766171408,17.72293799149338,26.136296990443952,0.0
1778566826,128,POST,chat/long,0.100000,0.000000,0,0,0,0,0,0,0,0,0,0,0,1,0,21.577598003204912,21.577598003204912,21.577598003204912,21.577598003204912,0.0
1778566826,128,POST,chat/medium,0.000000,0.000000,26,26,26,26,26,26,26,26,26,26,26,1,0,26.136296990443952,26.136296990443952,26.136296990443952,26.136296990443952,0.0
1778566826,128,POST,chat/short,0.000000,0.000000,0,0,0,0,0,0,0,0,0,0,0,1,0,17.72293799149338,17.72293799149338,17.72293799149338,17.72293799149338,0.0
1778566826,128,,Aggregated,0.100000,0.000000,0,0,0,0,0,0,0,0,0,0,0,3,0,22,21.81227766171408,17.72293799149338,26.136296990443952,0.0
1778566827,128,POST,chat/long,0.100000,0.000000,0,0,0,0,0,0,0,0,0,0,0,1,0,21.577598003204912,21.577598003204912,21.577598003204912,21.577598003204912,0.0
1778566827,128,POST,chat/medium,0.000000,0.000000,0,0,0,0,0,0,0,0,0,0,0,1,0,26.136296990443952,26.136296990443952,26.136296990443952,26.136296990443952,0.0
1778566827,128,POST,chat/short,0.000000,0.000000,0,0,0,0,0,0,0,0,0,0,0,1,0,17.72293799149338,17.72293799149338,17.72293799149338,17.72293799149338,0.0
1778566827,128,,Aggregated,0.100000,0.000000,0,0,0,0,0,0,0,0,0,0,0,3,0,22,21.81227766171408,17.72293799149338,26.136296990443952,0.0
1778566828,128,POST,chat/long,0.100000,0.000000,0,0,0,0,0,0,0,0,0,0,0,1,0,21.577598003204912,21.577598003204912,21.577598003204912,21.577598003204912,0.0
1778566828,128,POST,chat/medium,0.000000,0.000000,0,0,0,0,0,0,0,0,0,0,0,1,0,26.136296990443952,26.136296990443952,26.136296990443952,26.136296990443952,0.0
1778566828,128,POST,chat/short,0.000000,0.000000,0,0,0,0,0,0,0,0,0,0,0,1,0,17.72293799149338,17.72293799149338,17.72293799149338,17.72293799149338,0.0
1778566828,128,,Aggregated,0.100000,0.000000,0,0,0,0,0,0,0,0,0,0,0,3,0,22,21.81227766171408,17.72293799149338,26.136296990443952,0.0
1778566829,128,POST,chat/long,0.100000,0.000000,0,0,0,0,0,0,0,0,0,0,0,1,0,21.577598003204912,21.577598003204912,21.577598003204912,21.577598003204912,0.0
1778566829,128,POST,chat/medium,0.000000,0.000000,0,0,0,0,0,0,0,0,0,0,0,1,0,26.136296990443952,26.136296990443952,26.136296990443952,26.136296990443952,0.0
1778566829,128,POST,chat/short,0.000000,0.000000,0,0,0,0,0,0,0,0,0,0,0,1,0,17.72293799149338,17.72293799149338,17.72293799149338,17.72293799149338,0.0
1778566829,128,,Aggregated,0.100000,0.000000,0,0,0,0,0,0,0,0,0,0,0,3,0,22,21.81227766171408,17.72293799149338,26.136296990443952,0.0
1778566830,128,POST,chat/long,0.000000,0.000000,0,0,0,0,0,0,0,0,0,0,0,4,0,19,20.763540494954214,15.163027987000532,26.921957993181422,0.0
1778566830,128,POST,chat/medium,0.000000,0.000000,0,0,0,0,0,0,0,0,0,0,0,1,0,26.136296990443952,26.136296990443952,26.136296990443952,26.136296990443952,0.0
1778566830,128,POST,chat/short,0.000000,0.000000,0,0,0,0,0,0,0,0,0,0,0,1,0,17.72293799149338,17.72293799149338,17.72293799149338,17.72293799149338,0.0
1778566830,128,,Aggregated,0.000000,0.000000,0,0,0,0,0,0,0,0,0,0,0,6,0,19,21.152232826959033,15.163027987000532,26.921957993181422,0.0
1778566831,128,POST,chat/long,0.000000,0.000000,0,0,0,0,0,0,0,0,0,0,0,4,0,19,20.763540494954214,15.163027987000532,26.921957993181422,0.0
1778566831,128,POST,chat/medium,0.000000,0.000000,0,0,0,0,0,0,0,0,0,0,0,1,0,26.136296990443952,26.136296990443952,26.136296990443952,26.136296990443952,0.0
1778566831,128,POST,chat/short,0.000000,0.000000,0,0,0,0,0,0,0,0,0,0,0,1,0,17.72293799149338,17.72293799149338,17.72293799149338,17.72293799149338,0.0
1778566831,128,,Aggregated,0.000000,0.000000,0,0,0,0,0,0,0,0,0,0,0,6,0,19,21.152232826959033,15.163027987000532,26.921957993181422,0.0
1778566832,128,POST,chat/long,0.000000,0.000000,0,0,0,0,0,0,0,0,0,0,0,4,0,19,20.763540494954214,15.163027987000532,26.921957993181422,0.0
1778566832,128,POST,chat/medium,0.000000,0.000000,0,0,0,0,0,0,0,0,0,0,0,1,0,26.136296990443952,26.136296990443952,26.136296990443952,26.136296990443952,0.0
1778566832,128,POST,chat/short,0.000000,0.000000,0,0,0,0,0,0,0,0,0,0,0,1,0,17.72293799149338,17.72293799149338,17.72293799149338,17.72293799149338,0.0
1778566832,128,,Aggregated,0.000000,0.000000,0,0,0,0,0,0,0,0,0,0,0,6,0,19,21.152232826959033,15.163027987000532,26.921957993181422,0.0
1778566833,128,POST,chat/long,0.000000,0.000000,0,0,0,0,0,0,0,0,0,0,0,4,0,19,20.763540494954214,15.163027987000532,26.921957993181422,0.0
1778566833,128,POST,chat/medium,0.000000,0.000000,0,0,0,0,0,0,0,0,0,0,0,1,0,26.136296990443952,26.136296990443952,26.136296990443952,26.136296990443952,0.0
1778566833,128,POST,chat/short,0.000000,0.000000,0,0,0,0,0,0,0,0,0,0,0,1,0,17.72293799149338,17.72293799149338,17.72293799149338,17.72293799149338,0.0
1778566833,128,,Aggregated,0.000000,0.000000,0,0,0,0,0,0,0,0,0,0,0,6,0,19,21.152232826959033,15.163027987000532,26.921957993181422,0.0
1778566834,128,POST,chat/long,0.000000,0.000000,0,0,0,0,0,0,0,0,0,0,0,4,0,19,20.763540494954214,15.163027987000532,26.921957993181422,0.0
1778566834,128,POST,chat/medium,0.000000,0.000000,0,0,0,0,0,0,0,0,0,0,0,1,0,26.136296990443952,26.136296990443952,26.136296990443952,26.136296990443952,0.0
1778566834,128,POST,chat/short,0.000000,0.000000,0,0,0,0,0,0,0,0,0,0,0,1,0,17.72293799149338,17.72293799149338,17.72293799149338,17.72293799149338,0.0
1778566834,128,,Aggregated,0.000000,0.000000,0,0,0,0,0,0,0,0,0,0,0,6,0,19,21.152232826959033,15.163027987000532,26.921957993181422,0.0
1778566835,128,POST,chat/long,0.300000,0.000000,11,11,11,11,11,11,11,11,11,11,11,5,0,19,18.868540198309347,11.288539011729881,26.921957993181422,0.0
1778566835,128,POST,chat/medium,0.000000,0.000000,0,0,0,0,0,0,0,0,0,0,0,1,0,26.136296990443952,26.136296990443952,26.136296990443952,26.136296990443952,0.0
1778566835,128,POST,chat/short,0.000000,0.000000,0,0,0,0,0,0,0,0,0,0,0,1,0,17.72293799149338,17.72293799149338,17.72293799149338,17.72293799149338,0.0
1778566835,128,,Aggregated,0.300000,0.000000,11,11,11,11,11,11,11,11,11,11,11,7,0,19,19.743133710497723,11.288539011729881,26.921957993181422,0.0
1778566836,128,POST,chat/long,0.300000,0.000000,11,11,11,11,11,11,11,11,11,11,11,5,0,19,18.868540198309347,11.288539011729881,26.921957993181422,0.0
1778566836,128,POST,chat/medium,0.000000,0.000000,0,0,0,0,0,0,0,0,0,0,0,1,0,26.136296990443952,26.136296990443952,26.136296990443952,26.136296990443952,0.0
1778566836,128,POST,chat/short,0.000000,0.000000,0,0,0,0,0,0,0,0,0,0,0,1,0,17.72293799149338,17.72293799149338,17.72293799149338,17.72293799149338,0.0
1778566836,128,,Aggregated,0.300000,0.000000,11,11,11,11,11,11,11,11,11,11,11,7,0,19,19.743133710497723,11.288539011729881,26.921957993181422,0.0
1778566837,128,POST,chat/long,0.300000,0.000000,11,11,11,11,11,11,11,11,11,11,11,5,0,19,18.868540198309347,11.288539011729881,26.921957993181422,0.0
1778566837,128,POST,chat/medium,0.000000,0.000000,0,0,0,0,0,0,0,0,0,0,0,1,0,26.136296990443952,26.136296990443952,26.136296990443952,26.136296990443952,0.0
1778566837,128,POST,chat/short,0.000000,0.000000,0,0,0,0,0,0,0,0,0,0,0,1,0,17.72293799149338,17.72293799149338,17.72293799149338,17.72293799149338,0.0
1778566837,128,,Aggregated,0.300000,0.000000,11,11,11,11,11,11,11,11,11,11,11,7,0,19,19.743133710497723,11.288539011729881,26.921957993181422,0.0
1778566838,128,POST,chat/long,0.300000,0.000000,11,11,11,11,11,11,11,11,11,11,11,5,0,19,18.868540198309347,11.288539011729881,26.921957993181422,0.0
1778566838,128,POST,chat/medium,0.000000,0.000000,0,0,0,0,0,0,0,0,0,0,0,1,0,26.136296990443952,26.136296990443952,26.136296990443952,26.136296990443952,0.0
1778566838,128,POST,chat/short,0.000000,0.000000,0,0,0,0,0,0,0,0,0,0,0,1,0,17.72293799149338,17.72293799149338,17.72293799149338,17.72293799149338,0.0
1778566838,128,,Aggregated,0.300000,0.000000,11,11,11,11,11,11,11,11,11,11,11,7,0,19,19.743133710497723,11.288539011729881,26.921957993181422,0.0
1778566839,128,POST,chat/long,0.300000,0.000000,11,11,11,11,11,11,11,11,11,11,11,5,0,19,18.868540198309347,11.288539011729881,26.921957993181422,0.0
1778566839,128,POST,chat/medium,0.000000,0.000000,0,0,0,0,0,0,0,0,0,0,0,1,0,26.136296990443952,26.136296990443952,26.136296990443952,26.136296990443952,0.0
1778566839,128,POST,chat/short,0.000000,0.000000,0,0,0,0,0,0,0,0,0,0,0,1,0,17.72293799149338,17.72293799149338,17.72293799149338,17.72293799149338,0.0
1778566839,128,,Aggregated,0.300000,0.000000,11,11,11,11,11,11,11,11,11,11,11,7,0,19,19.743133710497723,11.288539011729881,26.921957993181422,0.0
1778566840,128,POST,chat/long,0.300000,0.000000,11,11,11,11,11,11,11,11,11,11,11,5,0,19,18.868540198309347,11.288539011729881,26.921957993181422,0.0
1778566840,128,POST,chat/medium,0.000000,0.000000,0,0,0,0,0,0,0,0,0,0,0,1,0,26.136296990443952,26.136296990443952,26.136296990443952,26.136296990443952,0.0
1778566840,128,POST,chat/short,0.000000,0.000000,0,0,0,0,0,0,0,0,0,0,0,1,0,17.72293799149338,17.72293799149338,17.72293799149338,17.72293799149338,0.0
1778566840,128,,Aggregated,0.300000,0.000000,11,11,11,11,11,11,11,11,11,11,11,7,0,19,19.743133710497723,11.288539011729881,26.921957993181422,0.0
1778566841,128,POST,chat/long,0.300000,0.000000,0,0,0,0,0,0,0,0,0,0,0,5,0,19,18.868540198309347,11.288539011729881,26.921957993181422,0.0
1778566841,128,POST,chat/medium,0.000000,0.000000,0,0,0,0,0,0,0,0,0,0,0,1,0,26.136296990443952,26.136296990443952,26.136296990443952,26.136296990443952,0.0
1778566841,128,POST,chat/short,0.000000,0.000000,0,0,0,0,0,0,0,0,0,0,0,1,0,17.72293799149338,17.72293799149338,17.72293799149338,17.72293799149338,0.0
1778566841,128,,Aggregated,0.300000,0.000000,0,0,0,0,0,0,0,0,0,0,0,7,0,19,19.743133710497723,11.288539011729881,26.921957993181422,0.0
1778566842,128,POST,chat/long,0.300000,0.000000,0,0,0,0,0,0,0,0,0,0,0,5,0,19,18.868540198309347,11.288539011729881,26.921957993181422,0.0
1778566842,128,POST,chat/medium,0.000000,0.000000,0,0,0,0,0,0,0,0,0,0,0,1,0,26.136296990443952,26.136296990443952,26.136296990443952,26.136296990443952,0.0
1778566842,128,POST,chat/short,0.000000,0.000000,0,0,0,0,0,0,0,0,0,0,0,1,0,17.72293799149338,17.72293799149338,17.72293799149338,17.72293799149338,0.0
1778566842,128,,Aggregated,0.300000,0.000000,0,0,0,0,0,0,0,0,0,0,0,7,0,19,19.743133710497723,11.288539011729881,26.921957993181422,0.0
1778566843,128,POST,chat/long,0.300000,0.000000,0,0,0,0,0,0,0,0,0,0,0,5,0,19,18.868540198309347,11.288539011729881,26.921957993181422,0.0
1778566843,128,POST,chat/medium,0.000000,0.000000,0,0,0,0,0,0,0,0,0,0,0,1,0,26.136296990443952,26.136296990443952,26.136296990443952,26.136296990443952,0.0
1778566843,128,POST,chat/short,0.000000,0.000000,0,0,0,0,0,0,0,0,0,0,0,1,0,17.72293799149338,17.72293799149338,17.72293799149338,17.72293799149338,0.0
1778566843,128,,Aggregated,0.300000,0.000000,0,0,0,0,0,0,0,0,0,0,0,7,0,19,19.743133710497723,11.288539011729881,26.921957993181422,0.0
1778566844,128,POST,chat/long,0.300000,0.000000,0,0,0,0,0,0,0,0,0,0,0,5,0,19,18.868540198309347,11.288539011729881,26.921957993181422,0.0
1778566844,128,POST,chat/medium,0.000000,0.000000,0,0,0,0,0,0,0,0,0,0,0,1,0,26.136296990443952,26.136296990443952,26.136296990443952,26.136296990443952,0.0
1778566844,128,POST,chat/short,0.000000,0.000000,0,0,0,0,0,0,0,0,0,0,0,1,0,17.72293799149338,17.72293799149338,17.72293799149338,17.72293799149338,0.0
1778566844,128,,Aggregated,0.300000,0.000000,0,0,0,0,0,0,0,0,0,0,0,7,0,19,19.743133710497723,11.288539011729881,26.921957993181422,0.0
1778566845,128,POST,chat/long,0.300000,0.000000,0,0,0,0,0,0,0,0,0,0,0,5,0,19,18.868540198309347,11.288539011729881,26.921957993181422,0.0
1778566845,128,POST,chat/medium,0.000000,0.000000,0,0,0,0,0,0,0,0,0,0,0,1,0,26.136296990443952,26.136296990443952,26.136296990443952,26.136296990443952,0.0
1778566845,128,POST,chat/short,0.000000,0.000000,0,0,0,0,0,0,0,0,0,0,0,1,0,17.72293799149338,17.72293799149338,17.72293799149338,17.72293799149338,0.0
1778566845,128,,Aggregated,0.300000,0.000000,0,0,0,0,0,0,0,0,0,0,0,7,0,19,19.743133710497723,11.288539011729881,26.921957993181422,0.0
1778566846,128,POST,chat/long,0.300000,0.000000,0,0,0,0,0,0,0,0,0,0,0,5,0,19,18.868540198309347,11.288539011729881,26.921957993181422,0.0
1778566846,128,POST,chat/medium,0.000000,0.000000,0,0,0,0,0,0,0,0,0,0,0,1,0,26.136296990443952,26.136296990443952,26.136296990443952,26.136296990443952,0.0
1778566846,128,POST,chat/short,0.000000,0.000000,0,0,0,0,0,0,0,0,0,0,0,1,0,17.72293799149338,17.72293799149338,17.72293799149338,17.72293799149338,0.0
1778566846,128,,Aggregated,0.300000,0.000000,0,0,0,0,0,0,0,0,0,0,0,7,0,19,19.743133710497723,11.288539011729881,26.921957993181422,0.0
1778566847,128,POST,chat/long,0.300000,0.000000,0,0,0,0,0,0,0,0,0,0,0,5,0,19,18.868540198309347,11.288539011729881,26.921957993181422,0.0
1778566847,128,POST,chat/medium,0.000000,0.000000,0,0,0,0,0,0,0,0,0,0,0,1,0,26.136296990443952,26.136296990443952,26.136296990443952,26.136296990443952,0.0
1778566847,128,POST,chat/short,0.000000,0.000000,0,0,0,0,0,0,0,0,0,0,0,1,0,17.72293799149338,17.72293799149338,17.72293799149338,17.72293799149338,0.0
1778566847,128,,Aggregated,0.300000,0.000000,0,0,0,0,0,0,0,0,0,0,0,7,0,19,19.743133710497723,11.288539011729881,26.921957993181422,0.0
1778566848,128,POST,chat/long,0.300000,0.000000,0,0,0,0,0,0,0,0,0,0,0,5,0,19,18.868540198309347,11.288539011729881,26.921957993181422,0.0
1778566848,128,POST,chat/medium,0.000000,0.000000,0,0,0,0,0,0,0,0,0,0,0,1,0,26.136296990443952,26.136296990443952,26.136296990443952,26.136296990443952,0.0
1778566848,128,POST,chat/short,0.000000,0.000000,0,0,0,0,0,0,0,0,0,0,0,1,0,17.72293799149338,17.72293799149338,17.72293799149338,17.72293799149338,0.0
1778566848,128,,Aggregated,0.300000,0.000000,0,0,0,0,0,0,0,0,0,0,0,7,0,19,19.743133710497723,11.288539011729881,26.921957993181422,0.0
1778566849,128,POST,chat/long,0.300000,0.000000,0,0,0,0,0,0,0,0,0,0,0,5,0,19,18.868540198309347,11.288539011729881,26.921957993181422,0.0
1778566849,128,POST,chat/medium,0.000000,0.000000,0,0,0,0,0,0,0,0,0,0,0,1,0,26.136296990443952,26.136296990443952,26.136296990443952,26.136296990443952,0.0
1778566849,128,POST,chat/short,0.000000,0.000000,0,0,0,0,0,0,0,0,0,0,0,1,0,17.72293799149338,17.72293799149338,17.72293799149338,17.72293799149338,0.0
1778566849,128,,Aggregated,0.300000,0.000000,0,0,0,0,0,0,0,0,0,0,0,7,0,19,19.743133710497723,11.288539011729881,26.921957993181422,0.0
1778566850,128,POST,chat/long,0.300000,0.000000,0,0,0,0,0,0,0,0,0,0,0,5,0,19,18.868540198309347,11.288539011729881,26.921957993181422,0.0
1778566850,128,POST,chat/medium,0.000000,0.000000,0,0,0,0,0,0,0,0,0,0,0,1,0,26.136296990443952,26.136296990443952,26.136296990443952,26.136296990443952,0.0
1778566850,128,POST,chat/short,0.000000,0.000000,0,0,0,0,0,0,0,0,0,0,0,1,0,17.72293799149338,17.72293799149338,17.72293799149338,17.72293799149338,0.0
1778566850,128,,Aggregated,0.300000,0.000000,0,0,0,0,0,0,0,0,0,0,0,7,0,19,19.743133710497723,11.288539011729881,26.921957993181422,0.0
1778566851,128,POST,chat/long,0.300000,0.000000,0,0,0,0,0,0,0,0,0,0,0,5,0,19,18.868540198309347,11.288539011729881,26.921957993181422,0.0
1778566851,128,POST,chat/medium,0.000000,0.000000,0,0,0,0,0,0,0,0,0,0,0,1,0,26.136296990443952,26.136296990443952,26.136296990443952,26.136296990443952,0.0
1778566851,128,POST,chat/short,0.000000,0.000000,0,0,0,0,0,0,0,0,0,0,0,1,0,17.72293799149338,17.72293799149338,17.72293799149338,17.72293799149338,0.0
1778566851,128,,Aggregated,0.300000,0.000000,0,0,0,0,0,0,0,0,0,0,0,7,0,19,19.743133710497723,11.288539011729881,26.921957993181422,0.0
1778566852,128,POST,chat/long,0.300000,0.000000,0,0,0,0,0,0,0,0,0,0,0,5,0,19,18.868540198309347,11.288539011729881,26.921957993181422,0.0
1778566852,128,POST,chat/medium,0.000000,0.000000,0,0,0,0,0,0,0,0,0,0,0,1,0,26.136296990443952,26.136296990443952,26.136296990443952,26.136296990443952,0.0
1778566852,128,POST,chat/short,0.000000,0.000000,0,0,0,0,0,0,0,0,0,0,0,1,0,17.72293799149338,17.72293799149338,17.72293799149338,17.72293799149338,0.0
1778566852,128,,Aggregated,0.300000,0.000000,0,0,0,0,0,0,0,0,0,0,0,7,0,19,19.743133710497723,11.288539011729881,26.921957993181422,0.0
1778566853,128,POST,chat/long,0.000000,0.000000,0,0,0,0,0,0,0,0,0,0,0,6,0,15,17.125120165777236,8.40802000311669,26.921957993181422,0.0
1778566853,128,POST,chat/medium,0.000000,0.000000,0,0,0,0,0,0,0,0,0,0,0,1,0,26.136296990443952,26.136296990443952,26.136296990443952,26.136296990443952,0.0
1778566853,128,POST,chat/short,0.000000,0.000000,0,0,0,0,0,0,0,0,0,0,0,2,0,16,16.766282999014948,15.809628006536514,17.72293799149338,0.0
1778566853,128,,Aggregated,0.000000,0.000000,0,0,0,0,0,0,0,0,0,0,0,9,0,18,18.04662044257081,8.40802000311669,26.921957993181422,0.0
1778566854,128,POST,chat/long,0.000000,0.000000,0,0,0,0,0,0,0,0,0,0,0,6,0,15,17.125120165777236,8.40802000311669,26.921957993181422,0.0
1778566854,128,POST,chat/medium,0.000000,0.000000,0,0,0,0,0,0,0,0,0,0,0,1,0,26.136296990443952,26.136296990443952,26.136296990443952,26.136296990443952,0.0
1778566854,128,POST,chat/short,0.000000,0.000000,0,0,0,0,0,0,0,0,0,0,0,2,0,16,16.766282999014948,15.809628006536514,17.72293799149338,0.0
1778566854,128,,Aggregated,0.000000,0.000000,0,0,0,0,0,0,0,0,0,0,0,9,0,18,18.04662044257081,8.40802000311669,26.921957993181422,0.0
1778566855,128,POST,chat/long,0.000000,0.000000,0,0,0,0,0,0,0,0,0,0,0,6,0,15,17.125120165777236,8.40802000311669,26.921957993181422,0.0
1778566855,128,POST,chat/medium,0.000000,0.000000,0,0,0,0,0,0,0,0,0,0,0,1,0,26.136296990443952,26.136296990443952,26.136296990443952,26.136296990443952,0.0
1778566855,128,POST,chat/short,0.000000,0.000000,0,0,0,0,0,0,0,0,0,0,0,2,0,16,16.766282999014948,15.809628006536514,17.72293799149338,0.0
1778566855,128,,Aggregated,0.000000,0.000000,0,0,0,0,0,0,0,0,0,0,0,9,0,18,18.04662044257081,8.40802000311669,26.921957993181422,0.0
1778566856,128,POST,chat/long,0.000000,0.000000,0,0,0,0,0,0,0,0,0,0,0,6,0,15,17.125120165777236,8.40802000311669,26.921957993181422,0.0
1778566856,128,POST,chat/medium,0.000000,0.000000,0,0,0,0,0,0,0,0,0,0,0,1,0,26.136296990443952,26.136296990443952,26.136296990443952,26.136296990443952,0.0
1778566856,128,POST,chat/short,0.000000,0.000000,0,0,0,0,0,0,0,0,0,0,0,2,0,16,16.766282999014948,15.809628006536514,17.72293799149338,0.0
1778566856,128,,Aggregated,0.000000,0.000000,0,0,0,0,0,0,0,0,0,0,0,9,0,18,18.04662044257081,8.40802000311669,26.921957993181422,0.0
1778566857,128,POST,chat/long,0.100000,0.000000,0,0,0,0,0,0,0,0,0,0,0,6,0,15,17.125120165777236,8.40802000311669,26.921957993181422,0.0
1778566857,128,POST,chat/medium,0.000000,0.000000,0,0,0,0,0,0,0,0,0,0,0,2,0,14,19.883187997038476,13.630079003633,26.136296990443952,0.0
1778566857,128,POST,chat/short,0.100000,0.000000,0,0,0,0,0,0,0,0,0,0,0,2,0,16,16.766282999014948,15.809628006536514,17.72293799149338,0.0
1778566857,128,,Aggregated,0.200000,0.000000,14,14,14,14,14,14,14,14,14,14,14,10,0,16,17.604966298677027,8.40802000311669,26.921957993181422,0.0
1778566858,128,POST,chat/long,0.100000,0.000000,0,0,0,0,0,0,0,0,0,0,0,6,0,15,17.125120165777236,8.40802000311669,26.921957993181422,0.0
1778566858,128,POST,chat/medium,0.000000,0.000000,0,0,0,0,0,0,0,0,0,0,0,2,0,14,19.883187997038476,13.630079003633,26.136296990443952,0.0
1778566858,128,POST,chat/short,0.100000,0.000000,0,0,0,0,0,0,0,0,0,0,0,2,0,16,16.766282999014948,15.809628006536514,17.72293799149338,0.0
1778566858,128,,Aggregated,0.200000,0.000000,14,14,14,14,14,14,14,14,14,14,14,10,0,16,17.604966298677027,8.40802000311669,26.921957993181422,0.0
1778566859,128,POST,chat/long,0.100000,0.000000,30,30,30,30,30,30,30,30,30,30,30,7,0,19,18.93056700022758,8.40802000311669,29.763248006929643,0.0
1778566859,128,POST,chat/medium,0.100000,0.000000,0,0,0,0,0,0,0,0,0,0,0,2,0,14,19.883187997038476,13.630079003633,26.136296990443952,0.0
1778566859,128,POST,chat/short,0.100000,0.000000,0,0,0,0,0,0,0,0,0,0,0,2,0,16,16.766282999014948,15.809628006536514,17.72293799149338,0.0
1778566859,128,,Aggregated,0.300000,0.000000,30,30,30,30,30,30,30,30,30,30,30,11,0,18,18.710264635790903,8.40802000311669,29.763248006929643,0.0
1778566860,128,POST,chat/long,0.100000,0.000000,30,30,30,30,30,30,30,30,30,30,30,7,0,19,18.93056700022758,8.40802000311669,29.763248006929643,0.0
1778566860,128,POST,chat/medium,0.100000,0.000000,0,0,0,0,0,0,0,0,0,0,0,2,0,14,19.883187997038476,13.630079003633,26.136296990443952,0.0
1778566860,128,POST,chat/short,0.100000,0.000000,0,0,0,0,0,0,0,0,0,0,0,2,0,16,16.766282999014948,15.809628006536514,17.72293799149338,0.0
1778566860,128,,Aggregated,0.300000,0.000000,30,30,30,30,30,30,30,30,30,30,30,11,0,18,18.710264635790903,8.40802000311669,29.763248006929643,0.0
1778566861,128,POST,chat/long,0.100000,0.000000,30,30,30,30,30,30,30,30,30,30,30,7,0,19,18.93056700022758,8.40802000311669,29.763248006929643,0.0
1778566861,128,POST,chat/medium,0.100000,0.000000,0,0,0,0,0,0,0,0,0,0,0,2,0,14,19.883187997038476,13.630079003633,26.136296990443952,0.0
1778566861,128,POST,chat/short,0.100000,0.000000,0,0,0,0,0,0,0,0,0,0,0,2,0,16,16.766282999014948,15.809628006536514,17.72293799149338,0.0
1778566861,128,,Aggregated,0.300000,0.000000,30,30,30,30,30,30,30,30,30,30,30,11,0,18,18.710264635790903,8.40802000311669,29.763248006929643,0.0
1778566862,128,POST,chat/long,0.100000,0.000000,30,30,30,30,30,30,30,30,30,30,30,8,0,19,19.280279500890174,8.40802000311669,29.763248006929643,0.0
1778566862,128,POST,chat/medium,0.100000,0.000000,0,0,0,0,0,0,0,0,0,0,0,2,0,14,19.883187997038476,13.630079003633,26.136296990443952,0.0
1778566862,128,POST,chat/short,0.100000,0.000000,0,0,0,0,0,0,0,0,0,0,0,2,0,16,16.766282999014948,15.809628006536514,17.72293799149338,0.0
1778566862,128,,Aggregated,0.300000,0.000000,22,22,30,30,30,30,30,30,30,30,30,12,0,18,18.96176483326902,8.40802000311669,29.763248006929643,0.0
1778566863,128,POST,chat/long,0.100000,0.000000,30,30,30,30,30,30,30,30,30,30,30,8,0,19,19.280279500890174,8.40802000311669,29.763248006929643,0.0
1778566863,128,POST,chat/medium,0.100000,0.000000,0,0,0,0,0,0,0,0,0,0,0,2,0,14,19.883187997038476,13.630079003633,26.136296990443952,0.0
1778566863,128,POST,chat/short,0.100000,0.000000,0,0,0,0,0,0,0,0,0,0,0,2,0,16,16.766282999014948,15.809628006536514,17.72293799149338,0.0
1778566863,128,,Aggregated,0.300000,0.000000,30,30,30,30,30,30,30,30,30,30,30,12,0,18,18.96176483326902,8.40802000311669,29.763248006929643,0.0
1778566864,128,POST,chat/long,0.100000,0.000000,30,30,30,30,30,30,30,30,30,30,30,8,0,19,19.280279500890174,8.40802000311669,29.763248006929643,0.0
1778566864,128,POST,chat/medium,0.100000,0.000000,0,0,0,0,0,0,0,0,0,0,0,2,0,14,19.883187997038476,13.630079003633,26.136296990443952,0.0
1778566864,128,POST,chat/short,0.100000,0.000000,0,0,0,0,0,0,0,0,0,0,0,2,0,16,16.766282999014948,15.809628006536514,17.72293799149338,0.0
1778566864,128,,Aggregated,0.300000,0.000000,30,30,30,30,30,30,30,30,30,30,30,12,0,18,18.96176483326902,8.40802000311669,29.763248006929643,0.0
1778566865,128,POST,chat/long,0.200000,0.000000,22,22,22,22,22,22,22,22,22,22,22,9,0,21,19.438912668394753,8.40802000311669,29.763248006929643,0.0
1778566865,128,POST,chat/medium,0.100000,0.000000,0,0,0,0,0,0,0,0,0,0,0,2,0,14,19.883187997038476,13.630079003633,26.136296990443952,0.0
1778566865,128,POST,chat/short,0.000000,0.000000,0,0,0,0,0,0,0,0,0,0,0,2,0,16,16.766282999014948,15.809628006536514,17.72293799149338,0.0
1778566865,128,,Aggregated,0.300000,0.000000,22,22,30,30,30,30,30,30,30,30,30,13,0,19,19.096088923666123,8.40802000311669,29.763248006929643,0.0
1778566866,128,POST,chat/long,0.200000,0.000000,22,22,22,22,22,22,22,22,22,22,22,9,0,21,19.438912668394753,8.40802000311669,29.763248006929643,0.0
1778566866,128,POST,chat/medium,0.100000,0.000000,0,0,0,0,0,0,0,0,0,0,0,2,0,14,19.883187997038476,13.630079003633,26.136296990443952,0.0
1778566866,128,POST,chat/short,0.000000,0.000000,0,0,0,0,0,0,0,0,0,0,0,2,0,16,16.766282999014948,15.809628006536514,17.72293799149338,0.0
1778566866,128,,Aggregated,0.300000,0.000000,22,22,30,30,30,30,30,30,30,30,30,13,0,19,19.096088923666123,8.40802000311669,29.763248006929643,0.0
1778566867,128,POST,chat/long,0.200000,0.000000,22,22,22,22,22,22,22,22,22,22,22,9,0,21,19.438912668394753,8.40802000311669,29.763248006929643,0.0
1778566867,128,POST,chat/medium,0.100000,0.000000,0,0,0,0,0,0,0,0,0,0,0,2,0,14,19.883187997038476,13.630079003633,26.136296990443952,0.0
1778566867,128,POST,chat/short,0.000000,0.000000,0,0,0,0,0,0,0,0,0,0,0,2,0,16,16.766282999014948,15.809628006536514,17.72293799149338,0.0
1778566867,128,,Aggregated,0.300000,0.000000,22,22,30,30,30,30,30,30,30,30,30,13,0,19,19.096088923666123,8.40802000311669,29.763248006929643,0.0
1778566868,128,POST,chat/long,0.200000,0.000000,22,22,22,22,22,22,22,22,22,22,22,9,0,21,19.438912668394753,8.40802000311669,29.763248006929643,0.0
1778566868,128,POST,chat/medium,0.100000,0.000000,0,0,0,0,0,0,0,0,0,0,0,2,0,14,19.883187997038476,13.630079003633,26.136296990443952,0.0
1778566868,128,POST,chat/short,0.000000,0.000000,0,0,0,0,0,0,0,0,0,0,0,2,0,16,16.766282999014948,15.809628006536514,17.72293799149338,0.0
1778566868,128,,Aggregated,0.300000,0.000000,22,22,22,22,22,22,22,22,22,22,22,13,0,19,19.096088923666123,8.40802000311669,29.763248006929643,0.0
1778566869,128,POST,chat/long,0.200000,0.000000,22,22,22,22,22,22,22,22,22,22,22,9,0,21,19.438912668394753,8.40802000311669,29.763248006929643,0.0
1778566869,128,POST,chat/medium,0.100000,0.000000,0,0,0,0,0,0,0,0,0,0,0,2,0,14,19.883187997038476,13.630079003633,26.136296990443952,0.0
1778566869,128,POST,chat/short,0.000000,0.000000,0,0,0,0,0,0,0,0,0,0,0,2,0,16,16.766282999014948,15.809628006536514,17.72293799149338,0.0
1778566869,128,,Aggregated,0.300000,0.000000,22,22,22,22,22,22,22,22,22,22,22,13,0,19,19.096088923666123,8.40802000311669,29.763248006929643,0.0
1778566870,128,POST,chat/long,0.200000,0.000000,22,22,22,22,22,22,22,22,22,22,22,9,0,21,19.438912668394753,8.40802000311669,29.763248006929643,0.0
1778566870,128,POST,chat/medium,0.100000,0.000000,0,0,0,0,0,0,0,0,0,0,0,2,0,14,19.883187997038476,13.630079003633,26.136296990443952,0.0
1778566870,128,POST,chat/short,0.000000,0.000000,0,0,0,0,0,0,0,0,0,0,0,2,0,16,16.766282999014948,15.809628006536514,17.72293799149338,0.0
1778566870,128,,Aggregated,0.300000,0.000000,22,22,22,22,22,22,22,22,22,22,22,13,0,19,19.096088923666123,8.40802000311669,29.763248006929643,0.0
1778566871,128,POST,chat/long,0.200000,0.000000,21,21,21,21,21,21,21,21,21,21,21,9,0,21,19.438912668394753,8.40802000311669,29.763248006929643,0.0
1778566871,128,POST,chat/medium,0.100000,0.000000,0,0,0,0,0,0,0,0,0,0,0,2,0,14,19.883187997038476,13.630079003633,26.136296990443952,0.0
1778566871,128,POST,chat/short,0.000000,0.000000,0,0,0,0,0,0,0,0,0,0,0,2,0,16,16.766282999014948,15.809628006536514,17.72293799149338,0.0
1778566871,128,,Aggregated,0.300000,0.000000,21,21,21,21,21,21,21,21,21,21,21,13,0,19,19.096088923666123,8.40802000311669,29.763248006929643,0.0
1778566872,128,POST,chat/long,0.200000,0.000000,21,21,21,21,21,21,21,21,21,21,21,9,0,21,19.438912668394753,8.40802000311669,29.763248006929643,0.0
1778566872,128,POST,chat/medium,0.100000,0.000000,0,0,0,0,0,0,0,0,0,0,0,2,0,14,19.883187997038476,13.630079003633,26.136296990443952,0.0
1778566872,128,POST,chat/short,0.000000,0.000000,0,0,0,0,0,0,0,0,0,0,0,2,0,16,16.766282999014948,15.809628006536514,17.72293799149338,0.0
1778566872,128,,Aggregated,0.300000,0.000000,21,21,21,21,21,21,21,21,21,21,21,13,0,19,19.096088923666123,8.40802000311669,29.763248006929643,0.0
1778566873,128,POST,chat/long,0.200000,0.000000,21,21,21,21,21,21,21,21,21,21,21,9,0,21,19.438912668394753,8.40802000311669,29.763248006929643,0.0
1778566873,128,POST,chat/medium,0.100000,0.000000,0,0,0,0,0,0,0,0,0,0,0,2,0,14,19.883187997038476,13.630079003633,26.136296990443952,0.0
1778566873,128,POST,chat/short,0.000000,0.000000,0,0,0,0,0,0,0,0,0,0,0,2,0,16,16.766282999014948,15.809628006536514,17.72293799149338,0.0
1778566873,128,,Aggregated,0.300000,0.000000,21,21,21,21,21,21,21,21,21,21,21,13,0,19,19.096088923666123,8.40802000311669,29.763248006929643,0.0
1778566874,128,POST,chat/long,0.200000,0.000000,36,36,36,36,36,36,36,36,36,36,36,10,0,21,21.082416102581192,8.40802000311669,35.873947010259144,0.0
1778566874,128,POST,chat/medium,0.000000,0.000000,0,0,0,0,0,0,0,0,0,0,0,2,0,14,19.883187997038476,13.630079003633,26.136296990443952,0.0
1778566874,128,POST,chat/short,0.000000,0.000000,0,0,0,0,0,0,0,0,0,0,0,2,0,16,16.766282999014948,15.809628006536514,17.72293799149338,0.0
1778566874,128,,Aggregated,0.200000,0.000000,36,36,36,36,36,36,36,36,36,36,36,14,0,19,20.29450735842277,8.40802000311669,35.873947010259144,0.0
1778566875,128,POST,chat/long,0.200000,0.000000,36,36,36,36,36,36,36,36,36,36,36,10,0,21,21.082416102581192,8.40802000311669,35.873947010259144,0.0
1778566875,128,POST,chat/medium,0.000000,0.000000,0,0,0,0,0,0,0,0,0,0,0,2,0,14,19.883187997038476,13.630079003633,26.136296990443952,0.0
1778566875,128,POST,chat/short,0.000000,0.000000,0,0,0,0,0,0,0,0,0,0,0,2,0,16,16.766282999014948,15.809628006536514,17.72293799149338,0.0
1778566875,128,,Aggregated,0.200000,0.000000,36,36,36,36,36,36,36,36,36,36,36,14,0,19,20.29450735842277,8.40802000311669,35.873947010259144,0.0
1778566876,128,POST,chat/long,0.200000,0.000000,36,36,36,36,36,36,36,36,36,36,36,10,0,21,21.082416102581192,8.40802000311669,35.873947010259144,0.0
1778566876,128,POST,chat/medium,0.000000,0.000000,0,0,0,0,0,0,0,0,0,0,0,2,0,14,19.883187997038476,13.630079003633,26.136296990443952,0.0
1778566876,128,POST,chat/short,0.000000,0.000000,0,0,0,0,0,0,0,0,0,0,0,2,0,16,16.766282999014948,15.809628006536514,17.72293799149338,0.0
1778566876,128,,Aggregated,0.200000,0.000000,36,36,36,36,36,36,36,36,36,36,36,14,0,19,20.29450735842277,8.40802000311669,35.873947010259144,0.0
1778566877,128,POST,chat/long,0.200000,0.000000,36,36,36,36,36,36,36,36,36,36,36,10,0,21,21.082416102581192,8.40802000311669,35.873947010259144,0.0
1778566877,128,POST,chat/medium,0.000000,0.000000,0,0,0,0,0,0,0,0,0,0,0,2,0,14,19.883187997038476,13.630079003633,26.136296990443952,0.0
1778566877,128,POST,chat/short,0.000000,0.000000,0,0,0,0,0,0,0,0,0,0,0,2,0,16,16.766282999014948,15.809628006536514,17.72293799149338,0.0
1778566877,128,,Aggregated,0.200000,0.000000,36,36,36,36,36,36,36,36,36,36,36,14,0,19,20.29450735842277,8.40802000311669,35.873947010259144,0.0
1778566878,128,POST,chat/long,0.200000,0.000000,36,36,36,36,36,36,36,36,36,36,36,10,0,21,21.082416102581192,8.40802000311669,35.873947010259144,0.0
1778566878,128,POST,chat/medium,0.000000,0.000000,0,0,0,0,0,0,0,0,0,0,0,2,0,14,19.883187997038476,13.630079003633,26.136296990443952,0.0
1778566878,128,POST,chat/short,0.000000,0.000000,0,0,0,0,0,0,0,0,0,0,0,2,0,16,16.766282999014948,15.809628006536514,17.72293799149338,0.0
1778566878,128,,Aggregated,0.200000,0.000000,36,36,36,36,36,36,36,36,36,36,36,14,0,19,20.29450735842277,8.40802000311669,35.873947010259144,0.0
1778566879,128,POST,chat/long,0.200000,0.000000,0,0,0,0,0,0,0,0,0,0,0,10,0,21,21.082416102581192,8.40802000311669,35.873947010259144,0.0
1778566879,128,POST,chat/medium,0.000000,0.000000,0,0,0,0,0,0,0,0,0,0,0,2,0,14,19.883187997038476,13.630079003633,26.136296990443952,0.0
1778566879,128,POST,chat/short,0.000000,0.000000,0,0,0,0,0,0,0,0,0,0,0,2,0,16,16.766282999014948,15.809628006536514,17.72293799149338,0.0
1778566879,128,,Aggregated,0.200000,0.000000,0,0,0,0,0,0,0,0,0,0,0,14,0,19,20.29450735842277,8.40802000311669,35.873947010259144,0.0
1778566880,128,POST,chat/long,0.200000,0.000000,19,19,19,19,19,19,19,19,19,19,19,11,0,21,20.864510821411386,8.40802000311669,35.873947010259144,0.0
1778566880,128,POST,chat/medium,0.000000,0.000000,0,0,0,0,0,0,0,0,0,0,0,2,0,14,19.883187997038476,13.630079003633,26.136296990443952,0.0
1778566880,128,POST,chat/short,0.000000,0.000000,0,0,0,0,0,0,0,0,0,0,0,2,0,16,16.766282999014948,15.809628006536514,17.72293799149338,0.0
1778566880,128,,Aggregated,0.200000,0.000000,19,19,19,19,19,19,19,19,19,19,19,15,0,19,20.18723740184214,8.40802000311669,35.873947010259144,0.0
1778566881,128,POST,chat/long,0.200000,0.000000,19,19,19,19,19,19,19,19,19,19,19,11,0,21,20.864510821411386,8.40802000311669,35.873947010259144,0.0
1778566881,128,POST,chat/medium,0.000000,0.000000,0,0,0,0,0,0,0,0,0,0,0,2,0,14,19.883187997038476,13.630079003633,26.136296990443952,0.0
1778566881,128,POST,chat/short,0.000000,0.000000,0,0,0,0,0,0,0,0,0,0,0,2,0,16,16.766282999014948,15.809628006536514,17.72293799149338,0.0
1778566881,128,,Aggregated,0.200000,0.000000,19,19,19,19,19,19,19,19,19,19,19,15,0,19,20.18723740184214,8.40802000311669,35.873947010259144,0.0
1778566882,128,POST,chat/long,0.200000,0.000000,19,19,19,19,19,19,19,19,19,19,19,11,0,21,20.864510821411386,8.40802000311669,35.873947010259144,0.0
1778566882,128,POST,chat/medium,0.000000,0.000000,0,0,0,0,0,0,0,0,0,0,0,2,0,14,19.883187997038476,13.630079003633,26.136296990443952,0.0
1778566882,128,POST,chat/short,0.000000,0.000000,0,0,0,0,0,0,0,0,0,0,0,2,0,16,16.766282999014948,15.809628006536514,17.72293799149338,0.0
1778566882,128,,Aggregated,0.200000,0.000000,19,19,19,19,19,19,19,19,19,19,19,15,0,19,20.18723740184214,8.40802000311669,35.873947010259144,0.0
1778566883,128,POST,chat/long,0.200000,0.000000,19,19,19,19,19,19,19,19,19,19,19,11,0,21,20.864510821411386,8.40802000311669,35.873947010259144,0.0
1778566883,128,POST,chat/medium,0.000000,0.000000,0,0,0,0,0,0,0,0,0,0,0,2,0,14,19.883187997038476,13.630079003633,26.136296990443952,0.0
1778566883,128,POST,chat/short,0.000000,0.000000,0,0,0,0,0,0,0,0,0,0,0,2,0,16,16.766282999014948,15.809628006536514,17.72293799149338,0.0
1778566883,128,,Aggregated,0.200000,0.000000,19,19,19,19,19,19,19,19,19,19,19,15,0,19,20.18723740184214,8.40802000311669,35.873947010259144,0.0
1778566884,128,POST,chat/long,0.200000,0.000000,19,19,19,19,19,19,19,19,19,19,19,11,0,21,20.864510821411386,8.40802000311669,35.873947010259144,0.0
1778566884,128,POST,chat/medium,0.000000,0.000000,0,0,0,0,0,0,0,0,0,0,0,2,0,14,19.883187997038476,13.630079003633,26.136296990443952,0.0
1778566884,128,POST,chat/short,0.000000,0.000000,0,0,0,0,0,0,0,0,0,0,0,2,0,16,16.766282999014948,15.809628006536514,17.72293799149338,0.0
1778566884,128,,Aggregated,0.200000,0.000000,19,19,19,19,19,19,19,19,19,19,19,15,0,19,20.18723740184214,8.40802000311669,35.873947010259144,0.0
1778566885,128,POST,chat/long,0.200000,0.000000,0,0,0,0,0,0,0,0,0,0,0,11,0,21,20.864510821411386,8.40802000311669,35.873947010259144,0.0
1778566885,128,POST,chat/medium,0.000000,0.000000,0,0,0,0,0,0,0,0,0,0,0,2,0,14,19.883187997038476,13.630079003633,26.136296990443952,0.0
1778566885,128,POST,chat/short,0.000000,0.000000,0,0,0,0,0,0,0,0,0,0,0,2,0,16,16.766282999014948,15.809628006536514,17.72293799149338,0.0
1778566885,128,,Aggregated,0.200000,0.000000,0,0,0,0,0,0,0,0,0,0,0,15,0,19,20.18723740184214,8.40802000311669,35.873947010259144,0.0
1778566886,128,POST,chat/long,0.200000,0.000000,0,0,0,0,0,0,0,0,0,0,0,11,0,21,20.864510821411386,8.40802000311669,35.873947010259144,0.0
1778566886,128,POST,chat/medium,0.000000,0.000000,0,0,0,0,0,0,0,0,0,0,0,2,0,14,19.883187997038476,13.630079003633,26.136296990443952,0.0
1778566886,128,POST,chat/short,0.000000,0.000000,0,0,0,0,0,0,0,0,0,0,0,2,0,16,16.766282999014948,15.809628006536514,17.72293799149338,0.0
1778566886,128,,Aggregated,0.200000,0.000000,0,0,0,0,0,0,0,0,0,0,0,15,0,19,20.18723740184214,8.40802000311669,35.873947010259144,0.0
1778566887,128,POST,chat/long,0.200000,0.000000,0,0,0,0,0,0,0,0,0,0,0,11,0,21,20.864510821411386,8.40802000311669,35.873947010259144,0.0
1778566887,128,POST,chat/medium,0.000000,0.000000,0,0,0,0,0,0,0,0,0,0,0,2,0,14,19.883187997038476,13.630079003633,26.136296990443952,0.0
1778566887,128,POST,chat/short,0.000000,0.000000,0,0,0,0,0,0,0,0,0,0,0,2,0,16,16.766282999014948,15.809628006536514,17.72293799149338,0.0
1778566887,128,,Aggregated,0.200000,0.000000,0,0,0,0,0,0,0,0,0,0,0,15,0,19,20.18723740184214,8.40802000311669,35.873947010259144,0.0
1778566888,128,POST,chat/long,0.200000,0.000000,0,0,0,0,0,0,0,0,0,0,0,11,0,21,20.864510821411386,8.40802000311669,35.873947010259144,0.0
1778566888,128,POST,chat/medium,0.000000,0.000000,0,0,0,0,0,0,0,0,0,0,0,2,0,14,19.883187997038476,13.630079003633,26.136296990443952,0.0
1778566888,128,POST,chat/short,0.000000,0.000000,0,0,0,0,0,0,0,0,0,0,0,2,0,16,16.766282999014948,15.809628006536514,17.72293799149338,0.0
1778566888,128,,Aggregated,0.200000,0.000000,0,0,0,0,0,0,0,0,0,0,0,15,0,19,20.18723740184214,8.40802000311669,35.873947010259144,0.0
1778566889,128,POST,chat/long,0.200000,0.000000,0,0,0,0,0,0,0,0,0,0,0,11,0,21,20.864510821411386,8.40802000311669,35.873947010259144,0.0
1778566889,128,POST,chat/medium,0.000000,0.000000,0,0,0,0,0,0,0,0,0,0,0,2,0,14,19.883187997038476,13.630079003633,26.136296990443952,0.0
1778566889,128,POST,chat/short,0.000000,0.000000,0,0,0,0,0,0,0,0,0,0,0,2,0,16,16.766282999014948,15.809628006536514,17.72293799149338,0.0
1778566889,128,,Aggregated,0.200000,0.000000,0,0,0,0,0,0,0,0,0,0,0,15,0,19,20.18723740184214,8.40802000311669,35.873947010259144,0.0
1778566890,128,POST,chat/long,0.200000,0.000000,0,0,0,0,0,0,0,0,0,0,0,11,0,21,20.864510821411386,8.40802000311669,35.873947010259144,0.0
1778566890,128,POST,chat/medium,0.000000,0.000000,0,0,0,0,0,0,0,0,0,0,0,2,0,14,19.883187997038476,13.630079003633,26.136296990443952,0.0
1778566890,128,POST,chat/short,0.000000,0.000000,0,0,0,0,0,0,0,0,0,0,0,2,0,16,16.766282999014948,15.809628006536514,17.72293799149338,0.0
1778566890,128,,Aggregated,0.200000,0.000000,0,0,0,0,0,0,0,0,0,0,0,15,0,19,20.18723740184214,8.40802000311669,35.873947010259144,0.0
1778566891,128,POST,chat/long,0.200000,0.000000,0,0,0,0,0,0,0,0,0,0,0,11,0,21,20.864510821411386,8.40802000311669,35.873947010259144,0.0
1778566891,128,POST,chat/medium,0.000000,0.000000,0,0,0,0,0,0,0,0,0,0,0,2,0,14,19.883187997038476,13.630079003633,26.136296990443952,0.0
1778566891,128,POST,chat/short,0.000000,0.000000,0,0,0,0,0,0,0,0,0,0,0,2,0,16,16.766282999014948,15.809628006536514,17.72293799149338,0.0
1778566891,128,,Aggregated,0.200000,0.000000,0,0,0,0,0,0,0,0,0,0,0,15,0,19,20.18723740184214,8.40802000311669,35.873947010259144,0.0
1778566892,128,POST,chat/long,0.000000,0.000000,0,0,0,0,0,0,0,0,0,0,0,11,0,21,20.864510821411386,8.40802000311669,35.873947010259144,0.0
1778566892,128,POST,chat/medium,0.000000,0.000000,0,0,0,0,0,0,0,0,0,0,0,4,0,14,17.503938248410122,11.325348998070695,26.136296990443952,0.0
1778566892,128,POST,chat/short,0.000000,0.000000,0,0,0,0,0,0,0,0,0,0,0,2,0,16,16.766282999014948,15.809628006536514,17.72293799149338,0.0
1778566892,128,,Aggregated,0.000000,0.000000,19,19,19,19,19,19,19,19,19,19,19,17,0,19,19.591643413364448,8.40802000311669,35.873947010259144,0.0
1778566893,128,POST,chat/long,0.000000,0.000000,0,0,0,0,0,0,0,0,0,0,0,11,0,21,20.864510821411386,8.40802000311669,35.873947010259144,0.0
1778566893,128,POST,chat/medium,0.000000,0.000000,0,0,0,0,0,0,0,0,0,0,0,4,0,14,17.503938248410122,11.325348998070695,26.136296990443952,0.0
1778566893,128,POST,chat/short,0.000000,0.000000,0,0,0,0,0,0,0,0,0,0,0,2,0,16,16.766282999014948,15.809628006536514,17.72293799149338,0.0
1778566893,128,,Aggregated,0.000000,0.000000,19,19,19,19,19,19,19,19,19,19,19,17,0,19,19.591643413364448,8.40802000311669,35.873947010259144,0.0
1778566894,128,POST,chat/long,0.000000,0.000000,0,0,0,0,0,0,0,0,0,0,0,11,0,21,20.864510821411386,8.40802000311669,35.873947010259144,0.0
1778566894,128,POST,chat/medium,0.000000,0.000000,0,0,0,0,0,0,0,0,0,0,0,4,0,14,17.503938248410122,11.325348998070695,26.136296990443952,0.0
1778566894,128,POST,chat/short,0.000000,0.000000,0,0,0,0,0,0,0,0,0,0,0,2,0,16,16.766282999014948,15.809628006536514,17.72293799149338,0.0
1778566894,128,,Aggregated,0.000000,0.000000,19,19,19,19,19,19,19,19,19,19,19,17,0,19,19.591643413364448,8.40802000311669,35.873947010259144,0.0
1778566895,128,POST,chat/long,0.000000,0.000000,0,0,0,0,0,0,0,0,0,0,0,11,0,21,20.864510821411386,8.40802000311669,35.873947010259144,0.0
1778566895,128,POST,chat/medium,0.000000,0.000000,0,0,0,0,0,0,0,0,0,0,0,4,0,14,17.503938248410122,11.325348998070695,26.136296990443952,0.0
1778566895,128,POST,chat/short,0.000000,0.000000,0,0,0,0,0,0,0,0,0,0,0,2,0,16,16.766282999014948,15.809628006536514,17.72293799149338,0.0
1778566895,128,,Aggregated,0.000000,0.000000,0,0,0,0,0,0,0,0,0,0,0,17,0,19,19.591643413364448,8.40802000311669,35.873947010259144,0.0
1778566896,128,POST,chat/long,0.000000,0.000000,0,0,0,0,0,0,0,0,0,0,0,12,0,21,21.3514647524183,8.40802000311669,35.873947010259144,0.0
1778566896,128,POST,chat/medium,0.200000,0.000000,0,0,0,0,0,0,0,0,0,0,0,4,0,14,17.503938248410122,11.325348998070695,26.136296990443952,0.0
1778566896,128,POST,chat/short,0.000000,0.000000,0,0,0,0,0,0,0,0,0,0,0,2,0,16,16.766282999014948,15.809628006536514,17.72293799149338,0.0
1778566896,128,,Aggregated,0.200000,0.000000,27,27,27,27,27,27,27,27,27,27,27,18,0,19,19.986994223371667,8.40802000311669,35.873947010259144,0.0
1778566897,128,POST,chat/long,0.000000,0.000000,0,0,0,0,0,0,0,0,0,0,0,12,0,21,21.3514647524183,8.40802000311669,35.873947010259144,0.0
1778566897,128,POST,chat/medium,0.200000,0.000000,0,0,0,0,0,0,0,0,0,0,0,4,0,14,17.503938248410122,11.325348998070695,26.136296990443952,0.0
1778566897,128,POST,chat/short,0.000000,0.000000,0,0,0,0,0,0,0,0,0,0,0,2,0,16,16.766282999014948,15.809628006536514,17.72293799149338,0.0
1778566897,128,,Aggregated,0.200000,0.000000,27,27,27,27,27,27,27,27,27,27,27,18,0,19,19.986994223371667,8.40802000311669,35.873947010259144,0.0
1778566898,128,POST,chat/long,0.000000,0.000000,0,0,0,0,0,0,0,0,0,0,0,12,0,21,21.3514647524183,8.40802000311669,35.873947010259144,0.0
1778566898,128,POST,chat/medium,0.200000,0.000000,0,0,0,0,0,0,0,0,0,0,0,4,0,14,17.503938248410122,11.325348998070695,26.136296990443952,0.0
1778566898,128,POST,chat/short,0.000000,0.000000,0,0,0,0,0,0,0,0,0,0,0,2,0,16,16.766282999014948,15.809628006536514,17.72293799149338,0.0
1778566898,128,,Aggregated,0.200000,0.000000,27,27,27,27,27,27,27,27,27,27,27,18,0,19,19.986994223371667,8.40802000311669,35.873947010259144,0.0
1778566899,128,POST,chat/long,0.000000,0.000000,0,0,0,0,0,0,0,0,0,0,0,12,0,21,21.3514647524183,8.40802000311669,35.873947010259144,0.0
1778566899,128,POST,chat/medium,0.200000,0.000000,0,0,0,0,0,0,0,0,0,0,0,4,0,14,17.503938248410122,11.325348998070695,26.136296990443952,0.0
1778566899,128,POST,chat/short,0.000000,0.000000,0,0,0,0,0,0,0,0,0,0,0,2,0,16,16.766282999014948,15.809628006536514,17.72293799149338,0.0
1778566899,128,,Aggregated,0.200000,0.000000,27,27,27,27,27,27,27,27,27,27,27,18,0,19,19.986994223371667,8.40802000311669,35.873947010259144,0.0
1778566900,128,POST,chat/long,0.000000,0.000000,0,0,0,0,0,0,0,0,0,0,0,12,0,21,21.3514647524183,8.40802000311669,35.873947010259144,0.0
1778566900,128,POST,chat/medium,0.200000,0.000000,0,0,0,0,0,0,0,0,0,0,0,4,0,14,17.503938248410122,11.325348998070695,26.136296990443952,0.0
1778566900,128,POST,chat/short,0.000000,0.000000,0,0,0,0,0,0,0,0,0,0,0,2,0,16,16.766282999014948,15.809628006536514,17.72293799149338,0.0
1778566900,128,,Aggregated,0.200000,0.000000,27,27,27,27,27,27,27,27,27,27,27,18,0,19,19.986994223371667,8.40802000311669,35.873947010259144,0.0
1778566901,128,POST,chat/long,0.100000,0.000000,0,0,0,0,0,0,0,0,0,0,0,12,0,21,21.3514647524183,8.40802000311669,35.873947010259144,0.0
1778566901,128,POST,chat/medium,0.200000,0.000000,26,26,26,26,26,26,26,26,26,26,26,5,0,19,19.181099996785633,11.325348998070695,26.136296990443952,0.0
1778566901,128,POST,chat/short,0.000000,0.000000,0,0,0,0,0,0,0,0,0,0,0,2,0,16,16.766282999014948,15.809628006536514,17.72293799149338,0.0
1778566901,128,,Aggregated,0.300000,0.000000,27,27,27,27,27,27,27,27,27,27,27,19,0,19,20.297665421630402,8.40802000311669,35.873947010259144,0.0
1778566902,128,POST,chat/long,0.100000,0.000000,0,0,0,0,0,0,0,0,0,0,0,12,0,21,21.3514647524183,8.40802000311669,35.873947010259144,0.0
1778566902,128,POST,chat/medium,0.200000,0.000000,26,26,26,26,26,26,26,26,26,26,26,5,0,19,19.181099996785633,11.325348998070695,26.136296990443952,0.0
1778566902,128,POST,chat/short,0.000000,0.000000,0,0,0,0,0,0,0,0,0,0,0,2,0,16,16.766282999014948,15.809628006536514,17.72293799149338,0.0
1778566902,128,,Aggregated,0.300000,0.000000,27,27,27,27,27,27,27,27,27,27,27,19,0,19,20.297665421630402,8.40802000311669,35.873947010259144,0.0
1778566903,128,POST,chat/long,0.100000,0.000000,0,0,0,0,0,0,0,0,0,0,0,12,0,21,21.3514647524183,8.40802000311669,35.873947010259144,0.0
1778566903,128,POST,chat/medium,0.200000,0.000000,26,26,26,26,26,26,26,26,26,26,26,5,0,19,19.181099996785633,11.325348998070695,26.136296990443952,0.0
1778566903,128,POST,chat/short,0.000000,0.000000,0,0,0,0,0,0,0,0,0,0,0,2,0,16,16.766282999014948,15.809628006536514,17.72293799149338,0.0
1778566903,128,,Aggregated,0.300000,0.000000,26,26,26,26,26,26,26,26,26,26,26,19,0,19,20.297665421630402,8.40802000311669,35.873947010259144,0.0
1778566904,128,POST,chat/long,0.100000,0.000000,0,0,0,0,0,0,0,0,0,0,0,12,0,21,21.3514647524183,8.40802000311669,35.873947010259144,0.0
1778566904,128,POST,chat/medium,0.200000,0.000000,26,26,26,26,26,26,26,26,26,26,26,5,0,19,19.181099996785633,11.325348998070695,26.136296990443952,0.0
1778566904,128,POST,chat/short,0.000000,0.000000,0,0,0,0,0,0,0,0,0,0,0,2,0,16,16.766282999014948,15.809628006536514,17.72293799149338,0.0
1778566904,128,,Aggregated,0.300000,0.000000,26,26,26,26,26,26,26,26,26,26,26,19,0,19,20.297665421630402,8.40802000311669,35.873947010259144,0.0
1778566905,128,POST,chat/long,0.100000,0.000000,0,0,0,0,0,0,0,0,0,0,0,12,0,21,21.3514647524183,8.40802000311669,35.873947010259144,0.0
1778566905,128,POST,chat/medium,0.200000,0.000000,26,26,26,26,26,26,26,26,26,26,26,5,0,19,19.181099996785633,11.325348998070695,26.136296990443952,0.0
1778566905,128,POST,chat/short,0.000000,0.000000,0,0,0,0,0,0,0,0,0,0,0,2,0,16,16.766282999014948,15.809628006536514,17.72293799149338,0.0
1778566905,128,,Aggregated,0.300000,0.000000,26,26,26,26,26,26,26,26,26,26,26,19,0,19,20.297665421630402,8.40802000311669,35.873947010259144,0.0
1778566906,128,POST,chat/long,0.100000,0.000000,0,0,0,0,0,0,0,0,0,0,0,12,0,21,21.3514647524183,8.40802000311669,35.873947010259144,0.0
1778566906,128,POST,chat/medium,0.200000,0.000000,0,0,0,0,0,0,0,0,0,0,0,5,0,19,19.181099996785633,11.325348998070695,26.136296990443952,0.0
1778566906,128,POST,chat/short,0.000000,0.000000,0,0,0,0,0,0,0,0,0,0,0,2,0,16,16.766282999014948,15.809628006536514,17.72293799149338,0.0
1778566906,128,,Aggregated,0.300000,0.000000,26,26,26,26,26,26,26,26,26,26,26,19,0,19,20.297665421630402,8.40802000311669,35.873947010259144,0.0
1778566907,128,POST,chat/long,0.100000,0.000000,0,0,0,0,0,0,0,0,0,0,0,12,0,21,21.3514647524183,8.40802000311669,35.873947010259144,0.0
1778566907,128,POST,chat/medium,0.200000,0.000000,0,0,0,0,0,0,0,0,0,0,0,5,0,19,19.181099996785633,11.325348998070695,26.136296990443952,0.0
1778566907,128,POST,chat/short,0.000000,0.000000,0,0,0,0,0,0,0,0,0,0,0,2,0,16,16.766282999014948,15.809628006536514,17.72293799149338,0.0
1778566907,128,,Aggregated,0.300000,0.000000,26,26,26,26,26,26,26,26,26,26,26,19,0,19,20.297665421630402,8.40802000311669,35.873947010259144,0.0
1778566908,128,POST,chat/long,0.100000,0.000000,0,0,0,0,0,0,0,0,0,0,0,12,0,21,21.3514647524183,8.40802000311669,35.873947010259144,0.0
1778566908,128,POST,chat/medium,0.200000,0.000000,0,0,0,0,0,0,0,0,0,0,0,5,0,19,19.181099996785633,11.325348998070695,26.136296990443952,0.0
1778566908,128,POST,chat/short,0.000000,0.000000,0,0,0,0,0,0,0,0,0,0,0,2,0,16,16.766282999014948,15.809628006536514,17.72293799149338,0.0
1778566908,128,,Aggregated,0.300000,0.000000,0,0,0,0,0,0,0,0,0,0,0,19,0,19,20.297665421630402,8.40802000311669,35.873947010259144,0.0
1778566909,128,POST,chat/long,0.100000,0.000000,0,0,0,0,0,0,0,0,0,0,0,12,0,21,21.3514647524183,8.40802000311669,35.873947010259144,0.0
1778566909,128,POST,chat/medium,0.200000,0.000000,0,0,0,0,0,0,0,0,0,0,0,5,0,19,19.181099996785633,11.325348998070695,26.136296990443952,0.0
1778566909,128,POST,chat/short,0.000000,0.000000,0,0,0,0,0,0,0,0,0,0,0,2,0,16,16.766282999014948,15.809628006536514,17.72293799149338,0.0
1778566909,128,,Aggregated,0.300000,0.000000,0,0,0,0,0,0,0,0,0,0,0,19,0,19,20.297665421630402,8.40802000311669,35.873947010259144,0.0
1778566910,128,POST,chat/long,0.100000,0.000000,0,0,0,0,0,0,0,0,0,0,0,12,0,21,21.3514647524183,8.40802000311669,35.873947010259144,0.0
1778566910,128,POST,chat/medium,0.200000,0.000000,0,0,0,0,0,0,0,0,0,0,0,5,0,19,19.181099996785633,11.325348998070695,26.136296990443952,0.0
1778566910,128,POST,chat/short,0.000000,0.000000,0,0,0,0,0,0,0,0,0,0,0,2,0,16,16.766282999014948,15.809628006536514,17.72293799149338,0.0
1778566910,128,,Aggregated,0.300000,0.000000,0,0,0,0,0,0,0,0,0,0,0,19,0,19,20.297665421630402,8.40802000311669,35.873947010259144,0.0
1778566911,128,POST,chat/long,0.100000,0.000000,0,0,0,0,0,0,0,0,0,0,0,12,0,21,21.3514647524183,8.40802000311669,35.873947010259144,0.0
1778566911,128,POST,chat/medium,0.200000,0.000000,0,0,0,0,0,0,0,0,0,0,0,5,0,19,19.181099996785633,11.325348998070695,26.136296990443952,0.0
1778566911,128,POST,chat/short,0.000000,0.000000,0,0,0,0,0,0,0,0,0,0,0,2,0,16,16.766282999014948,15.809628006536514,17.72293799149338,0.0
1778566911,128,,Aggregated,0.300000,0.000000,0,0,0,0,0,0,0,0,0,0,0,19,0,19,20.297665421630402,8.40802000311669,35.873947010259144,0.0
1778566912,128,POST,chat/long,0.100000,0.000000,0,0,0,0,0,0,0,0,0,0,0,12,0,21,21.3514647524183,8.40802000311669,35.873947010259144,0.0
1778566912,128,POST,chat/medium,0.200000,0.000000,0,0,0,0,0,0,0,0,0,0,0,5,0,19,19.181099996785633,11.325348998070695,26.136296990443952,0.0
1778566912,128,POST,chat/short,0.000000,0.000000,0,0,0,0,0,0,0,0,0,0,0,2,0,16,16.766282999014948,15.809628006536514,17.72293799149338,0.0
1778566912,128,,Aggregated,0.300000,0.000000,0,0,0,0,0,0,0,0,0,0,0,19,0,19,20.297665421630402,8.40802000311669,35.873947010259144,0.0
1778566913,128,POST,chat/long,0.100000,0.000000,0,0,0,0,0,0,0,0,0,0,0,12,0,21,21.3514647524183,8.40802000311669,35.873947010259144,0.0
1778566913,128,POST,chat/medium,0.200000,0.000000,0,0,0,0,0,0,0,0,0,0,0,5,0,19,19.181099996785633,11.325348998070695,26.136296990443952,0.0
1778566913,128,POST,chat/short,0.000000,0.000000,0,0,0,0,0,0,0,0,0,0,0,2,0,16,16.766282999014948,15.809628006536514,17.72293799149338,0.0
1778566913,128,,Aggregated,0.300000,0.000000,0,0,0,0,0,0,0,0,0,0,0,19,0,19,20.297665421630402,8.40802000311669,35.873947010259144,0.0
1778566914,128,POST,chat/long,0.100000,0.000000,0,0,0,0,0,0,0,0,0,0,0,12,0,21,21.3514647524183,8.40802000311669,35.873947010259144,0.0
1778566914,128,POST,chat/medium,0.200000,0.000000,0,0,0,0,0,0,0,0,0,0,0,5,0,19,19.181099996785633,11.325348998070695,26.136296990443952,0.0
1778566914,128,POST,chat/short,0.000000,0.000000,0,0,0,0,0,0,0,0,0,0,0,2,0,16,16.766282999014948,15.809628006536514,17.72293799149338,0.0
1778566914,128,,Aggregated,0.300000,0.000000,0,0,0,0,0,0,0,0,0,0,0,19,0,19,20.297665421630402,8.40802000311669,35.873947010259144,0.0
1778566915,128,POST,chat/long,0.100000,0.000000,0,0,0,0,0,0,0,0,0,0,0,12,0,21,21.3514647524183,8.40802000311669,35.873947010259144,0.0
1778566915,128,POST,chat/medium,0.200000,0.000000,0,0,0,0,0,0,0,0,0,0,0,5,0,19,19.181099996785633,11.325348998070695,26.136296990443952,0.0
1778566915,128,POST,chat/short,0.000000,0.000000,0,0,0,0,0,0,0,0,0,0,0,2,0,16,16.766282999014948,15.809628006536514,17.72293799149338,0.0
1778566915,128,,Aggregated,0.300000,0.000000,0,0,0,0,0,0,0,0,0,0,0,19,0,19,20.297665421630402,8.40802000311669,35.873947010259144,0.0
1778566916,128,POST,chat/long,0.100000,0.000000,0,0,0,0,0,0,0,0,0,0,0,12,0,21,21.3514647524183,8.40802000311669,35.873947010259144,0.0
1778566916,128,POST,chat/medium,0.200000,0.000000,0,0,0,0,0,0,0,0,0,0,0,5,0,19,19.181099996785633,11.325348998070695,26.136296990443952,0.0
1778566916,128,POST,chat/short,0.000000,0.000000,0,0,0,0,0,0,0,0,0,0,0,2,0,16,16.766282999014948,15.809628006536514,17.72293799149338,0.0
1778566916,128,,Aggregated,0.300000,0.000000,0,0,0,0,0,0,0,0,0,0,0,19,0,19,20.297665421630402,8.40802000311669,35.873947010259144,0.0
1778566917,128,POST,chat/long,0.100000,0.000000,0,0,0,0,0,0,0,0,0,0,0,12,0,21,21.3514647524183,8.40802000311669,35.873947010259144,0.0
1778566917,128,POST,chat/medium,0.200000,0.000000,0,0,0,0,0,0,0,0,0,0,0,5,0,19,19.181099996785633,11.325348998070695,26.136296990443952,0.0
1778566917,128,POST,chat/short,0.000000,0.000000,0,0,0,0,0,0,0,0,0,0,0,2,0,16,16.766282999014948,15.809628006536514,17.72293799149338,0.0
1778566917,128,,Aggregated,0.300000,0.000000,0,0,0,0,0,0,0,0,0,0,0,19,0,19,20.297665421630402,8.40802000311669,35.873947010259144,0.0
1778566918,128,POST,chat/long,0.100000,0.000000,0,0,0,0,0,0,0,0,0,0,0,12,0,21,21.3514647524183,8.40802000311669,35.873947010259144,0.0
1778566918,128,POST,chat/medium,0.200000,0.000000,0,0,0,0,0,0,0,0,0,0,0,5,0,19,19.181099996785633,11.325348998070695,26.136296990443952,0.0
1778566918,128,POST,chat/short,0.000000,0.000000,0,0,0,0,0,0,0,0,0,0,0,2,0,16,16.766282999014948,15.809628006536514,17.72293799149338,0.0
1778566918,128,,Aggregated,0.300000,0.000000,0,0,0,0,0,0,0,0,0,0,0,19,0,19,20.297665421630402,8.40802000311669,35.873947010259144,0.0
1778566919,128,POST,chat/long,0.100000,0.000000,0,0,0,0,0,0,0,0,0,0,0,12,0,21,21.3514647524183,8.40802000311669,35.873947010259144,0.0
1778566919,128,POST,chat/medium,0.200000,0.000000,0,0,0,0,0,0,0,0,0,0,0,5,0,19,19.181099996785633,11.325348998070695,26.136296990443952,0.0
1778566919,128,POST,chat/short,0.000000,0.000000,0,0,0,0,0,0,0,0,0,0,0,2,0,16,16.766282999014948,15.809628006536514,17.72293799149338,0.0
1778566919,128,,Aggregated,0.300000,0.000000,0,0,0,0,0,0,0,0,0,0,0,19,0,19,20.297665421630402,8.40802000311669,35.873947010259144,0.0
1778566920,128,POST,chat/long,0.000000,0.000000,0,0,0,0,0,0,0,0,0,0,0,13,0,21,21.276598078727076,8.40802000311669,35.873947010259144,0.0
1778566920,128,POST,chat/medium,0.000000,0.000000,0,0,0,0,0,0,0,0,0,0,0,5,0,19,19.181099996785633,11.325348998070695,26.136296990443952,0.0
1778566920,128,POST,chat/short,0.000000,0.000000,0,0,0,0,0,0,0,0,0,0,0,2,0,16,16.766282999014948,15.809628006536514,17.72293799149338,0.0
1778566920,128,,Aggregated,0.000000,0.000000,0,0,0,0,0,0,0,0,0,0,0,20,0,19,20.301692050270503,8.40802000311669,35.873947010259144,0.0
1778566921,128,POST,chat/long,0.000000,0.000000,0,0,0,0,0,0,0,0,0,0,0,13,0,21,21.276598078727076,8.40802000311669,35.873947010259144,0.0
1778566921,128,POST,chat/medium,0.000000,0.000000,0,0,0,0,0,0,0,0,0,0,0,5,0,19,19.181099996785633,11.325348998070695,26.136296990443952,0.0
1778566921,128,POST,chat/short,0.000000,0.000000,0,0,0,0,0,0,0,0,0,0,0,2,0,16,16.766282999014948,15.809628006536514,17.72293799149338,0.0
1778566921,128,,Aggregated,0.000000,0.000000,0,0,0,0,0,0,0,0,0,0,0,20,0,19,20.301692050270503,8.40802000311669,35.873947010259144,0.0
1778566922,128,POST,chat/long,0.000000,0.000000,0,0,0,0,0,0,0,0,0,0,0,13,0,21,21.276598078727076,8.40802000311669,35.873947010259144,0.0
1778566922,128,POST,chat/medium,0.000000,0.000000,0,0,0,0,0,0,0,0,0,0,0,5,0,19,19.181099996785633,11.325348998070695,26.136296990443952,0.0
1778566922,128,POST,chat/short,0.000000,0.000000,0,0,0,0,0,0,0,0,0,0,0,2,0,16,16.766282999014948,15.809628006536514,17.72293799149338,0.0
1778566922,128,,Aggregated,0.000000,0.000000,0,0,0,0,0,0,0,0,0,0,0,20,0,19,20.301692050270503,8.40802000311669,35.873947010259144,0.0
1778566923,128,POST,chat/long,0.100000,0.000000,23,23,23,23,23,23,23,23,23,23,23,14,0,21,21.384625216472028,8.40802000311669,35.873947010259144,0.0
1778566923,128,POST,chat/medium,0.000000,0.000000,0,0,0,0,0,0,0,0,0,0,0,5,0,19,19.181099996785633,11.325348998070695,26.136296990443952,0.0
1778566923,128,POST,chat/short,0.000000,0.000000,0,0,0,0,0,0,0,0,0,0,0,2,0,16,16.766282999014948,15.809628006536514,17.72293799149338,0.0
1778566923,128,,Aggregated,0.100000,0.000000,23,23,23,23,23,23,23,23,23,23,23,21,0,20,20.42013423869364,8.40802000311669,35.873947010259144,0.0
1778566924,128,POST,chat/long,0.100000,0.000000,23,23,23,23,23,23,23,23,23,23,23,14,0,21,21.384625216472028,8.40802000311669,35.873947010259144,0.0
1778566924,128,POST,chat/medium,0.000000,0.000000,0,0,0,0,0,0,0,0,0,0,0,5,0,19,19.181099996785633,11.325348998070695,26.136296990443952,0.0
1778566924,128,POST,chat/short,0.000000,0.000000,0,0,0,0,0,0,0,0,0,0,0,2,0,16,16.766282999014948,15.809628006536514,17.72293799149338,0.0
1778566924,128,,Aggregated,0.100000,0.000000,23,23,23,23,23,23,23,23,23,23,23,21,0,20,20.42013423869364,8.40802000311669,35.873947010259144,0.0
1778566925,128,POST,chat/long,0.100000,0.000000,23,23,23,23,23,23,23,23,23,23,23,14,0,21,21.384625216472028,8.40802000311669,35.873947010259144,0.0
1778566925,128,POST,chat/medium,0.000000,0.000000,0,0,0,0,0,0,0,0,0,0,0,5,0,19,19.181099996785633,11.325348998070695,26.136296990443952,0.0
1778566925,128,POST,chat/short,0.000000,0.000000,0,0,0,0,0,0,0,0,0,0,0,2,0,16,16.766282999014948,15.809628006536514,17.72293799149338,0.0
1778566925,128,,Aggregated,0.100000,0.000000,23,23,23,23,23,23,23,23,23,23,23,21,0,20,20.42013423869364,8.40802000311669,35.873947010259144,0.0
1778566926,128,POST,chat/long,0.100000,0.000000,23,23,23,23,23,23,23,23,23,23,23,14,0,21,21.384625216472028,8.40802000311669,35.873947010259144,0.0
1778566926,128,POST,chat/medium,0.000000,0.000000,0,0,0,0,0,0,0,0,0,0,0,5,0,19,19.181099996785633,11.325348998070695,26.136296990443952,0.0
1778566926,128,POST,chat/short,0.000000,0.000000,0,0,0,0,0,0,0,0,0,0,0,2,0,16,16.766282999014948,15.809628006536514,17.72293799149338,0.0
1778566926,128,,Aggregated,0.100000,0.000000,23,23,23,23,23,23,23,23,23,23,23,21,0,20,20.42013423869364,8.40802000311669,35.873947010259144,0.0
1778566927,128,POST,chat/long,0.100000,0.000000,23,23,23,23,23,23,23,23,23,23,23,14,0,21,21.384625216472028,8.40802000311669,35.873947010259144,0.0
1778566927,128,POST,chat/medium,0.000000,0.000000,0,0,0,0,0,0,0,0,0,0,0,5,0,19,19.181099996785633,11.325348998070695,26.136296990443952,0.0
1778566927,128,POST,chat/short,0.000000,0.000000,0,0,0,0,0,0,0,0,0,0,0,2,0,16,16.766282999014948,15.809628006536514,17.72293799149338,0.0
1778566927,128,,Aggregated,0.100000,0.000000,23,23,23,23,23,23,23,23,23,23,23,21,0,20,20.42013423869364,8.40802000311669,35.873947010259144,0.0
1778566928,128,POST,chat/long,0.100000,0.000000,23,23,23,23,23,23,23,23,23,23,23,14,0,21,21.384625216472028,8.40802000311669,35.873947010259144,0.0
1778566928,128,POST,chat/medium,0.000000,0.000000,0,0,0,0,0,0,0,0,0,0,0,5,0,19,19.181099996785633,11.325348998070695,26.136296990443952,0.0
1778566928,128,POST,chat/short,0.000000,0.000000,0,0,0,0,0,0,0,0,0,0,0,2,0,16,16.766282999014948,15.809628006536514,17.72293799149338,0.0
1778566928,128,,Aggregated,0.100000,0.000000,23,23,23,23,23,23,23,23,23,23,23,21,0,20,20.42013423869364,8.40802000311669,35.873947010259144,0.0
1778566929,128,POST,chat/long,0.100000,0.000000,23,23,23,23,23,23,23,23,23,23,23,14,0,21,21.384625216472028,8.40802000311669,35.873947010259144,0.0
1778566929,128,POST,chat/medium,0.000000,0.000000,0,0,0,0,0,0,0,0,0,0,0,5,0,19,19.181099996785633,11.325348998070695,26.136296990443952,0.0
1778566929,128,POST,chat/short,0.000000,0.000000,0,0,0,0,0,0,0,0,0,0,0,2,0,16,16.766282999014948,15.809628006536514,17.72293799149338,0.0
1778566929,128,,Aggregated,0.100000,0.000000,23,23,23,23,23,23,23,23,23,23,23,21,0,20,20.42013423869364,8.40802000311669,35.873947010259144,0.0
1778566930,128,POST,chat/long,0.100000,0.000000,23,23,23,23,23,23,23,23,23,23,23,14,0,21,21.384625216472028,8.40802000311669,35.873947010259144,0.0
1778566930,128,POST,chat/medium,0.000000,0.000000,0,0,0,0,0,0,0,0,0,0,0,5,0,19,19.181099996785633,11.325348998070695,26.136296990443952,0.0
1778566930,128,POST,chat/short,0.000000,0.000000,0,0,0,0,0,0,0,0,0,0,0,2,0,16,16.766282999014948,15.809628006536514,17.72293799149338,0.0
1778566930,128,,Aggregated,0.100000,0.000000,23,23,23,23,23,23,23,23,23,23,23,21,0,20,20.42013423869364,8.40802000311669,35.873947010259144,0.0
1778566931,128,POST,chat/long,0.100000,0.000000,0,0,0,0,0,0,0,0,0,0,0,14,0,21,21.384625216472028,8.40802000311669,35.873947010259144,0.0
1778566931,128,POST,chat/medium,0.000000,0.000000,0,0,0,0,0,0,0,0,0,0,0,5,0,19,19.181099996785633,11.325348998070695,26.136296990443952,0.0
1778566931,128,POST,chat/short,0.000000,0.000000,0,0,0,0,0,0,0,0,0,0,0,2,0,16,16.766282999014948,15.809628006536514,17.72293799149338,0.0
1778566931,128,,Aggregated,0.100000,0.000000,0,0,0,0,0,0,0,0,0,0,0,21,0,20,20.42013423869364,8.40802000311669,35.873947010259144,0.0
1778566932,128,POST,chat/long,0.200000,0.000000,17,17,17,17,17,17,17,17,17,17,17,15,0,21,21.109611402304534,8.40802000311669,35.873947010259144,0.0
1778566932,128,POST,chat/medium,0.000000,0.000000,0,0,0,0,0,0,0,0,0,0,0,5,0,19,19.181099996785633,11.325348998070695,26.136296990443952,0.0
1778566932,128,POST,chat/short,0.000000,0.000000,0,0,0,0,0,0,0,0,0,0,0,2,0,16,16.766282999014948,15.809628006536514,17.72293799149338,0.0
1778566932,128,,Aggregated,0.200000,0.000000,17,17,17,17,17,17,17,17,17,17,17,22,0,19,20.276465318933003,8.40802000311669,35.873947010259144,0.0
1778566933,128,POST,chat/long,0.200000,0.000000,17,17,17,17,17,17,17,17,17,17,17,15,0,21,21.109611402304534,8.40802000311669,35.873947010259144,0.0
1778566933,128,POST,chat/medium,0.000000,0.000000,0,0,0,0,0,0,0,0,0,0,0,5,0,19,19.181099996785633,11.325348998070695,26.136296990443952,0.0
1778566933,128,POST,chat/short,0.000000,0.000000,0,0,0,0,0,0,0,0,0,0,0,2,0,16,16.766282999014948,15.809628006536514,17.72293799149338,0.0
1778566933,128,,Aggregated,0.200000,0.000000,17,17,17,17,17,17,17,17,17,17,17,22,0,19,20.276465318933003,8.40802000311669,35.873947010259144,0.0
1778566934,128,POST,chat/long,0.200000,0.000000,17,17,17,17,17,17,17,17,17,17,17,15,0,21,21.109611402304534,8.40802000311669,35.873947010259144,0.0
1778566934,128,POST,chat/medium,0.000000,0.000000,0,0,0,0,0,0,0,0,0,0,0,5,0,19,19.181099996785633,11.325348998070695,26.136296990443952,0.0
1778566934,128,POST,chat/short,0.000000,0.000000,0,0,0,0,0,0,0,0,0,0,0,2,0,16,16.766282999014948,15.809628006536514,17.72293799149338,0.0
1778566934,128,,Aggregated,0.200000,0.000000,17,17,17,17,17,17,17,17,17,17,17,22,0,19,20.276465318933003,8.40802000311669,35.873947010259144,0.0
1778566935,128,POST,chat/long,0.200000,0.000000,17,17,17,17,17,17,17,17,17,17,17,15,0,21,21.109611402304534,8.40802000311669,35.873947010259144,0.0
1778566935,128,POST,chat/medium,0.000000,0.000000,0,0,0,0,0,0,0,0,0,0,0,5,0,19,19.181099996785633,11.325348998070695,26.136296990443952,0.0
1778566935,128,POST,chat/short,0.000000,0.000000,0,0,0,0,0,0,0,0,0,0,0,2,0,16,16.766282999014948,15.809628006536514,17.72293799149338,0.0
1778566935,128,,Aggregated,0.200000,0.000000,17,17,17,17,17,17,17,17,17,17,17,22,0,19,20.276465318933003,8.40802000311669,35.873947010259144,0.0
1778566936,128,POST,chat/long,0.200000,0.000000,17,17,17,17,17,17,17,17,17,17,17,15,0,21,21.109611402304534,8.40802000311669,35.873947010259144,0.0
1778566936,128,POST,chat/medium,0.000000,0.000000,0,0,0,0,0,0,0,0,0,0,0,5,0,19,19.181099996785633,11.325348998070695,26.136296990443952,0.0
1778566936,128,POST,chat/short,0.000000,0.000000,0,0,0,0,0,0,0,0,0,0,0,2,0,16,16.766282999014948,15.809628006536514,17.72293799149338,0.0
1778566936,128,,Aggregated,0.200000,0.000000,17,17,17,17,17,17,17,17,17,17,17,22,0,19,20.276465318933003,8.40802000311669,35.873947010259144,0.0
1778566937,128,POST,chat/long,0.200000,0.000000,0,0,0,0,0,0,0,0,0,0,0,15,0,21,21.109611402304534,8.40802000311669,35.873947010259144,0.0
1778566937,128,POST,chat/medium,0.000000,0.000000,0,0,0,0,0,0,0,0,0,0,0,5,0,19,19.181099996785633,11.325348998070695,26.136296990443952,0.0
1778566937,128,POST,chat/short,0.000000,0.000000,0,0,0,0,0,0,0,0,0,0,0,2,0,16,16.766282999014948,15.809628006536514,17.72293799149338,0.0
1778566937,128,,Aggregated,0.200000,0.000000,0,0,0,0,0,0,0,0,0,0,0,22,0,19,20.276465318933003,8.40802000311669,35.873947010259144,0.0
1778566938,128,POST,chat/long,0.100000,0.000000,23,23,23,23,23,23,23,23,23,23,23,16,0,21,21.22078681441053,8.40802000311669,35.873947010259144,0.0
1778566938,128,POST,chat/medium,0.000000,0.000000,0,0,0,0,0,0,0,0,0,0,0,5,0,19,19.181099996785633,11.325348998070695,26.136296990443952,0.0
1778566938,128,POST,chat/short,0.000000,0.000000,0,0,0,0,0,0,0,0,0,0,0,2,0,16,16.766282999014948,15.809628006536514,17.72293799149338,0.0
1778566938,128,,Aggregated,0.100000,0.000000,23,23,23,23,23,23,23,23,23,23,23,23,0,20,20.3900284788055,8.40802000311669,35.873947010259144,0.0
1778566939,128,POST,chat/long,0.100000,0.000000,23,23,23,23,23,23,23,23,23,23,23,16,0,21,21.22078681441053,8.40802000311669,35.873947010259144,0.0
1778566939,128,POST,chat/medium,0.000000,0.000000,0,0,0,0,0,0,0,0,0,0,0,5,0,19,19.181099996785633,11.325348998070695,26.136296990443952,0.0
1778566939,128,POST,chat/short,0.000000,0.000000,0,0,0,0,0,0,0,0,0,0,0,2,0,16,16.766282999014948,15.809628006536514,17.72293799149338,0.0
1778566939,128,,Aggregated,0.100000,0.000000,23,23,23,23,23,23,23,23,23,23,23,23,0,20,20.3900284788055,8.40802000311669,35.873947010259144,0.0
1778566940,128,POST,chat/long,0.100000,0.000000,23,23,23,23,23,23,23,23,23,23,23,16,0,21,21.22078681441053,8.40802000311669,35.873947010259144,0.0
1778566940,128,POST,chat/medium,0.000000,0.000000,0,0,0,0,0,0,0,0,0,0,0,5,0,19,19.181099996785633,11.325348998070695,26.136296990443952,0.0
1778566940,128,POST,chat/short,0.000000,0.000000,0,0,0,0,0,0,0,0,0,0,0,2,0,16,16.766282999014948,15.809628006536514,17.72293799149338,0.0
1778566940,128,,Aggregated,0.100000,0.000000,23,23,23,23,23,23,23,23,23,23,23,23,0,20,20.3900284788055,8.40802000311669,35.873947010259144,0.0
1778566941,128,POST,chat/long,0.100000,0.000000,23,23,23,23,23,23,23,23,23,23,23,16,0,21,21.22078681441053,8.40802000311669,35.873947010259144,0.0
1778566941,128,POST,chat/medium,0.000000,0.000000,0,0,0,0,0,0,0,0,0,0,0,5,0,19,19.181099996785633,11.325348998070695,26.136296990443952,0.0
1778566941,128,POST,chat/short,0.000000,0.000000,0,0,0,0,0,0,0,0,0,0,0,2,0,16,16.766282999014948,15.809628006536514,17.72293799149338,0.0
1778566941,128,,Aggregated,0.100000,0.000000,23,23,23,23,23,23,23,23,23,23,23,23,0,20,20.3900284788055,8.40802000311669,35.873947010259144,0.0
1778566942,128,POST,chat/long,0.100000,0.000000,23,23,23,23,23,23,23,23,23,23,23,16,0,21,21.22078681441053,8.40802000311669,35.873947010259144,0.0
1778566942,128,POST,chat/medium,0.000000,0.000000,0,0,0,0,0,0,0,0,0,0,0,5,0,19,19.181099996785633,11.325348998070695,26.136296990443952,0.0
1778566942,128,POST,chat/short,0.000000,0.000000,0,0,0,0,0,0,0,0,0,0,0,2,0,16,16.766282999014948,15.809628006536514,17.72293799149338,0.0
1778566942,128,,Aggregated,0.100000,0.000000,23,23,23,23,23,23,23,23,23,23,23,23,0,20,20.3900284788055,8.40802000311669,35.873947010259144,0.0
1778566943,128,POST,chat/long,0.200000,0.000000,23,23,23,23,23,23,23,23,23,23,23,17,0,21,20.767045178217813,8.40802000311669,35.873947010259144,0.0
1778566943,128,POST,chat/medium,0.000000,0.000000,0,0,0,0,0,0,0,0,0,0,0,5,0,19,19.181099996785633,11.325348998070695,26.136296990443952,0.0
1778566943,128,POST,chat/short,0.000000,0.000000,0,0,0,0,0,0,0,0,0,0,0,2,0,16,16.766282999014948,15.809628006536514,17.72293799149338,0.0
1778566943,128,,Aggregated,0.200000,0.000000,23,23,23,23,23,23,23,23,23,23,23,24,0,19,20.103243083819205,8.40802000311669,35.873947010259144,0.0
1778566944,128,POST,chat/long,0.200000,0.000000,14,14,14,14,14,14,14,14,14,14,14,17,0,21,20.767045178217813,8.40802000311669,35.873947010259144,0.0
1778566944,128,POST,chat/medium,0.000000,0.000000,0,0,0,0,0,0,0,0,0,0,0,5,0,19,19.181099996785633,11.325348998070695,26.136296990443952,0.0
1778566944,128,POST,chat/short,0.000000,0.000000,0,0,0,0,0,0,0,0,0,0,0,2,0,16,16.766282999014948,15.809628006536514,17.72293799149338,0.0
1778566944,128,,Aggregated,0.200000,0.000000,14,14,14,14,14,14,14,14,14,14,14,24,0,19,20.103243083819205,8.40802000311669,35.873947010259144,0.0
1778566945,128,POST,chat/long,0.200000,0.000000,14,14,14,14,14,14,14,14,14,14,14,17,0,21,20.767045178217813,8.40802000311669,35.873947010259144,0.0
1778566945,128,POST,chat/medium,0.000000,0.000000,0,0,0,0,0,0,0,0,0,0,0,5,0,19,19.181099996785633,11.325348998070695,26.136296990443952,0.0
1778566945,128,POST,chat/short,0.000000,0.000000,0,0,0,0,0,0,0,0,0,0,0,2,0,16,16.766282999014948,15.809628006536514,17.72293799149338,0.0
1778566945,128,,Aggregated,0.200000,0.000000,14,14,14,14,14,14,14,14,14,14,14,24,0,19,20.103243083819205,8.40802000311669,35.873947010259144,0.0
1778566946,128,POST,chat/long,0.200000,0.000000,14,14,14,14,14,14,14,14,14,14,14,17,0,21,20.767045178217813,8.40802000311669,35.873947010259144,0.0
1778566946,128,POST,chat/medium,0.000000,0.000000,0,0,0,0,0,0,0,0,0,0,0,5,0,19,19.181099996785633,11.325348998070695,26.136296990443952,0.0
1778566946,128,POST,chat/short,0.000000,0.000000,0,0,0,0,0,0,0,0,0,0,0,2,0,16,16.766282999014948,15.809628006536514,17.72293799149338,0.0
1778566946,128,,Aggregated,0.200000,0.000000,14,14,14,14,14,14,14,14,14,14,14,24,0,19,20.103243083819205,8.40802000311669,35.873947010259144,0.0
1778566947,128,POST,chat/long,0.200000,0.000000,14,14,14,14,14,14,14,14,14,14,14,17,0,21,20.767045178217813,8.40802000311669,35.873947010259144,0.0
1778566947,128,POST,chat/medium,0.000000,0.000000,0,0,0,0,0,0,0,0,0,0,0,5,0,19,19.181099996785633,11.325348998070695,26.136296990443952,0.0
1778566947,128,POST,chat/short,0.000000,0.000000,0,0,0,0,0,0,0,0,0,0,0,2,0,16,16.766282999014948,15.809628006536514,17.72293799149338,0.0
1778566947,128,,Aggregated,0.200000,0.000000,14,14,14,14,14,14,14,14,14,14,14,24,0,19,20.103243083819205,8.40802000311669,35.873947010259144,0.0
1778566948,128,POST,chat/long,0.200000,0.000000,14,14,14,14,14,14,14,14,14,14,14,17,0,21,20.767045178217813,8.40802000311669,35.873947010259144,0.0
1778566948,128,POST,chat/medium,0.000000,0.000000,0,0,0,0,0,0,0,0,0,0,0,5,0,19,19.181099996785633,11.325348998070695,26.136296990443952,0.0
1778566948,128,POST,chat/short,0.000000,0.000000,0,0,0,0,0,0,0,0,0,0,0,2,0,16,16.766282999014948,15.809628006536514,17.72293799149338,0.0
1778566948,128,,Aggregated,0.200000,0.000000,14,14,14,14,14,14,14,14,14,14,14,24,0,19,20.103243083819205,8.40802000311669,35.873947010259144,0.0
1778566949,128,POST,chat/long,0.200000,0.000000,0,0,0,0,0,0,0,0,0,0,0,17,0,21,20.767045178217813,8.40802000311669,35.873947010259144,0.0
1778566949,128,POST,chat/medium,0.000000,0.000000,0,0,0,0,0,0,0,0,0,0,0,5,0,19,19.181099996785633,11.325348998070695,26.136296990443952,0.0
1778566949,128,POST,chat/short,0.000000,0.000000,0,0,0,0,0,0,0,0,0,0,0,2,0,16,16.766282999014948,15.809628006536514,17.72293799149338,0.0
1778566949,128,,Aggregated,0.200000,0.000000,0,0,0,0,0,0,0,0,0,0,0,24,0,19,20.103243083819205,8.40802000311669,35.873947010259144,0.0
1778566950,128,POST,chat/long,0.100000,0.000000,0,0,0,0,0,0,0,0,0,0,0,17,0,21,20.767045178217813,8.40802000311669,35.873947010259144,0.0
1778566950,128,POST,chat/medium,0.000000,0.000000,0,0,0,0,0,0,0,0,0,0,0,6,0,15,18.44891316189508,11.325348998070695,26.136296990443952,0.0
1778566950,128,POST,chat/short,0.000000,0.000000,0,0,0,0,0,0,0,0,0,0,0,2,0,16,16.766282999014948,15.809628006536514,17.72293799149338,0.0
1778566950,128,,Aggregated,0.100000,0.000000,15,15,15,15,15,15,15,15,15,15,15,25,0,19,19.89063251996413,8.40802000311669,35.873947010259144,0.0
1778566951,128,POST,chat/long,0.100000,0.000000,0,0,0,0,0,0,0,0,0,0,0,17,0,21,20.767045178217813,8.40802000311669,35.873947010259144,0.0
1778566951,128,POST,chat/medium,0.000000,0.000000,0,0,0,0,0,0,0,0,0,0,0,6,0,15,18.44891316189508,11.325348998070695,26.136296990443952,0.0
1778566951,128,POST,chat/short,0.000000,0.000000,0,0,0,0,0,0,0,0,0,0,0,2,0,16,16.766282999014948,15.809628006536514,17.72293799149338,0.0
1778566951,128,,Aggregated,0.100000,0.000000,15,15,15,15,15,15,15,15,15,15,15,25,0,19,19.89063251996413,8.40802000311669,35.873947010259144,0.0
1778566952,128,POST,chat/long,0.100000,0.000000,0,0,0,0,0,0,0,0,0,0,0,17,0,21,20.767045178217813,8.40802000311669,35.873947010259144,0.0
1778566952,128,POST,chat/medium,0.000000,0.000000,0,0,0,0,0,0,0,0,0,0,0,6,0,15,18.44891316189508,11.325348998070695,26.136296990443952,0.0
1778566952,128,POST,chat/short,0.000000,0.000000,0,0,0,0,0,0,0,0,0,0,0,2,0,16,16.766282999014948,15.809628006536514,17.72293799149338,0.0
1778566952,128,,Aggregated,0.100000,0.000000,15,15,15,15,15,15,15,15,15,15,15,25,0,19,19.89063251996413,8.40802000311669,35.873947010259144,0.0
1778566953,128,POST,chat/long,0.100000,0.000000,0,0,0,0,0,0,0,0,0,0,0,17,0,21,20.767045178217813,8.40802000311669,35.873947010259144,0.0
1778566953,128,POST,chat/medium,0.000000,0.000000,0,0,0,0,0,0,0,0,0,0,0,6,0,15,18.44891316189508,11.325348998070695,26.136296990443952,0.0
1778566953,128,POST,chat/short,0.000000,0.000000,0,0,0,0,0,0,0,0,0,0,0,2,0,16,16.766282999014948,15.809628006536514,17.72293799149338,0.0
1778566953,128,,Aggregated,0.100000,0.000000,15,15,15,15,15,15,15,15,15,15,15,25,0,19,19.89063251996413,8.40802000311669,35.873947010259144,0.0
1778566954,128,POST,chat/long,0.100000,0.000000,0,0,0,0,0,0,0,0,0,0,0,17,0,21,20.767045178217813,8.40802000311669,35.873947010259144,0.0
1778566954,128,POST,chat/medium,0.000000,0.000000,0,0,0,0,0,0,0,0,0,0,0,6,0,15,18.44891316189508,11.325348998070695,26.136296990443952,0.0
1778566954,128,POST,chat/short,0.000000,0.000000,0,0,0,0,0,0,0,0,0,0,0,2,0,16,16.766282999014948,15.809628006536514,17.72293799149338,0.0
1778566954,128,,Aggregated,0.100000,0.000000,15,15,15,15,15,15,15,15,15,15,15,25,0,19,19.89063251996413,8.40802000311669,35.873947010259144,0.0
1778566955,128,POST,chat/long,0.100000,0.000000,0,0,0,0,0,0,0,0,0,0,0,17,0,21,20.767045178217813,8.40802000311669,35.873947010259144,0.0
1778566955,128,POST,chat/medium,0.000000,0.000000,0,0,0,0,0,0,0,0,0,0,0,6,0,15,18.44891316189508,11.325348998070695,26.136296990443952,0.0
1778566955,128,POST,chat/short,0.000000,0.000000,0,0,0,0,0,0,0,0,0,0,0,2,0,16,16.766282999014948,15.809628006536514,17.72293799149338,0.0
1778566955,128,,Aggregated,0.100000,0.000000,0,0,0,0,0,0,0,0,0,0,0,25,0,19,19.89063251996413,8.40802000311669,35.873947010259144,0.0
1778566956,128,POST,chat/long,0.100000,0.000000,0,0,0,0,0,0,0,0,0,0,0,17,0,21,20.767045178217813,8.40802000311669,35.873947010259144,0.0
1778566956,128,POST,chat/medium,0.000000,0.000000,0,0,0,0,0,0,0,0,0,0,0,6,0,15,18.44891316189508,11.325348998070695,26.136296990443952,0.0
1778566956,128,POST,chat/short,0.000000,0.000000,0,0,0,0,0,0,0,0,0,0,0,2,0,16,16.766282999014948,15.809628006536514,17.72293799149338,0.0
1778566956,128,,Aggregated,0.100000,0.000000,0,0,0,0,0,0,0,0,0,0,0,25,0,19,19.89063251996413,8.40802000311669,35.873947010259144,0.0
1778566957,128,POST,chat/long,0.100000,0.000000,0,0,0,0,0,0,0,0,0,0,0,17,0,21,20.767045178217813,8.40802000311669,35.873947010259144,0.0
1778566957,128,POST,chat/medium,0.000000,0.000000,0,0,0,0,0,0,0,0,0,0,0,6,0,15,18.44891316189508,11.325348998070695,26.136296990443952,0.0
1778566957,128,POST,chat/short,0.000000,0.000000,0,0,0,0,0,0,0,0,0,0,0,2,0,16,16.766282999014948,15.809628006536514,17.72293799149338,0.0
1778566957,128,,Aggregated,0.100000,0.000000,0,0,0,0,0,0,0,0,0,0,0,25,0,19,19.89063251996413,8.40802000311669,35.873947010259144,0.0
1778566958,128,POST,chat/long,0.000000,0.000000,21,21,21,21,21,21,21,21,21,21,21,18,0,21,20.765010889994706,8.40802000311669,35.873947010259144,0.0
1778566958,128,POST,chat/medium,0.100000,0.000000,0,0,0,0,0,0,0,0,0,0,0,6,0,15,18.44891316189508,11.325348998070695,26.136296990443952,0.0
1778566958,128,POST,chat/short,0.000000,0.000000,0,0,0,0,0,0,0,0,0,0,0,2,0,16,16.766282999014948,15.809628006536514,17.72293799149338,0.0
1778566958,128,,Aggregated,0.100000,0.000000,21,21,21,21,21,21,21,21,21,21,21,26,0,19,19.922932345742502,8.40802000311669,35.873947010259144,0.0
1778566959,128,POST,chat/long,0.000000,0.000000,0,0,0,0,0,0,0,0,0,0,0,18,0,21,20.765010889994706,8.40802000311669,35.873947010259144,0.0
1778566959,128,POST,chat/medium,0.100000,0.000000,0,0,0,0,0,0,0,0,0,0,0,6,0,15,18.44891316189508,11.325348998070695,26.136296990443952,0.0
1778566959,128,POST,chat/short,0.000000,0.000000,0,0,0,0,0,0,0,0,0,0,0,2,0,16,16.766282999014948,15.809628006536514,17.72293799149338,0.0
1778566959,128,,Aggregated,0.100000,0.000000,21,21,21,21,21,21,21,21,21,21,21,26,0,19,19.922932345742502,8.40802000311669,35.873947010259144,0.0
1778566960,128,POST,chat/long,0.000000,0.000000,0,0,0,0,0,0,0,0,0,0,0,18,0,21,20.765010889994706,8.40802000311669,35.873947010259144,0.0
1778566960,128,POST,chat/medium,0.100000,0.000000,0,0,0,0,0,0,0,0,0,0,0,6,0,15,18.44891316189508,11.325348998070695,26.136296990443952,0.0
1778566960,128,POST,chat/short,0.000000,0.000000,0,0,0,0,0,0,0,0,0,0,0,2,0,16,16.766282999014948,15.809628006536514,17.72293799149338,0.0
1778566960,128,,Aggregated,0.100000,0.000000,21,21,21,21,21,21,21,21,21,21,21,26,0,19,19.922932345742502,8.40802000311669,35.873947010259144,0.0
1778566961,128,POST,chat/long,0.000000,0.000000,0,0,0,0,0,0,0,0,0,0,0,18,0,21,20.765010889994706,8.40802000311669,35.873947010259144,0.0
1778566961,128,POST,chat/medium,0.100000,0.000000,0,0,0,0,0,0,0,0,0,0,0,6,0,15,18.44891316189508,11.325348998070695,26.136296990443952,0.0
1778566961,128,POST,chat/short,0.000000,0.000000,0,0,0,0,0,0,0,0,0,0,0,2,0,16,16.766282999014948,15.809628006536514,17.72293799149338,0.0
1778566961,128,,Aggregated,0.100000,0.000000,21,21,21,21,21,21,21,21,21,21,21,26,0,19,19.922932345742502,8.40802000311669,35.873947010259144,0.0
1778566962,128,POST,chat/long,0.000000,0.000000,26,26,26,26,26,26,26,26,26,26,26,19,0,21,21.044332843494455,8.40802000311669,35.873947010259144,0.0
1778566962,128,POST,chat/medium,0.100000,0.000000,0,0,0,0,0,0,0,0,0,0,0,6,0,15,18.44891316189508,11.325348998070695,26.136296990443952,0.0
1778566962,128,POST,chat/short,0.000000,0.000000,0,0,0,0,0,0,0,0,0,0,0,2,0,16,16.766282999014948,15.809628006536514,17.72293799149338,0.0
1778566962,128,,Aggregated,0.100000,0.000000,26,26,26,26,26,26,26,26,26,26,26,27,0,20,20.150680333177593,8.40802000311669,35.873947010259144,0.0
1778566963,128,POST,chat/long,0.000000,0.000000,26,26,26,26,26,26,26,26,26,26,26,19,0,21,21.044332843494455,8.40802000311669,35.873947010259144,0.0
1778566963,128,POST,chat/medium,0.100000,0.000000,0,0,0,0,0,0,0,0,0,0,0,6,0,15,18.44891316189508,11.325348998070695,26.136296990443952,0.0
1778566963,128,POST,chat/short,0.000000,0.000000,0,0,0,0,0,0,0,0,0,0,0,2,0,16,16.766282999014948,15.809628006536514,17.72293799149338,0.0
1778566963,128,,Aggregated,0.100000,0.000000,26,26,26,26,26,26,26,26,26,26,26,27,0,20,20.150680333177593,8.40802000311669,35.873947010259144,0.0
1778566964,128,POST,chat/long,0.000000,0.000000,26,26,26,26,26,26,26,26,26,26,26,19,0,21,21.044332843494455,8.40802000311669,35.873947010259144,0.0
1778566964,128,POST,chat/medium,0.100000,0.000000,0,0,0,0,0,0,0,0,0,0,0,6,0,15,18.44891316189508,11.325348998070695,26.136296990443952,0.0
1778566964,128,POST,chat/short,0.000000,0.000000,0,0,0,0,0,0,0,0,0,0,0,2,0,16,16.766282999014948,15.809628006536514,17.72293799149338,0.0
1778566964,128,,Aggregated,0.100000,0.000000,26,26,26,26,26,26,26,26,26,26,26,27,0,20,20.150680333177593,8.40802000311669,35.873947010259144,0.0
1778566965,128,POST,chat/long,0.000000,0.000000,26,26,26,26,26,26,26,26,26,26,26,19,0,21,21.044332843494455,8.40802000311669,35.873947010259144,0.0
1778566965,128,POST,chat/medium,0.100000,0.000000,0,0,0,0,0,0,0,0,0,0,0,6,0,15,18.44891316189508,11.325348998070695,26.136296990443952,0.0
1778566965,128,POST,chat/short,0.000000,0.000000,0,0,0,0,0,0,0,0,0,0,0,2,0,16,16.766282999014948,15.809628006536514,17.72293799149338,0.0
1778566965,128,,Aggregated,0.100000,0.000000,26,26,26,26,26,26,26,26,26,26,26,27,0,20,20.150680333177593,8.40802000311669,35.873947010259144,0.0
1778566966,128,POST,chat/long,0.000000,0.000000,26,26,26,26,26,26,26,26,26,26,26,19,0,21,21.044332843494455,8.40802000311669,35.873947010259144,0.0
1778566966,128,POST,chat/medium,0.100000,0.000000,0,0,0,0,0,0,0,0,0,0,0,6,0,15,18.44891316189508,11.325348998070695,26.136296990443952,0.0
1778566966,128,POST,chat/short,0.000000,0.000000,0,0,0,0,0,0,0,0,0,0,0,2,0,16,16.766282999014948,15.809628006536514,17.72293799149338,0.0
1778566966,128,,Aggregated,0.100000,0.000000,26,26,26,26,26,26,26,26,26,26,26,27,0,20,20.150680333177593,8.40802000311669,35.873947010259144,0.0
1778566967,128,POST,chat/long,0.000000,0.000000,26,26,26,26,26,26,26,26,26,26,26,19,0,21,21.044332843494455,8.40802000311669,35.873947010259144,0.0
1778566967,128,POST,chat/medium,0.100000,0.000000,0,0,0,0,0,0,0,0,0,0,0,6,0,15,18.44891316189508,11.325348998070695,26.136296990443952,0.0
1778566967,128,POST,chat/short,0.000000,0.000000,0,0,0,0,0,0,0,0,0,0,0,2,0,16,16.766282999014948,15.809628006536514,17.72293799149338,0.0
1778566967,128,,Aggregated,0.100000,0.000000,26,26,26,26,26,26,26,26,26,26,26,27,0,20,20.150680333177593,8.40802000311669,35.873947010259144,0.0
1778566968,128,POST,chat/long,0.200000,0.000000,26,26,26,26,26,26,26,26,26,26,26,20,0,21,20.858971601410303,8.40802000311669,35.873947010259144,0.0
1778566968,128,POST,chat/medium,0.000000,0.000000,0,0,0,0,0,0,0,0,0,0,0,6,0,15,18.44891316189508,11.325348998070695,26.136296990443952,0.0
1778566968,128,POST,chat/short,0.000000,0.000000,0,0,0,0,0,0,0,0,0,0,0,2,0,16,16.766282999014948,15.809628006536514,17.72293799149338,0.0
1778566968,128,,Aggregated,0.200000,0.000000,26,26,26,26,26,26,26,26,26,26,26,28,0,19,20.050195607057372,8.40802000311669,35.873947010259144,0.0
1778566969,128,POST,chat/long,0.200000,0.000000,17,17,17,17,17,17,17,17,17,17,17,20,0,21,20.858971601410303,8.40802000311669,35.873947010259144,0.0
1778566969,128,POST,chat/medium,0.000000,0.000000,0,0,0,0,0,0,0,0,0,0,0,6,0,15,18.44891316189508,11.325348998070695,26.136296990443952,0.0
1778566969,128,POST,chat/short,0.000000,0.000000,0,0,0,0,0,0,0,0,0,0,0,2,0,16,16.766282999014948,15.809628006536514,17.72293799149338,0.0
1778566969,128,,Aggregated,0.200000,0.000000,17,17,17,17,17,17,17,17,17,17,17,28,0,19,20.050195607057372,8.40802000311669,35.873947010259144,0.0
1778566970,128,POST,chat/long,0.200000,0.000000,17,17,17,17,17,17,17,17,17,17,17,20,0,21,20.858971601410303,8.40802000311669,35.873947010259144,0.0
1778566970,128,POST,chat/medium,0.000000,0.000000,0,0,0,0,0,0,0,0,0,0,0,6,0,15,18.44891316189508,11.325348998070695,26.136296990443952,0.0
1778566970,128,POST,chat/short,0.000000,0.000000,0,0,0,0,0,0,0,0,0,0,0,2,0,16,16.766282999014948,15.809628006536514,17.72293799149338,0.0
1778566970,128,,Aggregated,0.200000,0.000000,17,17,17,17,17,17,17,17,17,17,17,28,0,19,20.050195607057372,8.40802000311669,35.873947010259144,0.0
1778566971,128,POST,chat/long,0.200000,0.000000,17,17,17,17,17,17,17,17,17,17,17,20,0,21,20.858971601410303,8.40802000311669,35.873947010259144,0.0
1778566971,128,POST,chat/medium,0.000000,0.000000,0,0,0,0,0,0,0,0,0,0,0,6,0,15,18.44891316189508,11.325348998070695,26.136296990443952,0.0
1778566971,128,POST,chat/short,0.000000,0.000000,0,0,0,0,0,0,0,0,0,0,0,2,0,16,16.766282999014948,15.809628006536514,17.72293799149338,0.0
1778566971,128,,Aggregated,0.200000,0.000000,17,17,17,17,17,17,17,17,17,17,17,28,0,19,20.050195607057372,8.40802000311669,35.873947010259144,0.0
1778566972,128,POST,chat/long,0.200000,0.000000,17,17,17,17,17,17,17,17,17,17,17,20,0,21,20.858971601410303,8.40802000311669,35.873947010259144,0.0
1778566972,128,POST,chat/medium,0.000000,0.000000,0,0,0,0,0,0,0,0,0,0,0,6,0,15,18.44891316189508,11.325348998070695,26.136296990443952,0.0
1778566972,128,POST,chat/short,0.000000,0.000000,0,0,0,0,0,0,0,0,0,0,0,2,0,16,16.766282999014948,15.809628006536514,17.72293799149338,0.0
1778566972,128,,Aggregated,0.200000,0.000000,17,17,17,17,17,17,17,17,17,17,17,28,0,19,20.050195607057372,8.40802000311669,35.873947010259144,0.0
1778566973,127,POST,chat/long,0.200000,0.000000,20,20,20,20,20,20,20,20,20,20,20,21,0,21,20.82080952545983,8.40802000311669,35.873947010259144,0.0
1778566973,127,POST,chat/medium,0.000000,0.000000,0,0,0,0,0,0,0,0,0,0,0,6,0,15,18.44891316189508,11.325348998070695,26.136296990443952,0.0
1778566973,127,POST,chat/short,0.000000,0.000000,0,0,0,0,0,0,0,0,0,0,0,2,0,16,16.766282999014948,15.809628006536514,17.72293799149338,0.0
1778566973,127,,Aggregated,0.200000,0.000000,20,20,20,20,20,20,20,20,20,20,20,29,0,20,20.050449827726094,8.40802000311669,35.873947010259144,0.0
1778566974,127,POST,chat/long,0.200000,0.000000,20,20,20,20,20,20,20,20,20,20,20,21,0,21,20.82080952545983,8.40802000311669,35.873947010259144,0.0
1778566974,127,POST,chat/medium,0.000000,0.000000,0,0,0,0,0,0,0,0,0,0,0,6,0,15,18.44891316189508,11.325348998070695,26.136296990443952,0.0
1778566974,127,POST,chat/short,0.000000,0.000000,0,0,0,0,0,0,0,0,0,0,0,2,0,16,16.766282999014948,15.809628006536514,17.72293799149338,0.0
1778566974,127,,Aggregated,0.200000,0.000000,20,20,20,20,20,20,20,20,20,20,20,29,0,20,20.050449827726094,8.40802000311669,35.873947010259144,0.0
1778566975,127,POST,chat/long,0.200000,0.000000,20,20,20,20,20,20,20,20,20,20,20,21,0,21,20.82080952545983,8.40802000311669,35.873947010259144,0.0
1778566975,127,POST,chat/medium,0.000000,0.000000,0,0,0,0,0,0,0,0,0,0,0,6,0,15,18.44891316189508,11.325348998070695,26.136296990443952,0.0
1778566975,127,POST,chat/short,0.000000,0.000000,0,0,0,0,0,0,0,0,0,0,0,2,0,16,16.766282999014948,15.809628006536514,17.72293799149338,0.0
1778566975,127,,Aggregated,0.200000,0.000000,20,20,20,20,20,20,20,20,20,20,20,29,0,20,20.050449827726094,8.40802000311669,35.873947010259144,0.0
1778566976,127,POST,chat/long,0.200000,0.000000,20,20,20,20,20,20,20,20,20,20,20,21,0,21,20.82080952545983,8.40802000311669,35.873947010259144,0.0
1778566976,127,POST,chat/medium,0.000000,0.000000,0,0,0,0,0,0,0,0,0,0,0,6,0,15,18.44891316189508,11.325348998070695,26.136296990443952,0.0
1778566976,127,POST,chat/short,0.000000,0.000000,0,0,0,0,0,0,0,0,0,0,0,2,0,16,16.766282999014948,15.809628006536514,17.72293799149338,0.0
1778566976,127,,Aggregated,0.200000,0.000000,20,20,20,20,20,20,20,20,20,20,20,29,0,20,20.050449827726094,8.40802000311669,35.873947010259144,0.0
1778566977,127,POST,chat/long,0.200000,0.000000,20,20,20,20,20,20,20,20,20,20,20,21,0,21,20.82080952545983,8.40802000311669,35.873947010259144,0.0
1778566977,127,POST,chat/medium,0.000000,0.000000,0,0,0,0,0,0,0,0,0,0,0,6,0,15,18.44891316189508,11.325348998070695,26.136296990443952,0.0
1778566977,127,POST,chat/short,0.000000,0.000000,0,0,0,0,0,0,0,0,0,0,0,2,0,16,16.766282999014948,15.809628006536514,17.72293799149338,0.0
1778566977,127,,Aggregated,0.200000,0.000000,20,20,20,20,20,20,20,20,20,20,20,29,0,20,20.050449827726094,8.40802000311669,35.873947010259144,0.0
1778566978,127,POST,chat/long,0.200000,0.000000,20,20,20,20,20,20,20,20,20,20,20,21,0,21,20.82080952545983,8.40802000311669,35.873947010259144,0.0
1778566978,127,POST,chat/medium,0.000000,0.000000,0,0,0,0,0,0,0,0,0,0,0,6,0,15,18.44891316189508,11.325348998070695,26.136296990443952,0.0
1778566978,127,POST,chat/short,0.000000,0.000000,0,0,0,0,0,0,0,0,0,0,0,2,0,16,16.766282999014948,15.809628006536514,17.72293799149338,0.0
1778566978,127,,Aggregated,0.200000,0.000000,20,20,20,20,20,20,20,20,20,20,20,29,0,20,20.050449827726094,8.40802000311669,35.873947010259144,0.0
1778566979,127,POST,chat/long,0.200000,0.000000,0,0,0,0,0,0,0,0,0,0,0,21,0,21,20.82080952545983,8.40802000311669,35.873947010259144,0.0
1778566979,127,POST,chat/medium,0.000000,0.000000,0,0,0,0,0,0,0,0,0,0,0,6,0,15,18.44891316189508,11.325348998070695,26.136296990443952,0.0
1778566979,127,POST,chat/short,0.000000,0.000000,0,0,0,0,0,0,0,0,0,0,0,2,0,16,16.766282999014948,15.809628006536514,17.72293799149338,0.0
1778566979,127,,Aggregated,0.200000,0.000000,0,0,0,0,0,0,0,0,0,0,0,29,0,20,20.050449827726094,8.40802000311669,35.873947010259144,0.0
1778566980,126,POST,chat/long,0.200000,0.000000,0,0,0,0,0,0,0,0,0,0,0,21,0,21,20.82080952545983,8.40802000311669,35.873947010259144,0.0
1778566980,126,POST,chat/medium,0.000000,0.000000,0,0,0,0,0,0,0,0,0,0,0,7,0,15,17.800473853380286,11.325348998070695,26.136296990443952,0.0
1778566980,126,POST,chat/short,0.000000,0.000000,0,0,0,0,0,0,0,0,0,0,0,2,0,16,16.766282999014948,15.809628006536514,17.72293799149338,0.0
1778566980,126,,Aggregated,0.200000,0.000000,14,14,14,14,14,14,14,14,14,14,14,30,0,19,19.845762766878277,8.40802000311669,35.873947010259144,0.0
1778566981,126,POST,chat/long,0.200000,0.000000,0,0,0,0,0,0,0,0,0,0,0,21,0,21,20.82080952545983,8.40802000311669,35.873947010259144,0.0
1778566981,126,POST,chat/medium,0.000000,0.000000,0,0,0,0,0,0,0,0,0,0,0,7,0,15,17.800473853380286,11.325348998070695,26.136296990443952,0.0
1778566981,126,POST,chat/short,0.000000,0.000000,0,0,0,0,0,0,0,0,0,0,0,2,0,16,16.766282999014948,15.809628006536514,17.72293799149338,0.0
1778566981,126,,Aggregated,0.200000,0.000000,14,14,14,14,14,14,14,14,14,14,14,30,0,19,19.845762766878277,8.40802000311669,35.873947010259144,0.0
1778566982,126,POST,chat/long,0.200000,0.000000,0,0,0,0,0,0,0,0,0,0,0,21,0,21,20.82080952545983,8.40802000311669,35.873947010259144,0.0
1778566982,126,POST,chat/medium,0.000000,0.000000,0,0,0,0,0,0,0,0,0,0,0,7,0,15,17.800473853380286,11.325348998070695,26.136296990443952,0.0
1778566982,126,POST,chat/short,0.000000,0.000000,0,0,0,0,0,0,0,0,0,0,0,2,0,16,16.766282999014948,15.809628006536514,17.72293799149338,0.0
1778566982,126,,Aggregated,0.200000,0.000000,14,14,14,14,14,14,14,14,14,14,14,30,0,19,19.845762766878277,8.40802000311669,35.873947010259144,0.0
1778566983,126,POST,chat/long,0.200000,0.000000,0,0,0,0,0,0,0,0,0,0,0,21,0,21,20.82080952545983,8.40802000311669,35.873947010259144,0.0
1778566983,126,POST,chat/medium,0.000000,0.000000,0,0,0,0,0,0,0,0,0,0,0,7,0,15,17.800473853380286,11.325348998070695,26.136296990443952,0.0
1778566983,126,POST,chat/short,0.000000,0.000000,0,0,0,0,0,0,0,0,0,0,0,2,0,16,16.766282999014948,15.809628006536514,17.72293799149338,0.0
1778566983,126,,Aggregated,0.200000,0.000000,14,14,14,14,14,14,14,14,14,14,14,30,0,19,19.845762766878277,8.40802000311669,35.873947010259144,0.0
1778566984,126,POST,chat/long,0.200000,0.000000,0,0,0,0,0,0,0,0,0,0,0,21,0,21,20.82080952545983,8.40802000311669,35.873947010259144,0.0
1778566984,126,POST,chat/medium,0.000000,0.000000,0,0,0,0,0,0,0,0,0,0,0,7,0,15,17.800473853380286,11.325348998070695,26.136296990443952,0.0
1778566984,126,POST,chat/short,0.000000,0.000000,0,0,0,0,0,0,0,0,0,0,0,2,0,16,16.766282999014948,15.809628006536514,17.72293799149338,0.0
1778566984,126,,Aggregated,0.200000,0.000000,14,14,14,14,14,14,14,14,14,14,14,30,0,19,19.845762766878277,8.40802000311669,35.873947010259144,0.0
1778566985,126,POST,chat/long,0.200000,0.000000,0,0,0,0,0,0,0,0,0,0,0,21,0,21,20.82080952545983,8.40802000311669,35.873947010259144,0.0
1778566985,126,POST,chat/medium,0.000000,0.000000,0,0,0,0,0,0,0,0,0,0,0,7,0,15,17.800473853380286,11.325348998070695,26.136296990443952,0.0
1778566985,126,POST,chat/short,0.000000,0.000000,0,0,0,0,0,0,0,0,0,0,0,2,0,16,16.766282999014948,15.809628006536514,17.72293799149338,0.0
1778566985,126,,Aggregated,0.200000,0.000000,0,0,0,0,0,0,0,0,0,0,0,30,0,19,19.845762766878277,8.40802000311669,35.873947010259144,0.0
1778566986,125,POST,chat/long,0.000000,0.000000,15,15,15,15,15,15,15,15,15,15,15,22,0,20,20.545707683512855,8.40802000311669,35.873947010259144,0.0
1778566986,125,POST,chat/medium,0.100000,0.000000,0,0,0,0,0,0,0,0,0,0,0,7,0,15,17.800473853380286,11.325348998070695,26.136296990443952,0.0
1778566986,125,POST,chat/short,0.000000,0.000000,0,0,0,0,0,0,0,0,0,0,0,2,0,16,16.766282999014948,15.809628006536514,17.72293799149338,0.0
1778566986,125,,Aggregated,0.100000,0.000000,15,15,15,15,15,15,15,15,15,15,15,31,0,19,19.68198232287015,8.40802000311669,35.873947010259144,0.0
1778566987,125,POST,chat/long,0.000000,0.000000,15,15,15,15,15,15,15,15,15,15,15,22,0,20,20.545707683512855,8.40802000311669,35.873947010259144,0.0
1778566987,125,POST,chat/medium,0.100000,0.000000,0,0,0,0,0,0,0,0,0,0,0,7,0,15,17.800473853380286,11.325348998070695,26.136296990443952,0.0
1778566987,125,POST,chat/short,0.000000,0.000000,0,0,0,0,0,0,0,0,0,0,0,2,0,16,16.766282999014948,15.809628006536514,17.72293799149338,0.0
1778566987,125,,Aggregated,0.100000,0.000000,15,15,15,15,15,15,15,15,15,15,15,31,0,19,19.68198232287015,8.40802000311669,35.873947010259144,0.0
1778566988,125,POST,chat/long,0.000000,0.000000,15,15,15,15,15,15,15,15,15,15,15,22,0,20,20.545707683512855,8.40802000311669,35.873947010259144,0.0
1778566988,125,POST,chat/medium,0.100000,0.000000,0,0,0,0,0,0,0,0,0,0,0,7,0,15,17.800473853380286,11.325348998070695,26.136296990443952,0.0
1778566988,125,POST,chat/short,0.000000,0.000000,0,0,0,0,0,0,0,0,0,0,0,2,0,16,16.766282999014948,15.809628006536514,17.72293799149338,0.0
1778566988,125,,Aggregated,0.100000,0.000000,15,15,15,15,15,15,15,15,15,15,15,31,0,19,19.68198232287015,8.40802000311669,35.873947010259144,0.0
1778566989,125,POST,chat/long,0.000000,0.000000,0,0,0,0,0,0,0,0,0,0,0,22,0,20,20.545707683512855,8.40802000311669,35.873947010259144,0.0
1778566989,125,POST,chat/medium,0.100000,0.000000,0,0,0,0,0,0,0,0,0,0,0,7,0,15,17.800473853380286,11.325348998070695,26.136296990443952,0.0
1778566989,125,POST,chat/short,0.000000,0.000000,0,0,0,0,0,0,0,0,0,0,0,2,0,16,16.766282999014948,15.809628006536514,17.72293799149338,0.0
1778566989,125,,Aggregated,0.100000,0.000000,15,15,15,15,15,15,15,15,15,15,15,31,0,19,19.68198232287015,8.40802000311669,35.873947010259144,0.0
1778566990,125,POST,chat/long,0.000000,0.000000,0,0,0,0,0,0,0,0,0,0,0,22,0,20,20.545707683512855,8.40802000311669,35.873947010259144,0.0
1778566990,125,POST,chat/medium,0.100000,0.000000,0,0,0,0,0,0,0,0,0,0,0,7,0,15,17.800473853380286,11.325348998070695,26.136296990443952,0.0
1778566990,125,POST,chat/short,0.000000,0.000000,0,0,0,0,0,0,0,0,0,0,0,2,0,16,16.766282999014948,15.809628006536514,17.72293799149338,0.0
1778566990,125,,Aggregated,0.100000,0.000000,15,15,15,15,15,15,15,15,15,15,15,31,0,19,19.68198232287015,8.40802000311669,35.873947010259144,0.0
1778566991,125,POST,chat/long,0.000000,0.000000,0,0,0,0,0,0,0,0,0,0,0,22,0,20,20.545707683512855,8.40802000311669,35.873947010259144,0.0
1778566991,125,POST,chat/medium,0.100000,0.000000,0,0,0,0,0,0,0,0,0,0,0,7,0,15,17.800473853380286,11.325348998070695,26.136296990443952,0.0
1778566991,125,POST,chat/short,0.000000,0.000000,0,0,0,0,0,0,0,0,0,0,0,2,0,16,16.766282999014948,15.809628006536514,17.72293799149338,0.0
1778566991,125,,Aggregated,0.100000,0.000000,15,15,15,15,15,15,15,15,15,15,15,31,0,19,19.68198232287015,8.40802000311669,35.873947010259144,0.0
1778566992,125,POST,chat/long,0.000000,0.000000,0,0,0,0,0,0,0,0,0,0,0,22,0,20,20.545707683512855,8.40802000311669,35.873947010259144,0.0
1778566992,125,POST,chat/medium,0.100000,0.000000,0,0,0,0,0,0,0,0,0,0,0,7,0,15,17.800473853380286,11.325348998070695,26.136296990443952,0.0
1778566992,125,POST,chat/short,0.000000,0.000000,0,0,0,0,0,0,0,0,0,0,0,2,0,16,16.766282999014948,15.809628006536514,17.72293799149338,0.0
1778566992,125,,Aggregated,0.100000,0.000000,0,0,0,0,0,0,0,0,0,0,0,31,0,19,19.68198232287015,8.40802000311669,35.873947010259144,0.0
1778566993,125,POST,chat/long,0.000000,0.000000,0,0,0,0,0,0,0,0,0,0,0,22,0,20,20.545707683512855,8.40802000311669,35.873947010259144,0.0
1778566993,125,POST,chat/medium,0.100000,0.000000,0,0,0,0,0,0,0,0,0,0,0,7,0,15,17.800473853380286,11.325348998070695,26.136296990443952,0.0
1778566993,125,POST,chat/short,0.000000,0.000000,0,0,0,0,0,0,0,0,0,0,0,2,0,16,16.766282999014948,15.809628006536514,17.72293799149338,0.0
1778566993,125,,Aggregated,0.100000,0.000000,0,0,0,0,0,0,0,0,0,0,0,31,0,19,19.68198232287015,8.40802000311669,35.873947010259144,0.0
1778566994,125,POST,chat/long,0.000000,0.000000,0,0,0,0,0,0,0,0,0,0,0,22,0,20,20.545707683512855,8.40802000311669,35.873947010259144,0.0
1778566994,125,POST,chat/medium,0.100000,0.000000,0,0,0,0,0,0,0,0,0,0,0,7,0,15,17.800473853380286,11.325348998070695,26.136296990443952,0.0
1778566994,125,POST,chat/short,0.000000,0.000000,0,0,0,0,0,0,0,0,0,0,0,2,0,16,16.766282999014948,15.809628006536514,17.72293799149338,0.0
1778566994,125,,Aggregated,0.100000,0.000000,0,0,0,0,0,0,0,0,0,0,0,31,0,19,19.68198232287015,8.40802000311669,35.873947010259144,0.0
1778566995,124,POST,chat/long,0.100000,0.000000,36,36,36,36,36,36,36,36,36,36,36,23,0,21,21.235577653303903,8.40802000311669,36.41271698870696,0.0
1778566995,124,POST,chat/medium,0.000000,0.000000,0,0,0,0,0,0,0,0,0,0,0,7,0,15,17.800473853380286,11.325348998070695,26.136296990443952,0.0
1778566995,124,POST,chat/short,0.000000,0.000000,0,0,0,0,0,0,0,0,0,0,0,2,0,16,16.766282999014948,15.809628006536514,17.72293799149338,0.0
1778566995,124,,Aggregated,0.100000,0.000000,36,36,36,36,36,36,36,36,36,36,36,32,0,19,20.204817781177553,8.40802000311669,36.41271698870696,0.0
1778566996,124,POST,chat/long,0.100000,0.000000,36,36,36,36,36,36,36,36,36,36,36,23,0,21,21.235577653303903,8.40802000311669,36.41271698870696,0.0
1778566996,124,POST,chat/medium,0.000000,0.000000,0,0,0,0,0,0,0,0,0,0,0,7,0,15,17.800473853380286,11.325348998070695,26.136296990443952,0.0
1778566996,124,POST,chat/short,0.000000,0.000000,0,0,0,0,0,0,0,0,0,0,0,2,0,16,16.766282999014948,15.809628006536514,17.72293799149338,0.0
1778566996,124,,Aggregated,0.100000,0.000000,36,36,36,36,36,36,36,36,36,36,36,32,0,19,20.204817781177553,8.40802000311669,36.41271698870696,0.0
1778566997,124,POST,chat/long,0.100000,0.000000,36,36,36,36,36,36,36,36,36,36,36,23,0,21,21.235577653303903,8.40802000311669,36.41271698870696,0.0
1778566997,124,POST,chat/medium,0.000000,0.000000,0,0,0,0,0,0,0,0,0,0,0,7,0,15,17.800473853380286,11.325348998070695,26.136296990443952,0.0
1778566997,124,POST,chat/short,0.000000,0.000000,0,0,0,0,0,0,0,0,0,0,0,2,0,16,16.766282999014948,15.809628006536514,17.72293799149338,0.0
1778566997,124,,Aggregated,0.100000,0.000000,36,36,36,36,36,36,36,36,36,36,36,32,0,19,20.204817781177553,8.40802000311669,36.41271698870696,0.0
1778566998,124,POST,chat/long,0.100000,0.000000,36,36,36,36,36,36,36,36,36,36,36,23,0,21,21.235577653303903,8.40802000311669,36.41271698870696,0.0
1778566998,124,POST,chat/medium,0.000000,0.000000,0,0,0,0,0,0,0,0,0,0,0,7,0,15,17.800473853380286,11.325348998070695,26.136296990443952,0.0
1778566998,124,POST,chat/short,0.000000,0.000000,0,0,0,0,0,0,0,0,0,0,0,2,0,16,16.766282999014948,15.809628006536514,17.72293799149338,0.0
1778566998,124,,Aggregated,0.100000,0.000000,36,36,36,36,36,36,36,36,36,36,36,32,0,19,20.204817781177553,8.40802000311669,36.41271698870696,0.0
1778566999,124,POST,chat/long,0.100000,0.000000,36,36,36,36,36,36,36,36,36,36,36,23,0,21,21.235577653303903,8.40802000311669,36.41271698870696,0.0
1778566999,124,POST,chat/medium,0.000000,0.000000,0,0,0,0,0,0,0,0,0,0,0,7,0,15,17.800473853380286,11.325348998070695,26.136296990443952,0.0
1778566999,124,POST,chat/short,0.000000,0.000000,0,0,0,0,0,0,0,0,0,0,0,2,0,16,16.766282999014948,15.809628006536514,17.72293799149338,0.0
1778566999,124,,Aggregated,0.100000,0.000000,36,36,36,36,36,36,36,36,36,36,36,32,0,19,20.204817781177553,8.40802000311669,36.41271698870696,0.0
1778567000,124,POST,chat/long,0.100000,0.000000,0,0,0,0,0,0,0,0,0,0,0,23,0,21,21.235577653303903,8.40802000311669,36.41271698870696,0.0
1778567000,124,POST,chat/medium,0.000000,0.000000,0,0,0,0,0,0,0,0,0,0,0,7,0,15,17.800473853380286,11.325348998070695,26.136296990443952,0.0
1778567000,124,POST,chat/short,0.000000,0.000000,0,0,0,0,0,0,0,0,0,0,0,2,0,16,16.766282999014948,15.809628006536514,17.72293799149338,0.0
1778567000,124,,Aggregated,0.100000,0.000000,0,0,0,0,0,0,0,0,0,0,0,32,0,19,20.204817781177553,8.40802000311669,36.41271698870696,0.0
1778567001,124,POST,chat/long,0.100000,0.000000,0,0,0,0,0,0,0,0,0,0,0,23,0,21,21.235577653303903,8.40802000311669,36.41271698870696,0.0
1778567001,124,POST,chat/medium,0.000000,0.000000,0,0,0,0,0,0,0,0,0,0,0,7,0,15,17.800473853380286,11.325348998070695,26.136296990443952,0.0
1778567001,124,POST,chat/short,0.000000,0.000000,0,0,0,0,0,0,0,0,0,0,0,2,0,16,16.766282999014948,15.809628006536514,17.72293799149338,0.0
1778567001,124,,Aggregated,0.100000,0.000000,0,0,0,0,0,0,0,0,0,0,0,32,0,19,20.204817781177553,8.40802000311669,36.41271698870696,0.0
1778567002,124,POST,chat/long,0.100000,0.000000,0,0,0,0,0,0,0,0,0,0,0,23,0,21,21.235577653303903,8.40802000311669,36.41271698870696,0.0
1778567002,124,POST,chat/medium,0.000000,0.000000,0,0,0,0,0,0,0,0,0,0,0,7,0,15,17.800473853380286,11.325348998070695,26.136296990443952,0.0
1778567002,124,POST,chat/short,0.000000,0.000000,0,0,0,0,0,0,0,0,0,0,0,2,0,16,16.766282999014948,15.809628006536514,17.72293799149338,0.0
1778567002,124,,Aggregated,0.100000,0.000000,0,0,0,0,0,0,0,0,0,0,0,32,0,19,20.204817781177553,8.40802000311669,36.41271698870696,0.0
1778567003,123,POST,chat/long,0.100000,0.000000,18,18,18,18,18,18,18,18,18,18,18,24,0,20,21.114243084715174,8.40802000311669,36.41271698870696,0.0
1778567003,123,POST,chat/medium,0.000000,0.000000,0,0,0,0,0,0,0,0,0,0,0,7,0,15,17.800473853380286,11.325348998070695,26.136296990443952,0.0
1778567003,123,POST,chat/short,0.000000,0.000000,0,0,0,0,0,0,0,0,0,0,0,2,0,16,16.766282999014948,15.809628006536514,17.72293799149338,0.0
1778567003,123,,Aggregated,0.100000,0.000000,18,18,18,18,18,18,18,18,18,18,18,33,0,19,20.147809606207762,8.40802000311669,36.41271698870696,0.0
1778567004,123,POST,chat/long,0.100000,0.000000,18,18,18,18,18,18,18,18,18,18,18,24,0,20,21.114243084715174,8.40802000311669,36.41271698870696,0.0
1778567004,123,POST,chat/medium,0.000000,0.000000,0,0,0,0,0,0,0,0,0,0,0,7,0,15,17.800473853380286,11.325348998070695,26.136296990443952,0.0
1778567004,123,POST,chat/short,0.000000,0.000000,0,0,0,0,0,0,0,0,0,0,0,2,0,16,16.766282999014948,15.809628006536514,17.72293799149338,0.0
1778567004,123,,Aggregated,0.100000,0.000000,18,18,18,18,18,18,18,18,18,18,18,33,0,19,20.147809606207762,8.40802000311669,36.41271698870696,0.0
1778567005,123,POST,chat/long,0.100000,0.000000,18,18,18,18,18,18,18,18,18,18,18,24,0,20,21.114243084715174,8.40802000311669,36.41271698870696,0.0
1778567005,123,POST,chat/medium,0.000000,0.000000,0,0,0,0,0,0,0,0,0,0,0,7,0,15,17.800473853380286,11.325348998070695,26.136296990443952,0.0
1778567005,123,POST,chat/short,0.000000,0.000000,0,0,0,0,0,0,0,0,0,0,0,2,0,16,16.766282999014948,15.809628006536514,17.72293799149338,0.0
1778567005,123,,Aggregated,0.100000,0.000000,18,18,18,18,18,18,18,18,18,18,18,33,0,19,20.147809606207762,8.40802000311669,36.41271698870696,0.0
1778567006,122,POST,chat/long,0.100000,0.000000,24,24,24,24,24,24,24,24,24,24,24,25,0,21,21.216199281043373,8.40802000311669,36.41271698870696,0.0
1778567006,122,POST,chat/medium,0.000000,0.000000,0,0,0,0,0,0,0,0,0,0,0,7,0,15,17.800473853380286,11.325348998070695,26.136296990443952,0.0
1778567006,122,POST,chat/short,0.000000,0.000000,0,0,0,0,0,0,0,0,0,0,0,2,0,16,16.766282999014948,15.809628006536514,17.72293799149338,0.0
1778567006,122,,Aggregated,0.100000,0.000000,24,24,24,24,24,24,24,24,24,24,24,34,0,19,20.2512019116993,8.40802000311669,36.41271698870696,0.0
1778567007,122,POST,chat/long,0.100000,0.000000,24,24,24,24,24,24,24,24,24,24,24,25,0,21,21.216199281043373,8.40802000311669,36.41271698870696,0.0
1778567007,122,POST,chat/medium,0.000000,0.000000,0,0,0,0,0,0,0,0,0,0,0,7,0,15,17.800473853380286,11.325348998070695,26.136296990443952,0.0
1778567007,122,POST,chat/short,0.000000,0.000000,0,0,0,0,0,0,0,0,0,0,0,2,0,16,16.766282999014948,15.809628006536514,17.72293799149338,0.0
1778567007,122,,Aggregated,0.100000,0.000000,24,24,24,24,24,24,24,24,24,24,24,34,0,19,20.2512019116993,8.40802000311669,36.41271698870696,0.0
1778567008,122,POST,chat/long,0.100000,0.000000,24,24,24,24,24,24,24,24,24,24,24,25,0,21,21.216199281043373,8.40802000311669,36.41271698870696,0.0
1778567008,122,POST,chat/medium,0.000000,0.000000,0,0,0,0,0,0,0,0,0,0,0,7,0,15,17.800473853380286,11.325348998070695,26.136296990443952,0.0
1778567008,122,POST,chat/short,0.000000,0.000000,0,0,0,0,0,0,0,0,0,0,0,2,0,16,16.766282999014948,15.809628006536514,17.72293799149338,0.0
1778567008,122,,Aggregated,0.100000,0.000000,24,24,24,24,24,24,24,24,24,24,24,34,0,19,20.2512019116993,8.40802000311669,36.41271698870696,0.0
1778567009,122,POST,chat/long,0.100000,0.000000,24,24,24,24,24,24,24,24,24,24,24,25,0,21,21.216199281043373,8.40802000311669,36.41271698870696,0.0
1778567009,122,POST,chat/medium,0.000000,0.000000,0,0,0,0,0,0,0,0,0,0,0,7,0,15,17.800473853380286,11.325348998070695,26.136296990443952,0.0
1778567009,122,POST,chat/short,0.000000,0.000000,0,0,0,0,0,0,0,0,0,0,0,2,0,16,16.766282999014948,15.809628006536514,17.72293799149338,0.0
1778567009,122,,Aggregated,0.100000,0.000000,24,24,24,24,24,24,24,24,24,24,24,34,0,19,20.2512019116993,8.40802000311669,36.41271698870696,0.0
1778567010,121,POST,chat/long,0.100000,0.000000,24,24,24,24,24,24,24,24,24,24,24,26,0,21,21.326314962957092,8.40802000311669,36.41271698870696,0.0
1778567010,121,POST,chat/medium,0.000000,0.000000,0,0,0,0,0,0,0,0,0,0,0,7,0,15,17.800473853380286,11.325348998070695,26.136296990443952,0.0
1778567010,121,POST,chat/short,0.000000,0.000000,0,0,0,0,0,0,0,0,0,0,0,2,0,16,16.766282999014948,15.809628006536514,17.72293799149338,0.0
1778567010,121,,Aggregated,0.100000,0.000000,24,24,24,24,24,24,24,24,24,24,24,35,0,20,20.36057348595932,8.40802000311669,36.41271698870696,0.0
1778567011,121,POST,chat/long,0.100000,0.000000,24,24,24,24,24,24,24,24,24,24,24,26,0,21,21.326314962957092,8.40802000311669,36.41271698870696,0.0
1778567011,121,POST,chat/medium,0.000000,0.000000,0,0,0,0,0,0,0,0,0,0,0,7,0,15,17.800473853380286,11.325348998070695,26.136296990443952,0.0
1778567011,121,POST,chat/short,0.000000,0.000000,0,0,0,0,0,0,0,0,0,0,0,2,0,16,16.766282999014948,15.809628006536514,17.72293799149338,0.0
1778567011,121,,Aggregated,0.100000,0.000000,24,24,24,24,24,24,24,24,24,24,24,35,0,20,20.36057348595932,8.40802000311669,36.41271698870696,0.0
1778567012,121,POST,chat/long,0.100000,0.000000,24,24,24,24,24,24,24,24,24,24,24,26,0,21,21.326314962957092,8.40802000311669,36.41271698870696,0.0
1778567012,121,POST,chat/medium,0.000000,0.000000,0,0,0,0,0,0,0,0,0,0,0,7,0,15,17.800473853380286,11.325348998070695,26.136296990443952,0.0
1778567012,121,POST,chat/short,0.000000,0.000000,0,0,0,0,0,0,0,0,0,0,0,2,0,16,16.766282999014948,15.809628006536514,17.72293799149338,0.0
1778567012,121,,Aggregated,0.100000,0.000000,24,24,24,24,24,24,24,24,24,24,24,35,0,20,20.36057348595932,8.40802000311669,36.41271698870696,0.0
1778567013,121,POST,chat/long,0.100000,0.000000,24,24,24,24,24,24,24,24,24,24,24,26,0,21,21.326314962957092,8.40802000311669,36.41271698870696,0.0
1778567013,121,POST,chat/medium,0.000000,0.000000,0,0,0,0,0,0,0,0,0,0,0,7,0,15,17.800473853380286,11.325348998070695,26.136296990443952,0.0
1778567013,121,POST,chat/short,0.000000,0.000000,0,0,0,0,0,0,0,0,0,0,0,2,0,16,16.766282999014948,15.809628006536514,17.72293799149338,0.0
1778567013,121,,Aggregated,0.100000,0.000000,24,24,24,24,24,24,24,24,24,24,24,35,0,20,20.36057348595932,8.40802000311669,36.41271698870696,0.0
1778567014,121,POST,chat/long,0.100000,0.000000,24,24,24,24,24,24,24,24,24,24,24,26,0,21,21.326314962957092,8.40802000311669,36.41271698870696,0.0
1778567014,121,POST,chat/medium,0.000000,0.000000,0,0,0,0,0,0,0,0,0,0,0,7,0,15,17.800473853380286,11.325348998070695,26.136296990443952,0.0
1778567014,121,POST,chat/short,0.000000,0.000000,0,0,0,0,0,0,0,0,0,0,0,2,0,16,16.766282999014948,15.809628006536514,17.72293799149338,0.0
1778567014,121,,Aggregated,0.100000,0.000000,24,24,24,24,24,24,24,24,24,24,24,35,0,20,20.36057348595932,8.40802000311669,36.41271698870696,0.0
1778567015,120,POST,chat/long,0.300000,0.000000,24,24,24,24,24,24,24,24,24,24,24,27,0,21,20.85551366811463,8.40802000311669,36.41271698870696,0.0
1778567015,120,POST,chat/medium,0.000000,0.000000,0,0,0,0,0,0,0,0,0,0,0,7,0,15,17.800473853380286,11.325348998070695,26.136296990443952,0.0
1778567015,120,POST,chat/short,0.000000,0.000000,0,0,0,0,0,0,0,0,0,0,0,2,0,16,16.766282999014948,15.809628006536514,17.72293799149338,0.0
1778567015,120,,Aggregated,0.300000,0.000000,24,24,24,24,24,24,24,24,24,24,24,36,0,19,20.034298666966304,8.40802000311669,36.41271698870696,0.0
1778567016,120,POST,chat/long,0.300000,0.000000,24,24,24,24,24,24,24,24,24,24,24,27,0,21,20.85551366811463,8.40802000311669,36.41271698870696,0.0
1778567016,120,POST,chat/medium,0.000000,0.000000,0,0,0,0,0,0,0,0,0,0,0,7,0,15,17.800473853380286,11.325348998070695,26.136296990443952,0.0
1778567016,120,POST,chat/short,0.000000,0.000000,0,0,0,0,0,0,0,0,0,0,0,2,0,16,16.766282999014948,15.809628006536514,17.72293799149338,0.0
1778567016,120,,Aggregated,0.300000,0.000000,24,24,24,24,24,24,24,24,24,24,24,36,0,19,20.034298666966304,8.40802000311669,36.41271698870696,0.0
1778567017,120,POST,chat/long,0.300000,0.000000,9,9,9,9,9,9,9,9,9,9,9,27,0,21,20.85551366811463,8.40802000311669,36.41271698870696,0.0
1778567017,120,POST,chat/medium,0.000000,0.000000,0,0,0,0,0,0,0,0,0,0,0,7,0,15,17.800473853380286,11.325348998070695,26.136296990443952,0.0
1778567017,120,POST,chat/short,0.000000,0.000000,0,0,0,0,0,0,0,0,0,0,0,2,0,16,16.766282999014948,15.809628006536514,17.72293799149338,0.0
1778567017,120,,Aggregated,0.300000,0.000000,9,9,9,9,9,9,9,9,9,9,9,36,0,19,20.034298666966304,8.40802000311669,36.41271698870696,0.0
1778567018,118,POST,chat/long,0.300000,0.000000,10,10,16,16,16,16,16,16,16,16,16,29,0,20,20.30475234566658,8.40802000311669,36.41271698870696,0.0
1778567018,118,POST,chat/medium,0.000000,0.000000,0,0,0,0,0,0,0,0,0,0,0,7,0,15,17.800473853380286,11.325348998070695,26.136296990443952,0.0
1778567018,118,POST,chat/short,0.000000,0.000000,0,0,0,0,0,0,0,0,0,0,0,2,0,16,16.766282999014948,15.809628006536514,17.72293799149338,0.0
1778567018,118,,Aggregated,0.300000,0.000000,10,10,16,16,16,16,16,16,16,16,16,38,0,19,19.65720265779007,8.40802000311669,36.41271698870696,0.0
1778567019,118,POST,chat/long,0.300000,0.000000,10,10,16,16,16,16,16,16,16,16,16,29,0,20,20.30475234566658,8.40802000311669,36.41271698870696,0.0
1778567019,118,POST,chat/medium,0.000000,0.000000,0,0,0,0,0,0,0,0,0,0,0,7,0,15,17.800473853380286,11.325348998070695,26.136296990443952,0.0
1778567019,118,POST,chat/short,0.000000,0.000000,0,0,0,0,0,0,0,0,0,0,0,2,0,16,16.766282999014948,15.809628006536514,17.72293799149338,0.0
1778567019,118,,Aggregated,0.300000,0.000000,10,10,16,16,16,16,16,16,16,16,16,38,0,19,19.65720265779007,8.40802000311669,36.41271698870696,0.0
1778567020,118,POST,chat/long,0.300000,0.000000,16,16,16,16,16,16,16,16,16,16,16,29,0,20,20.30475234566658,8.40802000311669,36.41271698870696,0.0
1778567020,118,POST,chat/medium,0.000000,0.000000,0,0,0,0,0,0,0,0,0,0,0,7,0,15,17.800473853380286,11.325348998070695,26.136296990443952,0.0
1778567020,118,POST,chat/short,0.000000,0.000000,0,0,0,0,0,0,0,0,0,0,0,2,0,16,16.766282999014948,15.809628006536514,17.72293799149338,0.0
1778567020,118,,Aggregated,0.300000,0.000000,16,16,16,16,16,16,16,16,16,16,16,38,0,19,19.65720265779007,8.40802000311669,36.41271698870696,0.0
1778567021,118,POST,chat/long,0.300000,0.000000,16,16,16,16,16,16,16,16,16,16,16,29,0,20,20.30475234566658,8.40802000311669,36.41271698870696,0.0
1778567021,118,POST,chat/medium,0.000000,0.000000,0,0,0,0,0,0,0,0,0,0,0,7,0,15,17.800473853380286,11.325348998070695,26.136296990443952,0.0
1778567021,118,POST,chat/short,0.000000,0.000000,0,0,0,0,0,0,0,0,0,0,0,2,0,16,16.766282999014948,15.809628006536514,17.72293799149338,0.0
1778567021,118,,Aggregated,0.300000,0.000000,16,16,16,16,16,16,16,16,16,16,16,38,0,19,19.65720265779007,8.40802000311669,36.41271698870696,0.0
1778567022,117,POST,chat/long,0.300000,0.000000,16,16,19,19,19,19,19,19,19,19,19,30,0,20,20.259702867770102,8.40802000311669,36.41271698870696,0.0
1778567022,117,POST,chat/medium,0.000000,0.000000,0,0,0,0,0,0,0,0,0,0,0,7,0,15,17.800473853380286,11.325348998070695,26.136296990443952,0.0
1778567022,117,POST,chat/short,0.000000,0.000000,0,0,0,0,0,0,0,0,0,0,0,2,0,16,16.766282999014948,15.809628006536514,17.72293799149338,0.0
1778567022,117,,Aggregated,0.300000,0.000000,16,16,19,19,19,19,19,19,19,19,19,39,0,19,19.639153051405,8.40802000311669,36.41271698870696,0.0
1778567023,117,POST,chat/long,0.300000,0.000000,16,16,19,19,19,19,19,19,19,19,19,30,0,20,20.259702867770102,8.40802000311669,36.41271698870696,0.0
1778567023,117,POST,chat/medium,0.000000,0.000000,0,0,0,0,0,0,0,0,0,0,0,7,0,15,17.800473853380286,11.325348998070695,26.136296990443952,0.0
1778567023,117,POST,chat/short,0.000000,0.000000,0,0,0,0,0,0,0,0,0,0,0,2,0,16,16.766282999014948,15.809628006536514,17.72293799149338,0.0
1778567023,117,,Aggregated,0.300000,0.000000,16,16,19,19,19,19,19,19,19,19,19,39,0,19,19.639153051405,8.40802000311669,36.41271698870696,0.0
1778567024,115,POST,chat/long,0.400000,0.000000,16,19,19,30,30,30,30,30,30,30,30,32,0,20,20.270055969831446,8.40802000311669,36.41271698870696,0.0
1778567024,115,POST,chat/medium,0.000000,0.000000,0,0,0,0,0,0,0,0,0,0,0,7,0,15,17.800473853380286,11.325348998070695,26.136296990443952,0.0
1778567024,115,POST,chat/short,0.000000,0.000000,0,0,0,0,0,0,0,0,0,0,0,2,0,16,16.766282999014948,15.809628006536514,17.72293799149338,0.0
1778567024,115,,Aggregated,0.400000,0.000000,16,19,19,30,30,30,30,30,30,30,30,41,0,19,19.677504244056053,8.40802000311669,36.41271698870696,0.0
1778567025,115,POST,chat/long,0.400000,0.000000,19,19,30,30,30,30,30,30,30,30,30,32,0,20,20.270055969831446,8.40802000311669,36.41271698870696,0.0
1778567025,115,POST,chat/medium,0.000000,0.000000,0,0,0,0,0,0,0,0,0,0,0,7,0,15,17.800473853380286,11.325348998070695,26.136296990443952,0.0
1778567025,115,POST,chat/short,0.000000,0.000000,0,0,0,0,0,0,0,0,0,0,0,2,0,16,16.766282999014948,15.809628006536514,17.72293799149338,0.0
1778567025,115,,Aggregated,0.400000,0.000000,19,19,30,30,30,30,30,30,30,30,30,41,0,19,19.677504244056053,8.40802000311669,36.41271698870696,0.0
1778567026,115,POST,chat/long,0.400000,0.000000,19,19,30,30,30,30,30,30,30,30,30,32,0,20,20.270055969831446,8.40802000311669,36.41271698870696,0.0
1778567026,115,POST,chat/medium,0.000000,0.000000,0,0,0,0,0,0,0,0,0,0,0,7,0,15,17.800473853380286,11.325348998070695,26.136296990443952,0.0
1778567026,115,POST,chat/short,0.000000,0.000000,0,0,0,0,0,0,0,0,0,0,0,2,0,16,16.766282999014948,15.809628006536514,17.72293799149338,0.0
1778567026,115,,Aggregated,0.400000,0.000000,19,19,30,30,30,30,30,30,30,30,30,41,0,19,19.677504244056053,8.40802000311669,36.41271698870696,0.0
1778567027,115,POST,chat/long,0.400000,0.000000,19,19,30,30,30,30,30,30,30,30,30,32,0,20,20.270055969831446,8.40802000311669,36.41271698870696,0.0
1778567027,115,POST,chat/medium,0.000000,0.000000,0,0,0,0,0,0,0,0,0,0,0,7,0,15,17.800473853380286,11.325348998070695,26.136296990443952,0.0
1778567027,115,POST,chat/short,0.000000,0.000000,0,0,0,0,0,0,0,0,0,0,0,2,0,16,16.766282999014948,15.809628006536514,17.72293799149338,0.0
1778567027,115,,Aggregated,0.400000,0.000000,19,19,30,30,30,30,30,30,30,30,30,41,0,19,19.677504244056053,8.40802000311669,36.41271698870696,0.0
1778567028,114,POST,chat/long,0.500000,0.000000,23,23,30,30,30,30,30,30,30,30,30,33,0,20,20.349491152570188,8.40802000311669,36.41271698870696,0.0
1778567028,114,POST,chat/medium,0.000000,0.000000,0,0,0,0,0,0,0,0,0,0,0,7,0,15,17.800473853380286,11.325348998070695,26.136296990443952,0.0
1778567028,114,POST,chat/short,0.000000,0.000000,0,0,0,0,0,0,0,0,0,0,0,2,0,16,16.766282999014948,15.809628006536514,17.72293799149338,0.0
1778567028,114,,Aggregated,0.500000,0.000000,23,23,30,30,30,30,30,30,30,30,30,42,0,19,19.75402597634543,8.40802000311669,36.41271698870696,0.0
1778567029,114,POST,chat/long,0.500000,0.000000,23,23,30,30,30,30,30,30,30,30,30,33,0,20,20.349491152570188,8.40802000311669,36.41271698870696,0.0
1778567029,114,POST,chat/medium,0.000000,0.000000,0,0,0,0,0,0,0,0,0,0,0,7,0,15,17.800473853380286,11.325348998070695,26.136296990443952,0.0
1778567029,114,POST,chat/short,0.000000,0.000000,0,0,0,0,0,0,0,0,0,0,0,2,0,16,16.766282999014948,15.809628006536514,17.72293799149338,0.0
1778567029,114,,Aggregated,0.500000,0.000000,23,23,30,30,30,30,30,30,30,30,30,42,0,19,19.75402597634543,8.40802000311669,36.41271698870696,0.0
1778567030,114,POST,chat/long,0.500000,0.000000,23,23,30,30,30,30,30,30,30,30,30,33,0,20,20.349491152570188,8.40802000311669,36.41271698870696,0.0
1778567030,114,POST,chat/medium,0.000000,0.000000,0,0,0,0,0,0,0,0,0,0,0,7,0,15,17.800473853380286,11.325348998070695,26.136296990443952,0.0
1778567030,114,POST,chat/short,0.000000,0.000000,0,0,0,0,0,0,0,0,0,0,0,2,0,16,16.766282999014948,15.809628006536514,17.72293799149338,0.0
1778567030,114,,Aggregated,0.500000,0.000000,23,23,30,30,30,30,30,30,30,30,30,42,0,19,19.75402597634543,8.40802000311669,36.41271698870696,0.0
1778567031,114,POST,chat/long,0.500000,0.000000,23,23,30,30,30,30,30,30,30,30,30,33,0,20,20.349491152570188,8.40802000311669,36.41271698870696,0.0
1778567031,114,POST,chat/medium,0.000000,0.000000,0,0,0,0,0,0,0,0,0,0,0,7,0,15,17.800473853380286,11.325348998070695,26.136296990443952,0.0
1778567031,114,POST,chat/short,0.000000,0.000000,0,0,0,0,0,0,0,0,0,0,0,2,0,16,16.766282999014948,15.809628006536514,17.72293799149338,0.0
1778567031,114,,Aggregated,0.500000,0.000000,23,23,30,30,30,30,30,30,30,30,30,42,0,19,19.75402597634543,8.40802000311669,36.41271698870696,0.0
1778567032,114,POST,chat/long,0.500000,0.000000,23,23,23,23,23,23,23,23,23,23,23,33,0,20,20.349491152570188,8.40802000311669,36.41271698870696,0.0
1778567032,114,POST,chat/medium,0.000000,0.000000,0,0,0,0,0,0,0,0,0,0,0,7,0,15,17.800473853380286,11.325348998070695,26.136296990443952,0.0
1778567032,114,POST,chat/short,0.000000,0.000000,0,0,0,0,0,0,0,0,0,0,0,2,0,16,16.766282999014948,15.809628006536514,17.72293799149338,0.0
1778567032,114,,Aggregated,0.500000,0.000000,23,23,23,23,23,23,23,23,23,23,23,42,0,19,19.75402597634543,8.40802000311669,36.41271698870696,0.0
1778567033,114,POST,chat/long,0.500000,0.000000,23,23,23,23,23,23,23,23,23,23,23,33,0,20,20.349491152570188,8.40802000311669,36.41271698870696,0.0
1778567033,114,POST,chat/medium,0.000000,0.000000,0,0,0,0,0,0,0,0,0,0,0,7,0,15,17.800473853380286,11.325348998070695,26.136296990443952,0.0
1778567033,114,POST,chat/short,0.000000,0.000000,0,0,0,0,0,0,0,0,0,0,0,2,0,16,16.766282999014948,15.809628006536514,17.72293799149338,0.0
1778567033,114,,Aggregated,0.500000,0.000000,23,23,23,23,23,23,23,23,23,23,23,42,0,19,19.75402597634543,8.40802000311669,36.41271698870696,0.0
1778567034,114,POST,chat/long,0.500000,0.000000,23,23,23,23,23,23,23,23,23,23,23,33,0,20,20.349491152570188,8.40802000311669,36.41271698870696,0.0
1778567034,114,POST,chat/medium,0.000000,0.000000,0,0,0,0,0,0,0,0,0,0,0,7,0,15,17.800473853380286,11.325348998070695,26.136296990443952,0.0
1778567034,114,POST,chat/short,0.000000,0.000000,0,0,0,0,0,0,0,0,0,0,0,2,0,16,16.766282999014948,15.809628006536514,17.72293799149338,0.0
1778567034,114,,Aggregated,0.500000,0.000000,23,23,23,23,23,23,23,23,23,23,23,42,0,19,19.75402597634543,8.40802000311669,36.41271698870696,0.0
1778567035,114,POST,chat/long,0.500000,0.000000,23,23,23,23,23,23,23,23,23,23,23,33,0,20,20.349491152570188,8.40802000311669,36.41271698870696,0.0
1778567035,114,POST,chat/medium,0.000000,0.000000,0,0,0,0,0,0,0,0,0,0,0,7,0,15,17.800473853380286,11.325348998070695,26.136296990443952,0.0
1778567035,114,POST,chat/short,0.000000,0.000000,0,0,0,0,0,0,0,0,0,0,0,2,0,16,16.766282999014948,15.809628006536514,17.72293799149338,0.0
1778567035,114,,Aggregated,0.500000,0.000000,23,23,23,23,23,23,23,23,23,23,23,42,0,19,19.75402597634543,8.40802000311669,36.41271698870696,0.0
1778567036,114,POST,chat/long,0.500000,0.000000,0,0,0,0,0,0,0,0,0,0,0,33,0,20,20.349491152570188,8.40802000311669,36.41271698870696,0.0
1778567036,114,POST,chat/medium,0.000000,0.000000,0,0,0,0,0,0,0,0,0,0,0,7,0,15,17.800473853380286,11.325348998070695,26.136296990443952,0.0
1778567036,114,POST,chat/short,0.000000,0.000000,0,0,0,0,0,0,0,0,0,0,0,2,0,16,16.766282999014948,15.809628006536514,17.72293799149338,0.0
1778567036,114,,Aggregated,0.500000,0.000000,0,0,0,0,0,0,0,0,0,0,0,42,0,19,19.75402597634543,8.40802000311669,36.41271698870696,0.0
1778567037,114,POST,chat/long,0.500000,0.000000,0,0,0,0,0,0,0,0,0,0,0,33,0,20,20.349491152570188,8.40802000311669,36.41271698870696,0.0
1778567037,114,POST,chat/medium,0.000000,0.000000,0,0,0,0,0,0,0,0,0,0,0,7,0,15,17.800473853380286,11.325348998070695,26.136296990443952,0.0
1778567037,114,POST,chat/short,0.000000,0.000000,0,0,0,0,0,0,0,0,0,0,0,2,0,16,16.766282999014948,15.809628006536514,17.72293799149338,0.0
1778567037,114,,Aggregated,0.500000,0.000000,0,0,0,0,0,0,0,0,0,0,0,42,0,19,19.75402597634543,8.40802000311669,36.41271698870696,0.0
1778567038,114,POST,chat/long,0.500000,0.000000,0,0,0,0,0,0,0,0,0,0,0,33,0,20,20.349491152570188,8.40802000311669,36.41271698870696,0.0
1778567038,114,POST,chat/medium,0.000000,0.000000,0,0,0,0,0,0,0,0,0,0,0,7,0,15,17.800473853380286,11.325348998070695,26.136296990443952,0.0
1778567038,114,POST,chat/short,0.000000,0.000000,0,0,0,0,0,0,0,0,0,0,0,2,0,16,16.766282999014948,15.809628006536514,17.72293799149338,0.0
1778567038,114,,Aggregated,0.500000,0.000000,0,0,0,0,0,0,0,0,0,0,0,42,0,19,19.75402597634543,8.40802000311669,36.41271698870696,0.0
1778567039,114,POST,chat/long,0.500000,0.000000,0,0,0,0,0,0,0,0,0,0,0,33,0,20,20.349491152570188,8.40802000311669,36.41271698870696,0.0
1778567039,114,POST,chat/medium,0.000000,0.000000,0,0,0,0,0,0,0,0,0,0,0,7,0,15,17.800473853380286,11.325348998070695,26.136296990443952,0.0
1778567039,114,POST,chat/short,0.000000,0.000000,0,0,0,0,0,0,0,0,0,0,0,2,0,16,16.766282999014948,15.809628006536514,17.72293799149338,0.0
1778567039,114,,Aggregated,0.500000,0.000000,0,0,0,0,0,0,0,0,0,0,0,42,0,19,19.75402597634543,8.40802000311669,36.41271698870696,0.0
1778567040,114,POST,chat/long,0.500000,0.000000,0,0,0,0,0,0,0,0,0,0,0,33,0,20,20.349491152570188,8.40802000311669,36.41271698870696,0.0
1778567040,114,POST,chat/medium,0.000000,0.000000,0,0,0,0,0,0,0,0,0,0,0,7,0,15,17.800473853380286,11.325348998070695,26.136296990443952,0.0
1778567040,114,POST,chat/short,0.000000,0.000000,0,0,0,0,0,0,0,0,0,0,0,2,0,16,16.766282999014948,15.809628006536514,17.72293799149338,0.0
1778567040,114,,Aggregated,0.500000,0.000000,0,0,0,0,0,0,0,0,0,0,0,42,0,19,19.75402597634543,8.40802000311669,36.41271698870696,0.0
1778567041,114,POST,chat/long,0.500000,0.000000,0,0,0,0,0,0,0,0,0,0,0,33,0,20,20.349491152570188,8.40802000311669,36.41271698870696,0.0
1778567041,114,POST,chat/medium,0.000000,0.000000,0,0,0,0,0,0,0,0,0,0,0,7,0,15,17.800473853380286,11.325348998070695,26.136296990443952,0.0
1778567041,114,POST,chat/short,0.000000,0.000000,0,0,0,0,0,0,0,0,0,0,0,2,0,16,16.766282999014948,15.809628006536514,17.72293799149338,0.0
1778567041,114,,Aggregated,0.500000,0.000000,0,0,0,0,0,0,0,0,0,0,0,42,0,19,19.75402597634543,8.40802000311669,36.41271698870696,0.0
1778567042,114,POST,chat/long,0.500000,0.000000,0,0,0,0,0,0,0,0,0,0,0,33,0,20,20.349491152570188,8.40802000311669,36.41271698870696,0.0
1778567042,114,POST,chat/medium,0.000000,0.000000,0,0,0,0,0,0,0,0,0,0,0,7,0,15,17.800473853380286,11.325348998070695,26.136296990443952,0.0
1778567042,114,POST,chat/short,0.000000,0.000000,0,0,0,0,0,0,0,0,0,0,0,2,0,16,16.766282999014948,15.809628006536514,17.72293799149338,0.0
1778567042,114,,Aggregated,0.500000,0.000000,0,0,0,0,0,0,0,0,0,0,0,42,0,19,19.75402597634543,8.40802000311669,36.41271698870696,0.0
1778567043,114,POST,chat/long,0.500000,0.000000,0,0,0,0,0,0,0,0,0,0,0,33,0,20,20.349491152570188,8.40802000311669,36.41271698870696,0.0
1778567043,114,POST,chat/medium,0.000000,0.000000,0,0,0,0,0,0,0,0,0,0,0,7,0,15,17.800473853380286,11.325348998070695,26.136296990443952,0.0
1778567043,114,POST,chat/short,0.000000,0.000000,0,0,0,0,0,0,0,0,0,0,0,2,0,16,16.766282999014948,15.809628006536514,17.72293799149338,0.0
1778567043,114,,Aggregated,0.500000,0.000000,0,0,0,0,0,0,0,0,0,0,0,42,0,19,19.75402597634543,8.40802000311669,36.41271698870696,0.0
1778567044,114,POST,chat/long,0.500000,0.000000,0,0,0,0,0,0,0,0,0,0,0,33,0,20,20.349491152570188,8.40802000311669,36.41271698870696,0.0
1778567044,114,POST,chat/medium,0.000000,0.000000,0,0,0,0,0,0,0,0,0,0,0,7,0,15,17.800473853380286,11.325348998070695,26.136296990443952,0.0
1778567044,114,POST,chat/short,0.000000,0.000000,0,0,0,0,0,0,0,0,0,0,0,2,0,16,16.766282999014948,15.809628006536514,17.72293799149338,0.0
1778567044,114,,Aggregated,0.500000,0.000000,0,0,0,0,0,0,0,0,0,0,0,42,0,19,19.75402597634543,8.40802000311669,36.41271698870696,0.0
1778567045,114,POST,chat/long,0.500000,0.000000,0,0,0,0,0,0,0,0,0,0,0,33,0,20,20.349491152570188,8.40802000311669,36.41271698870696,0.0
1778567045,114,POST,chat/medium,0.000000,0.000000,0,0,0,0,0,0,0,0,0,0,0,7,0,15,17.800473853380286,11.325348998070695,26.136296990443952,0.0
1778567045,114,POST,chat/short,0.000000,0.000000,0,0,0,0,0,0,0,0,0,0,0,2,0,16,16.766282999014948,15.809628006536514,17.72293799149338,0.0
1778567045,114,,Aggregated,0.500000,0.000000,0,0,0,0,0,0,0,0,0,0,0,42,0,19,19.75402597634543,8.40802000311669,36.41271698870696,0.0
1778567046,114,POST,chat/long,0.500000,0.000000,0,0,0,0,0,0,0,0,0,0,0,33,0,20,20.349491152570188,8.40802000311669,36.41271698870696,0.0
1778567046,114,POST,chat/medium,0.000000,0.000000,0,0,0,0,0,0,0,0,0,0,0,7,0,15,17.800473853380286,11.325348998070695,26.136296990443952,0.0
1778567046,114,POST,chat/short,0.000000,0.000000,0,0,0,0,0,0,0,0,0,0,0,2,0,16,16.766282999014948,15.809628006536514,17.72293799149338,0.0
1778567046,114,,Aggregated,0.500000,0.000000,0,0,0,0,0,0,0,0,0,0,0,42,0,19,19.75402597634543,8.40802000311669,36.41271698870696,0.0
1778567047,114,POST,chat/long,0.500000,0.000000,0,0,0,0,0,0,0,0,0,0,0,33,0,20,20.349491152570188,8.40802000311669,36.41271698870696,0.0
1778567047,114,POST,chat/medium,0.000000,0.000000,0,0,0,0,0,0,0,0,0,0,0,7,0,15,17.800473853380286,11.325348998070695,26.136296990443952,0.0
1778567047,114,POST,chat/short,0.000000,0.000000,0,0,0,0,0,0,0,0,0,0,0,2,0,16,16.766282999014948,15.809628006536514,17.72293799149338,0.0
1778567047,114,,Aggregated,0.500000,0.000000,0,0,0,0,0,0,0,0,0,0,0,42,0,19,19.75402597634543,8.40802000311669,36.41271698870696,0.0
1778567048,114,POST,chat/long,0.500000,0.000000,0,0,0,0,0,0,0,0,0,0,0,33,0,20,20.349491152570188,8.40802000311669,36.41271698870696,0.0
1778567048,114,POST,chat/medium,0.000000,0.000000,0,0,0,0,0,0,0,0,0,0,0,7,0,15,17.800473853380286,11.325348998070695,26.136296990443952,0.0
1778567048,114,POST,chat/short,0.000000,0.000000,0,0,0,0,0,0,0,0,0,0,0,2,0,16,16.766282999014948,15.809628006536514,17.72293799149338,0.0
1778567048,114,,Aggregated,0.500000,0.000000,0,0,0,0,0,0,0,0,0,0,0,42,0,19,19.75402597634543,8.40802000311669,36.41271698870696,0.0
1778567049,113,POST,chat/long,0.000000,0.000000,0,0,0,0,0,0,0,0,0,0,0,34,0,20,20.111418118604515,8.40802000311669,36.41271698870696,0.0
1778567049,113,POST,chat/medium,0.000000,0.000000,0,0,0,0,0,0,0,0,0,0,0,7,0,15,17.800473853380286,11.325348998070695,26.136296990443952,0.0
1778567049,113,POST,chat/short,0.000000,0.000000,0,0,0,0,0,0,0,0,0,0,0,2,0,16,16.766282999014948,15.809628006536514,17.72293799149338,0.0
1778567049,113,,Aggregated,0.000000,0.000000,0,0,0,0,0,0,0,0,0,0,0,43,0,19,19.579630209401056,8.40802000311669,36.41271698870696,0.0
1778567050,113,POST,chat/long,0.000000,0.000000,0,0,0,0,0,0,0,0,0,0,0,34,0,20,20.111418118604515,8.40802000311669,36.41271698870696,0.0
1778567050,113,POST,chat/medium,0.000000,0.000000,0,0,0,0,0,0,0,0,0,0,0,7,0,15,17.800473853380286,11.325348998070695,26.136296990443952,0.0
1778567050,113,POST,chat/short,0.000000,0.000000,0,0,0,0,0,0,0,0,0,0,0,2,0,16,16.766282999014948,15.809628006536514,17.72293799149338,0.0
1778567050,113,,Aggregated,0.000000,0.000000,0,0,0,0,0,0,0,0,0,0,0,43,0,19,19.579630209401056,8.40802000311669,36.41271698870696,0.0
1778567051,113,POST,chat/long,0.000000,0.000000,0,0,0,0,0,0,0,0,0,0,0,34,0,20,20.111418118604515,8.40802000311669,36.41271698870696,0.0
1778567051,113,POST,chat/medium,0.000000,0.000000,0,0,0,0,0,0,0,0,0,0,0,7,0,15,17.800473853380286,11.325348998070695,26.136296990443952,0.0
1778567051,113,POST,chat/short,0.000000,0.000000,0,0,0,0,0,0,0,0,0,0,0,2,0,16,16.766282999014948,15.809628006536514,17.72293799149338,0.0
1778567051,113,,Aggregated,0.000000,0.000000,0,0,0,0,0,0,0,0,0,0,0,43,0,19,19.579630209401056,8.40802000311669,36.41271698870696,0.0
1778567052,113,POST,chat/long,0.000000,0.000000,0,0,0,0,0,0,0,0,0,0,0,34,0,20,20.111418118604515,8.40802000311669,36.41271698870696,0.0
1778567052,113,POST,chat/medium,0.000000,0.000000,0,0,0,0,0,0,0,0,0,0,0,7,0,15,17.800473853380286,11.325348998070695,26.136296990443952,0.0
1778567052,113,POST,chat/short,0.000000,0.000000,0,0,0,0,0,0,0,0,0,0,0,2,0,16,16.766282999014948,15.809628006536514,17.72293799149338,0.0
1778567052,113,,Aggregated,0.000000,0.000000,0,0,0,0,0,0,0,0,0,0,0,43,0,19,19.579630209401056,8.40802000311669,36.41271698870696,0.0
1778567053,113,POST,chat/long,0.000000,0.000000,0,0,0,0,0,0,0,0,0,0,0,34,0,20,20.111418118604515,8.40802000311669,36.41271698870696,0.0
1778567053,113,POST,chat/medium,0.000000,0.000000,0,0,0,0,0,0,0,0,0,0,0,7,0,15,17.800473853380286,11.325348998070695,26.136296990443952,0.0
1778567053,113,POST,chat/short,0.000000,0.000000,0,0,0,0,0,0,0,0,0,0,0,2,0,16,16.766282999014948,15.809628006536514,17.72293799149338,0.0
1778567053,113,,Aggregated,0.000000,0.000000,0,0,0,0,0,0,0,0,0,0,0,43,0,19,19.579630209401056,8.40802000311669,36.41271698870696,0.0
1778567054,113,POST,chat/long,0.000000,0.000000,0,0,0,0,0,0,0,0,0,0,0,34,0,20,20.111418118604515,8.40802000311669,36.41271698870696,0.0
1778567054,113,POST,chat/medium,0.000000,0.000000,0,0,0,0,0,0,0,0,0,0,0,7,0,15,17.800473853380286,11.325348998070695,26.136296990443952,0.0
1778567054,113,POST,chat/short,0.000000,0.000000,0,0,0,0,0,0,0,0,0,0,0,2,0,16,16.766282999014948,15.809628006536514,17.72293799149338,0.0
1778567054,113,,Aggregated,0.000000,0.000000,0,0,0,0,0,0,0,0,0,0,0,43,0,19,19.579630209401056,8.40802000311669,36.41271698870696,0.0
1778567055,112,POST,chat/long,0.100000,0.000000,13,13,13,13,13,13,13,13,13,13,13,35,0,20,19.899029258106435,8.40802000311669,36.41271698870696,0.0
1778567055,112,POST,chat/medium,0.000000,0.000000,0,0,0,0,0,0,0,0,0,0,0,7,0,15,17.800473853380286,11.325348998070695,26.136296990443952,0.0
1778567055,112,POST,chat/short,0.000000,0.000000,0,0,0,0,0,0,0,0,0,0,0,2,0,16,16.766282999014948,15.809628006536514,17.72293799149338,0.0
1778567055,112,,Aggregated,0.100000,0.000000,13,13,13,13,13,13,13,13,13,13,13,44,0,19,19.422770613759482,8.40802000311669,36.41271698870696,0.0
1778567056,112,POST,chat/long,0.100000,0.000000,13,13,13,13,13,13,13,13,13,13,13,35,0,20,19.899029258106435,8.40802000311669,36.41271698870696,0.0
1778567056,112,POST,chat/medium,0.000000,0.000000,0,0,0,0,0,0,0,0,0,0,0,7,0,15,17.800473853380286,11.325348998070695,26.136296990443952,0.0
1778567056,112,POST,chat/short,0.000000,0.000000,0,0,0,0,0,0,0,0,0,0,0,2,0,16,16.766282999014948,15.809628006536514,17.72293799149338,0.0
1778567056,112,,Aggregated,0.100000,0.000000,13,13,13,13,13,13,13,13,13,13,13,44,0,19,19.422770613759482,8.40802000311669,36.41271698870696,0.0
1778567057,111,POST,chat/long,0.200000,0.000000,24,24,24,24,24,24,24,24,24,24,24,36,0,20,20.025873389790327,8.40802000311669,36.41271698870696,0.0
1778567057,111,POST,chat/medium,0.000000,0.000000,0,0,0,0,0,0,0,0,0,0,0,7,0,15,17.800473853380286,11.325348998070695,26.136296990443952,0.0
1778567057,111,POST,chat/short,0.000000,0.000000,0,0,0,0,0,0,0,0,0,0,0,2,0,16,16.766282999014948,15.809628006536514,17.72293799149338,0.0
1778567057,111,,Aggregated,0.200000,0.000000,24,24,24,24,24,24,24,24,24,24,24,45,0,19,19.534829444536527,8.40802000311669,36.41271698870696,0.0
1778567058,111,POST,chat/long,0.200000,0.000000,24,24,24,24,24,24,24,24,24,24,24,36,0,20,20.025873389790327,8.40802000311669,36.41271698870696,0.0
1778567058,111,POST,chat/medium,0.000000,0.000000,0,0,0,0,0,0,0,0,0,0,0,7,0,15,17.800473853380286,11.325348998070695,26.136296990443952,0.0
1778567058,111,POST,chat/short,0.000000,0.000000,0,0,0,0,0,0,0,0,0,0,0,2,0,16,16.766282999014948,15.809628006536514,17.72293799149338,0.0
1778567058,111,,Aggregated,0.200000,0.000000,24,24,24,24,24,24,24,24,24,24,24,45,0,19,19.534829444536527,8.40802000311669,36.41271698870696,0.0
1778567059,111,POST,chat/long,0.200000,0.000000,24,24,24,24,24,24,24,24,24,24,24,36,0,20,20.025873389790327,8.40802000311669,36.41271698870696,0.0
1778567059,111,POST,chat/medium,0.000000,0.000000,0,0,0,0,0,0,0,0,0,0,0,7,0,15,17.800473853380286,11.325348998070695,26.136296990443952,0.0
1778567059,111,POST,chat/short,0.000000,0.000000,0,0,0,0,0,0,0,0,0,0,0,2,0,16,16.766282999014948,15.809628006536514,17.72293799149338,0.0
1778567059,111,,Aggregated,0.200000,0.000000,24,24,24,24,24,24,24,24,24,24,24,45,0,19,19.534829444536527,8.40802000311669,36.41271698870696,0.0
1778567060,111,POST,chat/long,0.200000,0.000000,24,24,24,24,24,24,24,24,24,24,24,36,0,20,20.025873389790327,8.40802000311669,36.41271698870696,0.0
1778567060,111,POST,chat/medium,0.000000,0.000000,0,0,0,0,0,0,0,0,0,0,0,7,0,15,17.800473853380286,11.325348998070695,26.136296990443952,0.0
1778567060,111,POST,chat/short,0.000000,0.000000,0,0,0,0,0,0,0,0,0,0,0,2,0,16,16.766282999014948,15.809628006536514,17.72293799149338,0.0
1778567060,111,,Aggregated,0.200000,0.000000,24,24,24,24,24,24,24,24,24,24,24,45,0,19,19.534829444536527,8.40802000311669,36.41271698870696,0.0
1778567061,111,POST,chat/long,0.200000,0.000000,24,24,24,24,24,24,24,24,24,24,24,36,0,20,20.025873389790327,8.40802000311669,36.41271698870696,0.0
1778567061,111,POST,chat/medium,0.000000,0.000000,0,0,0,0,0,0,0,0,0,0,0,7,0,15,17.800473853380286,11.325348998070695,26.136296990443952,0.0
1778567061,111,POST,chat/short,0.000000,0.000000,0,0,0,0,0,0,0,0,0,0,0,2,0,16,16.766282999014948,15.809628006536514,17.72293799149338,0.0
1778567061,111,,Aggregated,0.200000,0.000000,24,24,24,24,24,24,24,24,24,24,24,45,0,19,19.534829444536527,8.40802000311669,36.41271698870696,0.0
1778567062,111,POST,chat/long,0.200000,0.000000,24,24,24,24,24,24,24,24,24,24,24,36,0,20,20.025873389790327,8.40802000311669,36.41271698870696,0.0
1778567062,111,POST,chat/medium,0.000000,0.000000,0,0,0,0,0,0,0,0,0,0,0,7,0,15,17.800473853380286,11.325348998070695,26.136296990443952,0.0
1778567062,111,POST,chat/short,0.000000,0.000000,0,0,0,0,0,0,0,0,0,0,0,2,0,16,16.766282999014948,15.809628006536514,17.72293799149338,0.0
1778567062,111,,Aggregated,0.200000,0.000000,24,24,24,24,24,24,24,24,24,24,24,45,0,19,19.534829444536527,8.40802000311669,36.41271698870696,0.0
1778567063,111,POST,chat/long,0.200000,0.000000,24,24,24,24,24,24,24,24,24,24,24,36,0,20,20.025873389790327,8.40802000311669,36.41271698870696,0.0
1778567063,111,POST,chat/medium,0.000000,0.000000,0,0,0,0,0,0,0,0,0,0,0,7,0,15,17.800473853380286,11.325348998070695,26.136296990443952,0.0
1778567063,111,POST,chat/short,0.000000,0.000000,0,0,0,0,0,0,0,0,0,0,0,2,0,16,16.766282999014948,15.809628006536514,17.72293799149338,0.0
1778567063,111,,Aggregated,0.200000,0.000000,24,24,24,24,24,24,24,24,24,24,24,45,0,19,19.534829444536527,8.40802000311669,36.41271698870696,0.0
1778567064,109,POST,chat/long,0.200000,0.000000,24,24,24,24,24,24,24,24,24,24,24,37,0,20,20.146105108889625,8.40802000311669,36.41271698870696,0.0
1778567064,109,POST,chat/medium,0.000000,0.000000,0,0,0,0,0,0,0,0,0,0,0,8,0,14,16.900628246730776,10.6017090001842,26.136296990443952,0.0
1778567064,109,POST,chat/short,0.000000,0.000000,0,0,0,0,0,0,0,0,0,0,0,2,0,16,16.766282999014948,15.809628006536514,17.72293799149338,0.0
1778567064,109,,Aggregated,0.200000,0.000000,24,24,24,24,24,24,24,24,24,24,24,47,0,19,19.449861297889196,8.40802000311669,36.41271698870696,0.0
1778567065,109,POST,chat/long,0.200000,0.000000,24,24,24,24,24,24,24,24,24,24,24,37,0,20,20.146105108889625,8.40802000311669,36.41271698870696,0.0
1778567065,109,POST,chat/medium,0.000000,0.000000,0,0,0,0,0,0,0,0,0,0,0,8,0,14,16.900628246730776,10.6017090001842,26.136296990443952,0.0
1778567065,109,POST,chat/short,0.000000,0.000000,0,0,0,0,0,0,0,0,0,0,0,2,0,16,16.766282999014948,15.809628006536514,17.72293799149338,0.0
1778567065,109,,Aggregated,0.200000,0.000000,24,24,24,24,24,24,24,24,24,24,24,47,0,19,19.449861297889196,8.40802000311669,36.41271698870696,0.0
1778567066,109,POST,chat/long,0.200000,0.000000,24,24,24,24,24,24,24,24,24,24,24,37,0,20,20.146105108889625,8.40802000311669,36.41271698870696,0.0
1778567066,109,POST,chat/medium,0.000000,0.000000,0,0,0,0,0,0,0,0,0,0,0,8,0,14,16.900628246730776,10.6017090001842,26.136296990443952,0.0
1778567066,109,POST,chat/short,0.000000,0.000000,0,0,0,0,0,0,0,0,0,0,0,2,0,16,16.766282999014948,15.809628006536514,17.72293799149338,0.0
1778567066,109,,Aggregated,0.200000,0.000000,24,24,24,24,24,24,24,24,24,24,24,47,0,19,19.449861297889196,8.40802000311669,36.41271698870696,0.0
1778567067,109,POST,chat/long,0.200000,0.000000,24,24,24,24,24,24,24,24,24,24,24,37,0,20,20.146105108889625,8.40802000311669,36.41271698870696,0.0
1778567067,109,POST,chat/medium,0.000000,0.000000,0,0,0,0,0,0,0,0,0,0,0,8,0,14,16.900628246730776,10.6017090001842,26.136296990443952,0.0
1778567067,109,POST,chat/short,0.000000,0.000000,0,0,0,0,0,0,0,0,0,0,0,2,0,16,16.766282999014948,15.809628006536514,17.72293799149338,0.0
1778567067,109,,Aggregated,0.200000,0.000000,24,24,24,24,24,24,24,24,24,24,24,47,0,19,19.449861297889196,8.40802000311669,36.41271698870696,0.0
1778567068,109,POST,chat/long,0.200000,0.000000,24,24,24,24,24,24,24,24,24,24,24,37,0,20,20.146105108889625,8.40802000311669,36.41271698870696,0.0
1778567068,109,POST,chat/medium,0.000000,0.000000,0,0,0,0,0,0,0,0,0,0,0,8,0,14,16.900628246730776,10.6017090001842,26.136296990443952,0.0
1778567068,109,POST,chat/short,0.000000,0.000000,0,0,0,0,0,0,0,0,0,0,0,2,0,16,16.766282999014948,15.809628006536514,17.72293799149338,0.0
1778567068,109,,Aggregated,0.200000,0.000000,24,24,24,24,24,24,24,24,24,24,24,47,0,19,19.449861297889196,8.40802000311669,36.41271698870696,0.0
1778567069,109,POST,chat/long,0.200000,0.000000,0,0,0,0,0,0,0,0,0,0,0,37,0,20,20.146105108889625,8.40802000311669,36.41271698870696,0.0
1778567069,109,POST,chat/medium,0.000000,0.000000,0,0,0,0,0,0,0,0,0,0,0,8,0,14,16.900628246730776,10.6017090001842,26.136296990443952,0.0
1778567069,109,POST,chat/short,0.000000,0.000000,0,0,0,0,0,0,0,0,0,0,0,2,0,16,16.766282999014948,15.809628006536514,17.72293799149338,0.0
1778567069,109,,Aggregated,0.200000,0.000000,24,24,24,24,24,24,24,24,24,24,24,47,0,19,19.449861297889196,8.40802000311669,36.41271698870696,0.0
1778567070,109,POST,chat/long,0.200000,0.000000,0,0,0,0,0,0,0,0,0,0,0,37,0,20,20.146105108889625,8.40802000311669,36.41271698870696,0.0
1778567070,109,POST,chat/medium,0.000000,0.000000,0,0,0,0,0,0,0,0,0,0,0,8,0,14,16.900628246730776,10.6017090001842,26.136296990443952,0.0
1778567070,109,POST,chat/short,0.000000,0.000000,0,0,0,0,0,0,0,0,0,0,0,2,0,16,16.766282999014948,15.809628006536514,17.72293799149338,0.0
1778567070,109,,Aggregated,0.200000,0.000000,0,0,0,0,0,0,0,0,0,0,0,47,0,19,19.449861297889196,8.40802000311669,36.41271698870696,0.0
1778567071,109,POST,chat/long,0.200000,0.000000,0,0,0,0,0,0,0,0,0,0,0,37,0,20,20.146105108889625,8.40802000311669,36.41271698870696,0.0
1778567071,109,POST,chat/medium,0.000000,0.000000,0,0,0,0,0,0,0,0,0,0,0,8,0,14,16.900628246730776,10.6017090001842,26.136296990443952,0.0
1778567071,109,POST,chat/short,0.000000,0.000000,0,0,0,0,0,0,0,0,0,0,0,2,0,16,16.766282999014948,15.809628006536514,17.72293799149338,0.0
1778567071,109,,Aggregated,0.200000,0.000000,0,0,0,0,0,0,0,0,0,0,0,47,0,19,19.449861297889196,8.40802000311669,36.41271698870696,0.0
1778567072,109,POST,chat/long,0.200000,0.000000,0,0,0,0,0,0,0,0,0,0,0,37,0,20,20.146105108889625,8.40802000311669,36.41271698870696,0.0
1778567072,109,POST,chat/medium,0.000000,0.000000,0,0,0,0,0,0,0,0,0,0,0,8,0,14,16.900628246730776,10.6017090001842,26.136296990443952,0.0
1778567072,109,POST,chat/short,0.000000,0.000000,0,0,0,0,0,0,0,0,0,0,0,2,0,16,16.766282999014948,15.809628006536514,17.72293799149338,0.0
1778567072,109,,Aggregated,0.200000,0.000000,0,0,0,0,0,0,0,0,0,0,0,47,0,19,19.449861297889196,8.40802000311669,36.41271698870696,0.0
1778567073,109,POST,chat/long,0.200000,0.000000,0,0,0,0,0,0,0,0,0,0,0,37,0,20,20.146105108889625,8.40802000311669,36.41271698870696,0.0
1778567073,109,POST,chat/medium,0.000000,0.000000,0,0,0,0,0,0,0,0,0,0,0,8,0,14,16.900628246730776,10.6017090001842,26.136296990443952,0.0
1778567073,109,POST,chat/short,0.000000,0.000000,0,0,0,0,0,0,0,0,0,0,0,2,0,16,16.766282999014948,15.809628006536514,17.72293799149338,0.0
1778567073,109,,Aggregated,0.200000,0.000000,0,0,0,0,0,0,0,0,0,0,0,47,0,19,19.449861297889196,8.40802000311669,36.41271698870696,0.0
1778567074,109,POST,chat/long,0.200000,0.000000,0,0,0,0,0,0,0,0,0,0,0,37,0,20,20.146105108889625,8.40802000311669,36.41271698870696,0.0
1778567074,109,POST,chat/medium,0.000000,0.000000,0,0,0,0,0,0,0,0,0,0,0,8,0,14,16.900628246730776,10.6017090001842,26.136296990443952,0.0
1778567074,109,POST,chat/short,0.000000,0.000000,0,0,0,0,0,0,0,0,0,0,0,2,0,16,16.766282999014948,15.809628006536514,17.72293799149338,0.0
1778567074,109,,Aggregated,0.200000,0.000000,0,0,0,0,0,0,0,0,0,0,0,47,0,19,19.449861297889196,8.40802000311669,36.41271698870696,0.0
1778567075,109,POST,chat/long,0.200000,0.000000,0,0,0,0,0,0,0,0,0,0,0,37,0,20,20.146105108889625,8.40802000311669,36.41271698870696,0.0
1778567075,109,POST,chat/medium,0.000000,0.000000,0,0,0,0,0,0,0,0,0,0,0,8,0,14,16.900628246730776,10.6017090001842,26.136296990443952,0.0
1778567075,109,POST,chat/short,0.000000,0.000000,0,0,0,0,0,0,0,0,0,0,0,2,0,16,16.766282999014948,15.809628006536514,17.72293799149338,0.0
1778567075,109,,Aggregated,0.200000,0.000000,0,0,0,0,0,0,0,0,0,0,0,47,0,19,19.449861297889196,8.40802000311669,36.41271698870696,0.0
1778567076,108,POST,chat/long,0.000000,0.000000,21,21,21,21,21,21,21,21,21,21,21,38,0,20,20.16085386927252,8.40802000311669,36.41271698870696,0.0
1778567076,108,POST,chat/medium,0.100000,0.000000,0,0,0,0,0,0,0,0,0,0,0,8,0,14,16.900628246730776,10.6017090001842,26.136296990443952,0.0
1778567076,108,POST,chat/short,0.000000,0.000000,0,0,0,0,0,0,0,0,0,0,0,2,0,16,16.766282999014948,15.809628006536514,17.72293799149338,0.0
1778567076,108,,Aggregated,0.100000,0.000000,21,21,21,21,21,21,21,21,21,21,21,48,0,19,19.47604247925483,8.40802000311669,36.41271698870696,0.0
1778567077,108,POST,chat/long,0.000000,0.000000,21,21,21,21,21,21,21,21,21,21,21,38,0,20,20.16085386927252,8.40802000311669,36.41271698870696,0.0
1778567077,108,POST,chat/medium,0.100000,0.000000,0,0,0,0,0,0,0,0,0,0,0,8,0,14,16.900628246730776,10.6017090001842,26.136296990443952,0.0
1778567077,108,POST,chat/short,0.000000,0.000000,0,0,0,0,0,0,0,0,0,0,0,2,0,16,16.766282999014948,15.809628006536514,17.72293799149338,0.0
1778567077,108,,Aggregated,0.100000,0.000000,21,21,21,21,21,21,21,21,21,21,21,48,0,19,19.47604247925483,8.40802000311669,36.41271698870696,0.0
1778567078,104,POST,chat/long,0.100000,0.000000,22,22,22,22,22,22,22,22,22,22,22,39,0,21,20.207501154986975,8.40802000311669,36.41271698870696,0.0
1778567078,104,POST,chat/medium,0.000000,0.000000,0,0,0,0,0,0,0,0,0,0,0,8,0,14,16.900628246730776,10.6017090001842,26.136296990443952,0.0
1778567078,104,POST,chat/short,0.000000,0.000000,0,0,0,0,0,0,0,0,0,0,0,2,0,16,16.766282999014948,15.809628006536514,17.72293799149338,0.0
1778567078,104,,Aggregated,0.100000,0.000000,22,22,22,22,22,22,22,22,22,22,22,49,0,19,19.527145653395266,8.40802000311669,36.41271698870696,0.0
1778567079,101,POST,chat/long,0.100000,0.000000,22,22,22,22,22,22,22,22,22,22,22,39,0,21,20.207501154986975,8.40802000311669,36.41271698870696,0.0
1778567079,101,POST,chat/medium,0.000000,0.000000,0,0,0,0,0,0,0,0,0,0,0,8,0,14,16.900628246730776,10.6017090001842,26.136296990443952,0.0
1778567079,101,POST,chat/short,0.000000,0.000000,0,0,0,0,0,0,0,0,0,0,0,2,0,16,16.766282999014948,15.809628006536514,17.72293799149338,0.0
1778567079,101,,Aggregated,0.100000,0.000000,22,22,22,22,22,22,22,22,22,22,22,49,0,19,19.527145653395266,8.40802000311669,36.41271698870696,0.0
1778567080,101,POST,chat/long,0.100000,0.000000,22,22,22,22,22,22,22,22,22,22,22,39,0,21,20.207501154986975,8.40802000311669,36.41271698870696,0.0
1778567080,101,POST,chat/medium,0.000000,0.000000,0,0,0,0,0,0,0,0,0,0,0,8,0,14,16.900628246730776,10.6017090001842,26.136296990443952,0.0
1778567080,101,POST,chat/short,0.000000,0.000000,0,0,0,0,0,0,0,0,0,0,0,2,0,16,16.766282999014948,15.809628006536514,17.72293799149338,0.0
1778567080,101,,Aggregated,0.100000,0.000000,22,22,22,22,22,22,22,22,22,22,22,49,0,19,19.527145653395266,8.40802000311669,36.41271698870696,0.0
1778567081,98,POST,chat/long,0.100000,0.000000,22,22,22,22,22,22,22,22,22,22,22,39,0,21,20.207501154986975,8.40802000311669,36.41271698870696,0.0
1778567081,98,POST,chat/medium,0.000000,0.000000,0,0,0,0,0,0,0,0,0,0,0,8,0,14,16.900628246730776,10.6017090001842,26.136296990443952,0.0
1778567081,98,POST,chat/short,0.000000,0.000000,0,0,0,0,0,0,0,0,0,0,0,2,0,16,16.766282999014948,15.809628006536514,17.72293799149338,0.0
1778567081,98,,Aggregated,0.100000,0.000000,22,22,22,22,22,22,22,22,22,22,22,49,0,19,19.527145653395266,8.40802000311669,36.41271698870696,0.0
1778567082,92,POST,chat/long,0.100000,0.000000,22,22,22,22,22,22,22,22,22,22,22,40,0,20,20.15799282635271,8.40802000311669,36.41271698870696,0.0
1778567082,92,POST,chat/medium,0.000000,0.000000,0,0,0,0,0,0,0,0,0,0,0,8,0,14,16.900628246730776,10.6017090001842,26.136296990443952,0.0
1778567082,92,POST,chat/short,0.000000,0.000000,0,0,0,0,0,0,0,0,0,0,0,2,0,16,16.766282999014948,15.809628006536514,17.72293799149338,0.0
1778567082,92,,Aggregated,0.100000,0.000000,22,22,22,22,22,22,22,22,22,22,22,50,0,19,19.50114610051969,8.40802000311669,36.41271698870696,0.0
1778567083,92,POST,chat/long,0.100000,0.000000,22,22,22,22,22,22,22,22,22,22,22,40,0,20,20.15799282635271,8.40802000311669,36.41271698870696,0.0
1778567083,92,POST,chat/medium,0.000000,0.000000,0,0,0,0,0,0,0,0,0,0,0,8,0,14,16.900628246730776,10.6017090001842,26.136296990443952,0.0
1778567083,92,POST,chat/short,0.000000,0.000000,0,0,0,0,0,0,0,0,0,0,0,2,0,16,16.766282999014948,15.809628006536514,17.72293799149338,0.0
1778567083,92,,Aggregated,0.100000,0.000000,22,22,22,22,22,22,22,22,22,22,22,50,0,19,19.50114610051969,8.40802000311669,36.41271698870696,0.0
1778567084,85,POST,chat/long,0.300000,0.000000,18,18,22,22,22,22,22,22,22,22,22,41,0,20,20.076369806391572,8.40802000311669,36.41271698870696,0.0
1778567084,85,POST,chat/medium,0.000000,0.000000,0,0,0,0,0,0,0,0,0,0,0,8,0,14,16.900628246730776,10.6017090001842,26.136296990443952,0.0
1778567084,85,POST,chat/short,0.000000,0.000000,0,0,0,0,0,0,0,0,0,0,0,2,0,16,16.766282999014948,15.809628006536514,17.72293799149338,0.0
1778567084,85,,Aggregated,0.300000,0.000000,18,18,22,22,22,22,22,22,22,22,22,51,0,19,19.448406941841778,8.40802000311669,36.41271698870696,0.0
1778567085,81,POST,chat/long,0.300000,0.000000,18,18,22,22,22,22,22,22,22,22,22,41,0,20,20.076369806391572,8.40802000311669,36.41271698870696,0.0
1778567085,81,POST,chat/medium,0.000000,0.000000,0,0,0,0,0,0,0,0,0,0,0,8,0,14,16.900628246730776,10.6017090001842,26.136296990443952,0.0
1778567085,81,POST,chat/short,0.000000,0.000000,0,0,0,0,0,0,0,0,0,0,0,2,0,16,16.766282999014948,15.809628006536514,17.72293799149338,0.0
1778567085,81,,Aggregated,0.300000,0.000000,18,18,22,22,22,22,22,22,22,22,22,51,0,19,19.448406941841778,8.40802000311669,36.41271698870696,0.0
1778567086,81,POST,chat/long,0.300000,0.000000,18,18,18,18,18,18,18,18,18,18,18,41,0,20,20.076369806391572,8.40802000311669,36.41271698870696,0.0
1778567086,81,POST,chat/medium,0.000000,0.000000,0,0,0,0,0,0,0,0,0,0,0,8,0,14,16.900628246730776,10.6017090001842,26.136296990443952,0.0
1778567086,81,POST,chat/short,0.000000,0.000000,0,0,0,0,0,0,0,0,0,0,0,2,0,16,16.766282999014948,15.809628006536514,17.72293799149338,0.0
1778567086,81,,Aggregated,0.300000,0.000000,18,18,18,18,18,18,18,18,18,18,18,51,0,19,19.448406941841778,8.40802000311669,36.41271698870696,0.0
1778567087,81,POST,chat/long,0.300000,0.000000,18,18,18,18,18,18,18,18,18,18,18,41,0,20,20.076369806391572,8.40802000311669,36.41271698870696,0.0
1778567087,81,POST,chat/medium,0.000000,0.000000,0,0,0,0,0,0,0,0,0,0,0,8,0,14,16.900628246730776,10.6017090001842,26.136296990443952,0.0
1778567087,81,POST,chat/short,0.000000,0.000000,0,0,0,0,0,0,0,0,0,0,0,2,0,16,16.766282999014948,15.809628006536514,17.72293799149338,0.0
1778567087,81,,Aggregated,0.300000,0.000000,18,18,18,18,18,18,18,18,18,18,18,51,0,19,19.448406941841778,8.40802000311669,36.41271698870696,0.0
1778567088,80,POST,chat/long,0.300000,0.000000,18,18,18,18,18,18,18,18,18,18,18,41,0,20,20.076369806391572,8.40802000311669,36.41271698870696,0.0
1778567088,80,POST,chat/medium,0.000000,0.000000,0,0,0,0,0,0,0,0,0,0,0,8,0,14,16.900628246730776,10.6017090001842,26.136296990443952,0.0
1778567088,80,POST,chat/short,0.000000,0.000000,0,0,0,0,0,0,0,0,0,0,0,2,0,16,16.766282999014948,15.809628006536514,17.72293799149338,0.0
1778567088,80,,Aggregated,0.300000,0.000000,18,18,18,18,18,18,18,18,18,18,18,51,0,19,19.448406941841778,8.40802000311669,36.41271698870696,0.0
1778567089,80,POST,chat/long,0.300000,0.000000,17,17,17,17,17,17,17,17,17,17,17,41,0,20,20.076369806391572,8.40802000311669,36.41271698870696,0.0
1778567089,80,POST,chat/medium,0.000000,0.000000,0,0,0,0,0,0,0,0,0,0,0,8,0,14,16.900628246730776,10.6017090001842,26.136296990443952,0.0
1778567089,80,POST,chat/short,0.000000,0.000000,0,0,0,0,0,0,0,0,0,0,0,2,0,16,16.766282999014948,15.809628006536514,17.72293799149338,0.0
1778567089,80,,Aggregated,0.300000,0.000000,17,17,17,17,17,17,17,17,17,17,17,51,0,19,19.448406941841778,8.40802000311669,36.41271698870696,0.0
1778567090,79,POST,chat/long,0.300000,0.000000,17,17,17,17,17,17,17,17,17,17,17,41,0,20,20.076369806391572,8.40802000311669,36.41271698870696,0.0
1778567090,79,POST,chat/medium,0.000000,0.000000,0,0,0,0,0,0,0,0,0,0,0,8,0,14,16.900628246730776,10.6017090001842,26.136296990443952,0.0
1778567090,79,POST,chat/short,0.000000,0.000000,0,0,0,0,0,0,0,0,0,0,0,2,0,16,16.766282999014948,15.809628006536514,17.72293799149338,0.0
1778567090,79,,Aggregated,0.300000,0.000000,17,17,17,17,17,17,17,17,17,17,17,51,0,19,19.448406941841778,8.40802000311669,36.41271698870696,0.0
1778567091,78,POST,chat/long,0.300000,0.000000,20,20,20,20,20,20,20,20,20,20,20,42,0,20,20.08457881103303,8.40802000311669,36.41271698870696,0.0
1778567091,78,POST,chat/medium,0.000000,0.000000,0,0,0,0,0,0,0,0,0,0,0,8,0,14,16.900628246730776,10.6017090001842,26.136296990443952,0.0
1778567091,78,POST,chat/short,0.000000,0.000000,0,0,0,0,0,0,0,0,0,0,0,2,0,16,16.766282999014948,15.809628006536514,17.72293799149338,0.0
1778567091,78,,Aggregated,0.300000,0.000000,20,20,20,20,20,20,20,20,20,20,20,52,0,19,19.467113500678142,8.40802000311669,36.41271698870696,0.0
1778567092,78,POST,chat/long,0.300000,0.000000,20,20,20,20,20,20,20,20,20,20,20,42,0,20,20.08457881103303,8.40802000311669,36.41271698870696,0.0
1778567092,78,POST,chat/medium,0.000000,0.000000,0,0,0,0,0,0,0,0,0,0,0,8,0,14,16.900628246730776,10.6017090001842,26.136296990443952,0.0
1778567092,78,POST,chat/short,0.000000,0.000000,0,0,0,0,0,0,0,0,0,0,0,2,0,16,16.766282999014948,15.809628006536514,17.72293799149338,0.0
1778567092,78,,Aggregated,0.300000,0.000000,20,20,20,20,20,20,20,20,20,20,20,52,0,19,19.467113500678142,8.40802000311669,36.41271698870696,0.0
1778567093,77,POST,chat/long,0.300000,0.000000,20,20,20,20,20,20,20,20,20,20,20,42,0,20,20.08457881103303,8.40802000311669,36.41271698870696,0.0
1778567093,77,POST,chat/medium,0.000000,0.000000,0,0,0,0,0,0,0,0,0,0,0,8,0,14,16.900628246730776,10.6017090001842,26.136296990443952,0.0
1778567093,77,POST,chat/short,0.000000,0.000000,0,0,0,0,0,0,0,0,0,0,0,2,0,16,16.766282999014948,15.809628006536514,17.72293799149338,0.0
1778567093,77,,Aggregated,0.300000,0.000000,20,20,20,20,20,20,20,20,20,20,20,52,0,19,19.467113500678142,8.40802000311669,36.41271698870696,0.0
1778567094,76,POST,chat/long,0.300000,0.000000,20,20,20,20,20,20,20,20,20,20,20,42,0,20,20.08457881103303,8.40802000311669,36.41271698870696,0.0
1778567094,76,POST,chat/medium,0.000000,0.000000,0,0,0,0,0,0,0,0,0,0,0,8,0,14,16.900628246730776,10.6017090001842,26.136296990443952,0.0
1778567094,76,POST,chat/short,0.000000,0.000000,0,0,0,0,0,0,0,0,0,0,0,2,0,16,16.766282999014948,15.809628006536514,17.72293799149338,0.0
1778567094,76,,Aggregated,0.300000,0.000000,20,20,20,20,20,20,20,20,20,20,20,52,0,19,19.467113500678142,8.40802000311669,36.41271698870696,0.0
1778567095,76,POST,chat/long,0.300000,0.000000,20,20,20,20,20,20,20,20,20,20,20,42,0,20,20.08457881103303,8.40802000311669,36.41271698870696,0.0
1778567095,76,POST,chat/medium,0.000000,0.000000,0,0,0,0,0,0,0,0,0,0,0,8,0,14,16.900628246730776,10.6017090001842,26.136296990443952,0.0
1778567095,76,POST,chat/short,0.000000,0.000000,0,0,0,0,0,0,0,0,0,0,0,2,0,16,16.766282999014948,15.809628006536514,17.72293799149338,0.0
1778567095,76,,Aggregated,0.300000,0.000000,20,20,20,20,20,20,20,20,20,20,20,52,0,19,19.467113500678142,8.40802000311669,36.41271698870696,0.0
1778567096,75,POST,chat/long,0.100000,0.000000,24,24,24,24,24,24,24,24,24,24,24,43,0,20,20.1834071641463,8.40802000311669,36.41271698870696,0.0
1778567096,75,POST,chat/medium,0.000000,0.000000,0,0,0,0,0,0,0,0,0,0,0,8,0,14,16.900628246730776,10.6017090001842,26.136296990443952,0.0
1778567096,75,POST,chat/short,0.000000,0.000000,0,0,0,0,0,0,0,0,0,0,0,2,0,16,16.766282999014948,15.809628006536514,17.72293799149338,0.0
1778567096,75,,Aggregated,0.100000,0.000000,24,24,24,24,24,24,24,24,24,24,24,53,0,19,19.558945283588056,8.40802000311669,36.41271698870696,0.0
1778567097,75,POST,chat/long,0.100000,0.000000,24,24,24,24,24,24,24,24,24,24,24,43,0,20,20.1834071641463,8.40802000311669,36.41271698870696,0.0
1778567097,75,POST,chat/medium,0.000000,0.000000,0,0,0,0,0,0,0,0,0,0,0,8,0,14,16.900628246730776,10.6017090001842,26.136296990443952,0.0
1778567097,75,POST,chat/short,0.000000,0.000000,0,0,0,0,0,0,0,0,0,0,0,2,0,16,16.766282999014948,15.809628006536514,17.72293799149338,0.0
1778567097,75,,Aggregated,0.100000,0.000000,24,24,24,24,24,24,24,24,24,24,24,53,0,19,19.558945283588056,8.40802000311669,36.41271698870696,0.0
1778567098,75,POST,chat/long,0.100000,0.000000,24,24,24,24,24,24,24,24,24,24,24,43,0,20,20.1834071641463,8.40802000311669,36.41271698870696,0.0
1778567098,75,POST,chat/medium,0.000000,0.000000,0,0,0,0,0,0,0,0,0,0,0,8,0,14,16.900628246730776,10.6017090001842,26.136296990443952,0.0
1778567098,75,POST,chat/short,0.000000,0.000000,0,0,0,0,0,0,0,0,0,0,0,2,0,16,16.766282999014948,15.809628006536514,17.72293799149338,0.0
1778567098,75,,Aggregated,0.100000,0.000000,24,24,24,24,24,24,24,24,24,24,24,53,0,19,19.558945283588056,8.40802000311669,36.41271698870696,0.0
1778567099,75,POST,chat/long,0.100000,0.000000,24,24,24,24,24,24,24,24,24,24,24,43,0,20,20.1834071641463,8.40802000311669,36.41271698870696,0.0
1778567099,75,POST,chat/medium,0.000000,0.000000,0,0,0,0,0,0,0,0,0,0,0,8,0,14,16.900628246730776,10.6017090001842,26.136296990443952,0.0
1778567099,75,POST,chat/short,0.000000,0.000000,0,0,0,0,0,0,0,0,0,0,0,2,0,16,16.766282999014948,15.809628006536514,17.72293799149338,0.0
1778567099,75,,Aggregated,0.100000,0.000000,24,24,24,24,24,24,24,24,24,24,24,53,0,19,19.558945283588056,8.40802000311669,36.41271698870696,0.0
1778567100,75,POST,chat/long,0.100000,0.000000,24,24,24,24,24,24,24,24,24,24,24,43,0,20,20.1834071641463,8.40802000311669,36.41271698870696,0.0
1778567100,75,POST,chat/medium,0.000000,0.000000,0,0,0,0,0,0,0,0,0,0,0,8,0,14,16.900628246730776,10.6017090001842,26.136296990443952,0.0
1778567100,75,POST,chat/short,0.000000,0.000000,0,0,0,0,0,0,0,0,0,0,0,2,0,16,16.766282999014948,15.809628006536514,17.72293799149338,0.0
1778567100,75,,Aggregated,0.100000,0.000000,24,24,24,24,24,24,24,24,24,24,24,53,0,19,19.558945283588056,8.40802000311669,36.41271698870696,0.0
1778567101,75,POST,chat/long,0.100000,0.000000,24,24,24,24,24,24,24,24,24,24,24,43,0,20,20.1834071641463,8.40802000311669,36.41271698870696,0.0
1778567101,75,POST,chat/medium,0.000000,0.000000,0,0,0,0,0,0,0,0,0,0,0,8,0,14,16.900628246730776,10.6017090001842,26.136296990443952,0.0
1778567101,75,POST,chat/short,0.000000,0.000000,0,0,0,0,0,0,0,0,0,0,0,2,0,16,16.766282999014948,15.809628006536514,17.72293799149338,0.0
1778567101,75,,Aggregated,0.100000,0.000000,24,24,24,24,24,24,24,24,24,24,24,53,0,19,19.558945283588056,8.40802000311669,36.41271698870696,0.0
1778567102,75,POST,chat/long,0.100000,0.000000,0,0,0,0,0,0,0,0,0,0,0,43,0,20,20.1834071641463,8.40802000311669,36.41271698870696,0.0
1778567102,75,POST,chat/medium,0.000000,0.000000,0,0,0,0,0,0,0,0,0,0,0,8,0,14,16.900628246730776,10.6017090001842,26.136296990443952,0.0
1778567102,75,POST,chat/short,0.000000,0.000000,0,0,0,0,0,0,0,0,0,0,0,2,0,16,16.766282999014948,15.809628006536514,17.72293799149338,0.0
1778567102,75,,Aggregated,0.100000,0.000000,0,0,0,0,0,0,0,0,0,0,0,53,0,19,19.558945283588056,8.40802000311669,36.41271698870696,0.0
1778567103,75,POST,chat/long,0.100000,0.000000,0,0,0,0,0,0,0,0,0,0,0,43,0,20,20.1834071641463,8.40802000311669,36.41271698870696,0.0
1778567103,75,POST,chat/medium,0.000000,0.000000,0,0,0,0,0,0,0,0,0,0,0,8,0,14,16.900628246730776,10.6017090001842,26.136296990443952,0.0
1778567103,75,POST,chat/short,0.000000,0.000000,0,0,0,0,0,0,0,0,0,0,0,2,0,16,16.766282999014948,15.809628006536514,17.72293799149338,0.0
1778567103,75,,Aggregated,0.100000,0.000000,0,0,0,0,0,0,0,0,0,0,0,53,0,19,19.558945283588056,8.40802000311669,36.41271698870696,0.0
1778567104,75,POST,chat/long,0.100000,0.000000,0,0,0,0,0,0,0,0,0,0,0,43,0,20,20.1834071641463,8.40802000311669,36.41271698870696,0.0
1778567104,75,POST,chat/medium,0.000000,0.000000,0,0,0,0,0,0,0,0,0,0,0,8,0,14,16.900628246730776,10.6017090001842,26.136296990443952,0.0
1778567104,75,POST,chat/short,0.000000,0.000000,0,0,0,0,0,0,0,0,0,0,0,2,0,16,16.766282999014948,15.809628006536514,17.72293799149338,0.0
1778567104,75,,Aggregated,0.100000,0.000000,0,0,0,0,0,0,0,0,0,0,0,53,0,19,19.558945283588056,8.40802000311669,36.41271698870696,0.0
1778567105,75,POST,chat/long,0.100000,0.000000,0,0,0,0,0,0,0,0,0,0,0,43,0,20,20.1834071641463,8.40802000311669,36.41271698870696,0.0
1778567105,75,POST,chat/medium,0.000000,0.000000,0,0,0,0,0,0,0,0,0,0,0,8,0,14,16.900628246730776,10.6017090001842,26.136296990443952,0.0
1778567105,75,POST,chat/short,0.000000,0.000000,0,0,0,0,0,0,0,0,0,0,0,2,0,16,16.766282999014948,15.809628006536514,17.72293799149338,0.0
1778567105,75,,Aggregated,0.100000,0.000000,0,0,0,0,0,0,0,0,0,0,0,53,0,19,19.558945283588056,8.40802000311669,36.41271698870696,0.0
1778567106,75,POST,chat/long,0.100000,0.000000,0,0,0,0,0,0,0,0,0,0,0,43,0,20,20.1834071641463,8.40802000311669,36.41271698870696,0.0
1778567106,75,POST,chat/medium,0.000000,0.000000,0,0,0,0,0,0,0,0,0,0,0,8,0,14,16.900628246730776,10.6017090001842,26.136296990443952,0.0
1778567106,75,POST,chat/short,0.000000,0.000000,0,0,0,0,0,0,0,0,0,0,0,2,0,16,16.766282999014948,15.809628006536514,17.72293799149338,0.0
1778567106,75,,Aggregated,0.100000,0.000000,0,0,0,0,0,0,0,0,0,0,0,53,0,19,19.558945283588056,8.40802000311669,36.41271698870696,0.0
1778567107,75,POST,chat/long,0.100000,0.000000,0,0,0,0,0,0,0,0,0,0,0,43,0,20,20.1834071641463,8.40802000311669,36.41271698870696,0.0
1778567107,75,POST,chat/medium,0.000000,0.000000,0,0,0,0,0,0,0,0,0,0,0,8,0,14,16.900628246730776,10.6017090001842,26.136296990443952,0.0
1778567107,75,POST,chat/short,0.000000,0.000000,0,0,0,0,0,0,0,0,0,0,0,2,0,16,16.766282999014948,15.809628006536514,17.72293799149338,0.0
1778567107,75,,Aggregated,0.100000,0.000000,0,0,0,0,0,0,0,0,0,0,0,53,0,19,19.558945283588056,8.40802000311669,36.41271698870696,0.0
1778567108,75,POST,chat/long,0.100000,0.000000,0,0,0,0,0,0,0,0,0,0,0,43,0,20,20.1834071641463,8.40802000311669,36.41271698870696,0.0
1778567108,75,POST,chat/medium,0.000000,0.000000,0,0,0,0,0,0,0,0,0,0,0,8,0,14,16.900628246730776,10.6017090001842,26.136296990443952,0.0
1778567108,75,POST,chat/short,0.000000,0.000000,0,0,0,0,0,0,0,0,0,0,0,2,0,16,16.766282999014948,15.809628006536514,17.72293799149338,0.0
1778567108,75,,Aggregated,0.100000,0.000000,0,0,0,0,0,0,0,0,0,0,0,53,0,19,19.558945283588056,8.40802000311669,36.41271698870696,0.0
1778567109,73,POST,chat/long,0.000000,0.000000,18,18,18,18,18,18,18,18,18,18,18,45,0,20,20.079935223394486,8.40802000311669,36.41271698870696,0.0
1778567109,73,POST,chat/medium,0.000000,0.000000,0,0,0,0,0,0,0,0,0,0,0,8,0,14,16.900628246730776,10.6017090001842,26.136296990443952,0.0
1778567109,73,POST,chat/short,0.000000,0.000000,0,0,0,0,0,0,0,0,0,0,0,2,0,16,16.766282999014948,15.809628006536514,17.72293799149338,0.0
1778567109,73,,Aggregated,0.000000,0.000000,18,18,18,18,18,18,18,18,18,18,18,55,0,19,19.49699412772051,8.40802000311669,36.41271698870696,0.0
1778567110,73,POST,chat/long,0.000000,0.000000,18,18,18,18,18,18,18,18,18,18,18,45,0,20,20.079935223394486,8.40802000311669,36.41271698870696,0.0
1778567110,73,POST,chat/medium,0.000000,0.000000,0,0,0,0,0,0,0,0,0,0,0,8,0,14,16.900628246730776,10.6017090001842,26.136296990443952,0.0
1778567110,73,POST,chat/short,0.000000,0.000000,0,0,0,0,0,0,0,0,0,0,0,2,0,16,16.766282999014948,15.809628006536514,17.72293799149338,0.0
1778567110,73,,Aggregated,0.000000,0.000000,18,18,18,18,18,18,18,18,18,18,18,55,0,19,19.49699412772051,8.40802000311669,36.41271698870696,0.0
1778567111,72,POST,chat/long,0.100000,0.000000,18,18,23,23,23,23,23,23,23,23,23,46,0,20,20.140917653169826,8.40802000311669,36.41271698870696,0.0
1778567111,72,POST,chat/medium,0.000000,0.000000,0,0,0,0,0,0,0,0,0,0,0,8,0,14,16.900628246730776,10.6017090001842,26.136296990443952,0.0
1778567111,72,POST,chat/short,0.000000,0.000000,0,0,0,0,0,0,0,0,0,0,0,2,0,16,16.766282999014948,15.809628006536514,17.72293799149338,0.0
1778567111,72,,Aggregated,0.100000,0.000000,18,18,23,23,23,23,23,23,23,23,23,56,0,19,19.55749650031586,8.40802000311669,36.41271698870696,0.0
1778567112,72,POST,chat/long,0.100000,0.000000,23,23,23,23,23,23,23,23,23,23,23,46,0,20,20.140917653169826,8.40802000311669,36.41271698870696,0.0
1778567112,72,POST,chat/medium,0.000000,0.000000,0,0,0,0,0,0,0,0,0,0,0,8,0,14,16.900628246730776,10.6017090001842,26.136296990443952,0.0
1778567112,72,POST,chat/short,0.000000,0.000000,0,0,0,0,0,0,0,0,0,0,0,2,0,16,16.766282999014948,15.809628006536514,17.72293799149338,0.0
1778567112,72,,Aggregated,0.100000,0.000000,23,23,23,23,23,23,23,23,23,23,23,56,0,19,19.55749650031586,8.40802000311669,36.41271698870696,0.0
1778567113,72,POST,chat/long,0.100000,0.000000,23,23,23,23,23,23,23,23,23,23,23,46,0,20,20.140917653169826,8.40802000311669,36.41271698870696,0.0
1778567113,72,POST,chat/medium,0.000000,0.000000,0,0,0,0,0,0,0,0,0,0,0,8,0,14,16.900628246730776,10.6017090001842,26.136296990443952,0.0
1778567113,72,POST,chat/short,0.000000,0.000000,0,0,0,0,0,0,0,0,0,0,0,2,0,16,16.766282999014948,15.809628006536514,17.72293799149338,0.0
1778567113,72,,Aggregated,0.100000,0.000000,23,23,23,23,23,23,23,23,23,23,23,56,0,19,19.55749650031586,8.40802000311669,36.41271698870696,0.0
1778567114,72,POST,chat/long,0.100000,0.000000,23,23,23,23,23,23,23,23,23,23,23,46,0,20,20.140917653169826,8.40802000311669,36.41271698870696,0.0
1778567114,72,POST,chat/medium,0.000000,0.000000,0,0,0,0,0,0,0,0,0,0,0,8,0,14,16.900628246730776,10.6017090001842,26.136296990443952,0.0
1778567114,72,POST,chat/short,0.000000,0.000000,0,0,0,0,0,0,0,0,0,0,0,2,0,16,16.766282999014948,15.809628006536514,17.72293799149338,0.0
1778567114,72,,Aggregated,0.100000,0.000000,23,23,23,23,23,23,23,23,23,23,23,56,0,19,19.55749650031586,8.40802000311669,36.41271698870696,0.0
1778567115,72,POST,chat/long,0.100000,0.000000,23,23,23,23,23,23,23,23,23,23,23,46,0,20,20.140917653169826,8.40802000311669,36.41271698870696,0.0
1778567115,72,POST,chat/medium,0.000000,0.000000,0,0,0,0,0,0,0,0,0,0,0,8,0,14,16.900628246730776,10.6017090001842,26.136296990443952,0.0
1778567115,72,POST,chat/short,0.000000,0.000000,0,0,0,0,0,0,0,0,0,0,0,2,0,16,16.766282999014948,15.809628006536514,17.72293799149338,0.0
1778567115,72,,Aggregated,0.100000,0.000000,23,23,23,23,23,23,23,23,23,23,23,56,0,19,19.55749650031586,8.40802000311669,36.41271698870696,0.0
1778567116,72,POST,chat/long,0.100000,0.000000,23,23,23,23,23,23,23,23,23,23,23,46,0,20,20.140917653169826,8.40802000311669,36.41271698870696,0.0
1778567116,72,POST,chat/medium,0.000000,0.000000,0,0,0,0,0,0,0,0,0,0,0,8,0,14,16.900628246730776,10.6017090001842,26.136296990443952,0.0
1778567116,72,POST,chat/short,0.000000,0.000000,0,0,0,0,0,0,0,0,0,0,0,2,0,16,16.766282999014948,15.809628006536514,17.72293799149338,0.0
1778567116,72,,Aggregated,0.100000,0.000000,23,23,23,23,23,23,23,23,23,23,23,56,0,19,19.55749650031586,8.40802000311669,36.41271698870696,0.0
1778567117,72,POST,chat/long,0.100000,0.000000,23,23,23,23,23,23,23,23,23,23,23,46,0,20,20.140917653169826,8.40802000311669,36.41271698870696,0.0
1778567117,72,POST,chat/medium,0.000000,0.000000,0,0,0,0,0,0,0,0,0,0,0,8,0,14,16.900628246730776,10.6017090001842,26.136296990443952,0.0
1778567117,72,POST,chat/short,0.000000,0.000000,0,0,0,0,0,0,0,0,0,0,0,2,0,16,16.766282999014948,15.809628006536514,17.72293799149338,0.0
1778567117,72,,Aggregated,0.100000,0.000000,23,23,23,23,23,23,23,23,23,23,23,56,0,19,19.55749650031586,8.40802000311669,36.41271698870696,0.0
1778567118,72,POST,chat/long,0.100000,0.000000,23,23,23,23,23,23,23,23,23,23,23,46,0,20,20.140917653169826,8.40802000311669,36.41271698870696,0.0
1778567118,72,POST,chat/medium,0.000000,0.000000,0,0,0,0,0,0,0,0,0,0,0,8,0,14,16.900628246730776,10.6017090001842,26.136296990443952,0.0
1778567118,72,POST,chat/short,0.000000,0.000000,0,0,0,0,0,0,0,0,0,0,0,2,0,16,16.766282999014948,15.809628006536514,17.72293799149338,0.0
1778567118,72,,Aggregated,0.100000,0.000000,23,23,23,23,23,23,23,23,23,23,23,56,0,19,19.55749650031586,8.40802000311669,36.41271698870696,0.0
1778567119,72,POST,chat/long,0.100000,0.000000,0,0,0,0,0,0,0,0,0,0,0,46,0,20,20.140917653169826,8.40802000311669,36.41271698870696,0.0
1778567119,72,POST,chat/medium,0.000000,0.000000,0,0,0,0,0,0,0,0,0,0,0,8,0,14,16.900628246730776,10.6017090001842,26.136296990443952,0.0
1778567119,72,POST,chat/short,0.000000,0.000000,0,0,0,0,0,0,0,0,0,0,0,2,0,16,16.766282999014948,15.809628006536514,17.72293799149338,0.0
1778567119,72,,Aggregated,0.100000,0.000000,0,0,0,0,0,0,0,0,0,0,0,56,0,19,19.55749650031586,8.40802000311669,36.41271698870696,0.0
1778567120,72,POST,chat/long,0.100000,0.000000,0,0,0,0,0,0,0,0,0,0,0,46,0,20,20.140917653169826,8.40802000311669,36.41271698870696,0.0
1778567120,72,POST,chat/medium,0.000000,0.000000,0,0,0,0,0,0,0,0,0,0,0,8,0,14,16.900628246730776,10.6017090001842,26.136296990443952,0.0
1778567120,72,POST,chat/short,0.000000,0.000000,0,0,0,0,0,0,0,0,0,0,0,2,0,16,16.766282999014948,15.809628006536514,17.72293799149338,0.0
1778567120,72,,Aggregated,0.100000,0.000000,0,0,0,0,0,0,0,0,0,0,0,56,0,19,19.55749650031586,8.40802000311669,36.41271698870696,0.0
1778567121,72,POST,chat/long,0.100000,0.000000,0,0,0,0,0,0,0,0,0,0,0,46,0,20,20.140917653169826,8.40802000311669,36.41271698870696,0.0
1778567121,72,POST,chat/medium,0.000000,0.000000,0,0,0,0,0,0,0,0,0,0,0,8,0,14,16.900628246730776,10.6017090001842,26.136296990443952,0.0
1778567121,72,POST,chat/short,0.000000,0.000000,0,0,0,0,0,0,0,0,0,0,0,2,0,16,16.766282999014948,15.809628006536514,17.72293799149338,0.0
1778567121,72,,Aggregated,0.100000,0.000000,0,0,0,0,0,0,0,0,0,0,0,56,0,19,19.55749650031586,8.40802000311669,36.41271698870696,0.0
1778567122,72,POST,chat/long,0.100000,0.000000,0,0,0,0,0,0,0,0,0,0,0,46,0,20,20.140917653169826,8.40802000311669,36.41271698870696,0.0
1778567122,72,POST,chat/medium,0.000000,0.000000,0,0,0,0,0,0,0,0,0,0,0,8,0,14,16.900628246730776,10.6017090001842,26.136296990443952,0.0
1778567122,72,POST,chat/short,0.000000,0.000000,0,0,0,0,0,0,0,0,0,0,0,2,0,16,16.766282999014948,15.809628006536514,17.72293799149338,0.0
1778567122,72,,Aggregated,0.100000,0.000000,0,0,0,0,0,0,0,0,0,0,0,56,0,19,19.55749650031586,8.40802000311669,36.41271698870696,0.0
1778567123,72,POST,chat/long,0.100000,0.000000,0,0,0,0,0,0,0,0,0,0,0,46,0,20,20.140917653169826,8.40802000311669,36.41271698870696,0.0
1778567123,72,POST,chat/medium,0.000000,0.000000,0,0,0,0,0,0,0,0,0,0,0,8,0,14,16.900628246730776,10.6017090001842,26.136296990443952,0.0
1778567123,72,POST,chat/short,0.000000,0.000000,0,0,0,0,0,0,0,0,0,0,0,2,0,16,16.766282999014948,15.809628006536514,17.72293799149338,0.0
1778567123,72,,Aggregated,0.100000,0.000000,0,0,0,0,0,0,0,0,0,0,0,56,0,19,19.55749650031586,8.40802000311669,36.41271698870696,0.0
1778567124,72,POST,chat/long,0.100000,0.000000,0,0,0,0,0,0,0,0,0,0,0,46,0,20,20.140917653169826,8.40802000311669,36.41271698870696,0.0
1778567124,72,POST,chat/medium,0.000000,0.000000,0,0,0,0,0,0,0,0,0,0,0,8,0,14,16.900628246730776,10.6017090001842,26.136296990443952,0.0
1778567124,72,POST,chat/short,0.000000,0.000000,0,0,0,0,0,0,0,0,0,0,0,2,0,16,16.766282999014948,15.809628006536514,17.72293799149338,0.0
1778567124,72,,Aggregated,0.100000,0.000000,0,0,0,0,0,0,0,0,0,0,0,56,0,19,19.55749650031586,8.40802000311669,36.41271698870696,0.0
1778567125,72,POST,chat/long,0.100000,0.000000,0,0,0,0,0,0,0,0,0,0,0,46,0,20,20.140917653169826,8.40802000311669,36.41271698870696,0.0
1778567125,72,POST,chat/medium,0.000000,0.000000,0,0,0,0,0,0,0,0,0,0,0,8,0,14,16.900628246730776,10.6017090001842,26.136296990443952,0.0
1778567125,72,POST,chat/short,0.000000,0.000000,0,0,0,0,0,0,0,0,0,0,0,2,0,16,16.766282999014948,15.809628006536514,17.72293799149338,0.0
1778567125,72,,Aggregated,0.100000,0.000000,0,0,0,0,0,0,0,0,0,0,0,56,0,19,19.55749650031586,8.40802000311669,36.41271698870696,0.0
1778567126,72,POST,chat/long,0.100000,0.000000,0,0,0,0,0,0,0,0,0,0,0,46,0,20,20.140917653169826,8.40802000311669,36.41271698870696,0.0
1778567126,72,POST,chat/medium,0.000000,0.000000,0,0,0,0,0,0,0,0,0,0,0,8,0,14,16.900628246730776,10.6017090001842,26.136296990443952,0.0
1778567126,72,POST,chat/short,0.000000,0.000000,0,0,0,0,0,0,0,0,0,0,0,2,0,16,16.766282999014948,15.809628006536514,17.72293799149338,0.0
1778567126,72,,Aggregated,0.100000,0.000000,0,0,0,0,0,0,0,0,0,0,0,56,0,19,19.55749650031586,8.40802000311669,36.41271698870696,0.0
1778567127,72,POST,chat/long,0.100000,0.000000,0,0,0,0,0,0,0,0,0,0,0,46,0,20,20.140917653169826,8.40802000311669,36.41271698870696,0.0
1778567127,72,POST,chat/medium,0.000000,0.000000,0,0,0,0,0,0,0,0,0,0,0,8,0,14,16.900628246730776,10.6017090001842,26.136296990443952,0.0
1778567127,72,POST,chat/short,0.000000,0.000000,0,0,0,0,0,0,0,0,0,0,0,2,0,16,16.766282999014948,15.809628006536514,17.72293799149338,0.0
1778567127,72,,Aggregated,0.100000,0.000000,0,0,0,0,0,0,0,0,0,0,0,56,0,19,19.55749650031586,8.40802000311669,36.41271698870696,0.0
1778567128,72,POST,chat/long,0.100000,0.000000,0,0,0,0,0,0,0,0,0,0,0,46,0,20,20.140917653169826,8.40802000311669,36.41271698870696,0.0
1778567128,72,POST,chat/medium,0.000000,0.000000,0,0,0,0,0,0,0,0,0,0,0,8,0,14,16.900628246730776,10.6017090001842,26.136296990443952,0.0
1778567128,72,POST,chat/short,0.000000,0.000000,0,0,0,0,0,0,0,0,0,0,0,2,0,16,16.766282999014948,15.809628006536514,17.72293799149338,0.0
1778567128,72,,Aggregated,0.100000,0.000000,0,0,0,0,0,0,0,0,0,0,0,56,0,19,19.55749650031586,8.40802000311669,36.41271698870696,0.0
1778567129,72,POST,chat/long,0.100000,0.000000,0,0,0,0,0,0,0,0,0,0,0,46,0,20,20.140917653169826,8.40802000311669,36.41271698870696,0.0
1778567129,72,POST,chat/medium,0.000000,0.000000,0,0,0,0,0,0,0,0,0,0,0,8,0,14,16.900628246730776,10.6017090001842,26.136296990443952,0.0
1778567129,72,POST,chat/short,0.000000,0.000000,0,0,0,0,0,0,0,0,0,0,0,2,0,16,16.766282999014948,15.809628006536514,17.72293799149338,0.0
1778567129,72,,Aggregated,0.100000,0.000000,0,0,0,0,0,0,0,0,0,0,0,56,0,19,19.55749650031586,8.40802000311669,36.41271698870696,0.0
1778567130,71,POST,chat/long,0.000000,0.000000,0,0,0,0,0,0,0,0,0,0,0,47,0,20,20.334011490241267,8.40802000311669,36.41271698870696,0.0
1778567130,71,POST,chat/medium,0.000000,0.000000,0,0,0,0,0,0,0,0,0,0,0,8,0,14,16.900628246730776,10.6017090001842,26.136296990443952,0.0
1778567130,71,POST,chat/short,0.000000,0.000000,0,0,0,0,0,0,0,0,0,0,0,2,0,16,16.766282999014948,15.809628006536514,17.72293799149338,0.0
1778567130,71,,Aggregated,0.000000,0.000000,0,0,0,0,0,0,0,0,0,0,0,57,0,19,19.72694968444238,8.40802000311669,36.41271698870696,0.0
1778567131,71,POST,chat/long,0.000000,0.000000,0,0,0,0,0,0,0,0,0,0,0,47,0,20,20.334011490241267,8.40802000311669,36.41271698870696,0.0
1778567131,71,POST,chat/medium,0.000000,0.000000,0,0,0,0,0,0,0,0,0,0,0,8,0,14,16.900628246730776,10.6017090001842,26.136296990443952,0.0
1778567131,71,POST,chat/short,0.000000,0.000000,0,0,0,0,0,0,0,0,0,0,0,2,0,16,16.766282999014948,15.809628006536514,17.72293799149338,0.0
1778567131,71,,Aggregated,0.000000,0.000000,0,0,0,0,0,0,0,0,0,0,0,57,0,19,19.72694968444238,8.40802000311669,36.41271698870696,0.0
1778567132,71,POST,chat/long,0.000000,0.000000,0,0,0,0,0,0,0,0,0,0,0,47,0,20,20.334011490241267,8.40802000311669,36.41271698870696,0.0
1778567132,71,POST,chat/medium,0.000000,0.000000,0,0,0,0,0,0,0,0,0,0,0,8,0,14,16.900628246730776,10.6017090001842,26.136296990443952,0.0
1778567132,71,POST,chat/short,0.000000,0.000000,0,0,0,0,0,0,0,0,0,0,0,2,0,16,16.766282999014948,15.809628006536514,17.72293799149338,0.0
1778567132,71,,Aggregated,0.000000,0.000000,0,0,0,0,0,0,0,0,0,0,0,57,0,19,19.72694968444238,8.40802000311669,36.41271698870696,0.0
1778567133,71,POST,chat/long,0.000000,0.000000,0,0,0,0,0,0,0,0,0,0,0,47,0,20,20.334011490241267,8.40802000311669,36.41271698870696,0.0
1778567133,71,POST,chat/medium,0.000000,0.000000,0,0,0,0,0,0,0,0,0,0,0,8,0,14,16.900628246730776,10.6017090001842,26.136296990443952,0.0
1778567133,71,POST,chat/short,0.000000,0.000000,0,0,0,0,0,0,0,0,0,0,0,2,0,16,16.766282999014948,15.809628006536514,17.72293799149338,0.0
1778567133,71,,Aggregated,0.000000,0.000000,0,0,0,0,0,0,0,0,0,0,0,57,0,19,19.72694968444238,8.40802000311669,36.41271698870696,0.0
1778567134,71,POST,chat/long,0.000000,0.000000,0,0,0,0,0,0,0,0,0,0,0,47,0,20,20.334011490241267,8.40802000311669,36.41271698870696,0.0
1778567134,71,POST,chat/medium,0.000000,0.000000,0,0,0,0,0,0,0,0,0,0,0,8,0,14,16.900628246730776,10.6017090001842,26.136296990443952,0.0
1778567134,71,POST,chat/short,0.000000,0.000000,0,0,0,0,0,0,0,0,0,0,0,2,0,16,16.766282999014948,15.809628006536514,17.72293799149338,0.0
1778567134,71,,Aggregated,0.000000,0.000000,0,0,0,0,0,0,0,0,0,0,0,57,0,19,19.72694968444238,8.40802000311669,36.41271698870696,0.0
1778567135,71,POST,chat/long,0.000000,0.000000,0,0,0,0,0,0,0,0,0,0,0,47,0,20,20.334011490241267,8.40802000311669,36.41271698870696,0.0
1778567135,71,POST,chat/medium,0.000000,0.000000,0,0,0,0,0,0,0,0,0,0,0,8,0,14,16.900628246730776,10.6017090001842,26.136296990443952,0.0
1778567135,71,POST,chat/short,0.000000,0.000000,0,0,0,0,0,0,0,0,0,0,0,2,0,16,16.766282999014948,15.809628006536514,17.72293799149338,0.0
1778567135,71,,Aggregated,0.000000,0.000000,0,0,0,0,0,0,0,0,0,0,0,57,0,19,19.72694968444238,8.40802000311669,36.41271698870696,0.0
1778567136,70,POST,chat/long,0.100000,0.000000,26,26,26,26,26,26,26,26,26,26,26,48,0,20,20.443353271730302,8.40802000311669,36.41271698870696,0.0
1778567136,70,POST,chat/medium,0.000000,0.000000,0,0,0,0,0,0,0,0,0,0,0,8,0,14,16.900628246730776,10.6017090001842,26.136296990443952,0.0
1778567136,70,POST,chat/short,0.000000,0.000000,0,0,0,0,0,0,0,0,0,0,0,2,0,16,16.766282999014948,15.809628006536514,17.72293799149338,0.0
1778567136,70,,Aggregated,0.100000,0.000000,26,26,26,26,26,26,26,26,26,26,26,58,0,19,19.827906017498805,8.40802000311669,36.41271698870696,0.0
1778567137,70,POST,chat/long,0.100000,0.000000,26,26,26,26,26,26,26,26,26,26,26,48,0,20,20.443353271730302,8.40802000311669,36.41271698870696,0.0
1778567137,70,POST,chat/medium,0.000000,0.000000,0,0,0,0,0,0,0,0,0,0,0,8,0,14,16.900628246730776,10.6017090001842,26.136296990443952,0.0
1778567137,70,POST,chat/short,0.000000,0.000000,0,0,0,0,0,0,0,0,0,0,0,2,0,16,16.766282999014948,15.809628006536514,17.72293799149338,0.0
1778567137,70,,Aggregated,0.100000,0.000000,26,26,26,26,26,26,26,26,26,26,26,58,0,19,19.827906017498805,8.40802000311669,36.41271698870696,0.0
1778567138,70,POST,chat/long,0.100000,0.000000,26,26,26,26,26,26,26,26,26,26,26,48,0,20,20.443353271730302,8.40802000311669,36.41271698870696,0.0
1778567138,70,POST,chat/medium,0.000000,0.000000,0,0,0,0,0,0,0,0,0,0,0,8,0,14,16.900628246730776,10.6017090001842,26.136296990443952,0.0
1778567138,70,POST,chat/short,0.000000,0.000000,0,0,0,0,0,0,0,0,0,0,0,2,0,16,16.766282999014948,15.809628006536514,17.72293799149338,0.0
1778567138,70,,Aggregated,0.100000,0.000000,26,26,26,26,26,26,26,26,26,26,26,58,0,19,19.827906017498805,8.40802000311669,36.41271698870696,0.0
1778567139,70,POST,chat/long,0.100000,0.000000,26,26,26,26,26,26,26,26,26,26,26,48,0,20,20.443353271730302,8.40802000311669,36.41271698870696,0.0
1778567139,70,POST,chat/medium,0.000000,0.000000,0,0,0,0,0,0,0,0,0,0,0,8,0,14,16.900628246730776,10.6017090001842,26.136296990443952,0.0
1778567139,70,POST,chat/short,0.000000,0.000000,0,0,0,0,0,0,0,0,0,0,0,2,0,16,16.766282999014948,15.809628006536514,17.72293799149338,0.0
1778567139,70,,Aggregated,0.100000,0.000000,26,26,26,26,26,26,26,26,26,26,26,58,0,19,19.827906017498805,8.40802000311669,36.41271698870696,0.0
1778567140,70,POST,chat/long,0.100000,0.000000,26,26,26,26,26,26,26,26,26,26,26,48,0,20,20.443353271730302,8.40802000311669,36.41271698870696,0.0
1778567140,70,POST,chat/medium,0.000000,0.000000,0,0,0,0,0,0,0,0,0,0,0,8,0,14,16.900628246730776,10.6017090001842,26.136296990443952,0.0
1778567140,70,POST,chat/short,0.000000,0.000000,0,0,0,0,0,0,0,0,0,0,0,2,0,16,16.766282999014948,15.809628006536514,17.72293799149338,0.0
1778567140,70,,Aggregated,0.100000,0.000000,26,26,26,26,26,26,26,26,26,26,26,58,0,19,19.827906017498805,8.40802000311669,36.41271698870696,0.0
1778567141,69,POST,chat/long,0.200000,0.000000,26,26,26,26,26,26,26,26,26,26,26,49,0,20,20.379588286492176,8.40802000311669,36.41271698870696,0.0
1778567141,69,POST,chat/medium,0.000000,0.000000,0,0,0,0,0,0,0,0,0,0,0,8,0,14,16.900628246730776,10.6017090001842,26.136296990443952,0.0
1778567141,69,POST,chat/short,0.000000,0.000000,0,0,0,0,0,0,0,0,0,0,0,2,0,16,16.766282999014948,15.809628006536514,17.72293799149338,0.0
1778567141,69,,Aggregated,0.200000,0.000000,26,26,26,26,26,26,26,26,26,26,26,59,0,19,19.785379966271062,8.40802000311669,36.41271698870696,0.0
1778567142,69,POST,chat/long,0.200000,0.000000,17,17,17,17,17,17,17,17,17,17,17,49,0,20,20.379588286492176,8.40802000311669,36.41271698870696,0.0
1778567142,69,POST,chat/medium,0.000000,0.000000,0,0,0,0,0,0,0,0,0,0,0,8,0,14,16.900628246730776,10.6017090001842,26.136296990443952,0.0
1778567142,69,POST,chat/short,0.000000,0.000000,0,0,0,0,0,0,0,0,0,0,0,2,0,16,16.766282999014948,15.809628006536514,17.72293799149338,0.0
1778567142,69,,Aggregated,0.200000,0.000000,17,17,17,17,17,17,17,17,17,17,17,59,0,19,19.785379966271062,8.40802000311669,36.41271698870696,0.0
1778567143,69,POST,chat/long,0.200000,0.000000,17,17,17,17,17,17,17,17,17,17,17,49,0,20,20.379588286492176,8.40802000311669,36.41271698870696,0.0
1778567143,69,POST,chat/medium,0.000000,0.000000,0,0,0,0,0,0,0,0,0,0,0,8,0,14,16.900628246730776,10.6017090001842,26.136296990443952,0.0
1778567143,69,POST,chat/short,0.000000,0.000000,0,0,0,0,0,0,0,0,0,0,0,2,0,16,16.766282999014948,15.809628006536514,17.72293799149338,0.0
1778567143,69,,Aggregated,0.200000,0.000000,17,17,17,17,17,17,17,17,17,17,17,59,0,19,19.785379966271062,8.40802000311669,36.41271698870696,0.0
1778567144,69,POST,chat/long,0.200000,0.000000,17,17,17,17,17,17,17,17,17,17,17,49,0,20,20.379588286492176,8.40802000311669,36.41271698870696,0.0
1778567144,69,POST,chat/medium,0.000000,0.000000,0,0,0,0,0,0,0,0,0,0,0,8,0,14,16.900628246730776,10.6017090001842,26.136296990443952,0.0
1778567144,69,POST,chat/short,0.000000,0.000000,0,0,0,0,0,0,0,0,0,0,0,2,0,16,16.766282999014948,15.809628006536514,17.72293799149338,0.0
1778567144,69,,Aggregated,0.200000,0.000000,17,17,17,17,17,17,17,17,17,17,17,59,0,19,19.785379966271062,8.40802000311669,36.41271698870696,0.0
1778567145,69,POST,chat/long,0.200000,0.000000,17,17,17,17,17,17,17,17,17,17,17,49,0,20,20.379588286492176,8.40802000311669,36.41271698870696,0.0
1778567145,69,POST,chat/medium,0.000000,0.000000,0,0,0,0,0,0,0,0,0,0,0,8,0,14,16.900628246730776,10.6017090001842,26.136296990443952,0.0
1778567145,69,POST,chat/short,0.000000,0.000000,0,0,0,0,0,0,0,0,0,0,0,2,0,16,16.766282999014948,15.809628006536514,17.72293799149338,0.0
1778567145,69,,Aggregated,0.200000,0.000000,17,17,17,17,17,17,17,17,17,17,17,59,0,19,19.785379966271062,8.40802000311669,36.41271698870696,0.0
1778567146,69,POST,chat/long,0.200000,0.000000,17,17,17,17,17,17,17,17,17,17,17,49,0,20,20.379588286492176,8.40802000311669,36.41271698870696,0.0
1778567146,69,POST,chat/medium,0.000000,0.000000,0,0,0,0,0,0,0,0,0,0,0,8,0,14,16.900628246730776,10.6017090001842,26.136296990443952,0.0
1778567146,69,POST,chat/short,0.000000,0.000000,0,0,0,0,0,0,0,0,0,0,0,2,0,16,16.766282999014948,15.809628006536514,17.72293799149338,0.0
1778567146,69,,Aggregated,0.200000,0.000000,17,17,17,17,17,17,17,17,17,17,17,59,0,19,19.785379966271062,8.40802000311669,36.41271698870696,0.0
1778567147,68,POST,chat/long,0.200000,0.000000,10,10,10,10,10,10,10,10,10,10,10,50,0,20,20.17736832087394,8.40802000311669,36.41271698870696,0.0
1778567147,68,POST,chat/medium,0.000000,0.000000,0,0,0,0,0,0,0,0,0,0,0,8,0,14,16.900628246730776,10.6017090001842,26.136296990443952,0.0
1778567147,68,POST,chat/short,0.000000,0.000000,0,0,0,0,0,0,0,0,0,0,0,2,0,16,16.766282999014948,15.809628006536514,17.72293799149338,0.0
1778567147,68,,Aggregated,0.200000,0.000000,10,10,10,10,10,10,10,10,10,10,10,60,0,19,19.62676680025955,8.40802000311669,36.41271698870696,0.0
1778567148,68,POST,chat/long,0.200000,0.000000,10,10,10,10,10,10,10,10,10,10,10,50,0,20,20.17736832087394,8.40802000311669,36.41271698870696,0.0
1778567148,68,POST,chat/medium,0.000000,0.000000,0,0,0,0,0,0,0,0,0,0,0,8,0,14,16.900628246730776,10.6017090001842,26.136296990443952,0.0
1778567148,68,POST,chat/short,0.000000,0.000000,0,0,0,0,0,0,0,0,0,0,0,2,0,16,16.766282999014948,15.809628006536514,17.72293799149338,0.0
1778567148,68,,Aggregated,0.200000,0.000000,10,10,10,10,10,10,10,10,10,10,10,60,0,19,19.62676680025955,8.40802000311669,36.41271698870696,0.0
1778567149,68,POST,chat/long,0.200000,0.000000,10,10,10,10,10,10,10,10,10,10,10,50,0,20,20.17736832087394,8.40802000311669,36.41271698870696,0.0
1778567149,68,POST,chat/medium,0.000000,0.000000,0,0,0,0,0,0,0,0,0,0,0,8,0,14,16.900628246730776,10.6017090001842,26.136296990443952,0.0
1778567149,68,POST,chat/short,0.000000,0.000000,0,0,0,0,0,0,0,0,0,0,0,2,0,16,16.766282999014948,15.809628006536514,17.72293799149338,0.0
1778567149,68,,Aggregated,0.200000,0.000000,10,10,10,10,10,10,10,10,10,10,10,60,0,19,19.62676680025955,8.40802000311669,36.41271698870696,0.0
1778567150,68,POST,chat/long,0.200000,0.000000,10,10,10,10,10,10,10,10,10,10,10,50,0,20,20.17736832087394,8.40802000311669,36.41271698870696,0.0
1778567150,68,POST,chat/medium,0.000000,0.000000,0,0,0,0,0,0,0,0,0,0,0,8,0,14,16.900628246730776,10.6017090001842,26.136296990443952,0.0
1778567150,68,POST,chat/short,0.000000,0.000000,0,0,0,0,0,0,0,0,0,0,0,2,0,16,16.766282999014948,15.809628006536514,17.72293799149338,0.0
1778567150,68,,Aggregated,0.200000,0.000000,10,10,10,10,10,10,10,10,10,10,10,60,0,19,19.62676680025955,8.40802000311669,36.41271698870696,0.0
1778567151,67,POST,chat/long,0.200000,0.000000,22,22,22,22,22,22,22,22,22,22,22,51,0,20,20.212359491030355,8.40802000311669,36.41271698870696,0.0
1778567151,67,POST,chat/medium,0.000000,0.000000,0,0,0,0,0,0,0,0,0,0,0,8,0,14,16.900628246730776,10.6017090001842,26.136296990443952,0.0
1778567151,67,POST,chat/short,0.000000,0.000000,0,0,0,0,0,0,0,0,0,0,0,2,0,16,16.766282999014948,15.809628006536514,17.72293799149338,0.0
1778567151,67,,Aggregated,0.200000,0.000000,22,22,22,22,22,22,22,22,22,22,22,61,0,19,19.665047967449578,8.40802000311669,36.41271698870696,0.0
1778567152,67,POST,chat/long,0.200000,0.000000,22,22,22,22,22,22,22,22,22,22,22,51,0,20,20.212359491030355,8.40802000311669,36.41271698870696,0.0
1778567152,67,POST,chat/medium,0.000000,0.000000,0,0,0,0,0,0,0,0,0,0,0,8,0,14,16.900628246730776,10.6017090001842,26.136296990443952,0.0
1778567152,67,POST,chat/short,0.000000,0.000000,0,0,0,0,0,0,0,0,0,0,0,2,0,16,16.766282999014948,15.809628006536514,17.72293799149338,0.0
1778567152,67,,Aggregated,0.200000,0.000000,22,22,22,22,22,22,22,22,22,22,22,61,0,19,19.665047967449578,8.40802000311669,36.41271698870696,0.0
1778567153,66,POST,chat/long,0.300000,0.000000,22,22,22,22,22,22,22,22,22,22,22,52,0,20,20.215082346952002,8.40802000311669,36.41271698870696,0.0
1778567153,66,POST,chat/medium,0.000000,0.000000,0,0,0,0,0,0,0,0,0,0,0,8,0,14,16.900628246730776,10.6017090001842,26.136296990443952,0.0
1778567153,66,POST,chat/short,0.000000,0.000000,0,0,0,0,0,0,0,0,0,0,0,2,0,16,16.766282999014948,15.809628006536514,17.72293799149338,0.0
1778567153,66,,Aggregated,0.300000,0.000000,22,22,22,22,22,22,22,22,22,22,22,62,0,19,19.676159258280325,8.40802000311669,36.41271698870696,0.0
1778567154,66,POST,chat/long,0.300000,0.000000,22,22,22,22,22,22,22,22,22,22,22,52,0,20,20.215082346952002,8.40802000311669,36.41271698870696,0.0
1778567154,66,POST,chat/medium,0.000000,0.000000,0,0,0,0,0,0,0,0,0,0,0,8,0,14,16.900628246730776,10.6017090001842,26.136296990443952,0.0
1778567154,66,POST,chat/short,0.000000,0.000000,0,0,0,0,0,0,0,0,0,0,0,2,0,16,16.766282999014948,15.809628006536514,17.72293799149338,0.0
1778567154,66,,Aggregated,0.300000,0.000000,22,22,22,22,22,22,22,22,22,22,22,62,0,19,19.676159258280325,8.40802000311669,36.41271698870696,0.0
1778567155,66,POST,chat/long,0.300000,0.000000,22,22,22,22,22,22,22,22,22,22,22,52,0,20,20.215082346952002,8.40802000311669,36.41271698870696,0.0
1778567155,66,POST,chat/medium,0.000000,0.000000,0,0,0,0,0,0,0,0,0,0,0,8,0,14,16.900628246730776,10.6017090001842,26.136296990443952,0.0
1778567155,66,POST,chat/short,0.000000,0.000000,0,0,0,0,0,0,0,0,0,0,0,2,0,16,16.766282999014948,15.809628006536514,17.72293799149338,0.0
1778567155,66,,Aggregated,0.300000,0.000000,22,22,22,22,22,22,22,22,22,22,22,62,0,19,19.676159258280325,8.40802000311669,36.41271698870696,0.0
1778567156,66,POST,chat/long,0.300000,0.000000,22,22,22,22,22,22,22,22,22,22,22,52,0,20,20.215082346952002,8.40802000311669,36.41271698870696,0.0
1778567156,66,POST,chat/medium,0.000000,0.000000,0,0,0,0,0,0,0,0,0,0,0,8,0,14,16.900628246730776,10.6017090001842,26.136296990443952,0.0
1778567156,66,POST,chat/short,0.000000,0.000000,0,0,0,0,0,0,0,0,0,0,0,2,0,16,16.766282999014948,15.809628006536514,17.72293799149338,0.0
1778567156,66,,Aggregated,0.300000,0.000000,22,22,22,22,22,22,22,22,22,22,22,62,0,19,19.676159258280325,8.40802000311669,36.41271698870696,0.0
1778567157,66,POST,chat/long,0.300000,0.000000,20,20,20,20,20,20,20,20,20,20,20,52,0,20,20.215082346952002,8.40802000311669,36.41271698870696,0.0
1778567157,66,POST,chat/medium,0.000000,0.000000,0,0,0,0,0,0,0,0,0,0,0,8,0,14,16.900628246730776,10.6017090001842,26.136296990443952,0.0
1778567157,66,POST,chat/short,0.000000,0.000000,0,0,0,0,0,0,0,0,0,0,0,2,0,16,16.766282999014948,15.809628006536514,17.72293799149338,0.0
1778567157,66,,Aggregated,0.300000,0.000000,20,20,20,20,20,20,20,20,20,20,20,62,0,19,19.676159258280325,8.40802000311669,36.41271698870696,0.0
1778567158,66,POST,chat/long,0.300000,0.000000,20,20,20,20,20,20,20,20,20,20,20,52,0,20,20.215082346952002,8.40802000311669,36.41271698870696,0.0
1778567158,66,POST,chat/medium,0.000000,0.000000,0,0,0,0,0,0,0,0,0,0,0,8,0,14,16.900628246730776,10.6017090001842,26.136296990443952,0.0
1778567158,66,POST,chat/short,0.000000,0.000000,0,0,0,0,0,0,0,0,0,0,0,2,0,16,16.766282999014948,15.809628006536514,17.72293799149338,0.0
1778567158,66,,Aggregated,0.300000,0.000000,20,20,20,20,20,20,20,20,20,20,20,62,0,19,19.676159258280325,8.40802000311669,36.41271698870696,0.0
1778567159,66,POST,chat/long,0.300000,0.000000,20,20,20,20,20,20,20,20,20,20,20,52,0,20,20.215082346952002,8.40802000311669,36.41271698870696,0.0
1778567159,66,POST,chat/medium,0.000000,0.000000,0,0,0,0,0,0,0,0,0,0,0,8,0,14,16.900628246730776,10.6017090001842,26.136296990443952,0.0
1778567159,66,POST,chat/short,0.000000,0.000000,0,0,0,0,0,0,0,0,0,0,0,2,0,16,16.766282999014948,15.809628006536514,17.72293799149338,0.0
1778567159,66,,Aggregated,0.300000,0.000000,20,20,20,20,20,20,20,20,20,20,20,62,0,19,19.676159258280325,8.40802000311669,36.41271698870696,0.0
1778567160,66,POST,chat/long,0.300000,0.000000,0,0,0,0,0,0,0,0,0,0,0,52,0,20,20.215082346952002,8.40802000311669,36.41271698870696,0.0
1778567160,66,POST,chat/medium,0.000000,0.000000,0,0,0,0,0,0,0,0,0,0,0,8,0,14,16.900628246730776,10.6017090001842,26.136296990443952,0.0
1778567160,66,POST,chat/short,0.000000,0.000000,0,0,0,0,0,0,0,0,0,0,0,2,0,16,16.766282999014948,15.809628006536514,17.72293799149338,0.0
1778567160,66,,Aggregated,0.300000,0.000000,0,0,0,0,0,0,0,0,0,0,0,62,0,19,19.676159258280325,8.40802000311669,36.41271698870696,0.0
1778567161,66,POST,chat/long,0.300000,0.000000,0,0,0,0,0,0,0,0,0,0,0,52,0,20,20.215082346952002,8.40802000311669,36.41271698870696,0.0
1778567161,66,POST,chat/medium,0.000000,0.000000,0,0,0,0,0,0,0,0,0,0,0,8,0,14,16.900628246730776,10.6017090001842,26.136296990443952,0.0
1778567161,66,POST,chat/short,0.000000,0.000000,0,0,0,0,0,0,0,0,0,0,0,2,0,16,16.766282999014948,15.809628006536514,17.72293799149338,0.0
1778567161,66,,Aggregated,0.300000,0.000000,0,0,0,0,0,0,0,0,0,0,0,62,0,19,19.676159258280325,8.40802000311669,36.41271698870696,0.0
1778567162,66,POST,chat/long,0.300000,0.000000,0,0,0,0,0,0,0,0,0,0,0,52,0,20,20.215082346952002,8.40802000311669,36.41271698870696,0.0
1778567162,66,POST,chat/medium,0.000000,0.000000,0,0,0,0,0,0,0,0,0,0,0,8,0,14,16.900628246730776,10.6017090001842,26.136296990443952,0.0
1778567162,66,POST,chat/short,0.000000,0.000000,0,0,0,0,0,0,0,0,0,0,0,2,0,16,16.766282999014948,15.809628006536514,17.72293799149338,0.0
1778567162,66,,Aggregated,0.300000,0.000000,0,0,0,0,0,0,0,0,0,0,0,62,0,19,19.676159258280325,8.40802000311669,36.41271698870696,0.0
1778567163,66,POST,chat/long,0.300000,0.000000,0,0,0,0,0,0,0,0,0,0,0,52,0,20,20.215082346952002,8.40802000311669,36.41271698870696,0.0
1778567163,66,POST,chat/medium,0.000000,0.000000,0,0,0,0,0,0,0,0,0,0,0,8,0,14,16.900628246730776,10.6017090001842,26.136296990443952,0.0
1778567163,66,POST,chat/short,0.000000,0.000000,0,0,0,0,0,0,0,0,0,0,0,2,0,16,16.766282999014948,15.809628006536514,17.72293799149338,0.0
1778567163,66,,Aggregated,0.300000,0.000000,0,0,0,0,0,0,0,0,0,0,0,62,0,19,19.676159258280325,8.40802000311669,36.41271698870696,0.0
1778567164,66,POST,chat/long,0.300000,0.000000,0,0,0,0,0,0,0,0,0,0,0,52,0,20,20.215082346952002,8.40802000311669,36.41271698870696,0.0
1778567164,66,POST,chat/medium,0.000000,0.000000,0,0,0,0,0,0,0,0,0,0,0,8,0,14,16.900628246730776,10.6017090001842,26.136296990443952,0.0
1778567164,66,POST,chat/short,0.000000,0.000000,0,0,0,0,0,0,0,0,0,0,0,2,0,16,16.766282999014948,15.809628006536514,17.72293799149338,0.0
1778567164,66,,Aggregated,0.300000,0.000000,0,0,0,0,0,0,0,0,0,0,0,62,0,19,19.676159258280325,8.40802000311669,36.41271698870696,0.0
1778567165,66,POST,chat/long,0.300000,0.000000,0,0,0,0,0,0,0,0,0,0,0,52,0,20,20.215082346952002,8.40802000311669,36.41271698870696,0.0
1778567165,66,POST,chat/medium,0.000000,0.000000,0,0,0,0,0,0,0,0,0,0,0,8,0,14,16.900628246730776,10.6017090001842,26.136296990443952,0.0
1778567165,66,POST,chat/short,0.000000,0.000000,0,0,0,0,0,0,0,0,0,0,0,2,0,16,16.766282999014948,15.809628006536514,17.72293799149338,0.0
1778567165,66,,Aggregated,0.300000,0.000000,0,0,0,0,0,0,0,0,0,0,0,62,0,19,19.676159258280325,8.40802000311669,36.41271698870696,0.0
1778567166,66,POST,chat/long,0.300000,0.000000,0,0,0,0,0,0,0,0,0,0,0,52,0,20,20.215082346952002,8.40802000311669,36.41271698870696,0.0
1778567166,66,POST,chat/medium,0.000000,0.000000,0,0,0,0,0,0,0,0,0,0,0,8,0,14,16.900628246730776,10.6017090001842,26.136296990443952,0.0
1778567166,66,POST,chat/short,0.000000,0.000000,0,0,0,0,0,0,0,0,0,0,0,2,0,16,16.766282999014948,15.809628006536514,17.72293799149338,0.0
1778567166,66,,Aggregated,0.300000,0.000000,0,0,0,0,0,0,0,0,0,0,0,62,0,19,19.676159258280325,8.40802000311669,36.41271698870696,0.0
1778567167,66,POST,chat/long,0.300000,0.000000,0,0,0,0,0,0,0,0,0,0,0,52,0,20,20.215082346952002,8.40802000311669,36.41271698870696,0.0
1778567167,66,POST,chat/medium,0.000000,0.000000,0,0,0,0,0,0,0,0,0,0,0,8,0,14,16.900628246730776,10.6017090001842,26.136296990443952,0.0
1778567167,66,POST,chat/short,0.000000,0.000000,0,0,0,0,0,0,0,0,0,0,0,2,0,16,16.766282999014948,15.809628006536514,17.72293799149338,0.0
1778567167,66,,Aggregated,0.300000,0.000000,0,0,0,0,0,0,0,0,0,0,0,62,0,19,19.676159258280325,8.40802000311669,36.41271698870696,0.0
1778567168,66,POST,chat/long,0.300000,0.000000,0,0,0,0,0,0,0,0,0,0,0,52,0,20,20.215082346952002,8.40802000311669,36.41271698870696,0.0
1778567168,66,POST,chat/medium,0.000000,0.000000,0,0,0,0,0,0,0,0,0,0,0,8,0,14,16.900628246730776,10.6017090001842,26.136296990443952,0.0
1778567168,66,POST,chat/short,0.000000,0.000000,0,0,0,0,0,0,0,0,0,0,0,2,0,16,16.766282999014948,15.809628006536514,17.72293799149338,0.0
1778567168,66,,Aggregated,0.300000,0.000000,0,0,0,0,0,0,0,0,0,0,0,62,0,19,19.676159258280325,8.40802000311669,36.41271698870696,0.0
1778567169,66,POST,chat/long,0.300000,0.000000,0,0,0,0,0,0,0,0,0,0,0,52,0,20,20.215082346952002,8.40802000311669,36.41271698870696,0.0
1778567169,66,POST,chat/medium,0.000000,0.000000,0,0,0,0,0,0,0,0,0,0,0,8,0,14,16.900628246730776,10.6017090001842,26.136296990443952,0.0
1778567169,66,POST,chat/short,0.000000,0.000000,0,0,0,0,0,0,0,0,0,0,0,2,0,16,16.766282999014948,15.809628006536514,17.72293799149338,0.0
1778567169,66,,Aggregated,0.300000,0.000000,0,0,0,0,0,0,0,0,0,0,0,62,0,19,19.676159258280325,8.40802000311669,36.41271698870696,0.0
1778567170,66,POST,chat/long,0.300000,0.000000,0,0,0,0,0,0,0,0,0,0,0,52,0,20,20.215082346952002,8.40802000311669,36.41271698870696,0.0
1778567170,66,POST,chat/medium,0.000000,0.000000,0,0,0,0,0,0,0,0,0,0,0,8,0,14,16.900628246730776,10.6017090001842,26.136296990443952,0.0
1778567170,66,POST,chat/short,0.000000,0.000000,0,0,0,0,0,0,0,0,0,0,0,2,0,16,16.766282999014948,15.809628006536514,17.72293799149338,0.0
1778567170,66,,Aggregated,0.300000,0.000000,0,0,0,0,0,0,0,0,0,0,0,62,0,19,19.676159258280325,8.40802000311669,36.41271698870696,0.0
1778567171,66,POST,chat/long,0.300000,0.000000,0,0,0,0,0,0,0,0,0,0,0,52,0,20,20.215082346952002,8.40802000311669,36.41271698870696,0.0
1778567171,66,POST,chat/medium,0.000000,0.000000,0,0,0,0,0,0,0,0,0,0,0,8,0,14,16.900628246730776,10.6017090001842,26.136296990443952,0.0
1778567171,66,POST,chat/short,0.000000,0.000000,0,0,0,0,0,0,0,0,0,0,0,2,0,16,16.766282999014948,15.809628006536514,17.72293799149338,0.0
1778567171,66,,Aggregated,0.300000,0.000000,0,0,0,0,0,0,0,0,0,0,0,62,0,19,19.676159258280325,8.40802000311669,36.41271698870696,0.0
1778567172,66,POST,chat/long,0.300000,0.000000,0,0,0,0,0,0,0,0,0,0,0,52,0,20,20.215082346952002,8.40802000311669,36.41271698870696,0.0
1778567172,66,POST,chat/medium,0.000000,0.000000,0,0,0,0,0,0,0,0,0,0,0,8,0,14,16.900628246730776,10.6017090001842,26.136296990443952,0.0
1778567172,66,POST,chat/short,0.000000,0.000000,0,0,0,0,0,0,0,0,0,0,0,2,0,16,16.766282999014948,15.809628006536514,17.72293799149338,0.0
1778567172,66,,Aggregated,0.300000,0.000000,0,0,0,0,0,0,0,0,0,0,0,62,0,19,19.676159258280325,8.40802000311669,36.41271698870696,0.0
1778567173,66,POST,chat/long,0.300000,0.000000,0,0,0,0,0,0,0,0,0,0,0,52,0,20,20.215082346952002,8.40802000311669,36.41271698870696,0.0
1778567173,66,POST,chat/medium,0.000000,0.000000,0,0,0,0,0,0,0,0,0,0,0,8,0,14,16.900628246730776,10.6017090001842,26.136296990443952,0.0
1778567173,66,POST,chat/short,0.000000,0.000000,0,0,0,0,0,0,0,0,0,0,0,2,0,16,16.766282999014948,15.809628006536514,17.72293799149338,0.0
1778567173,66,,Aggregated,0.300000,0.000000,0,0,0,0,0,0,0,0,0,0,0,62,0,19,19.676159258280325,8.40802000311669,36.41271698870696,0.0
1778567174,66,POST,chat/long,0.300000,0.000000,0,0,0,0,0,0,0,0,0,0,0,52,0,20,20.215082346952002,8.40802000311669,36.41271698870696,0.0
1778567174,66,POST,chat/medium,0.000000,0.000000,0,0,0,0,0,0,0,0,0,0,0,8,0,14,16.900628246730776,10.6017090001842,26.136296990443952,0.0
1778567174,66,POST,chat/short,0.000000,0.000000,0,0,0,0,0,0,0,0,0,0,0,2,0,16,16.766282999014948,15.809628006536514,17.72293799149338,0.0
1778567174,66,,Aggregated,0.300000,0.000000,0,0,0,0,0,0,0,0,0,0,0,62,0,19,19.676159258280325,8.40802000311669,36.41271698870696,0.0
1778567175,65,POST,chat/long,0.000000,0.000000,0,0,0,0,0,0,0,0,0,0,0,53,0,20,20.110223038431766,8.40802000311669,36.41271698870696,0.0
1778567175,65,POST,chat/medium,0.000000,0.000000,0,0,0,0,0,0,0,0,0,0,0,8,0,14,16.900628246730776,10.6017090001842,26.136296990443952,0.0
1778567175,65,POST,chat/short,0.000000,0.000000,0,0,0,0,0,0,0,0,0,0,0,2,0,16,16.766282999014948,15.809628006536514,17.72293799149338,0.0
1778567175,65,,Aggregated,0.000000,0.000000,0,0,0,0,0,0,0,0,0,0,0,63,0,19,19.59649861918666,8.40802000311669,36.41271698870696,0.0
1778567176,65,POST,chat/long,0.000000,0.000000,0,0,0,0,0,0,0,0,0,0,0,53,0,20,20.110223038431766,8.40802000311669,36.41271698870696,0.0
1778567176,65,POST,chat/medium,0.000000,0.000000,0,0,0,0,0,0,0,0,0,0,0,8,0,14,16.900628246730776,10.6017090001842,26.136296990443952,0.0
1778567176,65,POST,chat/short,0.000000,0.000000,0,0,0,0,0,0,0,0,0,0,0,2,0,16,16.766282999014948,15.809628006536514,17.72293799149338,0.0
1778567176,65,,Aggregated,0.000000,0.000000,0,0,0,0,0,0,0,0,0,0,0,63,0,19,19.59649861918666,8.40802000311669,36.41271698870696,0.0
1778567177,65,POST,chat/long,0.000000,0.000000,0,0,0,0,0,0,0,0,0,0,0,53,0,20,20.110223038431766,8.40802000311669,36.41271698870696,0.0
1778567177,65,POST,chat/medium,0.000000,0.000000,0,0,0,0,0,0,0,0,0,0,0,8,0,14,16.900628246730776,10.6017090001842,26.136296990443952,0.0
1778567177,65,POST,chat/short,0.000000,0.000000,0,0,0,0,0,0,0,0,0,0,0,2,0,16,16.766282999014948,15.809628006536514,17.72293799149338,0.0
1778567177,65,,Aggregated,0.000000,0.000000,0,0,0,0,0,0,0,0,0,0,0,63,0,19,19.59649861918666,8.40802000311669,36.41271698870696,0.0
1778567178,65,POST,chat/long,0.000000,0.000000,0,0,0,0,0,0,0,0,0,0,0,53,0,20,20.110223038431766,8.40802000311669,36.41271698870696,0.0
1778567178,65,POST,chat/medium,0.000000,0.000000,0,0,0,0,0,0,0,0,0,0,0,8,0,14,16.900628246730776,10.6017090001842,26.136296990443952,0.0
1778567178,65,POST,chat/short,0.000000,0.000000,0,0,0,0,0,0,0,0,0,0,0,2,0,16,16.766282999014948,15.809628006536514,17.72293799149338,0.0
1778567178,65,,Aggregated,0.000000,0.000000,0,0,0,0,0,0,0,0,0,0,0,63,0,19,19.59649861918666,8.40802000311669,36.41271698870696,0.0
1778567179,65,POST,chat/long,0.000000,0.000000,0,0,0,0,0,0,0,0,0,0,0,53,0,20,20.110223038431766,8.40802000311669,36.41271698870696,0.0
1778567179,65,POST,chat/medium,0.000000,0.000000,0,0,0,0,0,0,0,0,0,0,0,8,0,14,16.900628246730776,10.6017090001842,26.136296990443952,0.0
1778567179,65,POST,chat/short,0.000000,0.000000,0,0,0,0,0,0,0,0,0,0,0,2,0,16,16.766282999014948,15.809628006536514,17.72293799149338,0.0
1778567179,65,,Aggregated,0.000000,0.000000,0,0,0,0,0,0,0,0,0,0,0,63,0,19,19.59649861918666,8.40802000311669,36.41271698870696,0.0
1778567180,65,POST,chat/long,0.000000,0.000000,0,0,0,0,0,0,0,0,0,0,0,53,0,20,20.110223038431766,8.40802000311669,36.41271698870696,0.0
1778567180,65,POST,chat/medium,0.000000,0.000000,0,0,0,0,0,0,0,0,0,0,0,8,0,14,16.900628246730776,10.6017090001842,26.136296990443952,0.0
1778567180,65,POST,chat/short,0.000000,0.000000,0,0,0,0,0,0,0,0,0,0,0,2,0,16,16.766282999014948,15.809628006536514,17.72293799149338,0.0
1778567180,65,,Aggregated,0.000000,0.000000,0,0,0,0,0,0,0,0,0,0,0,63,0,19,19.59649861918666,8.40802000311669,36.41271698870696,0.0
1778567181,65,POST,chat/long,0.000000,0.000000,0,0,0,0,0,0,0,0,0,0,0,53,0,20,20.110223038431766,8.40802000311669,36.41271698870696,0.0
1778567181,65,POST,chat/medium,0.000000,0.000000,0,0,0,0,0,0,0,0,0,0,0,8,0,14,16.900628246730776,10.6017090001842,26.136296990443952,0.0
1778567181,65,POST,chat/short,0.000000,0.000000,0,0,0,0,0,0,0,0,0,0,0,2,0,16,16.766282999014948,15.809628006536514,17.72293799149338,0.0
1778567181,65,,Aggregated,0.000000,0.000000,0,0,0,0,0,0,0,0,0,0,0,63,0,19,19.59649861918666,8.40802000311669,36.41271698870696,0.0
1778567182,65,POST,chat/long,0.000000,0.000000,0,0,0,0,0,0,0,0,0,0,0,53,0,20,20.110223038431766,8.40802000311669,36.41271698870696,0.0
1778567182,65,POST,chat/medium,0.000000,0.000000,0,0,0,0,0,0,0,0,0,0,0,8,0,14,16.900628246730776,10.6017090001842,26.136296990443952,0.0
1778567182,65,POST,chat/short,0.000000,0.000000,0,0,0,0,0,0,0,0,0,0,0,2,0,16,16.766282999014948,15.809628006536514,17.72293799149338,0.0
1778567182,65,,Aggregated,0.000000,0.000000,0,0,0,0,0,0,0,0,0,0,0,63,0,19,19.59649861918666,8.40802000311669,36.41271698870696,0.0
1778567183,65,POST,chat/long,0.000000,0.000000,0,0,0,0,0,0,0,0,0,0,0,53,0,20,20.110223038431766,8.40802000311669,36.41271698870696,0.0
1778567183,65,POST,chat/medium,0.000000,0.000000,0,0,0,0,0,0,0,0,0,0,0,8,0,14,16.900628246730776,10.6017090001842,26.136296990443952,0.0
1778567183,65,POST,chat/short,0.000000,0.000000,0,0,0,0,0,0,0,0,0,0,0,2,0,16,16.766282999014948,15.809628006536514,17.72293799149338,0.0
1778567183,65,,Aggregated,0.000000,0.000000,0,0,0,0,0,0,0,0,0,0,0,63,0,19,19.59649861918666,8.40802000311669,36.41271698870696,0.0
1778567184,65,POST,chat/long,0.000000,0.000000,0,0,0,0,0,0,0,0,0,0,0,53,0,20,20.110223038431766,8.40802000311669,36.41271698870696,0.0
1778567184,65,POST,chat/medium,0.000000,0.000000,0,0,0,0,0,0,0,0,0,0,0,8,0,14,16.900628246730776,10.6017090001842,26.136296990443952,0.0
1778567184,65,POST,chat/short,0.000000,0.000000,0,0,0,0,0,0,0,0,0,0,0,2,0,16,16.766282999014948,15.809628006536514,17.72293799149338,0.0
1778567184,65,,Aggregated,0.000000,0.000000,0,0,0,0,0,0,0,0,0,0,0,63,0,19,19.59649861918666,8.40802000311669,36.41271698870696,0.0
1778567185,65,POST,chat/long,0.000000,0.000000,0,0,0,0,0,0,0,0,0,0,0,53,0,20,20.110223038431766,8.40802000311669,36.41271698870696,0.0
1778567185,65,POST,chat/medium,0.000000,0.000000,0,0,0,0,0,0,0,0,0,0,0,8,0,14,16.900628246730776,10.6017090001842,26.136296990443952,0.0
1778567185,65,POST,chat/short,0.000000,0.000000,0,0,0,0,0,0,0,0,0,0,0,2,0,16,16.766282999014948,15.809628006536514,17.72293799149338,0.0
1778567185,65,,Aggregated,0.000000,0.000000,0,0,0,0,0,0,0,0,0,0,0,63,0,19,19.59649861918666,8.40802000311669,36.41271698870696,0.0
1778567186,65,POST,chat/long,0.000000,0.000000,0,0,0,0,0,0,0,0,0,0,0,53,0,20,20.110223038431766,8.40802000311669,36.41271698870696,0.0
1778567186,65,POST,chat/medium,0.000000,0.000000,0,0,0,0,0,0,0,0,0,0,0,8,0,14,16.900628246730776,10.6017090001842,26.136296990443952,0.0
1778567186,65,POST,chat/short,0.000000,0.000000,0,0,0,0,0,0,0,0,0,0,0,2,0,16,16.766282999014948,15.809628006536514,17.72293799149338,0.0
1778567186,65,,Aggregated,0.000000,0.000000,0,0,0,0,0,0,0,0,0,0,0,63,0,19,19.59649861918666,8.40802000311669,36.41271698870696,0.0
1778567187,65,POST,chat/long,0.000000,0.000000,0,0,0,0,0,0,0,0,0,0,0,53,0,20,20.110223038431766,8.40802000311669,36.41271698870696,0.0
1778567187,65,POST,chat/medium,0.000000,0.000000,0,0,0,0,0,0,0,0,0,0,0,8,0,14,16.900628246730776,10.6017090001842,26.136296990443952,0.0
1778567187,65,POST,chat/short,0.000000,0.000000,0,0,0,0,0,0,0,0,0,0,0,2,0,16,16.766282999014948,15.809628006536514,17.72293799149338,0.0
1778567187,65,,Aggregated,0.000000,0.000000,0,0,0,0,0,0,0,0,0,0,0,63,0,19,19.59649861918666,8.40802000311669,36.41271698870696,0.0
1778567188,65,POST,chat/long,0.000000,0.000000,0,0,0,0,0,0,0,0,0,0,0,53,0,20,20.110223038431766,8.40802000311669,36.41271698870696,0.0
1778567188,65,POST,chat/medium,0.000000,0.000000,0,0,0,0,0,0,0,0,0,0,0,8,0,14,16.900628246730776,10.6017090001842,26.136296990443952,0.0
1778567188,65,POST,chat/short,0.000000,0.000000,0,0,0,0,0,0,0,0,0,0,0,2,0,16,16.766282999014948,15.809628006536514,17.72293799149338,0.0
1778567188,65,,Aggregated,0.000000,0.000000,0,0,0,0,0,0,0,0,0,0,0,63,0,19,19.59649861918666,8.40802000311669,36.41271698870696,0.0
1778567189,65,POST,chat/long,0.000000,0.000000,0,0,0,0,0,0,0,0,0,0,0,53,0,20,20.110223038431766,8.40802000311669,36.41271698870696,0.0
1778567189,65,POST,chat/medium,0.000000,0.000000,0,0,0,0,0,0,0,0,0,0,0,8,0,14,16.900628246730776,10.6017090001842,26.136296990443952,0.0
1778567189,65,POST,chat/short,0.000000,0.000000,0,0,0,0,0,0,0,0,0,0,0,2,0,16,16.766282999014948,15.809628006536514,17.72293799149338,0.0
1778567189,65,,Aggregated,0.000000,0.000000,0,0,0,0,0,0,0,0,0,0,0,63,0,19,19.59649861918666,8.40802000311669,36.41271698870696,0.0
1778567190,64,POST,chat/long,0.000000,0.000000,17,17,17,17,17,17,17,17,17,17,17,54,0,20,20.054116278414668,8.40802000311669,36.41271698870696,0.0
1778567190,64,POST,chat/medium,0.000000,0.000000,0,0,0,0,0,0,0,0,0,0,0,8,0,14,16.900628246730776,10.6017090001842,26.136296990443952,0.0
1778567190,64,POST,chat/short,0.000000,0.000000,0,0,0,0,0,0,0,0,0,0,0,2,0,16,16.766282999014948,15.809628006536514,17.72293799149338,0.0
1778567190,64,,Aggregated,0.000000,0.000000,17,17,17,17,17,17,17,17,17,17,17,64,0,19,19.55718548447294,8.40802000311669,36.41271698870696,0.0
1778567191,64,POST,chat/long,0.000000,0.000000,0,0,0,0,0,0,0,0,0,0,0,54,0,20,20.054116278414668,8.40802000311669,36.41271698870696,0.0
1778567191,64,POST,chat/medium,0.000000,0.000000,0,0,0,0,0,0,0,0,0,0,0,8,0,14,16.900628246730776,10.6017090001842,26.136296990443952,0.0
1778567191,64,POST,chat/short,0.000000,0.000000,0,0,0,0,0,0,0,0,0,0,0,2,0,16,16.766282999014948,15.809628006536514,17.72293799149338,0.0
1778567191,64,,Aggregated,0.000000,0.000000,0,0,0,0,0,0,0,0,0,0,0,64,0,19,19.55718548447294,8.40802000311669,36.41271698870696,0.0
1778567192,64,POST,chat/long,0.000000,0.000000,0,0,0,0,0,0,0,0,0,0,0,54,0,20,20.054116278414668,8.40802000311669,36.41271698870696,0.0
1778567192,64,POST,chat/medium,0.000000,0.000000,0,0,0,0,0,0,0,0,0,0,0,8,0,14,16.900628246730776,10.6017090001842,26.136296990443952,0.0
1778567192,64,POST,chat/short,0.000000,0.000000,0,0,0,0,0,0,0,0,0,0,0,2,0,16,16.766282999014948,15.809628006536514,17.72293799149338,0.0
1778567192,64,,Aggregated,0.000000,0.000000,0,0,0,0,0,0,0,0,0,0,0,64,0,19,19.55718548447294,8.40802000311669,36.41271698870696,0.0
1778567193,64,POST,chat/long,0.000000,0.000000,0,0,0,0,0,0,0,0,0,0,0,54,0,20,20.054116278414668,8.40802000311669,36.41271698870696,0.0
1778567193,64,POST,chat/medium,0.000000,0.000000,0,0,0,0,0,0,0,0,0,0,0,8,0,14,16.900628246730776,10.6017090001842,26.136296990443952,0.0
1778567193,64,POST,chat/short,0.000000,0.000000,0,0,0,0,0,0,0,0,0,0,0,2,0,16,16.766282999014948,15.809628006536514,17.72293799149338,0.0
1778567193,64,,Aggregated,0.000000,0.000000,0,0,0,0,0,0,0,0,0,0,0,64,0,19,19.55718548447294,8.40802000311669,36.41271698870696,0.0
1778567194,64,POST,chat/long,0.000000,0.000000,0,0,0,0,0,0,0,0,0,0,0,54,0,20,20.054116278414668,8.40802000311669,36.41271698870696,0.0
1778567194,64,POST,chat/medium,0.000000,0.000000,0,0,0,0,0,0,0,0,0,0,0,8,0,14,16.900628246730776,10.6017090001842,26.136296990443952,0.0
1778567194,64,POST,chat/short,0.000000,0.000000,0,0,0,0,0,0,0,0,0,0,0,2,0,16,16.766282999014948,15.809628006536514,17.72293799149338,0.0
1778567194,64,,Aggregated,0.000000,0.000000,0,0,0,0,0,0,0,0,0,0,0,64,0,19,19.55718548447294,8.40802000311669,36.41271698870696,0.0
1778567195,64,POST,chat/long,0.000000,0.000000,0,0,0,0,0,0,0,0,0,0,0,54,0,20,20.054116278414668,8.40802000311669,36.41271698870696,0.0
1778567195,64,POST,chat/medium,0.000000,0.000000,0,0,0,0,0,0,0,0,0,0,0,8,0,14,16.900628246730776,10.6017090001842,26.136296990443952,0.0
1778567195,64,POST,chat/short,0.000000,0.000000,0,0,0,0,0,0,0,0,0,0,0,2,0,16,16.766282999014948,15.809628006536514,17.72293799149338,0.0
1778567195,64,,Aggregated,0.000000,0.000000,0,0,0,0,0,0,0,0,0,0,0,64,0,19,19.55718548447294,8.40802000311669,36.41271698870696,0.0
1778567196,64,POST,chat/long,0.000000,0.000000,0,0,0,0,0,0,0,0,0,0,0,54,0,20,20.054116278414668,8.40802000311669,36.41271698870696,0.0
1778567196,64,POST,chat/medium,0.000000,0.000000,0,0,0,0,0,0,0,0,0,0,0,8,0,14,16.900628246730776,10.6017090001842,26.136296990443952,0.0
1778567196,64,POST,chat/short,0.000000,0.000000,0,0,0,0,0,0,0,0,0,0,0,2,0,16,16.766282999014948,15.809628006536514,17.72293799149338,0.0
1778567196,64,,Aggregated,0.000000,0.000000,0,0,0,0,0,0,0,0,0,0,0,64,0,19,19.55718548447294,8.40802000311669,36.41271698870696,0.0
1778567197,64,POST,chat/long,0.000000,0.000000,0,0,0,0,0,0,0,0,0,0,0,54,0,20,20.054116278414668,8.40802000311669,36.41271698870696,0.0
1778567197,64,POST,chat/medium,0.000000,0.000000,0,0,0,0,0,0,0,0,0,0,0,8,0,14,16.900628246730776,10.6017090001842,26.136296990443952,0.0
1778567197,64,POST,chat/short,0.000000,0.000000,0,0,0,0,0,0,0,0,0,0,0,2,0,16,16.766282999014948,15.809628006536514,17.72293799149338,0.0
1778567197,64,,Aggregated,0.000000,0.000000,0,0,0,0,0,0,0,0,0,0,0,64,0,19,19.55718548447294,8.40802000311669,36.41271698870696,0.0
1778567198,64,POST,chat/long,0.000000,0.000000,0,0,0,0,0,0,0,0,0,0,0,54,0,20,20.054116278414668,8.40802000311669,36.41271698870696,0.0
1778567198,64,POST,chat/medium,0.000000,0.000000,0,0,0,0,0,0,0,0,0,0,0,8,0,14,16.900628246730776,10.6017090001842,26.136296990443952,0.0
1778567198,64,POST,chat/short,0.000000,0.000000,0,0,0,0,0,0,0,0,0,0,0,2,0,16,16.766282999014948,15.809628006536514,17.72293799149338,0.0
1778567198,64,,Aggregated,0.000000,0.000000,0,0,0,0,0,0,0,0,0,0,0,64,0,19,19.55718548447294,8.40802000311669,36.41271698870696,0.0
1778567199,63,POST,chat/long,0.100000,0.000000,17,17,17,17,17,17,17,17,17,17,17,55,0,20,20.006508873352274,8.40802000311669,36.41271698870696,0.0
1778567199,63,POST,chat/medium,0.000000,0.000000,0,0,0,0,0,0,0,0,0,0,0,8,0,14,16.900628246730776,10.6017090001842,26.136296990443952,0.0
1778567199,63,POST,chat/short,0.000000,0.000000,0,0,0,0,0,0,0,0,0,0,0,2,0,16,16.766282999014948,15.809628006536514,17.72293799149338,0.0
1778567199,63,,Aggregated,0.100000,0.000000,17,17,17,17,17,17,17,17,17,17,17,65,0,19,19.524547384711557,8.40802000311669,36.41271698870696,0.0
1778567200,63,POST,chat/long,0.100000,0.000000,17,17,17,17,17,17,17,17,17,17,17,55,0,20,20.006508873352274,8.40802000311669,36.41271698870696,0.0
1778567200,63,POST,chat/medium,0.000000,0.000000,0,0,0,0,0,0,0,0,0,0,0,8,0,14,16.900628246730776,10.6017090001842,26.136296990443952,0.0
1778567200,63,POST,chat/short,0.000000,0.000000,0,0,0,0,0,0,0,0,0,0,0,2,0,16,16.766282999014948,15.809628006536514,17.72293799149338,0.0
1778567200,63,,Aggregated,0.100000,0.000000,17,17,17,17,17,17,17,17,17,17,17,65,0,19,19.524547384711557,8.40802000311669,36.41271698870696,0.0
1778567201,62,POST,chat/long,0.100000,0.000000,17,17,17,17,17,17,17,17,17,17,17,55,0,20,20.006508873352274,8.40802000311669,36.41271698870696,0.0
1778567201,62,POST,chat/medium,0.000000,0.000000,0,0,0,0,0,0,0,0,0,0,0,8,0,14,16.900628246730776,10.6017090001842,26.136296990443952,0.0
1778567201,62,POST,chat/short,0.000000,0.000000,0,0,0,0,0,0,0,0,0,0,0,2,0,16,16.766282999014948,15.809628006536514,17.72293799149338,0.0
1778567201,62,,Aggregated,0.100000,0.000000,17,17,17,17,17,17,17,17,17,17,17,65,0,19,19.524547384711557,8.40802000311669,36.41271698870696,0.0
1778567202,62,POST,chat/long,0.100000,0.000000,0,0,0,0,0,0,0,0,0,0,0,55,0,20,20.006508873352274,8.40802000311669,36.41271698870696,0.0
1778567202,62,POST,chat/medium,0.000000,0.000000,0,0,0,0,0,0,0,0,0,0,0,8,0,14,16.900628246730776,10.6017090001842,26.136296990443952,0.0
1778567202,62,POST,chat/short,0.000000,0.000000,0,0,0,0,0,0,0,0,0,0,0,2,0,16,16.766282999014948,15.809628006536514,17.72293799149338,0.0
1778567202,62,,Aggregated,0.100000,0.000000,0,0,0,0,0,0,0,0,0,0,0,65,0,19,19.524547384711557,8.40802000311669,36.41271698870696,0.0
1778567203,62,POST,chat/long,0.100000,0.000000,0,0,0,0,0,0,0,0,0,0,0,55,0,20,20.006508873352274,8.40802000311669,36.41271698870696,0.0
1778567203,62,POST,chat/medium,0.000000,0.000000,0,0,0,0,0,0,0,0,0,0,0,8,0,14,16.900628246730776,10.6017090001842,26.136296990443952,0.0
1778567203,62,POST,chat/short,0.000000,0.000000,0,0,0,0,0,0,0,0,0,0,0,2,0,16,16.766282999014948,15.809628006536514,17.72293799149338,0.0
1778567203,62,,Aggregated,0.100000,0.000000,0,0,0,0,0,0,0,0,0,0,0,65,0,19,19.524547384711557,8.40802000311669,36.41271698870696,0.0
1778567204,62,POST,chat/long,0.100000,0.000000,0,0,0,0,0,0,0,0,0,0,0,55,0,20,20.006508873352274,8.40802000311669,36.41271698870696,0.0
1778567204,62,POST,chat/medium,0.000000,0.000000,0,0,0,0,0,0,0,0,0,0,0,8,0,14,16.900628246730776,10.6017090001842,26.136296990443952,0.0
1778567204,62,POST,chat/short,0.000000,0.000000,0,0,0,0,0,0,0,0,0,0,0,2,0,16,16.766282999014948,15.809628006536514,17.72293799149338,0.0
1778567204,62,,Aggregated,0.100000,0.000000,0,0,0,0,0,0,0,0,0,0,0,65,0,19,19.524547384711557,8.40802000311669,36.41271698870696,0.0
1778567205,62,POST,chat/long,0.100000,0.000000,0,0,0,0,0,0,0,0,0,0,0,55,0,20,20.006508873352274,8.40802000311669,36.41271698870696,0.0
1778567205,62,POST,chat/medium,0.000000,0.000000,0,0,0,0,0,0,0,0,0,0,0,8,0,14,16.900628246730776,10.6017090001842,26.136296990443952,0.0
1778567205,62,POST,chat/short,0.000000,0.000000,0,0,0,0,0,0,0,0,0,0,0,2,0,16,16.766282999014948,15.809628006536514,17.72293799149338,0.0
1778567205,62,,Aggregated,0.100000,0.000000,0,0,0,0,0,0,0,0,0,0,0,65,0,19,19.524547384711557,8.40802000311669,36.41271698870696,0.0
1778567206,62,POST,chat/long,0.100000,0.000000,0,0,0,0,0,0,0,0,0,0,0,55,0,20,20.006508873352274,8.40802000311669,36.41271698870696,0.0
1778567206,62,POST,chat/medium,0.000000,0.000000,0,0,0,0,0,0,0,0,0,0,0,8,0,14,16.900628246730776,10.6017090001842,26.136296990443952,0.0
1778567206,62,POST,chat/short,0.000000,0.000000,0,0,0,0,0,0,0,0,0,0,0,2,0,16,16.766282999014948,15.809628006536514,17.72293799149338,0.0
1778567206,62,,Aggregated,0.100000,0.000000,0,0,0,0,0,0,0,0,0,0,0,65,0,19,19.524547384711557,8.40802000311669,36.41271698870696,0.0
1778567207,62,POST,chat/long,0.100000,0.000000,0,0,0,0,0,0,0,0,0,0,0,55,0,20,20.006508873352274,8.40802000311669,36.41271698870696,0.0
1778567207,62,POST,chat/medium,0.000000,0.000000,0,0,0,0,0,0,0,0,0,0,0,8,0,14,16.900628246730776,10.6017090001842,26.136296990443952,0.0
1778567207,62,POST,chat/short,0.000000,0.000000,0,0,0,0,0,0,0,0,0,0,0,2,0,16,16.766282999014948,15.809628006536514,17.72293799149338,0.0
1778567207,62,,Aggregated,0.100000,0.000000,0,0,0,0,0,0,0,0,0,0,0,65,0,19,19.524547384711557,8.40802000311669,36.41271698870696,0.0
1778567208,61,POST,chat/long,0.100000,0.000000,22,22,22,22,22,22,22,22,22,22,22,56,0,20,20.041652768278645,8.40802000311669,36.41271698870696,0.0
1778567208,61,POST,chat/medium,0.000000,0.000000,0,0,0,0,0,0,0,0,0,0,0,8,0,14,16.900628246730776,10.6017090001842,26.136296990443952,0.0
1778567208,61,POST,chat/short,0.000000,0.000000,0,0,0,0,0,0,0,0,0,0,0,2,0,16,16.766282999014948,15.809628006536514,17.72293799149338,0.0
1778567208,61,,Aggregated,0.100000,0.000000,22,22,22,22,22,22,22,22,22,22,22,66,0,19,19.561668893870912,8.40802000311669,36.41271698870696,0.0
1778567209,61,POST,chat/long,0.100000,0.000000,22,22,22,22,22,22,22,22,22,22,22,56,0,20,20.041652768278645,8.40802000311669,36.41271698870696,0.0
1778567209,61,POST,chat/medium,0.000000,0.000000,0,0,0,0,0,0,0,0,0,0,0,8,0,14,16.900628246730776,10.6017090001842,26.136296990443952,0.0
1778567209,61,POST,chat/short,0.000000,0.000000,0,0,0,0,0,0,0,0,0,0,0,2,0,16,16.766282999014948,15.809628006536514,17.72293799149338,0.0
1778567209,61,,Aggregated,0.100000,0.000000,22,22,22,22,22,22,22,22,22,22,22,66,0,19,19.561668893870912,8.40802000311669,36.41271698870696,0.0
1778567210,61,POST,chat/long,0.100000,0.000000,22,22,22,22,22,22,22,22,22,22,22,56,0,20,20.041652768278645,8.40802000311669,36.41271698870696,0.0
1778567210,61,POST,chat/medium,0.000000,0.000000,0,0,0,0,0,0,0,0,0,0,0,8,0,14,16.900628246730776,10.6017090001842,26.136296990443952,0.0
1778567210,61,POST,chat/short,0.000000,0.000000,0,0,0,0,0,0,0,0,0,0,0,2,0,16,16.766282999014948,15.809628006536514,17.72293799149338,0.0
1778567210,61,,Aggregated,0.100000,0.000000,22,22,22,22,22,22,22,22,22,22,22,66,0,19,19.561668893870912,8.40802000311669,36.41271698870696,0.0
1778567211,61,POST,chat/long,0.100000,0.000000,22,22,22,22,22,22,22,22,22,22,22,56,0,20,20.041652768278645,8.40802000311669,36.41271698870696,0.0
1778567211,61,POST,chat/medium,0.000000,0.000000,0,0,0,0,0,0,0,0,0,0,0,8,0,14,16.900628246730776,10.6017090001842,26.136296990443952,0.0
1778567211,61,POST,chat/short,0.000000,0.000000,0,0,0,0,0,0,0,0,0,0,0,2,0,16,16.766282999014948,15.809628006536514,17.72293799149338,0.0
1778567211,61,,Aggregated,0.100000,0.000000,22,22,22,22,22,22,22,22,22,22,22,66,0,19,19.561668893870912,8.40802000311669,36.41271698870696,0.0
1778567212,61,POST,chat/long,0.100000,0.000000,0,0,0,0,0,0,0,0,0,0,0,56,0,20,20.041652768278645,8.40802000311669,36.41271698870696,0.0
1778567212,61,POST,chat/medium,0.000000,0.000000,0,0,0,0,0,0,0,0,0,0,0,8,0,14,16.900628246730776,10.6017090001842,26.136296990443952,0.0
1778567212,61,POST,chat/short,0.000000,0.000000,0,0,0,0,0,0,0,0,0,0,0,2,0,16,16.766282999014948,15.809628006536514,17.72293799149338,0.0
1778567212,61,,Aggregated,0.100000,0.000000,0,0,0,0,0,0,0,0,0,0,0,66,0,19,19.561668893870912,8.40802000311669,36.41271698870696,0.0
1778567213,61,POST,chat/long,0.100000,0.000000,0,0,0,0,0,0,0,0,0,0,0,56,0,20,20.041652768278645,8.40802000311669,36.41271698870696,0.0
1778567213,61,POST,chat/medium,0.000000,0.000000,0,0,0,0,0,0,0,0,0,0,0,8,0,14,16.900628246730776,10.6017090001842,26.136296990443952,0.0
1778567213,61,POST,chat/short,0.000000,0.000000,0,0,0,0,0,0,0,0,0,0,0,2,0,16,16.766282999014948,15.809628006536514,17.72293799149338,0.0
1778567213,61,,Aggregated,0.100000,0.000000,0,0,0,0,0,0,0,0,0,0,0,66,0,19,19.561668893870912,8.40802000311669,36.41271698870696,0.0
1778567214,61,POST,chat/long,0.100000,0.000000,0,0,0,0,0,0,0,0,0,0,0,56,0,20,20.041652768278645,8.40802000311669,36.41271698870696,0.0
1778567214,61,POST,chat/medium,0.000000,0.000000,0,0,0,0,0,0,0,0,0,0,0,8,0,14,16.900628246730776,10.6017090001842,26.136296990443952,0.0
1778567214,61,POST,chat/short,0.000000,0.000000,0,0,0,0,0,0,0,0,0,0,0,2,0,16,16.766282999014948,15.809628006536514,17.72293799149338,0.0
1778567214,61,,Aggregated,0.100000,0.000000,0,0,0,0,0,0,0,0,0,0,0,66,0,19,19.561668893870912,8.40802000311669,36.41271698870696,0.0
1778567215,61,POST,chat/long,0.100000,0.000000,0,0,0,0,0,0,0,0,0,0,0,56,0,20,20.041652768278645,8.40802000311669,36.41271698870696,0.0
1778567215,61,POST,chat/medium,0.000000,0.000000,0,0,0,0,0,0,0,0,0,0,0,8,0,14,16.900628246730776,10.6017090001842,26.136296990443952,0.0
1778567215,61,POST,chat/short,0.000000,0.000000,0,0,0,0,0,0,0,0,0,0,0,2,0,16,16.766282999014948,15.809628006536514,17.72293799149338,0.0
1778567215,61,,Aggregated,0.100000,0.000000,0,0,0,0,0,0,0,0,0,0,0,66,0,19,19.561668893870912,8.40802000311669,36.41271698870696,0.0
1778567216,61,POST,chat/long,0.100000,0.000000,0,0,0,0,0,0,0,0,0,0,0,56,0,20,20.041652768278645,8.40802000311669,36.41271698870696,0.0
1778567216,61,POST,chat/medium,0.000000,0.000000,0,0,0,0,0,0,0,0,0,0,0,8,0,14,16.900628246730776,10.6017090001842,26.136296990443952,0.0
1778567216,61,POST,chat/short,0.000000,0.000000,0,0,0,0,0,0,0,0,0,0,0,2,0,16,16.766282999014948,15.809628006536514,17.72293799149338,0.0
1778567216,61,,Aggregated,0.100000,0.000000,0,0,0,0,0,0,0,0,0,0,0,66,0,19,19.561668893870912,8.40802000311669,36.41271698870696,0.0
1778567217,61,POST,chat/long,0.100000,0.000000,0,0,0,0,0,0,0,0,0,0,0,56,0,20,20.041652768278645,8.40802000311669,36.41271698870696,0.0
1778567217,61,POST,chat/medium,0.000000,0.000000,0,0,0,0,0,0,0,0,0,0,0,8,0,14,16.900628246730776,10.6017090001842,26.136296990443952,0.0
1778567217,61,POST,chat/short,0.000000,0.000000,0,0,0,0,0,0,0,0,0,0,0,2,0,16,16.766282999014948,15.809628006536514,17.72293799149338,0.0
1778567217,61,,Aggregated,0.100000,0.000000,0,0,0,0,0,0,0,0,0,0,0,66,0,19,19.561668893870912,8.40802000311669,36.41271698870696,0.0
1778567218,61,POST,chat/long,0.100000,0.000000,0,0,0,0,0,0,0,0,0,0,0,56,0,20,20.041652768278645,8.40802000311669,36.41271698870696,0.0
1778567218,61,POST,chat/medium,0.000000,0.000000,0,0,0,0,0,0,0,0,0,0,0,8,0,14,16.900628246730776,10.6017090001842,26.136296990443952,0.0
1778567218,61,POST,chat/short,0.000000,0.000000,0,0,0,0,0,0,0,0,0,0,0,2,0,16,16.766282999014948,15.809628006536514,17.72293799149338,0.0
1778567218,61,,Aggregated,0.100000,0.000000,0,0,0,0,0,0,0,0,0,0,0,66,0,19,19.561668893870912,8.40802000311669,36.41271698870696,0.0
1778567219,61,POST,chat/long,0.100000,0.000000,0,0,0,0,0,0,0,0,0,0,0,56,0,20,20.041652768278645,8.40802000311669,36.41271698870696,0.0
1778567219,61,POST,chat/medium,0.000000,0.000000,0,0,0,0,0,0,0,0,0,0,0,8,0,14,16.900628246730776,10.6017090001842,26.136296990443952,0.0
1778567219,61,POST,chat/short,0.000000,0.000000,0,0,0,0,0,0,0,0,0,0,0,2,0,16,16.766282999014948,15.809628006536514,17.72293799149338,0.0
1778567219,61,,Aggregated,0.100000,0.000000,0,0,0,0,0,0,0,0,0,0,0,66,0,19,19.561668893870912,8.40802000311669,36.41271698870696,0.0
1778567220,60,POST,chat/long,0.100000,0.000000,0,0,0,0,0,0,0,0,0,0,0,56,0,20,20.041652768278645,8.40802000311669,36.41271698870696,0.0
1778567220,60,POST,chat/medium,0.000000,0.000000,0,0,0,0,0,0,0,0,0,0,0,8,0,14,16.900628246730776,10.6017090001842,26.136296990443952,0.0
1778567220,60,POST,chat/short,0.000000,0.000000,0,0,0,0,0,0,0,0,0,0,0,2,0,16,16.766282999014948,15.809628006536514,17.72293799149338,0.0
1778567220,60,,Aggregated,0.100000,0.000000,0,0,0,0,0,0,0,0,0,0,0,66,0,19,19.561668893870912,8.40802000311669,36.41271698870696,0.0
1778567221,60,POST,chat/long,0.100000,0.000000,0,0,0,0,0,0,0,0,0,0,0,56,0,20,20.041652768278645,8.40802000311669,36.41271698870696,0.0
1778567221,60,POST,chat/medium,0.000000,0.000000,0,0,0,0,0,0,0,0,0,0,0,8,0,14,16.900628246730776,10.6017090001842,26.136296990443952,0.0
1778567221,60,POST,chat/short,0.000000,0.000000,0,0,0,0,0,0,0,0,0,0,0,2,0,16,16.766282999014948,15.809628006536514,17.72293799149338,0.0
1778567221,60,,Aggregated,0.100000,0.000000,0,0,0,0,0,0,0,0,0,0,0,66,0,19,19.561668893870912,8.40802000311669,36.41271698870696,0.0
1778567222,59,POST,chat/long,0.000000,0.000000,14,14,14,14,14,14,14,14,14,14,14,57,0,20,19.92823093008299,8.40802000311669,36.41271698870696,0.0
1778567222,59,POST,chat/medium,0.000000,0.000000,0,0,0,0,0,0,0,0,0,0,0,8,0,14,16.900628246730776,10.6017090001842,26.136296990443952,0.0
1778567222,59,POST,chat/short,0.000000,0.000000,0,0,0,0,0,0,0,0,0,0,0,2,0,16,16.766282999014948,15.809628006536514,17.72293799149338,0.0
1778567222,59,,Aggregated,0.000000,0.000000,14,14,14,14,14,14,14,14,14,14,14,67,0,19,19.472339626665768,8.40802000311669,36.41271698870696,0.0
1778567223,57,POST,chat/long,0.000000,0.000000,18,18,18,18,18,18,18,18,18,18,18,58,0,20,19.89534813840472,8.40802000311669,36.41271698870696,0.0
1778567223,57,POST,chat/medium,0.000000,0.000000,0,0,0,0,0,0,0,0,0,0,0,8,0,14,16.900628246730776,10.6017090001842,26.136296990443952,0.0
1778567223,57,POST,chat/short,0.000000,0.000000,0,0,0,0,0,0,0,0,0,0,0,2,0,16,16.766282999014948,15.809628006536514,17.72293799149338,0.0
1778567223,57,,Aggregated,0.000000,0.000000,18,18,18,18,18,18,18,18,18,18,18,68,0,19,19.45099682351985,8.40802000311669,36.41271698870696,0.0
1778567224,57,POST,chat/long,0.000000,0.000000,18,18,18,18,18,18,18,18,18,18,18,58,0,20,19.89534813840472,8.40802000311669,36.41271698870696,0.0
1778567224,57,POST,chat/medium,0.000000,0.000000,0,0,0,0,0,0,0,0,0,0,0,8,0,14,16.900628246730776,10.6017090001842,26.136296990443952,0.0
1778567224,57,POST,chat/short,0.000000,0.000000,0,0,0,0,0,0,0,0,0,0,0,2,0,16,16.766282999014948,15.809628006536514,17.72293799149338,0.0
1778567224,57,,Aggregated,0.000000,0.000000,18,18,18,18,18,18,18,18,18,18,18,68,0,19,19.45099682351985,8.40802000311669,36.41271698870696,0.0
1778567225,57,POST,chat/long,0.000000,0.000000,18,18,18,18,18,18,18,18,18,18,18,58,0,20,19.89534813840472,8.40802000311669,36.41271698870696,0.0
1778567225,57,POST,chat/medium,0.000000,0.000000,0,0,0,0,0,0,0,0,0,0,0,8,0,14,16.900628246730776,10.6017090001842,26.136296990443952,0.0
1778567225,57,POST,chat/short,0.000000,0.000000,0,0,0,0,0,0,0,0,0,0,0,2,0,16,16.766282999014948,15.809628006536514,17.72293799149338,0.0
1778567225,57,,Aggregated,0.000000,0.000000,18,18,18,18,18,18,18,18,18,18,18,68,0,19,19.45099682351985,8.40802000311669,36.41271698870696,0.0
1778567226,57,POST,chat/long,0.000000,0.000000,18,18,18,18,18,18,18,18,18,18,18,58,0,20,19.89534813840472,8.40802000311669,36.41271698870696,0.0
1778567226,57,POST,chat/medium,0.000000,0.000000,0,0,0,0,0,0,0,0,0,0,0,8,0,14,16.900628246730776,10.6017090001842,26.136296990443952,0.0
1778567226,57,POST,chat/short,0.000000,0.000000,0,0,0,0,0,0,0,0,0,0,0,2,0,16,16.766282999014948,15.809628006536514,17.72293799149338,0.0
1778567226,57,,Aggregated,0.000000,0.000000,18,18,18,18,18,18,18,18,18,18,18,68,0,19,19.45099682351985,8.40802000311669,36.41271698870696,0.0
1778567227,57,POST,chat/long,0.000000,0.000000,18,18,18,18,18,18,18,18,18,18,18,58,0,20,19.89534813840472,8.40802000311669,36.41271698870696,0.0
1778567227,57,POST,chat/medium,0.000000,0.000000,0,0,0,0,0,0,0,0,0,0,0,8,0,14,16.900628246730776,10.6017090001842,26.136296990443952,0.0
1778567227,57,POST,chat/short,0.000000,0.000000,0,0,0,0,0,0,0,0,0,0,0,2,0,16,16.766282999014948,15.809628006536514,17.72293799149338,0.0
1778567227,57,,Aggregated,0.000000,0.000000,18,18,18,18,18,18,18,18,18,18,18,68,0,19,19.45099682351985,8.40802000311669,36.41271698870696,0.0
1778567228,57,POST,chat/long,0.000000,0.000000,18,18,18,18,18,18,18,18,18,18,18,58,0,20,19.89534813840472,8.40802000311669,36.41271698870696,0.0
1778567228,57,POST,chat/medium,0.000000,0.000000,0,0,0,0,0,0,0,0,0,0,0,8,0,14,16.900628246730776,10.6017090001842,26.136296990443952,0.0
1778567228,57,POST,chat/short,0.000000,0.000000,0,0,0,0,0,0,0,0,0,0,0,2,0,16,16.766282999014948,15.809628006536514,17.72293799149338,0.0
1778567228,57,,Aggregated,0.000000,0.000000,18,18,18,18,18,18,18,18,18,18,18,68,0,19,19.45099682351985,8.40802000311669,36.41271698870696,0.0
1778567229,56,POST,chat/long,0.200000,0.000000,25,25,25,25,25,25,25,25,25,25,25,59,0,20,19.973719983620143,8.40802000311669,36.41271698870696,0.0
1778567229,56,POST,chat/medium,0.000000,0.000000,0,0,0,0,0,0,0,0,0,0,0,8,0,14,16.900628246730776,10.6017090001842,26.136296990443952,0.0
1778567229,56,POST,chat/short,0.000000,0.000000,0,0,0,0,0,0,0,0,0,0,0,2,0,16,16.766282999014948,15.809628006536514,17.72293799149338,0.0
1778567229,56,,Aggregated,0.200000,0.000000,25,25,25,25,25,25,25,25,25,25,25,69,0,19,19.524450304427024,8.40802000311669,36.41271698870696,0.0
1778567230,56,POST,chat/long,0.200000,0.000000,25,25,25,25,25,25,25,25,25,25,25,59,0,20,19.973719983620143,8.40802000311669,36.41271698870696,0.0
1778567230,56,POST,chat/medium,0.000000,0.000000,0,0,0,0,0,0,0,0,0,0,0,8,0,14,16.900628246730776,10.6017090001842,26.136296990443952,0.0
1778567230,56,POST,chat/short,0.000000,0.000000,0,0,0,0,0,0,0,0,0,0,0,2,0,16,16.766282999014948,15.809628006536514,17.72293799149338,0.0
1778567230,56,,Aggregated,0.200000,0.000000,25,25,25,25,25,25,25,25,25,25,25,69,0,19,19.524450304427024,8.40802000311669,36.41271698870696,0.0
1778567231,56,POST,chat/long,0.200000,0.000000,25,25,25,25,25,25,25,25,25,25,25,59,0,20,19.973719983620143,8.40802000311669,36.41271698870696,0.0
1778567231,56,POST,chat/medium,0.000000,0.000000,0,0,0,0,0,0,0,0,0,0,0,8,0,14,16.900628246730776,10.6017090001842,26.136296990443952,0.0
1778567231,56,POST,chat/short,0.000000,0.000000,0,0,0,0,0,0,0,0,0,0,0,2,0,16,16.766282999014948,15.809628006536514,17.72293799149338,0.0
1778567231,56,,Aggregated,0.200000,0.000000,25,25,25,25,25,25,25,25,25,25,25,69,0,19,19.524450304427024,8.40802000311669,36.41271698870696,0.0
1778567232,54,POST,chat/long,0.300000,0.000000,25,25,25,25,25,25,25,25,25,25,25,60,0,20,19.92791296725045,8.40802000311669,36.41271698870696,0.0
1778567232,54,POST,chat/medium,0.000000,0.000000,0,0,0,0,0,0,0,0,0,0,0,8,0,14,16.900628246730776,10.6017090001842,26.136296990443952,0.0
1778567232,54,POST,chat/short,0.000000,0.000000,0,0,0,0,0,0,0,0,0,0,0,2,0,16,16.766282999014948,15.809628006536514,17.72293799149338,0.0
1778567232,54,,Aggregated,0.300000,0.000000,25,25,25,25,25,25,25,25,25,25,25,70,0,19,19.491605285812902,8.40802000311669,36.41271698870696,0.0
1778567233,54,POST,chat/long,0.300000,0.000000,25,25,25,25,25,25,25,25,25,25,25,60,0,20,19.92791296725045,8.40802000311669,36.41271698870696,0.0
1778567233,54,POST,chat/medium,0.000000,0.000000,0,0,0,0,0,0,0,0,0,0,0,8,0,14,16.900628246730776,10.6017090001842,26.136296990443952,0.0
1778567233,54,POST,chat/short,0.000000,0.000000,0,0,0,0,0,0,0,0,0,0,0,2,0,16,16.766282999014948,15.809628006536514,17.72293799149338,0.0
1778567233,54,,Aggregated,0.300000,0.000000,25,25,25,25,25,25,25,25,25,25,25,70,0,19,19.491605285812902,8.40802000311669,36.41271698870696,0.0
1778567234,53,POST,chat/long,0.300000,0.000000,17,17,17,17,17,17,17,17,17,17,17,61,0,20,19.845478131710628,8.40802000311669,36.41271698870696,0.0
1778567234,53,POST,chat/medium,0.000000,0.000000,0,0,0,0,0,0,0,0,0,0,0,8,0,14,16.900628246730776,10.6017090001842,26.136296990443952,0.0
1778567234,53,POST,chat/short,0.000000,0.000000,0,0,0,0,0,0,0,0,0,0,0,2,0,16,16.766282999014948,15.809628006536514,17.72293799149338,0.0
1778567234,53,,Aggregated,0.300000,0.000000,17,17,17,17,17,17,17,17,17,17,17,71,0,19,19.42692616910175,8.40802000311669,36.41271698870696,0.0
1778567235,53,POST,chat/long,0.300000,0.000000,17,17,17,17,17,17,17,17,17,17,17,61,0,20,19.845478131710628,8.40802000311669,36.41271698870696,0.0
1778567235,53,POST,chat/medium,0.000000,0.000000,0,0,0,0,0,0,0,0,0,0,0,8,0,14,16.900628246730776,10.6017090001842,26.136296990443952,0.0
1778567235,53,POST,chat/short,0.000000,0.000000,0,0,0,0,0,0,0,0,0,0,0,2,0,16,16.766282999014948,15.809628006536514,17.72293799149338,0.0
1778567235,53,,Aggregated,0.300000,0.000000,17,17,17,17,17,17,17,17,17,17,17,71,0,19,19.42692616910175,8.40802000311669,36.41271698870696,0.0
1778567236,53,POST,chat/long,0.300000,0.000000,17,17,17,17,17,17,17,17,17,17,17,61,0,20,19.845478131710628,8.40802000311669,36.41271698870696,0.0
1778567236,53,POST,chat/medium,0.000000,0.000000,0,0,0,0,0,0,0,0,0,0,0,8,0,14,16.900628246730776,10.6017090001842,26.136296990443952,0.0
1778567236,53,POST,chat/short,0.000000,0.000000,0,0,0,0,0,0,0,0,0,0,0,2,0,16,16.766282999014948,15.809628006536514,17.72293799149338,0.0
1778567236,53,,Aggregated,0.300000,0.000000,17,17,17,17,17,17,17,17,17,17,17,71,0,19,19.42692616910175,8.40802000311669,36.41271698870696,0.0
1778567237,52,POST,chat/long,0.300000,0.000000,17,17,17,17,17,17,17,17,17,17,17,61,0,20,19.845478131710628,8.40802000311669,36.41271698870696,0.0
1778567237,52,POST,chat/medium,0.000000,0.000000,0,0,0,0,0,0,0,0,0,0,0,9,0,14,16.140682774777005,10.061118999146856,26.136296990443952,0.0
1778567237,52,POST,chat/short,0.000000,0.000000,0,0,0,0,0,0,0,0,0,0,0,2,0,16,16.766282999014948,15.809628006536514,17.72293799149338,0.0
1778567237,52,,Aggregated,0.300000,0.000000,15,15,17,17,17,17,17,17,17,17,17,72,0,19,19.29684551396349,8.40802000311669,36.41271698870696,0.0
1778567238,52,POST,chat/long,0.300000,0.000000,17,17,17,17,17,17,17,17,17,17,17,61,0,20,19.845478131710628,8.40802000311669,36.41271698870696,0.0
1778567238,52,POST,chat/medium,0.000000,0.000000,0,0,0,0,0,0,0,0,0,0,0,9,0,14,16.140682774777005,10.061118999146856,26.136296990443952,0.0
1778567238,52,POST,chat/short,0.000000,0.000000,0,0,0,0,0,0,0,0,0,0,0,2,0,16,16.766282999014948,15.809628006536514,17.72293799149338,0.0
1778567238,52,,Aggregated,0.300000,0.000000,15,15,17,17,17,17,17,17,17,17,17,72,0,19,19.29684551396349,8.40802000311669,36.41271698870696,0.0
1778567239,52,POST,chat/long,0.300000,0.000000,15,15,15,15,15,15,15,15,15,15,15,61,0,20,19.845478131710628,8.40802000311669,36.41271698870696,0.0
1778567239,52,POST,chat/medium,0.000000,0.000000,0,0,0,0,0,0,0,0,0,0,0,9,0,14,16.140682774777005,10.061118999146856,26.136296990443952,0.0
1778567239,52,POST,chat/short,0.000000,0.000000,0,0,0,0,0,0,0,0,0,0,0,2,0,16,16.766282999014948,15.809628006536514,17.72293799149338,0.0
1778567239,52,,Aggregated,0.300000,0.000000,15,15,15,15,15,15,15,15,15,15,15,72,0,19,19.29684551396349,8.40802000311669,36.41271698870696,0.0
1778567240,51,POST,chat/long,0.300000,0.000000,21,21,21,21,21,21,21,21,21,21,21,62,0,20,19.867885710188983,8.40802000311669,36.41271698870696,0.0
1778567240,51,POST,chat/medium,0.000000,0.000000,0,0,0,0,0,0,0,0,0,0,0,9,0,14,16.140682774777005,10.061118999146856,26.136296990443952,0.0
1778567240,51,POST,chat/short,0.000000,0.000000,0,0,0,0,0,0,0,0,0,0,0,2,0,16,16.766282999014948,15.809628006536514,17.72293799149338,0.0
1778567240,51,,Aggregated,0.300000,0.000000,15,15,21,21,21,21,21,21,21,21,21,73,0,19,19.323392123325206,8.40802000311669,36.41271698870696,0.0
1778567241,51,POST,chat/long,0.300000,0.000000,21,21,21,21,21,21,21,21,21,21,21,62,0,20,19.867885710188983,8.40802000311669,36.41271698870696,0.0
1778567241,51,POST,chat/medium,0.000000,0.000000,0,0,0,0,0,0,0,0,0,0,0,9,0,14,16.140682774777005,10.061118999146856,26.136296990443952,0.0
1778567241,51,POST,chat/short,0.000000,0.000000,0,0,0,0,0,0,0,0,0,0,0,2,0,16,16.766282999014948,15.809628006536514,17.72293799149338,0.0
1778567241,51,,Aggregated,0.300000,0.000000,21,21,21,21,21,21,21,21,21,21,21,73,0,19,19.323392123325206,8.40802000311669,36.41271698870696,0.0
1778567242,51,POST,chat/long,0.300000,0.000000,21,21,21,21,21,21,21,21,21,21,21,62,0,20,19.867885710188983,8.40802000311669,36.41271698870696,0.0
1778567242,51,POST,chat/medium,0.000000,0.000000,0,0,0,0,0,0,0,0,0,0,0,9,0,14,16.140682774777005,10.061118999146856,26.136296990443952,0.0
1778567242,51,POST,chat/short,0.000000,0.000000,0,0,0,0,0,0,0,0,0,0,0,2,0,16,16.766282999014948,15.809628006536514,17.72293799149338,0.0
1778567242,51,,Aggregated,0.300000,0.000000,21,21,21,21,21,21,21,21,21,21,21,73,0,19,19.323392123325206,8.40802000311669,36.41271698870696,0.0
1778567243,51,POST,chat/long,0.300000,0.000000,21,21,21,21,21,21,21,21,21,21,21,62,0,20,19.867885710188983,8.40802000311669,36.41271698870696,0.0
1778567243,51,POST,chat/medium,0.000000,0.000000,0,0,0,0,0,0,0,0,0,0,0,9,0,14,16.140682774777005,10.061118999146856,26.136296990443952,0.0
1778567243,51,POST,chat/short,0.000000,0.000000,0,0,0,0,0,0,0,0,0,0,0,2,0,16,16.766282999014948,15.809628006536514,17.72293799149338,0.0
1778567243,51,,Aggregated,0.300000,0.000000,21,21,21,21,21,21,21,21,21,21,21,73,0,19,19.323392123325206,8.40802000311669,36.41271698870696,0.0
1778567244,51,POST,chat/long,0.300000,0.000000,21,21,21,21,21,21,21,21,21,21,21,62,0,20,19.867885710188983,8.40802000311669,36.41271698870696,0.0
1778567244,51,POST,chat/medium,0.000000,0.000000,0,0,0,0,0,0,0,0,0,0,0,9,0,14,16.140682774777005,10.061118999146856,26.136296990443952,0.0
1778567244,51,POST,chat/short,0.000000,0.000000,0,0,0,0,0,0,0,0,0,0,0,2,0,16,16.766282999014948,15.809628006536514,17.72293799149338,0.0
1778567244,51,,Aggregated,0.300000,0.000000,21,21,21,21,21,21,21,21,21,21,21,73,0,19,19.323392123325206,8.40802000311669,36.41271698870696,0.0
1778567245,51,POST,chat/long,0.300000,0.000000,0,0,0,0,0,0,0,0,0,0,0,62,0,20,19.867885710188983,8.40802000311669,36.41271698870696,0.0
1778567245,51,POST,chat/medium,0.000000,0.000000,0,0,0,0,0,0,0,0,0,0,0,9,0,14,16.140682774777005,10.061118999146856,26.136296990443952,0.0
1778567245,51,POST,chat/short,0.000000,0.000000,0,0,0,0,0,0,0,0,0,0,0,2,0,16,16.766282999014948,15.809628006536514,17.72293799149338,0.0
1778567245,51,,Aggregated,0.300000,0.000000,21,21,21,21,21,21,21,21,21,21,21,73,0,19,19.323392123325206,8.40802000311669,36.41271698870696,0.0
1778567246,51,POST,chat/long,0.300000,0.000000,0,0,0,0,0,0,0,0,0,0,0,62,0,20,19.867885710188983,8.40802000311669,36.41271698870696,0.0
1778567246,51,POST,chat/medium,0.000000,0.000000,0,0,0,0,0,0,0,0,0,0,0,9,0,14,16.140682774777005,10.061118999146856,26.136296990443952,0.0
1778567246,51,POST,chat/short,0.000000,0.000000,0,0,0,0,0,0,0,0,0,0,0,2,0,16,16.766282999014948,15.809628006536514,17.72293799149338,0.0
1778567246,51,,Aggregated,0.300000,0.000000,21,21,21,21,21,21,21,21,21,21,21,73,0,19,19.323392123325206,8.40802000311669,36.41271698870696,0.0
1778567247,50,POST,chat/long,0.100000,0.000000,30,30,30,30,30,30,30,30,30,30,30,63,0,20,20.02324065122391,8.40802000311669,36.41271698870696,0.0
1778567247,50,POST,chat/medium,0.100000,0.000000,0,0,0,0,0,0,0,0,0,0,0,9,0,14,16.140682774777005,10.061118999146856,26.136296990443952,0.0
1778567247,50,POST,chat/short,0.000000,0.000000,0,0,0,0,0,0,0,0,0,0,0,2,0,16,16.766282999014948,15.809628006536514,17.72293799149338,0.0
1778567247,50,,Aggregated,0.200000,0.000000,30,30,30,30,30,30,30,30,30,30,30,74,0,19,19.463011783758507,8.40802000311669,36.41271698870696,0.0
1778567248,50,POST,chat/long,0.100000,0.000000,30,30,30,30,30,30,30,30,30,30,30,63,0,20,20.02324065122391,8.40802000311669,36.41271698870696,0.0
1778567248,50,POST,chat/medium,0.100000,0.000000,0,0,0,0,0,0,0,0,0,0,0,9,0,14,16.140682774777005,10.061118999146856,26.136296990443952,0.0
1778567248,50,POST,chat/short,0.000000,0.000000,0,0,0,0,0,0,0,0,0,0,0,2,0,16,16.766282999014948,15.809628006536514,17.72293799149338,0.0
1778567248,50,,Aggregated,0.200000,0.000000,30,30,30,30,30,30,30,30,30,30,30,74,0,19,19.463011783758507,8.40802000311669,36.41271698870696,0.0
1778567249,50,POST,chat/long,0.100000,0.000000,30,30,30,30,30,30,30,30,30,30,30,63,0,20,20.02324065122391,8.40802000311669,36.41271698870696,0.0
1778567249,50,POST,chat/medium,0.100000,0.000000,0,0,0,0,0,0,0,0,0,0,0,9,0,14,16.140682774777005,10.061118999146856,26.136296990443952,0.0
1778567249,50,POST,chat/short,0.000000,0.000000,0,0,0,0,0,0,0,0,0,0,0,2,0,16,16.766282999014948,15.809628006536514,17.72293799149338,0.0
1778567249,50,,Aggregated,0.200000,0.000000,30,30,30,30,30,30,30,30,30,30,30,74,0,19,19.463011783758507,8.40802000311669,36.41271698870696,0.0
1778567250,50,POST,chat/long,0.100000,0.000000,30,30,30,30,30,30,30,30,30,30,30,63,0,20,20.02324065122391,8.40802000311669,36.41271698870696,0.0
1778567250,50,POST,chat/medium,0.100000,0.000000,0,0,0,0,0,0,0,0,0,0,0,9,0,14,16.140682774777005,10.061118999146856,26.136296990443952,0.0
1778567250,50,POST,chat/short,0.000000,0.000000,0,0,0,0,0,0,0,0,0,0,0,2,0,16,16.766282999014948,15.809628006536514,17.72293799149338,0.0
1778567250,50,,Aggregated,0.200000,0.000000,30,30,30,30,30,30,30,30,30,30,30,74,0,19,19.463011783758507,8.40802000311669,36.41271698870696,0.0
1778567251,50,POST,chat/long,0.100000,0.000000,30,30,30,30,30,30,30,30,30,30,30,63,0,20,20.02324065122391,8.40802000311669,36.41271698870696,0.0
1778567251,50,POST,chat/medium,0.100000,0.000000,0,0,0,0,0,0,0,0,0,0,0,9,0,14,16.140682774777005,10.061118999146856,26.136296990443952,0.0
1778567251,50,POST,chat/short,0.000000,0.000000,0,0,0,0,0,0,0,0,0,0,0,2,0,16,16.766282999014948,15.809628006536514,17.72293799149338,0.0
1778567251,50,,Aggregated,0.200000,0.000000,30,30,30,30,30,30,30,30,30,30,30,74,0,19,19.463011783758507,8.40802000311669,36.41271698870696,0.0
1778567252,49,POST,chat/long,0.100000,0.000000,30,30,30,30,30,30,30,30,30,30,30,64,0,20,20.084099203586447,8.40802000311669,36.41271698870696,0.0
1778567252,49,POST,chat/medium,0.000000,0.000000,0,0,0,0,0,0,0,0,0,0,0,9,0,14,16.140682774777005,10.061118999146856,26.136296990443952,0.0
1778567252,49,POST,chat/short,0.000000,0.000000,0,0,0,0,0,0,0,0,0,0,0,2,0,16,16.766282999014948,15.809628006536514,17.72293799149338,0.0
1778567252,49,,Aggregated,0.100000,0.000000,30,30,30,30,30,30,30,30,30,30,30,75,0,19,19.522414133340742,8.40802000311669,36.41271698870696,0.0
1778567253,48,POST,chat/long,0.200000,0.000000,25,25,25,25,25,25,25,25,25,25,25,65,0,20,20.157659169546186,8.40802000311669,36.41271698870696,0.0
1778567253,48,POST,chat/medium,0.000000,0.000000,0,0,0,0,0,0,0,0,0,0,0,9,0,14,16.140682774777005,10.061118999146856,26.136296990443952,0.0
1778567253,48,POST,chat/short,0.000000,0.000000,0,0,0,0,0,0,0,0,0,0,0,2,0,16,16.766282999014948,15.809628006536514,17.72293799149338,0.0
1778567253,48,,Aggregated,0.200000,0.000000,25,25,25,25,25,25,25,25,25,25,25,76,0,19,19.592717855151644,8.40802000311669,36.41271698870696,0.0
1778567254,48,POST,chat/long,0.200000,0.000000,25,25,25,25,25,25,25,25,25,25,25,65,0,20,20.157659169546186,8.40802000311669,36.41271698870696,0.0
1778567254,48,POST,chat/medium,0.000000,0.000000,0,0,0,0,0,0,0,0,0,0,0,9,0,14,16.140682774777005,10.061118999146856,26.136296990443952,0.0
1778567254,48,POST,chat/short,0.000000,0.000000,0,0,0,0,0,0,0,0,0,0,0,2,0,16,16.766282999014948,15.809628006536514,17.72293799149338,0.0
1778567254,48,,Aggregated,0.200000,0.000000,25,25,25,25,25,25,25,25,25,25,25,76,0,19,19.592717855151644,8.40802000311669,36.41271698870696,0.0
1778567255,48,POST,chat/long,0.200000,0.000000,25,25,25,25,25,25,25,25,25,25,25,65,0,20,20.157659169546186,8.40802000311669,36.41271698870696,0.0
1778567255,48,POST,chat/medium,0.000000,0.000000,0,0,0,0,0,0,0,0,0,0,0,9,0,14,16.140682774777005,10.061118999146856,26.136296990443952,0.0
1778567255,48,POST,chat/short,0.000000,0.000000,0,0,0,0,0,0,0,0,0,0,0,2,0,16,16.766282999014948,15.809628006536514,17.72293799149338,0.0
1778567255,48,,Aggregated,0.200000,0.000000,25,25,25,25,25,25,25,25,25,25,25,76,0,19,19.592717855151644,8.40802000311669,36.41271698870696,0.0
1778567256,48,POST,chat/long,0.200000,0.000000,25,25,25,25,25,25,25,25,25,25,25,65,0,20,20.157659169546186,8.40802000311669,36.41271698870696,0.0
1778567256,48,POST,chat/medium,0.000000,0.000000,0,0,0,0,0,0,0,0,0,0,0,9,0,14,16.140682774777005,10.061118999146856,26.136296990443952,0.0
1778567256,48,POST,chat/short,0.000000,0.000000,0,0,0,0,0,0,0,0,0,0,0,2,0,16,16.766282999014948,15.809628006536514,17.72293799149338,0.0
1778567256,48,,Aggregated,0.200000,0.000000,25,25,25,25,25,25,25,25,25,25,25,76,0,19,19.592717855151644,8.40802000311669,36.41271698870696,0.0
1778567257,48,POST,chat/long,0.200000,0.000000,25,25,25,25,25,25,25,25,25,25,25,65,0,20,20.157659169546186,8.40802000311669,36.41271698870696,0.0
1778567257,48,POST,chat/medium,0.000000,0.000000,0,0,0,0,0,0,0,0,0,0,0,9,0,14,16.140682774777005,10.061118999146856,26.136296990443952,0.0
1778567257,48,POST,chat/short,0.000000,0.000000,0,0,0,0,0,0,0,0,0,0,0,2,0,16,16.766282999014948,15.809628006536514,17.72293799149338,0.0
1778567257,48,,Aggregated,0.200000,0.000000,25,25,25,25,25,25,25,25,25,25,25,76,0,19,19.592717855151644,8.40802000311669,36.41271698870696,0.0
1778567258,48,POST,chat/long,0.200000,0.000000,25,25,25,25,25,25,25,25,25,25,25,65,0,20,20.157659169546186,8.40802000311669,36.41271698870696,0.0
1778567258,48,POST,chat/medium,0.000000,0.000000,0,0,0,0,0,0,0,0,0,0,0,9,0,14,16.140682774777005,10.061118999146856,26.136296990443952,0.0
1778567258,48,POST,chat/short,0.000000,0.000000,0,0,0,0,0,0,0,0,0,0,0,2,0,16,16.766282999014948,15.809628006536514,17.72293799149338,0.0
1778567258,48,,Aggregated,0.200000,0.000000,25,25,25,25,25,25,25,25,25,25,25,76,0,19,19.592717855151644,8.40802000311669,36.41271698870696,0.0
1778567259,48,POST,chat/long,0.200000,0.000000,25,25,25,25,25,25,25,25,25,25,25,65,0,20,20.157659169546186,8.40802000311669,36.41271698870696,0.0
1778567259,48,POST,chat/medium,0.000000,0.000000,0,0,0,0,0,0,0,0,0,0,0,9,0,14,16.140682774777005,10.061118999146856,26.136296990443952,0.0
1778567259,48,POST,chat/short,0.000000,0.000000,0,0,0,0,0,0,0,0,0,0,0,2,0,16,16.766282999014948,15.809628006536514,17.72293799149338,0.0
1778567259,48,,Aggregated,0.200000,0.000000,25,25,25,25,25,25,25,25,25,25,25,76,0,19,19.592717855151644,8.40802000311669,36.41271698870696,0.0
1778567260,48,POST,chat/long,0.200000,0.000000,25,25,25,25,25,25,25,25,25,25,25,65,0,20,20.157659169546186,8.40802000311669,36.41271698870696,0.0
1778567260,48,POST,chat/medium,0.000000,0.000000,0,0,0,0,0,0,0,0,0,0,0,9,0,14,16.140682774777005,10.061118999146856,26.136296990443952,0.0
1778567260,48,POST,chat/short,0.000000,0.000000,0,0,0,0,0,0,0,0,0,0,0,2,0,16,16.766282999014948,15.809628006536514,17.72293799149338,0.0
1778567260,48,,Aggregated,0.200000,0.000000,25,25,25,25,25,25,25,25,25,25,25,76,0,19,19.592717855151644,8.40802000311669,36.41271698870696,0.0
1778567261,48,POST,chat/long,0.200000,0.000000,0,0,0,0,0,0,0,0,0,0,0,65,0,20,20.157659169546186,8.40802000311669,36.41271698870696,0.0
1778567261,48,POST,chat/medium,0.000000,0.000000,0,0,0,0,0,0,0,0,0,0,0,9,0,14,16.140682774777005,10.061118999146856,26.136296990443952,0.0
1778567261,48,POST,chat/short,0.000000,0.000000,0,0,0,0,0,0,0,0,0,0,0,2,0,16,16.766282999014948,15.809628006536514,17.72293799149338,0.0
1778567261,48,,Aggregated,0.200000,0.000000,0,0,0,0,0,0,0,0,0,0,0,76,0,19,19.592717855151644,8.40802000311669,36.41271698870696,0.0
1778567262,48,POST,chat/long,0.200000,0.000000,0,0,0,0,0,0,0,0,0,0,0,65,0,20,20.157659169546186,8.40802000311669,36.41271698870696,0.0
1778567262,48,POST,chat/medium,0.000000,0.000000,0,0,0,0,0,0,0,0,0,0,0,9,0,14,16.140682774777005,10.061118999146856,26.136296990443952,0.0
1778567262,48,POST,chat/short,0.000000,0.000000,0,0,0,0,0,0,0,0,0,0,0,2,0,16,16.766282999014948,15.809628006536514,17.72293799149338,0.0
1778567262,48,,Aggregated,0.200000,0.000000,0,0,0,0,0,0,0,0,0,0,0,76,0,19,19.592717855151644,8.40802000311669,36.41271698870696,0.0
1778567263,48,POST,chat/long,0.200000,0.000000,0,0,0,0,0,0,0,0,0,0,0,65,0,20,20.157659169546186,8.40802000311669,36.41271698870696,0.0
1778567263,48,POST,chat/medium,0.000000,0.000000,0,0,0,0,0,0,0,0,0,0,0,9,0,14,16.140682774777005,10.061118999146856,26.136296990443952,0.0
1778567263,48,POST,chat/short,0.000000,0.000000,0,0,0,0,0,0,0,0,0,0,0,2,0,16,16.766282999014948,15.809628006536514,17.72293799149338,0.0
1778567263,48,,Aggregated,0.200000,0.000000,0,0,0,0,0,0,0,0,0,0,0,76,0,19,19.592717855151644,8.40802000311669,36.41271698870696,0.0
1778567264,48,POST,chat/long,0.200000,0.000000,0,0,0,0,0,0,0,0,0,0,0,65,0,20,20.157659169546186,8.40802000311669,36.41271698870696,0.0
1778567264,48,POST,chat/medium,0.000000,0.000000,0,0,0,0,0,0,0,0,0,0,0,9,0,14,16.140682774777005,10.061118999146856,26.136296990443952,0.0
1778567264,48,POST,chat/short,0.000000,0.000000,0,0,0,0,0,0,0,0,0,0,0,2,0,16,16.766282999014948,15.809628006536514,17.72293799149338,0.0
1778567264,48,,Aggregated,0.200000,0.000000,0,0,0,0,0,0,0,0,0,0,0,76,0,19,19.592717855151644,8.40802000311669,36.41271698870696,0.0
1778567265,48,POST,chat/long,0.200000,0.000000,0,0,0,0,0,0,0,0,0,0,0,65,0,20,20.157659169546186,8.40802000311669,36.41271698870696,0.0
1778567265,48,POST,chat/medium,0.000000,0.000000,0,0,0,0,0,0,0,0,0,0,0,9,0,14,16.140682774777005,10.061118999146856,26.136296990443952,0.0
1778567265,48,POST,chat/short,0.000000,0.000000,0,0,0,0,0,0,0,0,0,0,0,2,0,16,16.766282999014948,15.809628006536514,17.72293799149338,0.0
1778567265,48,,Aggregated,0.200000,0.000000,0,0,0,0,0,0,0,0,0,0,0,76,0,19,19.592717855151644,8.40802000311669,36.41271698870696,0.0
1778567266,48,POST,chat/long,0.200000,0.000000,0,0,0,0,0,0,0,0,0,0,0,65,0,20,20.157659169546186,8.40802000311669,36.41271698870696,0.0
1778567266,48,POST,chat/medium,0.000000,0.000000,0,0,0,0,0,0,0,0,0,0,0,9,0,14,16.140682774777005,10.061118999146856,26.136296990443952,0.0
1778567266,48,POST,chat/short,0.000000,0.000000,0,0,0,0,0,0,0,0,0,0,0,2,0,16,16.766282999014948,15.809628006536514,17.72293799149338,0.0
1778567266,48,,Aggregated,0.200000,0.000000,0,0,0,0,0,0,0,0,0,0,0,76,0,19,19.592717855151644,8.40802000311669,36.41271698870696,0.0
1778567267,48,POST,chat/long,0.200000,0.000000,0,0,0,0,0,0,0,0,0,0,0,65,0,20,20.157659169546186,8.40802000311669,36.41271698870696,0.0
1778567267,48,POST,chat/medium,0.000000,0.000000,0,0,0,0,0,0,0,0,0,0,0,9,0,14,16.140682774777005,10.061118999146856,26.136296990443952,0.0
1778567267,48,POST,chat/short,0.000000,0.000000,0,0,0,0,0,0,0,0,0,0,0,2,0,16,16.766282999014948,15.809628006536514,17.72293799149338,0.0
1778567267,48,,Aggregated,0.200000,0.000000,0,0,0,0,0,0,0,0,0,0,0,76,0,19,19.592717855151644,8.40802000311669,36.41271698870696,0.0
1778567268,0,POST,chat/long,0.200000,0.000000,0,0,0,0,0,0,0,0,0,0,0,65,0,20,20.157659169546186,8.40802000311669,36.41271698870696,0.0
1778567268,0,POST,chat/medium,0.000000,0.000000,0,0,0,0,0,0,0,0,0,0,0,9,0,14,16.140682774777005,10.061118999146856,26.136296990443952,0.0
1778567268,0,POST,chat/short,0.000000,0.000000,0,0,0,0,0,0,0,0,0,0,0,2,0,16,16.766282999014948,15.809628006536514,17.72293799149338,0.0
1778567268,0,,Aggregated,0.200000,0.000000,0,0,0,0,0,0,0,0,0,0,0,76,0,19,19.592717855151644,8.40802000311669,36.41271698870696,0.0
1778567269,0,POST,chat/long,0.200000,0.000000,0,0,0,0,0,0,0,0,0,0,0,65,0,20,20.157659169546186,8.40802000311669,36.41271698870696,0.0
1778567269,0,POST,chat/medium,0.000000,0.000000,0,0,0,0,0,0,0,0,0,0,0,9,0,14,16.140682774777005,10.061118999146856,26.136296990443952,0.0
1778567269,0,POST,chat/short,0.000000,0.000000,0,0,0,0,0,0,0,0,0,0,0,2,0,16,16.766282999014948,15.809628006536514,17.72293799149338,0.0
1778567269,0,,Aggregated,0.200000,0.000000,0,0,0,0,0,0,0,0,0,0,0,76,0,19,19.592717855151644,8.40802000311669,36.41271698870696,0.0
