Timestamp,User Count,Type,Name,Requests/s,Failures/s,50%,66%,75%,80%,90%,95%,98%,99%,99.9%,99.99%,100%,Total Request Count,Total Failure Count,Total Median Response Time,Total Average Response Time,Total Min Response Time,Total Max Response Time,Total Average Content Size
1778565803,0,,Aggregated,0.000000,0.000000,N/A,N/A,N/A,N/A,N/A,N/A,N/A,N/A,N/A,N/A,N/A,0,0,0,0.0,0,0,0
1778565804,0,,Aggregated,0.000000,0.000000,N/A,N/A,N/A,N/A,N/A,N/A,N/A,N/A,N/A,N/A,N/A,0,0,0,0.0,0,0,0
1778565805,0,,Aggregated,0.000000,0.000000,N/A,N/A,N/A,N/A,N/A,N/A,N/A,N/A,N/A,N/A,N/A,0,0,0,0.0,0,0,0
1778565806,0,,Aggregated,0.000000,0.000000,N/A,N/A,N/A,N/A,N/A,N/A,N/A,N/A,N/A,N/A,N/A,0,0,0,0.0,0,0,0
1778565807,0,,Aggregated,0.000000,0.000000,N/A,N/A,N/A,N/A,N/A,N/A,N/A,N/A,N/A,N/A,N/A,0,0,0,0.0,0,0,0
1778565808,0,,Aggregated,0.000000,0.000000,N/A,N/A,N/A,N/A,N/A,N/A,N/A,N/A,N/A,N/A,N/A,0,0,0,0.0,0,0,0
1778565809,0,,Aggregated,0.000000,0.000000,N/A,N/A,N/A,N/A,N/A,N/A,N/A,N/A,N/A,N/A,N/A,0,0,0,0.0,0,0,0
1778565810,0,,Aggregated,0.000000,0.000000,N/A,N/A,N/A,N/A,N/A,N/A,N/A,N/A,N/A,N/A,N/A,0,0,0,0.0,0,0,0
1778565811,0,,Aggregated,0.000000,0.000000,N/A,N/A,N/A,N/A,N/A,N/A,N/A,N/A,N/A,N/A,N/A,0,0,0,0.0,0,0,0
1778565812,0,,Aggregated,0.000000,0.000000,N/A,N/A,N/A,N/A,N/A,N/A,N/A,N/A,N/A,N/A,N/A,0,0,0,0.0,0,0,0
1778565813,0,,Aggregated,0.000000,0.000000,N/A,N/A,N/A,N/A,N/A,N/A,N/A,N/A,N/A,N/A,N/A,0,0,0,0.0,0,0,0
1778565814,0,,Aggregated,0.000000,0.000000,N/A,N/A,N/A,N/A,N/A,N/A,N/A,N/A,N/A,N/A,N/A,0,0,0,0.0,0,0,0
1778565815,0,,Aggregated,0.000000,0.000000,N/A,N/A,N/A,N/A,N/A,N/A,N/A,N/A,N/A,N/A,N/A,0,0,0,0.0,0,0,0
1778565816,0,,Aggregated,0.000000,0.000000,N/A,N/A,N/A,N/A,N/A,N/A,N/A,N/A,N/A,N/A,N/A,0,0,0,0.0,0,0,0
1778565817,0,,Aggregated,0.000000,0.000000,N/A,N/A,N/A,N/A,N/A,N/A,N/A,N/A,N/A,N/A,N/A,0,0,0,0.0,0,0,0
1778565818,0,,Aggregated,0.000000,0.000000,N/A,N/A,N/A,N/A,N/A,N/A,N/A,N/A,N/A,N/A,N/A,0,0,0,0.0,0,0,0
1778565819,0,,Aggregated,0.000000,0.000000,N/A,N/A,N/A,N/A,N/A,N/A,N/A,N/A,N/A,N/A,N/A,0,0,0,0.0,0,0,0
1778565820,0,,Aggregated,0.000000,0.000000,N/A,N/A,N/A,N/A,N/A,N/A,N/A,N/A,N/A,N/A,N/A,0,0,0,0.0,0,0,0
1778565821,0,,Aggregated,0.000000,0.000000,N/A,N/A,N/A,N/A,N/A,N/A,N/A,N/A,N/A,N/A,N/A,0,0,0,0.0,0,0,0
1778565822,0,,Aggregated,0.000000,0.000000,N/A,N/A,N/A,N/A,N/A,N/A,N/A,N/A,N/A,N/A,N/A,0,0,0,0.0,0,0,0
1778565823,0,,Aggregated,0.000000,0.000000,N/A,N/A,N/A,N/A,N/A,N/A,N/A,N/A,N/A,N/A,N/A,0,0,0,0.0,0,0,0
1778565824,0,,Aggregated,0.000000,0.000000,N/A,N/A,N/A,N/A,N/A,N/A,N/A,N/A,N/A,N/A,N/A,0,0,0,0.0,0,0,0
1778565825,0,,Aggregated,0.000000,0.000000,N/A,N/A,N/A,N/A,N/A,N/A,N/A,N/A,N/A,N/A,N/A,0,0,0,0.0,0,0,0
1778565826,0,,Aggregated,0.000000,0.000000,N/A,N/A,N/A,N/A,N/A,N/A,N/A,N/A,N/A,N/A,N/A,0,0,0,0.0,0,0,0
1778565827,0,,Aggregated,0.000000,0.000000,N/A,N/A,N/A,N/A,N/A,N/A,N/A,N/A,N/A,N/A,N/A,0,0,0,0.0,0,0,0
1778565828,0,,Aggregated,0.000000,0.000000,N/A,N/A,N/A,N/A,N/A,N/A,N/A,N/A,N/A,N/A,N/A,0,0,0,0.0,0,0,0
1778565829,0,,Aggregated,0.000000,0.000000,N/A,N/A,N/A,N/A,N/A,N/A,N/A,N/A,N/A,N/A,N/A,0,0,0,0.0,0,0,0
1778565830,0,,Aggregated,0.000000,0.000000,N/A,N/A,N/A,N/A,N/A,N/A,N/A,N/A,N/A,N/A,N/A,0,0,0,0.0,0,0,0
1778565831,0,,Aggregated,0.000000,0.000000,N/A,N/A,N/A,N/A,N/A,N/A,N/A,N/A,N/A,N/A,N/A,0,0,0,0.0,0,0,0
1778565832,0,,Aggregated,0.000000,0.000000,N/A,N/A,N/A,N/A,N/A,N/A,N/A,N/A,N/A,N/A,N/A,0,0,0,0.0,0,0,0
1778565833,0,,Aggregated,0.000000,0.000000,N/A,N/A,N/A,N/A,N/A,N/A,N/A,N/A,N/A,N/A,N/A,0,0,0,0.0,0,0,0
1778565834,0,,Aggregated,0.000000,0.000000,N/A,N/A,N/A,N/A,N/A,N/A,N/A,N/A,N/A,N/A,N/A,0,0,0,0.0,0,0,0
1778565835,0,,Aggregated,0.000000,0.000000,N/A,N/A,N/A,N/A,N/A,N/A,N/A,N/A,N/A,N/A,N/A,0,0,0,0.0,0,0,0
1778565836,0,,Aggregated,0.000000,0.000000,N/A,N/A,N/A,N/A,N/A,N/A,N/A,N/A,N/A,N/A,N/A,0,0,0,0.0,0,0,0
1778565837,0,,Aggregated,0.000000,0.000000,N/A,N/A,N/A,N/A,N/A,N/A,N/A,N/A,N/A,N/A,N/A,0,0,0,0.0,0,0,0
1778565838,0,,Aggregated,0.000000,0.000000,N/A,N/A,N/A,N/A,N/A,N/A,N/A,N/A,N/A,N/A,N/A,0,0,0,0.0,0,0,0
1778565839,0,,Aggregated,0.000000,0.000000,N/A,N/A,N/A,N/A,N/A,N/A,N/A,N/A,N/A,N/A,N/A,0,0,0,0.0,0,0,0
1778565840,0,,Aggregated,0.000000,0.000000,N/A,N/A,N/A,N/A,N/A,N/A,N/A,N/A,N/A,N/A,N/A,0,0,0,0.0,0,0,0
1778565841,0,,Aggregated,0.000000,0.000000,N/A,N/A,N/A,N/A,N/A,N/A,N/A,N/A,N/A,N/A,N/A,0,0,0,0.0,0,0,0
1778565842,0,,Aggregated,0.000000,0.000000,N/A,N/A,N/A,N/A,N/A,N/A,N/A,N/A,N/A,N/A,N/A,0,0,0,0.0,0,0,0
1778565843,0,,Aggregated,0.000000,0.000000,N/A,N/A,N/A,N/A,N/A,N/A,N/A,N/A,N/A,N/A,N/A,0,0,0,0.0,0,0,0
1778565844,0,,Aggregated,0.000000,0.000000,N/A,N/A,N/A,N/A,N/A,N/A,N/A,N/A,N/A,N/A,N/A,0,0,0,0.0,0,0,0
1778565845,0,,Aggregated,0.000000,0.000000,N/A,N/A,N/A,N/A,N/A,N/A,N/A,N/A,N/A,N/A,N/A,0,0,0,0.0,0,0,0
1778565846,0,,Aggregated,0.000000,0.000000,N/A,N/A,N/A,N/A,N/A,N/A,N/A,N/A,N/A,N/A,N/A,0,0,0,0.0,0,0,0
1778565847,0,,Aggregated,0.000000,0.000000,N/A,N/A,N/A,N/A,N/A,N/A,N/A,N/A,N/A,N/A,N/A,0,0,0,0.0,0,0,0
1778565848,0,,Aggregated,0.000000,0.000000,N/A,N/A,N/A,N/A,N/A,N/A,N/A,N/A,N/A,N/A,N/A,0,0,0,0.0,0,0,0
1778565849,0,,Aggregated,0.000000,0.000000,N/A,N/A,N/A,N/A,N/A,N/A,N/A,N/A,N/A,N/A,N/A,0,0,0,0.0,0,0,0
1778565850,0,,Aggregated,0.000000,0.000000,N/A,N/A,N/A,N/A,N/A,N/A,N/A,N/A,N/A,N/A,N/A,0,0,0,0.0,0,0,0
1778565851,0,,Aggregated,0.000000,0.000000,N/A,N/A,N/A,N/A,N/A,N/A,N/A,N/A,N/A,N/A,N/A,0,0,0,0.0,0,0,0
1778565852,0,,Aggregated,0.000000,0.000000,N/A,N/A,N/A,N/A,N/A,N/A,N/A,N/A,N/A,N/A,N/A,0,0,0,0.0,0,0,0
1778565853,0,,Aggregated,0.000000,0.000000,N/A,N/A,N/A,N/A,N/A,N/A,N/A,N/A,N/A,N/A,N/A,0,0,0,0.0,0,0,0
1778565854,0,,Aggregated,0.000000,0.000000,N/A,N/A,N/A,N/A,N/A,N/A,N/A,N/A,N/A,N/A,N/A,0,0,0,0.0,0,0,0
1778565855,0,,Aggregated,0.000000,0.000000,N/A,N/A,N/A,N/A,N/A,N/A,N/A,N/A,N/A,N/A,N/A,0,0,0,0.0,0,0,0
1778565856,0,,Aggregated,0.000000,0.000000,N/A,N/A,N/A,N/A,N/A,N/A,N/A,N/A,N/A,N/A,N/A,0,0,0,0.0,0,0,0
1778565857,0,,Aggregated,0.000000,0.000000,N/A,N/A,N/A,N/A,N/A,N/A,N/A,N/A,N/A,N/A,N/A,0,0,0,0.0,0,0,0
1778565858,0,,Aggregated,0.000000,0.000000,N/A,N/A,N/A,N/A,N/A,N/A,N/A,N/A,N/A,N/A,N/A,0,0,0,0.0,0,0,0
1778565859,0,,Aggregated,0.000000,0.000000,N/A,N/A,N/A,N/A,N/A,N/A,N/A,N/A,N/A,N/A,N/A,0,0,0,0.0,0,0,0
1778565860,0,,Aggregated,0.000000,0.000000,N/A,N/A,N/A,N/A,N/A,N/A,N/A,N/A,N/A,N/A,N/A,0,0,0,0.0,0,0,0
1778565861,0,,Aggregated,0.000000,0.000000,N/A,N/A,N/A,N/A,N/A,N/A,N/A,N/A,N/A,N/A,N/A,0,0,0,0.0,0,0,0
1778565862,0,,Aggregated,0.000000,0.000000,N/A,N/A,N/A,N/A,N/A,N/A,N/A,N/A,N/A,N/A,N/A,0,0,0,0.0,0,0,0
1778565863,0,,Aggregated,0.000000,0.000000,N/A,N/A,N/A,N/A,N/A,N/A,N/A,N/A,N/A,N/A,N/A,0,0,0,0.0,0,0,0
1778565864,0,,Aggregated,0.000000,0.000000,N/A,N/A,N/A,N/A,N/A,N/A,N/A,N/A,N/A,N/A,N/A,0,0,0,0.0,0,0,0
1778565865,0,,Aggregated,0.000000,0.000000,N/A,N/A,N/A,N/A,N/A,N/A,N/A,N/A,N/A,N/A,N/A,0,0,0,0.0,0,0,0
1778565866,0,,Aggregated,0.000000,0.000000,N/A,N/A,N/A,N/A,N/A,N/A,N/A,N/A,N/A,N/A,N/A,0,0,0,0.0,0,0,0
1778565867,0,,Aggregated,0.000000,0.000000,N/A,N/A,N/A,N/A,N/A,N/A,N/A,N/A,N/A,N/A,N/A,0,0,0,0.0,0,0,0
1778565868,0,,Aggregated,0.000000,0.000000,N/A,N/A,N/A,N/A,N/A,N/A,N/A,N/A,N/A,N/A,N/A,0,0,0,0.0,0,0,0
1778565869,0,,Aggregated,0.000000,0.000000,N/A,N/A,N/A,N/A,N/A,N/A,N/A,N/A,N/A,N/A,N/A,0,0,0,0.0,0,0,0
1778565870,0,,Aggregated,0.000000,0.000000,N/A,N/A,N/A,N/A,N/A,N/A,N/A,N/A,N/A,N/A,N/A,0,0,0,0.0,0,0,0
1778565871,0,,Aggregated,0.000000,0.000000,N/A,N/A,N/A,N/A,N/A,N/A,N/A,N/A,N/A,N/A,N/A,0,0,0,0.0,0,0,0
1778565872,0,,Aggregated,0.000000,0.000000,N/A,N/A,N/A,N/A,N/A,N/A,N/A,N/A,N/A,N/A,N/A,0,0,0,0.0,0,0,0
1778565873,0,,Aggregated,0.000000,0.000000,N/A,N/A,N/A,N/A,N/A,N/A,N/A,N/A,N/A,N/A,N/A,0,0,0,0.0,0,0,0
1778565874,0,,Aggregated,0.000000,0.000000,N/A,N/A,N/A,N/A,N/A,N/A,N/A,N/A,N/A,N/A,N/A,0,0,0,0.0,0,0,0
1778565875,0,,Aggregated,0.000000,0.000000,N/A,N/A,N/A,N/A,N/A,N/A,N/A,N/A,N/A,N/A,N/A,0,0,0,0.0,0,0,0
1778565876,0,,Aggregated,0.000000,0.000000,N/A,N/A,N/A,N/A,N/A,N/A,N/A,N/A,N/A,N/A,N/A,0,0,0,0.0,0,0,0
1778565877,0,,Aggregated,0.000000,0.000000,N/A,N/A,N/A,N/A,N/A,N/A,N/A,N/A,N/A,N/A,N/A,0,0,0,0.0,0,0,0
1778565878,0,,Aggregated,0.000000,0.000000,N/A,N/A,N/A,N/A,N/A,N/A,N/A,N/A,N/A,N/A,N/A,0,0,0,0.0,0,0,0
1778565879,0,,Aggregated,0.000000,0.000000,N/A,N/A,N/A,N/A,N/A,N/A,N/A,N/A,N/A,N/A,N/A,0,0,0,0.0,0,0,0
1778565880,0,,Aggregated,0.000000,0.000000,N/A,N/A,N/A,N/A,N/A,N/A,N/A,N/A,N/A,N/A,N/A,0,0,0,0.0,0,0,0
1778565881,0,,Aggregated,0.000000,0.000000,N/A,N/A,N/A,N/A,N/A,N/A,N/A,N/A,N/A,N/A,N/A,0,0,0,0.0,0,0,0
1778565882,0,,Aggregated,0.000000,0.000000,N/A,N/A,N/A,N/A,N/A,N/A,N/A,N/A,N/A,N/A,N/A,0,0,0,0.0,0,0,0
1778565883,0,,Aggregated,0.000000,0.000000,N/A,N/A,N/A,N/A,N/A,N/A,N/A,N/A,N/A,N/A,N/A,0,0,0,0.0,0,0,0
1778565884,0,,Aggregated,0.000000,0.000000,N/A,N/A,N/A,N/A,N/A,N/A,N/A,N/A,N/A,N/A,N/A,0,0,0,0.0,0,0,0
1778565885,0,,Aggregated,0.000000,0.000000,N/A,N/A,N/A,N/A,N/A,N/A,N/A,N/A,N/A,N/A,N/A,0,0,0,0.0,0,0,0
1778565886,0,,Aggregated,0.000000,0.000000,N/A,N/A,N/A,N/A,N/A,N/A,N/A,N/A,N/A,N/A,N/A,0,0,0,0.0,0,0,0
1778565887,0,,Aggregated,0.000000,0.000000,N/A,N/A,N/A,N/A,N/A,N/A,N/A,N/A,N/A,N/A,N/A,0,0,0,0.0,0,0,0
1778565888,0,,Aggregated,0.000000,0.000000,N/A,N/A,N/A,N/A,N/A,N/A,N/A,N/A,N/A,N/A,N/A,0,0,0,0.0,0,0,0
1778565889,0,,Aggregated,0.000000,0.000000,N/A,N/A,N/A,N/A,N/A,N/A,N/A,N/A,N/A,N/A,N/A,0,0,0,0.0,0,0,0
1778565890,0,,Aggregated,0.000000,0.000000,N/A,N/A,N/A,N/A,N/A,N/A,N/A,N/A,N/A,N/A,N/A,0,0,0,0.0,0,0,0
1778565891,0,,Aggregated,0.000000,0.000000,N/A,N/A,N/A,N/A,N/A,N/A,N/A,N/A,N/A,N/A,N/A,0,0,0,0.0,0,0,0
1778565892,0,,Aggregated,0.000000,0.000000,N/A,N/A,N/A,N/A,N/A,N/A,N/A,N/A,N/A,N/A,N/A,0,0,0,0.0,0,0,0
1778565893,0,,Aggregated,0.000000,0.000000,N/A,N/A,N/A,N/A,N/A,N/A,N/A,N/A,N/A,N/A,N/A,0,0,0,0.0,0,0,0
1778565894,0,,Aggregated,0.000000,0.000000,N/A,N/A,N/A,N/A,N/A,N/A,N/A,N/A,N/A,N/A,N/A,0,0,0,0.0,0,0,0
1778565895,0,,Aggregated,0.000000,0.000000,N/A,N/A,N/A,N/A,N/A,N/A,N/A,N/A,N/A,N/A,N/A,0,0,0,0.0,0,0,0
1778565896,0,,Aggregated,0.000000,0.000000,N/A,N/A,N/A,N/A,N/A,N/A,N/A,N/A,N/A,N/A,N/A,0,0,0,0.0,0,0,0
1778565897,0,,Aggregated,0.000000,0.000000,N/A,N/A,N/A,N/A,N/A,N/A,N/A,N/A,N/A,N/A,N/A,0,0,0,0.0,0,0,0
1778565898,0,,Aggregated,0.000000,0.000000,N/A,N/A,N/A,N/A,N/A,N/A,N/A,N/A,N/A,N/A,N/A,0,0,0,0.0,0,0,0
1778565899,0,,Aggregated,0.000000,0.000000,N/A,N/A,N/A,N/A,N/A,N/A,N/A,N/A,N/A,N/A,N/A,0,0,0,0.0,0,0,0
1778565900,0,,Aggregated,0.000000,0.000000,N/A,N/A,N/A,N/A,N/A,N/A,N/A,N/A,N/A,N/A,N/A,0,0,0,0.0,0,0,0
1778565901,0,,Aggregated,0.000000,0.000000,N/A,N/A,N/A,N/A,N/A,N/A,N/A,N/A,N/A,N/A,N/A,0,0,0,0.0,0,0,0
1778565902,0,,Aggregated,0.000000,0.000000,N/A,N/A,N/A,N/A,N/A,N/A,N/A,N/A,N/A,N/A,N/A,0,0,0,0.0,0,0,0
1778565903,0,,Aggregated,0.000000,0.000000,N/A,N/A,N/A,N/A,N/A,N/A,N/A,N/A,N/A,N/A,N/A,0,0,0,0.0,0,0,0
1778565904,0,,Aggregated,0.000000,0.000000,N/A,N/A,N/A,N/A,N/A,N/A,N/A,N/A,N/A,N/A,N/A,0,0,0,0.0,0,0,0
1778565905,0,,Aggregated,0.000000,0.000000,N/A,N/A,N/A,N/A,N/A,N/A,N/A,N/A,N/A,N/A,N/A,0,0,0,0.0,0,0,0
1778565906,0,,Aggregated,0.000000,0.000000,N/A,N/A,N/A,N/A,N/A,N/A,N/A,N/A,N/A,N/A,N/A,0,0,0,0.0,0,0,0
1778565907,0,,Aggregated,0.000000,0.000000,N/A,N/A,N/A,N/A,N/A,N/A,N/A,N/A,N/A,N/A,N/A,0,0,0,0.0,0,0,0
1778565908,0,,Aggregated,0.000000,0.000000,N/A,N/A,N/A,N/A,N/A,N/A,N/A,N/A,N/A,N/A,N/A,0,0,0,0.0,0,0,0
1778565909,0,,Aggregated,0.000000,0.000000,N/A,N/A,N/A,N/A,N/A,N/A,N/A,N/A,N/A,N/A,N/A,0,0,0,0.0,0,0,0
1778565910,0,,Aggregated,0.000000,0.000000,N/A,N/A,N/A,N/A,N/A,N/A,N/A,N/A,N/A,N/A,N/A,0,0,0,0.0,0,0,0
1778565911,0,,Aggregated,0.000000,0.000000,N/A,N/A,N/A,N/A,N/A,N/A,N/A,N/A,N/A,N/A,N/A,0,0,0,0.0,0,0,0
1778565912,0,,Aggregated,0.000000,0.000000,N/A,N/A,N/A,N/A,N/A,N/A,N/A,N/A,N/A,N/A,N/A,0,0,0,0.0,0,0,0
1778565913,0,,Aggregated,0.000000,0.000000,N/A,N/A,N/A,N/A,N/A,N/A,N/A,N/A,N/A,N/A,N/A,0,0,0,0.0,0,0,0
1778565914,0,,Aggregated,0.000000,0.000000,N/A,N/A,N/A,N/A,N/A,N/A,N/A,N/A,N/A,N/A,N/A,0,0,0,0.0,0,0,0
1778565915,0,,Aggregated,0.000000,0.000000,N/A,N/A,N/A,N/A,N/A,N/A,N/A,N/A,N/A,N/A,N/A,0,0,0,0.0,0,0,0
1778565916,0,,Aggregated,0.000000,0.000000,N/A,N/A,N/A,N/A,N/A,N/A,N/A,N/A,N/A,N/A,N/A,0,0,0,0.0,0,0,0
1778565917,0,,Aggregated,0.000000,0.000000,N/A,N/A,N/A,N/A,N/A,N/A,N/A,N/A,N/A,N/A,N/A,0,0,0,0.0,0,0,0
1778565918,0,,Aggregated,0.000000,0.000000,N/A,N/A,N/A,N/A,N/A,N/A,N/A,N/A,N/A,N/A,N/A,0,0,0,0.0,0,0,0
1778565919,0,,Aggregated,0.000000,0.000000,N/A,N/A,N/A,N/A,N/A,N/A,N/A,N/A,N/A,N/A,N/A,0,0,0,0.0,0,0,0
1778565920,0,,Aggregated,0.000000,0.000000,N/A,N/A,N/A,N/A,N/A,N/A,N/A,N/A,N/A,N/A,N/A,0,0,0,0.0,0,0,0
1778565921,0,,Aggregated,0.000000,0.000000,N/A,N/A,N/A,N/A,N/A,N/A,N/A,N/A,N/A,N/A,N/A,0,0,0,0.0,0,0,0
1778565922,0,,Aggregated,0.000000,0.000000,N/A,N/A,N/A,N/A,N/A,N/A,N/A,N/A,N/A,N/A,N/A,0,0,0,0.0,0,0,0
1778565923,0,,Aggregated,0.000000,0.000000,N/A,N/A,N/A,N/A,N/A,N/A,N/A,N/A,N/A,N/A,N/A,0,0,0,0.0,0,0,0
1778565924,0,,Aggregated,0.000000,0.000000,N/A,N/A,N/A,N/A,N/A,N/A,N/A,N/A,N/A,N/A,N/A,0,0,0,0.0,0,0,0
1778565925,0,,Aggregated,0.000000,0.000000,N/A,N/A,N/A,N/A,N/A,N/A,N/A,N/A,N/A,N/A,N/A,0,0,0,0.0,0,0,0
1778565926,0,,Aggregated,0.000000,0.000000,N/A,N/A,N/A,N/A,N/A,N/A,N/A,N/A,N/A,N/A,N/A,0,0,0,0.0,0,0,0
1778565927,0,,Aggregated,0.000000,0.000000,N/A,N/A,N/A,N/A,N/A,N/A,N/A,N/A,N/A,N/A,N/A,0,0,0,0.0,0,0,0
1778565928,0,,Aggregated,0.000000,0.000000,N/A,N/A,N/A,N/A,N/A,N/A,N/A,N/A,N/A,N/A,N/A,0,0,0,0.0,0,0,0
1778565929,0,,Aggregated,0.000000,0.000000,N/A,N/A,N/A,N/A,N/A,N/A,N/A,N/A,N/A,N/A,N/A,0,0,0,0.0,0,0,0
1778565930,0,,Aggregated,0.000000,0.000000,N/A,N/A,N/A,N/A,N/A,N/A,N/A,N/A,N/A,N/A,N/A,0,0,0,0.0,0,0,0
1778565931,0,,Aggregated,0.000000,0.000000,N/A,N/A,N/A,N/A,N/A,N/A,N/A,N/A,N/A,N/A,N/A,0,0,0,0.0,0,0,0
1778565932,0,,Aggregated,0.000000,0.000000,N/A,N/A,N/A,N/A,N/A,N/A,N/A,N/A,N/A,N/A,N/A,0,0,0,0.0,0,0,0
1778565933,0,,Aggregated,0.000000,0.000000,N/A,N/A,N/A,N/A,N/A,N/A,N/A,N/A,N/A,N/A,N/A,0,0,0,0.0,0,0,0
1778565934,0,,Aggregated,0.000000,0.000000,N/A,N/A,N/A,N/A,N/A,N/A,N/A,N/A,N/A,N/A,N/A,0,0,0,0.0,0,0,0
1778565935,0,,Aggregated,0.000000,0.000000,N/A,N/A,N/A,N/A,N/A,N/A,N/A,N/A,N/A,N/A,N/A,0,0,0,0.0,0,0,0
1778565936,0,,Aggregated,0.000000,0.000000,N/A,N/A,N/A,N/A,N/A,N/A,N/A,N/A,N/A,N/A,N/A,0,0,0,0.0,0,0,0
1778565937,0,,Aggregated,0.000000,0.000000,N/A,N/A,N/A,N/A,N/A,N/A,N/A,N/A,N/A,N/A,N/A,0,0,0,0.0,0,0,0
1778565938,0,,Aggregated,0.000000,0.000000,N/A,N/A,N/A,N/A,N/A,N/A,N/A,N/A,N/A,N/A,N/A,0,0,0,0.0,0,0,0
1778565939,0,,Aggregated,0.000000,0.000000,N/A,N/A,N/A,N/A,N/A,N/A,N/A,N/A,N/A,N/A,N/A,0,0,0,0.0,0,0,0
1778565940,0,,Aggregated,0.000000,0.000000,N/A,N/A,N/A,N/A,N/A,N/A,N/A,N/A,N/A,N/A,N/A,0,0,0,0.0,0,0,0
1778565941,0,,Aggregated,0.000000,0.000000,N/A,N/A,N/A,N/A,N/A,N/A,N/A,N/A,N/A,N/A,N/A,0,0,0,0.0,0,0,0
1778565942,0,,Aggregated,0.000000,0.000000,N/A,N/A,N/A,N/A,N/A,N/A,N/A,N/A,N/A,N/A,N/A,0,0,0,0.0,0,0,0
1778565943,0,,Aggregated,0.000000,0.000000,N/A,N/A,N/A,N/A,N/A,N/A,N/A,N/A,N/A,N/A,N/A,0,0,0,0.0,0,0,0
1778565944,0,,Aggregated,0.000000,0.000000,N/A,N/A,N/A,N/A,N/A,N/A,N/A,N/A,N/A,N/A,N/A,0,0,0,0.0,0,0,0
1778565945,0,,Aggregated,0.000000,0.000000,N/A,N/A,N/A,N/A,N/A,N/A,N/A,N/A,N/A,N/A,N/A,0,0,0,0.0,0,0,0
1778565946,0,,Aggregated,0.000000,0.000000,N/A,N/A,N/A,N/A,N/A,N/A,N/A,N/A,N/A,N/A,N/A,0,0,0,0.0,0,0,0
1778565947,0,,Aggregated,0.000000,0.000000,N/A,N/A,N/A,N/A,N/A,N/A,N/A,N/A,N/A,N/A,N/A,0,0,0,0.0,0,0,0
1778565948,0,,Aggregated,0.000000,0.000000,N/A,N/A,N/A,N/A,N/A,N/A,N/A,N/A,N/A,N/A,N/A,0,0,0,0.0,0,0,0
1778565949,0,,Aggregated,0.000000,0.000000,N/A,N/A,N/A,N/A,N/A,N/A,N/A,N/A,N/A,N/A,N/A,0,0,0,0.0,0,0,0
1778565950,0,,Aggregated,0.000000,0.000000,N/A,N/A,N/A,N/A,N/A,N/A,N/A,N/A,N/A,N/A,N/A,0,0,0,0.0,0,0,0
1778565951,0,,Aggregated,0.000000,0.000000,N/A,N/A,N/A,N/A,N/A,N/A,N/A,N/A,N/A,N/A,N/A,0,0,0,0.0,0,0,0
1778565952,0,,Aggregated,0.000000,0.000000,N/A,N/A,N/A,N/A,N/A,N/A,N/A,N/A,N/A,N/A,N/A,0,0,0,0.0,0,0,0
1778565953,0,,Aggregated,0.000000,0.000000,N/A,N/A,N/A,N/A,N/A,N/A,N/A,N/A,N/A,N/A,N/A,0,0,0,0.0,0,0,0
1778565954,0,,Aggregated,0.000000,0.000000,N/A,N/A,N/A,N/A,N/A,N/A,N/A,N/A,N/A,N/A,N/A,0,0,0,0.0,0,0,0
1778565955,0,,Aggregated,0.000000,0.000000,N/A,N/A,N/A,N/A,N/A,N/A,N/A,N/A,N/A,N/A,N/A,0,0,0,0.0,0,0,0
1778565956,0,,Aggregated,0.000000,0.000000,N/A,N/A,N/A,N/A,N/A,N/A,N/A,N/A,N/A,N/A,N/A,0,0,0,0.0,0,0,0
1778565957,0,,Aggregated,0.000000,0.000000,N/A,N/A,N/A,N/A,N/A,N/A,N/A,N/A,N/A,N/A,N/A,0,0,0,0.0,0,0,0
1778565958,0,,Aggregated,0.000000,0.000000,N/A,N/A,N/A,N/A,N/A,N/A,N/A,N/A,N/A,N/A,N/A,0,0,0,0.0,0,0,0
1778565959,0,,Aggregated,0.000000,0.000000,N/A,N/A,N/A,N/A,N/A,N/A,N/A,N/A,N/A,N/A,N/A,0,0,0,0.0,0,0,0
1778565960,0,,Aggregated,0.000000,0.000000,N/A,N/A,N/A,N/A,N/A,N/A,N/A,N/A,N/A,N/A,N/A,0,0,0,0.0,0,0,0
1778565961,0,,Aggregated,0.000000,0.000000,N/A,N/A,N/A,N/A,N/A,N/A,N/A,N/A,N/A,N/A,N/A,0,0,0,0.0,0,0,0
1778565962,0,,Aggregated,0.000000,0.000000,N/A,N/A,N/A,N/A,N/A,N/A,N/A,N/A,N/A,N/A,N/A,0,0,0,0.0,0,0,0
1778565963,0,,Aggregated,0.000000,0.000000,N/A,N/A,N/A,N/A,N/A,N/A,N/A,N/A,N/A,N/A,N/A,0,0,0,0.0,0,0,0
1778565964,0,,Aggregated,0.000000,0.000000,N/A,N/A,N/A,N/A,N/A,N/A,N/A,N/A,N/A,N/A,N/A,0,0,0,0.0,0,0,0
1778565965,0,,Aggregated,0.000000,0.000000,N/A,N/A,N/A,N/A,N/A,N/A,N/A,N/A,N/A,N/A,N/A,0,0,0,0.0,0,0,0
1778565966,0,,Aggregated,0.000000,0.000000,N/A,N/A,N/A,N/A,N/A,N/A,N/A,N/A,N/A,N/A,N/A,0,0,0,0.0,0,0,0
1778565967,0,,Aggregated,0.000000,0.000000,N/A,N/A,N/A,N/A,N/A,N/A,N/A,N/A,N/A,N/A,N/A,0,0,0,0.0,0,0,0
1778565968,0,,Aggregated,0.000000,0.000000,N/A,N/A,N/A,N/A,N/A,N/A,N/A,N/A,N/A,N/A,N/A,0,0,0,0.0,0,0,0
1778565969,0,,Aggregated,0.000000,0.000000,N/A,N/A,N/A,N/A,N/A,N/A,N/A,N/A,N/A,N/A,N/A,0,0,0,0.0,0,0,0
1778565970,0,,Aggregated,0.000000,0.000000,N/A,N/A,N/A,N/A,N/A,N/A,N/A,N/A,N/A,N/A,N/A,0,0,0,0.0,0,0,0
1778565971,0,,Aggregated,0.000000,0.000000,N/A,N/A,N/A,N/A,N/A,N/A,N/A,N/A,N/A,N/A,N/A,0,0,0,0.0,0,0,0
1778565972,0,,Aggregated,0.000000,0.000000,N/A,N/A,N/A,N/A,N/A,N/A,N/A,N/A,N/A,N/A,N/A,0,0,0,0.0,0,0,0
1778565973,0,,Aggregated,0.000000,0.000000,N/A,N/A,N/A,N/A,N/A,N/A,N/A,N/A,N/A,N/A,N/A,0,0,0,0.0,0,0,0
1778565974,0,,Aggregated,0.000000,0.000000,N/A,N/A,N/A,N/A,N/A,N/A,N/A,N/A,N/A,N/A,N/A,0,0,0,0.0,0,0,0
1778565975,0,,Aggregated,0.000000,0.000000,N/A,N/A,N/A,N/A,N/A,N/A,N/A,N/A,N/A,N/A,N/A,0,0,0,0.0,0,0,0
1778565976,0,,Aggregated,0.000000,0.000000,N/A,N/A,N/A,N/A,N/A,N/A,N/A,N/A,N/A,N/A,N/A,0,0,0,0.0,0,0,0
1778565977,0,,Aggregated,0.000000,0.000000,N/A,N/A,N/A,N/A,N/A,N/A,N/A,N/A,N/A,N/A,N/A,0,0,0,0.0,0,0,0
1778565978,0,,Aggregated,0.000000,0.000000,N/A,N/A,N/A,N/A,N/A,N/A,N/A,N/A,N/A,N/A,N/A,0,0,0,0.0,0,0,0
1778565979,0,,Aggregated,0.000000,0.000000,N/A,N/A,N/A,N/A,N/A,N/A,N/A,N/A,N/A,N/A,N/A,0,0,0,0.0,0,0,0
1778565980,0,,Aggregated,0.000000,0.000000,N/A,N/A,N/A,N/A,N/A,N/A,N/A,N/A,N/A,N/A,N/A,0,0,0,0.0,0,0,0
1778565981,0,,Aggregated,0.000000,0.000000,N/A,N/A,N/A,N/A,N/A,N/A,N/A,N/A,N/A,N/A,N/A,0,0,0,0.0,0,0,0
1778565982,0,,Aggregated,0.000000,0.000000,N/A,N/A,N/A,N/A,N/A,N/A,N/A,N/A,N/A,N/A,N/A,0,0,0,0.0,0,0,0
1778565983,0,,Aggregated,0.000000,0.000000,N/A,N/A,N/A,N/A,N/A,N/A,N/A,N/A,N/A,N/A,N/A,0,0,0,0.0,0,0,0
1778565984,0,,Aggregated,0.000000,0.000000,N/A,N/A,N/A,N/A,N/A,N/A,N/A,N/A,N/A,N/A,N/A,0,0,0,0.0,0,0,0
1778565985,0,,Aggregated,0.000000,0.000000,N/A,N/A,N/A,N/A,N/A,N/A,N/A,N/A,N/A,N/A,N/A,0,0,0,0.0,0,0,0
1778565986,0,,Aggregated,0.000000,0.000000,N/A,N/A,N/A,N/A,N/A,N/A,N/A,N/A,N/A,N/A,N/A,0,0,0,0.0,0,0,0
1778565987,0,,Aggregated,0.000000,0.000000,N/A,N/A,N/A,N/A,N/A,N/A,N/A,N/A,N/A,N/A,N/A,0,0,0,0.0,0,0,0
1778565988,0,,Aggregated,0.000000,0.000000,N/A,N/A,N/A,N/A,N/A,N/A,N/A,N/A,N/A,N/A,N/A,0,0,0,0.0,0,0,0
1778565989,0,,Aggregated,0.000000,0.000000,N/A,N/A,N/A,N/A,N/A,N/A,N/A,N/A,N/A,N/A,N/A,0,0,0,0.0,0,0,0
1778565990,0,,Aggregated,0.000000,0.000000,N/A,N/A,N/A,N/A,N/A,N/A,N/A,N/A,N/A,N/A,N/A,0,0,0,0.0,0,0,0
1778565991,0,,Aggregated,0.000000,0.000000,N/A,N/A,N/A,N/A,N/A,N/A,N/A,N/A,N/A,N/A,N/A,0,0,0,0.0,0,0,0
1778565992,0,,Aggregated,0.000000,0.000000,N/A,N/A,N/A,N/A,N/A,N/A,N/A,N/A,N/A,N/A,N/A,0,0,0,0.0,0,0,0
1778565993,0,,Aggregated,0.000000,0.000000,N/A,N/A,N/A,N/A,N/A,N/A,N/A,N/A,N/A,N/A,N/A,0,0,0,0.0,0,0,0
1778565994,0,,Aggregated,0.000000,0.000000,N/A,N/A,N/A,N/A,N/A,N/A,N/A,N/A,N/A,N/A,N/A,0,0,0,0.0,0,0,0
1778565995,0,,Aggregated,0.000000,0.000000,N/A,N/A,N/A,N/A,N/A,N/A,N/A,N/A,N/A,N/A,N/A,0,0,0,0.0,0,0,0
1778565996,0,,Aggregated,0.000000,0.000000,N/A,N/A,N/A,N/A,N/A,N/A,N/A,N/A,N/A,N/A,N/A,0,0,0,0.0,0,0,0
1778565997,0,,Aggregated,0.000000,0.000000,N/A,N/A,N/A,N/A,N/A,N/A,N/A,N/A,N/A,N/A,N/A,0,0,0,0.0,0,0,0
1778565998,0,,Aggregated,0.000000,0.000000,N/A,N/A,N/A,N/A,N/A,N/A,N/A,N/A,N/A,N/A,N/A,0,0,0,0.0,0,0,0
1778565999,0,,Aggregated,0.000000,0.000000,N/A,N/A,N/A,N/A,N/A,N/A,N/A,N/A,N/A,N/A,N/A,0,0,0,0.0,0,0,0
1778566000,0,,Aggregated,0.000000,0.000000,N/A,N/A,N/A,N/A,N/A,N/A,N/A,N/A,N/A,N/A,N/A,0,0,0,0.0,0,0,0
1778566001,0,,Aggregated,0.000000,0.000000,N/A,N/A,N/A,N/A,N/A,N/A,N/A,N/A,N/A,N/A,N/A,0,0,0,0.0,0,0,0
1778566002,0,,Aggregated,0.000000,0.000000,N/A,N/A,N/A,N/A,N/A,N/A,N/A,N/A,N/A,N/A,N/A,0,0,0,0.0,0,0,0
1778566003,0,,Aggregated,0.000000,0.000000,N/A,N/A,N/A,N/A,N/A,N/A,N/A,N/A,N/A,N/A,N/A,0,0,0,0.0,0,0,0
1778566004,0,,Aggregated,0.000000,0.000000,N/A,N/A,N/A,N/A,N/A,N/A,N/A,N/A,N/A,N/A,N/A,0,0,0,0.0,0,0,0
1778566005,0,,Aggregated,0.000000,0.000000,N/A,N/A,N/A,N/A,N/A,N/A,N/A,N/A,N/A,N/A,N/A,0,0,0,0.0,0,0,0
1778566006,0,,Aggregated,0.000000,0.000000,N/A,N/A,N/A,N/A,N/A,N/A,N/A,N/A,N/A,N/A,N/A,0,0,0,0.0,0,0,0
1778566007,0,,Aggregated,0.000000,0.000000,N/A,N/A,N/A,N/A,N/A,N/A,N/A,N/A,N/A,N/A,N/A,0,0,0,0.0,0,0,0
1778566008,0,,Aggregated,0.000000,0.000000,N/A,N/A,N/A,N/A,N/A,N/A,N/A,N/A,N/A,N/A,N/A,0,0,0,0.0,0,0,0
1778566009,0,,Aggregated,0.000000,0.000000,N/A,N/A,N/A,N/A,N/A,N/A,N/A,N/A,N/A,N/A,N/A,0,0,0,0.0,0,0,0
1778566010,0,,Aggregated,0.000000,0.000000,N/A,N/A,N/A,N/A,N/A,N/A,N/A,N/A,N/A,N/A,N/A,0,0,0,0.0,0,0,0
1778566011,0,,Aggregated,0.000000,0.000000,N/A,N/A,N/A,N/A,N/A,N/A,N/A,N/A,N/A,N/A,N/A,0,0,0,0.0,0,0,0
1778566012,0,,Aggregated,0.000000,0.000000,N/A,N/A,N/A,N/A,N/A,N/A,N/A,N/A,N/A,N/A,N/A,0,0,0,0.0,0,0,0
1778566013,0,,Aggregated,0.000000,0.000000,N/A,N/A,N/A,N/A,N/A,N/A,N/A,N/A,N/A,N/A,N/A,0,0,0,0.0,0,0,0
1778566014,0,,Aggregated,0.000000,0.000000,N/A,N/A,N/A,N/A,N/A,N/A,N/A,N/A,N/A,N/A,N/A,0,0,0,0.0,0,0,0
1778566015,0,,Aggregated,0.000000,0.000000,N/A,N/A,N/A,N/A,N/A,N/A,N/A,N/A,N/A,N/A,N/A,0,0,0,0.0,0,0,0
1778566016,0,,Aggregated,0.000000,0.000000,N/A,N/A,N/A,N/A,N/A,N/A,N/A,N/A,N/A,N/A,N/A,0,0,0,0.0,0,0,0
1778566017,0,,Aggregated,0.000000,0.000000,N/A,N/A,N/A,N/A,N/A,N/A,N/A,N/A,N/A,N/A,N/A,0,0,0,0.0,0,0,0
1778566018,0,,Aggregated,0.000000,0.000000,N/A,N/A,N/A,N/A,N/A,N/A,N/A,N/A,N/A,N/A,N/A,0,0,0,0.0,0,0,0
1778566019,0,,Aggregated,0.000000,0.000000,N/A,N/A,N/A,N/A,N/A,N/A,N/A,N/A,N/A,N/A,N/A,0,0,0,0.0,0,0,0
1778566020,0,,Aggregated,0.000000,0.000000,N/A,N/A,N/A,N/A,N/A,N/A,N/A,N/A,N/A,N/A,N/A,0,0,0,0.0,0,0,0
1778566021,0,,Aggregated,0.000000,0.000000,N/A,N/A,N/A,N/A,N/A,N/A,N/A,N/A,N/A,N/A,N/A,0,0,0,0.0,0,0,0
1778566022,0,,Aggregated,0.000000,0.000000,N/A,N/A,N/A,N/A,N/A,N/A,N/A,N/A,N/A,N/A,N/A,0,0,0,0.0,0,0,0
1778566023,0,,Aggregated,0.000000,0.000000,N/A,N/A,N/A,N/A,N/A,N/A,N/A,N/A,N/A,N/A,N/A,0,0,0,0.0,0,0,0
1778566024,0,,Aggregated,0.000000,0.000000,N/A,N/A,N/A,N/A,N/A,N/A,N/A,N/A,N/A,N/A,N/A,0,0,0,0.0,0,0,0
1778566025,0,,Aggregated,0.000000,0.000000,N/A,N/A,N/A,N/A,N/A,N/A,N/A,N/A,N/A,N/A,N/A,0,0,0,0.0,0,0,0
1778566026,0,,Aggregated,0.000000,0.000000,N/A,N/A,N/A,N/A,N/A,N/A,N/A,N/A,N/A,N/A,N/A,0,0,0,0.0,0,0,0
1778566027,0,,Aggregated,0.000000,0.000000,N/A,N/A,N/A,N/A,N/A,N/A,N/A,N/A,N/A,N/A,N/A,0,0,0,0.0,0,0,0
1778566028,0,,Aggregated,0.000000,0.000000,N/A,N/A,N/A,N/A,N/A,N/A,N/A,N/A,N/A,N/A,N/A,0,0,0,0.0,0,0,0
1778566029,0,,Aggregated,0.000000,0.000000,N/A,N/A,N/A,N/A,N/A,N/A,N/A,N/A,N/A,N/A,N/A,0,0,0,0.0,0,0,0
1778566030,0,,Aggregated,0.000000,0.000000,N/A,N/A,N/A,N/A,N/A,N/A,N/A,N/A,N/A,N/A,N/A,0,0,0,0.0,0,0,0
1778566031,0,,Aggregated,0.000000,0.000000,N/A,N/A,N/A,N/A,N/A,N/A,N/A,N/A,N/A,N/A,N/A,0,0,0,0.0,0,0,0
1778566032,0,,Aggregated,0.000000,0.000000,N/A,N/A,N/A,N/A,N/A,N/A,N/A,N/A,N/A,N/A,N/A,0,0,0,0.0,0,0,0
1778566033,0,,Aggregated,0.000000,0.000000,N/A,N/A,N/A,N/A,N/A,N/A,N/A,N/A,N/A,N/A,N/A,0,0,0,0.0,0,0,0
1778566034,0,,Aggregated,0.000000,0.000000,N/A,N/A,N/A,N/A,N/A,N/A,N/A,N/A,N/A,N/A,N/A,0,0,0,0.0,0,0,0
1778566035,0,,Aggregated,0.000000,0.000000,N/A,N/A,N/A,N/A,N/A,N/A,N/A,N/A,N/A,N/A,N/A,0,0,0,0.0,0,0,0
1778566036,0,,Aggregated,0.000000,0.000000,N/A,N/A,N/A,N/A,N/A,N/A,N/A,N/A,N/A,N/A,N/A,0,0,0,0.0,0,0,0
1778566037,0,,Aggregated,0.000000,0.000000,N/A,N/A,N/A,N/A,N/A,N/A,N/A,N/A,N/A,N/A,N/A,0,0,0,0.0,0,0,0
1778566038,0,,Aggregated,0.000000,0.000000,N/A,N/A,N/A,N/A,N/A,N/A,N/A,N/A,N/A,N/A,N/A,0,0,0,0.0,0,0,0
1778566039,0,,Aggregated,0.000000,0.000000,N/A,N/A,N/A,N/A,N/A,N/A,N/A,N/A,N/A,N/A,N/A,0,0,0,0.0,0,0,0
1778566040,0,,Aggregated,0.000000,0.000000,N/A,N/A,N/A,N/A,N/A,N/A,N/A,N/A,N/A,N/A,N/A,0,0,0,0.0,0,0,0
1778566041,0,,Aggregated,0.000000,0.000000,N/A,N/A,N/A,N/A,N/A,N/A,N/A,N/A,N/A,N/A,N/A,0,0,0,0.0,0,0,0
1778566042,0,,Aggregated,0.000000,0.000000,N/A,N/A,N/A,N/A,N/A,N/A,N/A,N/A,N/A,N/A,N/A,0,0,0,0.0,0,0,0
1778566043,0,,Aggregated,0.000000,0.000000,N/A,N/A,N/A,N/A,N/A,N/A,N/A,N/A,N/A,N/A,N/A,0,0,0,0.0,0,0,0
1778566044,0,,Aggregated,0.000000,0.000000,N/A,N/A,N/A,N/A,N/A,N/A,N/A,N/A,N/A,N/A,N/A,0,0,0,0.0,0,0,0
1778566045,0,,Aggregated,0.000000,0.000000,N/A,N/A,N/A,N/A,N/A,N/A,N/A,N/A,N/A,N/A,N/A,0,0,0,0.0,0,0,0
1778566046,0,,Aggregated,0.000000,0.000000,N/A,N/A,N/A,N/A,N/A,N/A,N/A,N/A,N/A,N/A,N/A,0,0,0,0.0,0,0,0
1778566047,0,,Aggregated,0.000000,0.000000,N/A,N/A,N/A,N/A,N/A,N/A,N/A,N/A,N/A,N/A,N/A,0,0,0,0.0,0,0,0
1778566048,0,,Aggregated,0.000000,0.000000,N/A,N/A,N/A,N/A,N/A,N/A,N/A,N/A,N/A,N/A,N/A,0,0,0,0.0,0,0,0
1778566049,0,,Aggregated,0.000000,0.000000,N/A,N/A,N/A,N/A,N/A,N/A,N/A,N/A,N/A,N/A,N/A,0,0,0,0.0,0,0,0
1778566050,0,,Aggregated,0.000000,0.000000,N/A,N/A,N/A,N/A,N/A,N/A,N/A,N/A,N/A,N/A,N/A,0,0,0,0.0,0,0,0
1778566051,0,,Aggregated,0.000000,0.000000,N/A,N/A,N/A,N/A,N/A,N/A,N/A,N/A,N/A,N/A,N/A,0,0,0,0.0,0,0,0
1778566052,0,,Aggregated,0.000000,0.000000,N/A,N/A,N/A,N/A,N/A,N/A,N/A,N/A,N/A,N/A,N/A,0,0,0,0.0,0,0,0
1778566053,0,,Aggregated,0.000000,0.000000,N/A,N/A,N/A,N/A,N/A,N/A,N/A,N/A,N/A,N/A,N/A,0,0,0,0.0,0,0,0
1778566054,0,,Aggregated,0.000000,0.000000,N/A,N/A,N/A,N/A,N/A,N/A,N/A,N/A,N/A,N/A,N/A,0,0,0,0.0,0,0,0
1778566055,0,,Aggregated,0.000000,0.000000,N/A,N/A,N/A,N/A,N/A,N/A,N/A,N/A,N/A,N/A,N/A,0,0,0,0.0,0,0,0
1778566056,0,,Aggregated,0.000000,0.000000,N/A,N/A,N/A,N/A,N/A,N/A,N/A,N/A,N/A,N/A,N/A,0,0,0,0.0,0,0,0
1778566057,0,,Aggregated,0.000000,0.000000,N/A,N/A,N/A,N/A,N/A,N/A,N/A,N/A,N/A,N/A,N/A,0,0,0,0.0,0,0,0
1778566058,0,,Aggregated,0.000000,0.000000,N/A,N/A,N/A,N/A,N/A,N/A,N/A,N/A,N/A,N/A,N/A,0,0,0,0.0,0,0,0
1778566059,0,,Aggregated,0.000000,0.000000,N/A,N/A,N/A,N/A,N/A,N/A,N/A,N/A,N/A,N/A,N/A,0,0,0,0.0,0,0,0
1778566060,0,,Aggregated,0.000000,0.000000,N/A,N/A,N/A,N/A,N/A,N/A,N/A,N/A,N/A,N/A,N/A,0,0,0,0.0,0,0,0
1778566061,0,,Aggregated,0.000000,0.000000,N/A,N/A,N/A,N/A,N/A,N/A,N/A,N/A,N/A,N/A,N/A,0,0,0,0.0,0,0,0
1778566062,0,,Aggregated,0.000000,0.000000,N/A,N/A,N/A,N/A,N/A,N/A,N/A,N/A,N/A,N/A,N/A,0,0,0,0.0,0,0,0
1778566063,0,,Aggregated,0.000000,0.000000,N/A,N/A,N/A,N/A,N/A,N/A,N/A,N/A,N/A,N/A,N/A,0,0,0,0.0,0,0,0
1778566064,0,,Aggregated,0.000000,0.000000,N/A,N/A,N/A,N/A,N/A,N/A,N/A,N/A,N/A,N/A,N/A,0,0,0,0.0,0,0,0
1778566065,0,,Aggregated,0.000000,0.000000,N/A,N/A,N/A,N/A,N/A,N/A,N/A,N/A,N/A,N/A,N/A,0,0,0,0.0,0,0,0
1778566066,0,,Aggregated,0.000000,0.000000,N/A,N/A,N/A,N/A,N/A,N/A,N/A,N/A,N/A,N/A,N/A,0,0,0,0.0,0,0,0
1778566067,0,,Aggregated,0.000000,0.000000,N/A,N/A,N/A,N/A,N/A,N/A,N/A,N/A,N/A,N/A,N/A,0,0,0,0.0,0,0,0
1778566068,0,,Aggregated,0.000000,0.000000,N/A,N/A,N/A,N/A,N/A,N/A,N/A,N/A,N/A,N/A,N/A,0,0,0,0.0,0,0,0
1778566069,0,,Aggregated,0.000000,0.000000,N/A,N/A,N/A,N/A,N/A,N/A,N/A,N/A,N/A,N/A,N/A,0,0,0,0.0,0,0,0
1778566070,0,,Aggregated,0.000000,0.000000,N/A,N/A,N/A,N/A,N/A,N/A,N/A,N/A,N/A,N/A,N/A,0,0,0,0.0,0,0,0
1778566071,0,,Aggregated,0.000000,0.000000,N/A,N/A,N/A,N/A,N/A,N/A,N/A,N/A,N/A,N/A,N/A,0,0,0,0.0,0,0,0
1778566072,0,,Aggregated,0.000000,0.000000,N/A,N/A,N/A,N/A,N/A,N/A,N/A,N/A,N/A,N/A,N/A,0,0,0,0.0,0,0,0
1778566073,0,,Aggregated,0.000000,0.000000,N/A,N/A,N/A,N/A,N/A,N/A,N/A,N/A,N/A,N/A,N/A,0,0,0,0.0,0,0,0
1778566074,0,,Aggregated,0.000000,0.000000,N/A,N/A,N/A,N/A,N/A,N/A,N/A,N/A,N/A,N/A,N/A,0,0,0,0.0,0,0,0
1778566075,0,,Aggregated,0.000000,0.000000,N/A,N/A,N/A,N/A,N/A,N/A,N/A,N/A,N/A,N/A,N/A,0,0,0,0.0,0,0,0
1778566076,0,,Aggregated,0.000000,0.000000,N/A,N/A,N/A,N/A,N/A,N/A,N/A,N/A,N/A,N/A,N/A,0,0,0,0.0,0,0,0
1778566077,0,,Aggregated,0.000000,0.000000,N/A,N/A,N/A,N/A,N/A,N/A,N/A,N/A,N/A,N/A,N/A,0,0,0,0.0,0,0,0
1778566078,0,,Aggregated,0.000000,0.000000,N/A,N/A,N/A,N/A,N/A,N/A,N/A,N/A,N/A,N/A,N/A,0,0,0,0.0,0,0,0
1778566079,0,,Aggregated,0.000000,0.000000,N/A,N/A,N/A,N/A,N/A,N/A,N/A,N/A,N/A,N/A,N/A,0,0,0,0.0,0,0,0
1778566080,0,,Aggregated,0.000000,0.000000,N/A,N/A,N/A,N/A,N/A,N/A,N/A,N/A,N/A,N/A,N/A,0,0,0,0.0,0,0,0
1778566081,0,,Aggregated,0.000000,0.000000,N/A,N/A,N/A,N/A,N/A,N/A,N/A,N/A,N/A,N/A,N/A,0,0,0,0.0,0,0,0
1778566082,0,,Aggregated,0.000000,0.000000,N/A,N/A,N/A,N/A,N/A,N/A,N/A,N/A,N/A,N/A,N/A,0,0,0,0.0,0,0,0
1778566083,0,,Aggregated,0.000000,0.000000,N/A,N/A,N/A,N/A,N/A,N/A,N/A,N/A,N/A,N/A,N/A,0,0,0,0.0,0,0,0
1778566084,0,,Aggregated,0.000000,0.000000,N/A,N/A,N/A,N/A,N/A,N/A,N/A,N/A,N/A,N/A,N/A,0,0,0,0.0,0,0,0
1778566085,0,,Aggregated,0.000000,0.000000,N/A,N/A,N/A,N/A,N/A,N/A,N/A,N/A,N/A,N/A,N/A,0,0,0,0.0,0,0,0
1778566086,0,,Aggregated,0.000000,0.000000,N/A,N/A,N/A,N/A,N/A,N/A,N/A,N/A,N/A,N/A,N/A,0,0,0,0.0,0,0,0
1778566087,0,,Aggregated,0.000000,0.000000,N/A,N/A,N/A,N/A,N/A,N/A,N/A,N/A,N/A,N/A,N/A,0,0,0,0.0,0,0,0
1778566088,0,,Aggregated,0.000000,0.000000,N/A,N/A,N/A,N/A,N/A,N/A,N/A,N/A,N/A,N/A,N/A,0,0,0,0.0,0,0,0
1778566089,0,,Aggregated,0.000000,0.000000,N/A,N/A,N/A,N/A,N/A,N/A,N/A,N/A,N/A,N/A,N/A,0,0,0,0.0,0,0,0
1778566090,0,,Aggregated,0.000000,0.000000,N/A,N/A,N/A,N/A,N/A,N/A,N/A,N/A,N/A,N/A,N/A,0,0,0,0.0,0,0,0
1778566091,0,,Aggregated,0.000000,0.000000,N/A,N/A,N/A,N/A,N/A,N/A,N/A,N/A,N/A,N/A,N/A,0,0,0,0.0,0,0,0
1778566092,0,,Aggregated,0.000000,0.000000,N/A,N/A,N/A,N/A,N/A,N/A,N/A,N/A,N/A,N/A,N/A,0,0,0,0.0,0,0,0
1778566093,0,,Aggregated,0.000000,0.000000,N/A,N/A,N/A,N/A,N/A,N/A,N/A,N/A,N/A,N/A,N/A,0,0,0,0.0,0,0,0
1778566094,0,,Aggregated,0.000000,0.000000,N/A,N/A,N/A,N/A,N/A,N/A,N/A,N/A,N/A,N/A,N/A,0,0,0,0.0,0,0,0
1778566095,0,,Aggregated,0.000000,0.000000,N/A,N/A,N/A,N/A,N/A,N/A,N/A,N/A,N/A,N/A,N/A,0,0,0,0.0,0,0,0
1778566096,0,,Aggregated,0.000000,0.000000,N/A,N/A,N/A,N/A,N/A,N/A,N/A,N/A,N/A,N/A,N/A,0,0,0,0.0,0,0,0
1778566097,0,,Aggregated,0.000000,0.000000,N/A,N/A,N/A,N/A,N/A,N/A,N/A,N/A,N/A,N/A,N/A,0,0,0,0.0,0,0,0
1778566098,0,,Aggregated,0.000000,0.000000,N/A,N/A,N/A,N/A,N/A,N/A,N/A,N/A,N/A,N/A,N/A,0,0,0,0.0,0,0,0
1778566099,0,,Aggregated,0.000000,0.000000,N/A,N/A,N/A,N/A,N/A,N/A,N/A,N/A,N/A,N/A,N/A,0,0,0,0.0,0,0,0
1778566100,0,,Aggregated,0.000000,0.000000,N/A,N/A,N/A,N/A,N/A,N/A,N/A,N/A,N/A,N/A,N/A,0,0,0,0.0,0,0,0
1778566101,0,,Aggregated,0.000000,0.000000,N/A,N/A,N/A,N/A,N/A,N/A,N/A,N/A,N/A,N/A,N/A,0,0,0,0.0,0,0,0
1778566102,0,,Aggregated,0.000000,0.000000,N/A,N/A,N/A,N/A,N/A,N/A,N/A,N/A,N/A,N/A,N/A,0,0,0,0.0,0,0,0
1778566103,0,,Aggregated,0.000000,0.000000,N/A,N/A,N/A,N/A,N/A,N/A,N/A,N/A,N/A,N/A,N/A,0,0,0,0.0,0,0,0
1778566104,0,,Aggregated,0.000000,0.000000,N/A,N/A,N/A,N/A,N/A,N/A,N/A,N/A,N/A,N/A,N/A,0,0,0,0.0,0,0,0
1778566105,0,,Aggregated,0.000000,0.000000,N/A,N/A,N/A,N/A,N/A,N/A,N/A,N/A,N/A,N/A,N/A,0,0,0,0.0,0,0,0
1778566106,0,,Aggregated,0.000000,0.000000,N/A,N/A,N/A,N/A,N/A,N/A,N/A,N/A,N/A,N/A,N/A,0,0,0,0.0,0,0,0
1778566107,0,,Aggregated,0.000000,0.000000,N/A,N/A,N/A,N/A,N/A,N/A,N/A,N/A,N/A,N/A,N/A,0,0,0,0.0,0,0,0
1778566108,0,,Aggregated,0.000000,0.000000,N/A,N/A,N/A,N/A,N/A,N/A,N/A,N/A,N/A,N/A,N/A,0,0,0,0.0,0,0,0
1778566109,0,,Aggregated,0.000000,0.000000,N/A,N/A,N/A,N/A,N/A,N/A,N/A,N/A,N/A,N/A,N/A,0,0,0,0.0,0,0,0
1778566110,0,,Aggregated,0.000000,0.000000,N/A,N/A,N/A,N/A,N/A,N/A,N/A,N/A,N/A,N/A,N/A,0,0,0,0.0,0,0,0
1778566111,0,,Aggregated,0.000000,0.000000,N/A,N/A,N/A,N/A,N/A,N/A,N/A,N/A,N/A,N/A,N/A,0,0,0,0.0,0,0,0
1778566112,0,,Aggregated,0.000000,0.000000,N/A,N/A,N/A,N/A,N/A,N/A,N/A,N/A,N/A,N/A,N/A,0,0,0,0.0,0,0,0
1778566113,0,,Aggregated,0.000000,0.000000,N/A,N/A,N/A,N/A,N/A,N/A,N/A,N/A,N/A,N/A,N/A,0,0,0,0.0,0,0,0
1778566114,0,,Aggregated,0.000000,0.000000,N/A,N/A,N/A,N/A,N/A,N/A,N/A,N/A,N/A,N/A,N/A,0,0,0,0.0,0,0,0
1778566115,0,,Aggregated,0.000000,0.000000,N/A,N/A,N/A,N/A,N/A,N/A,N/A,N/A,N/A,N/A,N/A,0,0,0,0.0,0,0,0
1778566116,0,,Aggregated,0.000000,0.000000,N/A,N/A,N/A,N/A,N/A,N/A,N/A,N/A,N/A,N/A,N/A,0,0,0,0.0,0,0,0
1778566117,0,,Aggregated,0.000000,0.000000,N/A,N/A,N/A,N/A,N/A,N/A,N/A,N/A,N/A,N/A,N/A,0,0,0,0.0,0,0,0
1778566118,0,,Aggregated,0.000000,0.000000,N/A,N/A,N/A,N/A,N/A,N/A,N/A,N/A,N/A,N/A,N/A,0,0,0,0.0,0,0,0
1778566119,0,,Aggregated,0.000000,0.000000,N/A,N/A,N/A,N/A,N/A,N/A,N/A,N/A,N/A,N/A,N/A,0,0,0,0.0,0,0,0
1778566120,0,,Aggregated,0.000000,0.000000,N/A,N/A,N/A,N/A,N/A,N/A,N/A,N/A,N/A,N/A,N/A,0,0,0,0.0,0,0,0
1778566121,0,,Aggregated,0.000000,0.000000,N/A,N/A,N/A,N/A,N/A,N/A,N/A,N/A,N/A,N/A,N/A,0,0,0,0.0,0,0,0
1778566122,0,,Aggregated,0.000000,0.000000,N/A,N/A,N/A,N/A,N/A,N/A,N/A,N/A,N/A,N/A,N/A,0,0,0,0.0,0,0,0
1778566123,0,,Aggregated,0.000000,0.000000,N/A,N/A,N/A,N/A,N/A,N/A,N/A,N/A,N/A,N/A,N/A,0,0,0,0.0,0,0,0
1778566124,0,,Aggregated,0.000000,0.000000,N/A,N/A,N/A,N/A,N/A,N/A,N/A,N/A,N/A,N/A,N/A,0,0,0,0.0,0,0,0
1778566125,0,,Aggregated,0.000000,0.000000,N/A,N/A,N/A,N/A,N/A,N/A,N/A,N/A,N/A,N/A,N/A,0,0,0,0.0,0,0,0
1778566126,0,,Aggregated,0.000000,0.000000,N/A,N/A,N/A,N/A,N/A,N/A,N/A,N/A,N/A,N/A,N/A,0,0,0,0.0,0,0,0
1778566127,0,,Aggregated,0.000000,0.000000,N/A,N/A,N/A,N/A,N/A,N/A,N/A,N/A,N/A,N/A,N/A,0,0,0,0.0,0,0,0
1778566128,0,,Aggregated,0.000000,0.000000,N/A,N/A,N/A,N/A,N/A,N/A,N/A,N/A,N/A,N/A,N/A,0,0,0,0.0,0,0,0
1778566129,0,,Aggregated,0.000000,0.000000,N/A,N/A,N/A,N/A,N/A,N/A,N/A,N/A,N/A,N/A,N/A,0,0,0,0.0,0,0,0
1778566130,0,,Aggregated,0.000000,0.000000,N/A,N/A,N/A,N/A,N/A,N/A,N/A,N/A,N/A,N/A,N/A,0,0,0,0.0,0,0,0
1778566131,0,,Aggregated,0.000000,0.000000,N/A,N/A,N/A,N/A,N/A,N/A,N/A,N/A,N/A,N/A,N/A,0,0,0,0.0,0,0,0
1778566132,0,,Aggregated,0.000000,0.000000,N/A,N/A,N/A,N/A,N/A,N/A,N/A,N/A,N/A,N/A,N/A,0,0,0,0.0,0,0,0
1778566133,0,,Aggregated,0.000000,0.000000,N/A,N/A,N/A,N/A,N/A,N/A,N/A,N/A,N/A,N/A,N/A,0,0,0,0.0,0,0,0
1778566134,0,,Aggregated,0.000000,0.000000,N/A,N/A,N/A,N/A,N/A,N/A,N/A,N/A,N/A,N/A,N/A,0,0,0,0.0,0,0,0
1778566135,0,,Aggregated,0.000000,0.000000,N/A,N/A,N/A,N/A,N/A,N/A,N/A,N/A,N/A,N/A,N/A,0,0,0,0.0,0,0,0
1778566136,0,,Aggregated,0.000000,0.000000,N/A,N/A,N/A,N/A,N/A,N/A,N/A,N/A,N/A,N/A,N/A,0,0,0,0.0,0,0,0
1778566137,0,,Aggregated,0.000000,0.000000,N/A,N/A,N/A,N/A,N/A,N/A,N/A,N/A,N/A,N/A,N/A,0,0,0,0.0,0,0,0
1778566138,0,,Aggregated,0.000000,0.000000,N/A,N/A,N/A,N/A,N/A,N/A,N/A,N/A,N/A,N/A,N/A,0,0,0,0.0,0,0,0
1778566139,0,,Aggregated,0.000000,0.000000,N/A,N/A,N/A,N/A,N/A,N/A,N/A,N/A,N/A,N/A,N/A,0,0,0,0.0,0,0,0
1778566140,0,,Aggregated,0.000000,0.000000,N/A,N/A,N/A,N/A,N/A,N/A,N/A,N/A,N/A,N/A,N/A,0,0,0,0.0,0,0,0
1778566141,0,,Aggregated,0.000000,0.000000,N/A,N/A,N/A,N/A,N/A,N/A,N/A,N/A,N/A,N/A,N/A,0,0,0,0.0,0,0,0
1778566142,0,,Aggregated,0.000000,0.000000,N/A,N/A,N/A,N/A,N/A,N/A,N/A,N/A,N/A,N/A,N/A,0,0,0,0.0,0,0,0
1778566143,0,,Aggregated,0.000000,0.000000,N/A,N/A,N/A,N/A,N/A,N/A,N/A,N/A,N/A,N/A,N/A,0,0,0,0.0,0,0,0
1778566144,0,,Aggregated,0.000000,0.000000,N/A,N/A,N/A,N/A,N/A,N/A,N/A,N/A,N/A,N/A,N/A,0,0,0,0.0,0,0,0
1778566145,0,,Aggregated,0.000000,0.000000,N/A,N/A,N/A,N/A,N/A,N/A,N/A,N/A,N/A,N/A,N/A,0,0,0,0.0,0,0,0
1778566146,0,,Aggregated,0.000000,0.000000,N/A,N/A,N/A,N/A,N/A,N/A,N/A,N/A,N/A,N/A,N/A,0,0,0,0.0,0,0,0
1778566147,0,,Aggregated,0.000000,0.000000,N/A,N/A,N/A,N/A,N/A,N/A,N/A,N/A,N/A,N/A,N/A,0,0,0,0.0,0,0,0
1778566148,0,,Aggregated,0.000000,0.000000,N/A,N/A,N/A,N/A,N/A,N/A,N/A,N/A,N/A,N/A,N/A,0,0,0,0.0,0,0,0
1778566149,0,,Aggregated,0.000000,0.000000,N/A,N/A,N/A,N/A,N/A,N/A,N/A,N/A,N/A,N/A,N/A,0,0,0,0.0,0,0,0
1778566150,0,,Aggregated,0.000000,0.000000,N/A,N/A,N/A,N/A,N/A,N/A,N/A,N/A,N/A,N/A,N/A,0,0,0,0.0,0,0,0
1778566151,1,,Aggregated,0.000000,0.000000,N/A,N/A,N/A,N/A,N/A,N/A,N/A,N/A,N/A,N/A,N/A,0,0,0,0.0,0,0,0
1778566152,2,,Aggregated,0.000000,0.000000,N/A,N/A,N/A,N/A,N/A,N/A,N/A,N/A,N/A,N/A,N/A,0,0,0,0.0,0,0,0
1778566153,3,,Aggregated,0.000000,0.000000,N/A,N/A,N/A,N/A,N/A,N/A,N/A,N/A,N/A,N/A,N/A,0,0,0,0.0,0,0,0
1778566154,4,,Aggregated,0.000000,0.000000,N/A,N/A,N/A,N/A,N/A,N/A,N/A,N/A,N/A,N/A,N/A,0,0,0,0.0,0,0,0
1778566155,5,,Aggregated,0.000000,0.000000,N/A,N/A,N/A,N/A,N/A,N/A,N/A,N/A,N/A,N/A,N/A,0,0,0,0.0,0,0,0
1778566156,6,,Aggregated,0.000000,0.000000,N/A,N/A,N/A,N/A,N/A,N/A,N/A,N/A,N/A,N/A,N/A,0,0,0,0.0,0,0,0
1778566157,8,,Aggregated,0.000000,0.000000,N/A,N/A,N/A,N/A,N/A,N/A,N/A,N/A,N/A,N/A,N/A,0,0,0,0.0,0,0,0
1778566158,9,,Aggregated,0.000000,0.000000,N/A,N/A,N/A,N/A,N/A,N/A,N/A,N/A,N/A,N/A,N/A,0,0,0,0.0,0,0,0
1778566159,9,,Aggregated,0.000000,0.000000,N/A,N/A,N/A,N/A,N/A,N/A,N/A,N/A,N/A,N/A,N/A,0,0,0,0.0,0,0,0
1778566160,11,,Aggregated,0.000000,0.000000,N/A,N/A,N/A,N/A,N/A,N/A,N/A,N/A,N/A,N/A,N/A,0,0,0,0.0,0,0,0
1778566161,12,,Aggregated,0.000000,0.000000,N/A,N/A,N/A,N/A,N/A,N/A,N/A,N/A,N/A,N/A,N/A,0,0,0,0.0,0,0,0
1778566162,13,,Aggregated,0.000000,0.000000,N/A,N/A,N/A,N/A,N/A,N/A,N/A,N/A,N/A,N/A,N/A,0,0,0,0.0,0,0,0
1778566163,14,,Aggregated,0.000000,0.000000,N/A,N/A,N/A,N/A,N/A,N/A,N/A,N/A,N/A,N/A,N/A,0,0,0,0.0,0,0,0
1778566164,15,,Aggregated,0.000000,0.000000,N/A,N/A,N/A,N/A,N/A,N/A,N/A,N/A,N/A,N/A,N/A,0,0,0,0.0,0,0,0
1778566165,16,,Aggregated,0.000000,0.000000,N/A,N/A,N/A,N/A,N/A,N/A,N/A,N/A,N/A,N/A,N/A,0,0,0,0.0,0,0,0
1778566166,17,,Aggregated,0.000000,0.000000,N/A,N/A,N/A,N/A,N/A,N/A,N/A,N/A,N/A,N/A,N/A,0,0,0,0.0,0,0,0
1778566167,18,,Aggregated,0.000000,0.000000,N/A,N/A,N/A,N/A,N/A,N/A,N/A,N/A,N/A,N/A,N/A,0,0,0,0.0,0,0,0
1778566168,19,,Aggregated,0.000000,0.000000,N/A,N/A,N/A,N/A,N/A,N/A,N/A,N/A,N/A,N/A,N/A,0,0,0,0.0,0,0,0
1778566169,20,,Aggregated,0.000000,0.000000,N/A,N/A,N/A,N/A,N/A,N/A,N/A,N/A,N/A,N/A,N/A,0,0,0,0.0,0,0,0
1778566170,21,,Aggregated,0.000000,0.000000,N/A,N/A,N/A,N/A,N/A,N/A,N/A,N/A,N/A,N/A,N/A,0,0,0,0.0,0,0,0
1778566171,22,,Aggregated,0.000000,0.000000,N/A,N/A,N/A,N/A,N/A,N/A,N/A,N/A,N/A,N/A,N/A,0,0,0,0.0,0,0,0
1778566172,24,,Aggregated,0.000000,0.000000,N/A,N/A,N/A,N/A,N/A,N/A,N/A,N/A,N/A,N/A,N/A,0,0,0,0.0,0,0,0
1778566173,25,,Aggregated,0.000000,0.000000,N/A,N/A,N/A,N/A,N/A,N/A,N/A,N/A,N/A,N/A,N/A,0,0,0,0.0,0,0,0
1778566174,26,,Aggregated,0.000000,0.000000,N/A,N/A,N/A,N/A,N/A,N/A,N/A,N/A,N/A,N/A,N/A,0,0,0,0.0,0,0,0
1778566175,26,,Aggregated,0.000000,0.000000,N/A,N/A,N/A,N/A,N/A,N/A,N/A,N/A,N/A,N/A,N/A,0,0,0,0.0,0,0,0
1778566176,28,,Aggregated,0.000000,0.000000,N/A,N/A,N/A,N/A,N/A,N/A,N/A,N/A,N/A,N/A,N/A,0,0,0,0.0,0,0,0
1778566177,29,,Aggregated,0.000000,0.000000,N/A,N/A,N/A,N/A,N/A,N/A,N/A,N/A,N/A,N/A,N/A,0,0,0,0.0,0,0,0
1778566178,30,,Aggregated,0.000000,0.000000,N/A,N/A,N/A,N/A,N/A,N/A,N/A,N/A,N/A,N/A,N/A,0,0,0,0.0,0,0,0
1778566179,31,,Aggregated,0.000000,0.000000,N/A,N/A,N/A,N/A,N/A,N/A,N/A,N/A,N/A,N/A,N/A,0,0,0,0.0,0,0,0
1778566180,32,,Aggregated,0.000000,0.000000,N/A,N/A,N/A,N/A,N/A,N/A,N/A,N/A,N/A,N/A,N/A,0,0,0,0.0,0,0,0
1778566181,33,,Aggregated,0.000000,0.000000,N/A,N/A,N/A,N/A,N/A,N/A,N/A,N/A,N/A,N/A,N/A,0,0,0,0.0,0,0,0
1778566182,34,,Aggregated,0.000000,0.000000,N/A,N/A,N/A,N/A,N/A,N/A,N/A,N/A,N/A,N/A,N/A,0,0,0,0.0,0,0,0
1778566183,35,,Aggregated,0.000000,0.000000,N/A,N/A,N/A,N/A,N/A,N/A,N/A,N/A,N/A,N/A,N/A,0,0,0,0.0,0,0,0
1778566184,36,,Aggregated,0.000000,0.000000,N/A,N/A,N/A,N/A,N/A,N/A,N/A,N/A,N/A,N/A,N/A,0,0,0,0.0,0,0,0
1778566185,37,,Aggregated,0.000000,0.000000,N/A,N/A,N/A,N/A,N/A,N/A,N/A,N/A,N/A,N/A,N/A,0,0,0,0.0,0,0,0
1778566186,38,,Aggregated,0.000000,0.000000,N/A,N/A,N/A,N/A,N/A,N/A,N/A,N/A,N/A,N/A,N/A,0,0,0,0.0,0,0,0
1778566187,40,,Aggregated,0.000000,0.000000,N/A,N/A,N/A,N/A,N/A,N/A,N/A,N/A,N/A,N/A,N/A,0,0,0,0.0,0,0,0
1778566188,41,,Aggregated,0.000000,0.000000,N/A,N/A,N/A,N/A,N/A,N/A,N/A,N/A,N/A,N/A,N/A,0,0,0,0.0,0,0,0
1778566189,42,,Aggregated,0.000000,0.000000,N/A,N/A,N/A,N/A,N/A,N/A,N/A,N/A,N/A,N/A,N/A,0,0,0,0.0,0,0,0
1778566190,43,,Aggregated,0.000000,0.000000,N/A,N/A,N/A,N/A,N/A,N/A,N/A,N/A,N/A,N/A,N/A,0,0,0,0.0,0,0,0
1778566191,44,,Aggregated,0.000000,0.000000,N/A,N/A,N/A,N/A,N/A,N/A,N/A,N/A,N/A,N/A,N/A,0,0,0,0.0,0,0,0
1778566192,45,,Aggregated,0.000000,0.000000,N/A,N/A,N/A,N/A,N/A,N/A,N/A,N/A,N/A,N/A,N/A,0,0,0,0.0,0,0,0
1778566193,46,,Aggregated,0.000000,0.000000,N/A,N/A,N/A,N/A,N/A,N/A,N/A,N/A,N/A,N/A,N/A,0,0,0,0.0,0,0,0
1778566194,47,,Aggregated,0.000000,0.000000,N/A,N/A,N/A,N/A,N/A,N/A,N/A,N/A,N/A,N/A,N/A,0,0,0,0.0,0,0,0
1778566195,48,,Aggregated,0.000000,0.000000,N/A,N/A,N/A,N/A,N/A,N/A,N/A,N/A,N/A,N/A,N/A,0,0,0,0.0,0,0,0
1778566196,49,,Aggregated,0.000000,0.000000,N/A,N/A,N/A,N/A,N/A,N/A,N/A,N/A,N/A,N/A,N/A,0,0,0,0.0,0,0,0
1778566197,50,,Aggregated,0.000000,0.000000,N/A,N/A,N/A,N/A,N/A,N/A,N/A,N/A,N/A,N/A,N/A,0,0,0,0.0,0,0,0
1778566198,51,,Aggregated,0.000000,0.000000,N/A,N/A,N/A,N/A,N/A,N/A,N/A,N/A,N/A,N/A,N/A,0,0,0,0.0,0,0,0
1778566199,52,,Aggregated,0.000000,0.000000,N/A,N/A,N/A,N/A,N/A,N/A,N/A,N/A,N/A,N/A,N/A,0,0,0,0.0,0,0,0
1778566200,53,,Aggregated,0.000000,0.000000,N/A,N/A,N/A,N/A,N/A,N/A,N/A,N/A,N/A,N/A,N/A,0,0,0,0.0,0,0,0
1778566201,54,,Aggregated,0.000000,0.000000,N/A,N/A,N/A,N/A,N/A,N/A,N/A,N/A,N/A,N/A,N/A,0,0,0,0.0,0,0,0
1778566202,56,,Aggregated,0.000000,0.000000,N/A,N/A,N/A,N/A,N/A,N/A,N/A,N/A,N/A,N/A,N/A,0,0,0,0.0,0,0,0
1778566203,57,,Aggregated,0.000000,0.000000,N/A,N/A,N/A,N/A,N/A,N/A,N/A,N/A,N/A,N/A,N/A,0,0,0,0.0,0,0,0
1778566204,58,,Aggregated,0.000000,0.000000,N/A,N/A,N/A,N/A,N/A,N/A,N/A,N/A,N/A,N/A,N/A,0,0,0,0.0,0,0,0
1778566205,59,,Aggregated,0.000000,0.000000,N/A,N/A,N/A,N/A,N/A,N/A,N/A,N/A,N/A,N/A,N/A,0,0,0,0.0,0,0,0
1778566206,60,,Aggregated,0.000000,0.000000,N/A,N/A,N/A,N/A,N/A,N/A,N/A,N/A,N/A,N/A,N/A,0,0,0,0.0,0,0,0
1778566207,61,,Aggregated,0.000000,0.000000,N/A,N/A,N/A,N/A,N/A,N/A,N/A,N/A,N/A,N/A,N/A,0,0,0,0.0,0,0,0
1778566208,62,,Aggregated,0.000000,0.000000,N/A,N/A,N/A,N/A,N/A,N/A,N/A,N/A,N/A,N/A,N/A,0,0,0,0.0,0,0,0
1778566209,63,,Aggregated,0.000000,0.000000,N/A,N/A,N/A,N/A,N/A,N/A,N/A,N/A,N/A,N/A,N/A,0,0,0,0.0,0,0,0
1778566210,64,,Aggregated,0.000000,0.000000,N/A,N/A,N/A,N/A,N/A,N/A,N/A,N/A,N/A,N/A,N/A,0,0,0,0.0,0,0,0
1778566211,64,,Aggregated,0.000000,0.000000,N/A,N/A,N/A,N/A,N/A,N/A,N/A,N/A,N/A,N/A,N/A,0,0,0,0.0,0,0,0
1778566212,64,,Aggregated,0.000000,0.000000,N/A,N/A,N/A,N/A,N/A,N/A,N/A,N/A,N/A,N/A,N/A,0,0,0,0.0,0,0,0
1778566213,64,,Aggregated,0.000000,0.000000,N/A,N/A,N/A,N/A,N/A,N/A,N/A,N/A,N/A,N/A,N/A,0,0,0,0.0,0,0,0
1778566214,64,,Aggregated,0.000000,0.000000,N/A,N/A,N/A,N/A,N/A,N/A,N/A,N/A,N/A,N/A,N/A,0,0,0,0.0,0,0,0
1778566215,64,,Aggregated,0.000000,0.000000,N/A,N/A,N/A,N/A,N/A,N/A,N/A,N/A,N/A,N/A,N/A,0,0,0,0.0,0,0,0
1778566216,64,,Aggregated,0.000000,0.000000,N/A,N/A,N/A,N/A,N/A,N/A,N/A,N/A,N/A,N/A,N/A,0,0,0,0.0,0,0,0
1778566217,64,,Aggregated,0.000000,0.000000,N/A,N/A,N/A,N/A,N/A,N/A,N/A,N/A,N/A,N/A,N/A,0,0,0,0.0,0,0,0
1778566218,64,,Aggregated,0.000000,0.000000,N/A,N/A,N/A,N/A,N/A,N/A,N/A,N/A,N/A,N/A,N/A,0,0,0,0.0,0,0,0
1778566219,64,,Aggregated,0.000000,0.000000,N/A,N/A,N/A,N/A,N/A,N/A,N/A,N/A,N/A,N/A,N/A,0,0,0,0.0,0,0,0
1778566220,64,,Aggregated,0.000000,0.000000,N/A,N/A,N/A,N/A,N/A,N/A,N/A,N/A,N/A,N/A,N/A,0,0,0,0.0,0,0,0
1778566221,64,,Aggregated,0.000000,0.000000,N/A,N/A,N/A,N/A,N/A,N/A,N/A,N/A,N/A,N/A,N/A,0,0,0,0.0,0,0,0
1778566222,64,,Aggregated,0.000000,0.000000,N/A,N/A,N/A,N/A,N/A,N/A,N/A,N/A,N/A,N/A,N/A,0,0,0,0.0,0,0,0
1778566223,64,,Aggregated,0.000000,0.000000,N/A,N/A,N/A,N/A,N/A,N/A,N/A,N/A,N/A,N/A,N/A,0,0,0,0.0,0,0,0
1778566224,64,,Aggregated,0.000000,0.000000,N/A,N/A,N/A,N/A,N/A,N/A,N/A,N/A,N/A,N/A,N/A,0,0,0,0.0,0,0,0
1778566225,64,,Aggregated,0.000000,0.000000,N/A,N/A,N/A,N/A,N/A,N/A,N/A,N/A,N/A,N/A,N/A,0,0,0,0.0,0,0,0
1778566226,64,,Aggregated,0.000000,0.000000,N/A,N/A,N/A,N/A,N/A,N/A,N/A,N/A,N/A,N/A,N/A,0,0,0,0.0,0,0,0
1778566227,64,,Aggregated,0.000000,0.000000,N/A,N/A,N/A,N/A,N/A,N/A,N/A,N/A,N/A,N/A,N/A,0,0,0,0.0,0,0,0
1778566228,64,,Aggregated,0.000000,0.000000,N/A,N/A,N/A,N/A,N/A,N/A,N/A,N/A,N/A,N/A,N/A,0,0,0,0.0,0,0,0
1778566229,64,,Aggregated,0.000000,0.000000,N/A,N/A,N/A,N/A,N/A,N/A,N/A,N/A,N/A,N/A,N/A,0,0,0,0.0,0,0,0
1778566230,64,,Aggregated,0.000000,0.000000,N/A,N/A,N/A,N/A,N/A,N/A,N/A,N/A,N/A,N/A,N/A,0,0,0,0.0,0,0,0
1778566231,64,,Aggregated,0.000000,0.000000,N/A,N/A,N/A,N/A,N/A,N/A,N/A,N/A,N/A,N/A,N/A,0,0,0,0.0,0,0,0
1778566232,64,,Aggregated,0.000000,0.000000,N/A,N/A,N/A,N/A,N/A,N/A,N/A,N/A,N/A,N/A,N/A,0,0,0,0.0,0,0,0
1778566233,64,,Aggregated,0.000000,0.000000,N/A,N/A,N/A,N/A,N/A,N/A,N/A,N/A,N/A,N/A,N/A,0,0,0,0.0,0,0,0
1778566234,64,,Aggregated,0.000000,0.000000,N/A,N/A,N/A,N/A,N/A,N/A,N/A,N/A,N/A,N/A,N/A,0,0,0,0.0,0,0,0
1778566235,64,,Aggregated,0.000000,0.000000,N/A,N/A,N/A,N/A,N/A,N/A,N/A,N/A,N/A,N/A,N/A,0,0,0,0.0,0,0,0
1778566236,64,,Aggregated,0.000000,0.000000,N/A,N/A,N/A,N/A,N/A,N/A,N/A,N/A,N/A,N/A,N/A,0,0,0,0.0,0,0,0
1778566237,64,,Aggregated,0.000000,0.000000,N/A,N/A,N/A,N/A,N/A,N/A,N/A,N/A,N/A,N/A,N/A,0,0,0,0.0,0,0,0
1778566238,64,,Aggregated,0.000000,0.000000,N/A,N/A,N/A,N/A,N/A,N/A,N/A,N/A,N/A,N/A,N/A,0,0,0,0.0,0,0,0
1778566239,64,,Aggregated,0.000000,0.000000,N/A,N/A,N/A,N/A,N/A,N/A,N/A,N/A,N/A,N/A,N/A,0,0,0,0.0,0,0,0
1778566240,64,,Aggregated,0.000000,0.000000,N/A,N/A,N/A,N/A,N/A,N/A,N/A,N/A,N/A,N/A,N/A,0,0,0,0.0,0,0,0
1778566241,64,,Aggregated,0.000000,0.000000,N/A,N/A,N/A,N/A,N/A,N/A,N/A,N/A,N/A,N/A,N/A,0,0,0,0.0,0,0,0
1778566242,64,,Aggregated,0.000000,0.000000,N/A,N/A,N/A,N/A,N/A,N/A,N/A,N/A,N/A,N/A,N/A,0,0,0,0.0,0,0,0
1778566243,64,,Aggregated,0.000000,0.000000,N/A,N/A,N/A,N/A,N/A,N/A,N/A,N/A,N/A,N/A,N/A,0,0,0,0.0,0,0,0
1778566244,64,,Aggregated,0.000000,0.000000,N/A,N/A,N/A,N/A,N/A,N/A,N/A,N/A,N/A,N/A,N/A,0,0,0,0.0,0,0,0
1778566245,64,,Aggregated,0.000000,0.000000,N/A,N/A,N/A,N/A,N/A,N/A,N/A,N/A,N/A,N/A,N/A,0,0,0,0.0,0,0,0
1778566246,64,,Aggregated,0.000000,0.000000,N/A,N/A,N/A,N/A,N/A,N/A,N/A,N/A,N/A,N/A,N/A,0,0,0,0.0,0,0,0
1778566247,64,,Aggregated,0.000000,0.000000,N/A,N/A,N/A,N/A,N/A,N/A,N/A,N/A,N/A,N/A,N/A,0,0,0,0.0,0,0,0
1778566248,64,,Aggregated,0.000000,0.000000,N/A,N/A,N/A,N/A,N/A,N/A,N/A,N/A,N/A,N/A,N/A,0,0,0,0.0,0,0,0
1778566249,64,,Aggregated,0.000000,0.000000,N/A,N/A,N/A,N/A,N/A,N/A,N/A,N/A,N/A,N/A,N/A,0,0,0,0.0,0,0,0
1778566250,64,,Aggregated,0.000000,0.000000,N/A,N/A,N/A,N/A,N/A,N/A,N/A,N/A,N/A,N/A,N/A,0,0,0,0.0,0,0,0
1778566251,64,POST,chat/long,0.000000,0.000000,0,0,0,0,0,0,0,0,0,0,0,1,0,8.640778993139975,8.640778993139975,8.640778993139975,8.640778993139975,0.0
1778566251,64,,Aggregated,0.000000,0.000000,0,0,0,0,0,0,0,0,0,0,0,1,0,8.640778993139975,8.640778993139975,8.640778993139975,8.640778993139975,0.0
1778566252,64,POST,chat/long,0.000000,0.000000,0,0,0,0,0,0,0,0,0,0,0,1,0,8.640778993139975,8.640778993139975,8.640778993139975,8.640778993139975,0.0
1778566252,64,,Aggregated,0.000000,0.000000,0,0,0,0,0,0,0,0,0,0,0,1,0,8.640778993139975,8.640778993139975,8.640778993139975,8.640778993139975,0.0
1778566253,64,POST,chat/long,0.000000,0.000000,0,0,0,0,0,0,0,0,0,0,0,1,0,8.640778993139975,8.640778993139975,8.640778993139975,8.640778993139975,0.0
1778566253,64,,Aggregated,0.000000,0.000000,0,0,0,0,0,0,0,0,0,0,0,1,0,8.640778993139975,8.640778993139975,8.640778993139975,8.640778993139975,0.0
1778566254,64,POST,chat/long,0.000000,0.000000,0,0,0,0,0,0,0,0,0,0,0,1,0,8.640778993139975,8.640778993139975,8.640778993139975,8.640778993139975,0.0
1778566254,64,,Aggregated,0.000000,0.000000,0,0,0,0,0,0,0,0,0,0,0,1,0,8.640778993139975,8.640778993139975,8.640778993139975,8.640778993139975,0.0
1778566255,64,POST,chat/long,0.000000,0.000000,0,0,0,0,0,0,0,0,0,0,0,1,0,8.640778993139975,8.640778993139975,8.640778993139975,8.640778993139975,0.0
1778566255,64,,Aggregated,0.000000,0.000000,0,0,0,0,0,0,0,0,0,0,0,1,0,8.640778993139975,8.640778993139975,8.640778993139975,8.640778993139975,0.0
1778566256,64,POST,chat/long,0.000000,0.000000,0,0,0,0,0,0,0,0,0,0,0,1,0,8.640778993139975,8.640778993139975,8.640778993139975,8.640778993139975,0.0
1778566256,64,,Aggregated,0.000000,0.000000,0,0,0,0,0,0,0,0,0,0,0,1,0,8.640778993139975,8.640778993139975,8.640778993139975,8.640778993139975,0.0
1778566257,64,POST,chat/long,0.000000,0.000000,0,0,0,0,0,0,0,0,0,0,0,1,0,8.640778993139975,8.640778993139975,8.640778993139975,8.640778993139975,0.0
1778566257,64,,Aggregated,0.000000,0.000000,0,0,0,0,0,0,0,0,0,0,0,1,0,8.640778993139975,8.640778993139975,8.640778993139975,8.640778993139975,0.0
1778566258,64,POST,chat/long,0.000000,0.000000,0,0,0,0,0,0,0,0,0,0,0,1,0,8.640778993139975,8.640778993139975,8.640778993139975,8.640778993139975,0.0
1778566258,64,,Aggregated,0.000000,0.000000,0,0,0,0,0,0,0,0,0,0,0,1,0,8.640778993139975,8.640778993139975,8.640778993139975,8.640778993139975,0.0
1778566259,64,POST,chat/long,0.000000,0.000000,0,0,0,0,0,0,0,0,0,0,0,1,0,8.640778993139975,8.640778993139975,8.640778993139975,8.640778993139975,0.0
1778566259,64,,Aggregated,0.000000,0.000000,0,0,0,0,0,0,0,0,0,0,0,1,0,8.640778993139975,8.640778993139975,8.640778993139975,8.640778993139975,0.0
1778566260,64,POST,chat/long,0.000000,0.000000,0,0,0,0,0,0,0,0,0,0,0,1,0,8.640778993139975,8.640778993139975,8.640778993139975,8.640778993139975,0.0
1778566260,64,,Aggregated,0.000000,0.000000,0,0,0,0,0,0,0,0,0,0,0,1,0,8.640778993139975,8.640778993139975,8.640778993139975,8.640778993139975,0.0
1778566261,64,POST,chat/long,0.000000,0.000000,9,9,9,9,9,9,9,9,9,9,9,1,0,8.640778993139975,8.640778993139975,8.640778993139975,8.640778993139975,0.0
1778566261,64,,Aggregated,0.000000,0.000000,0,0,0,0,0,0,0,0,0,0,0,1,0,8.640778993139975,8.640778993139975,8.640778993139975,8.640778993139975,0.0
1778566262,64,POST,chat/long,0.000000,0.000000,9,9,9,9,9,9,9,9,9,9,9,1,0,8.640778993139975,8.640778993139975,8.640778993139975,8.640778993139975,0.0
1778566262,64,,Aggregated,0.000000,0.000000,0,0,0,0,0,0,0,0,0,0,0,1,0,8.640778993139975,8.640778993139975,8.640778993139975,8.640778993139975,0.0
1778566263,64,POST,chat/long,0.000000,0.000000,9,9,9,9,9,9,9,9,9,9,9,1,0,8.640778993139975,8.640778993139975,8.640778993139975,8.640778993139975,0.0
1778566263,64,,Aggregated,0.000000,0.000000,0,0,0,0,0,0,0,0,0,0,0,1,0,8.640778993139975,8.640778993139975,8.640778993139975,8.640778993139975,0.0
1778566264,64,POST,chat/long,0.000000,0.000000,9,9,9,9,9,9,9,9,9,9,9,1,0,8.640778993139975,8.640778993139975,8.640778993139975,8.640778993139975,0.0
1778566264,64,,Aggregated,0.000000,0.000000,0,0,0,0,0,0,0,0,0,0,0,1,0,8.640778993139975,8.640778993139975,8.640778993139975,8.640778993139975,0.0
1778566265,64,POST,chat/long,0.000000,0.000000,9,9,9,9,9,9,9,9,9,9,9,1,0,8.640778993139975,8.640778993139975,8.640778993139975,8.640778993139975,0.0
1778566265,64,,Aggregated,0.000000,0.000000,0,0,0,0,0,0,0,0,0,0,0,1,0,8.640778993139975,8.640778993139975,8.640778993139975,8.640778993139975,0.0
1778566266,64,POST,chat/long,0.000000,0.000000,13,13,13,13,13,13,13,13,13,13,13,2,0,9,10.931293494650163,8.640778993139975,13.22180799616035,0.0
1778566266,64,,Aggregated,0.000000,0.000000,13,13,13,13,13,13,13,13,13,13,13,2,0,9,10.931293494650163,8.640778993139975,13.22180799616035,0.0
1778566267,64,POST,chat/long,0.000000,0.000000,13,13,13,13,13,13,13,13,13,13,13,2,0,9,10.931293494650163,8.640778993139975,13.22180799616035,0.0
1778566267,64,,Aggregated,0.000000,0.000000,0,0,0,0,0,0,0,0,0,0,0,2,0,9,10.931293494650163,8.640778993139975,13.22180799616035,0.0
1778566268,64,POST,chat/long,0.000000,0.000000,0,0,0,0,0,0,0,0,0,0,0,2,0,9,10.931293494650163,8.640778993139975,13.22180799616035,0.0
1778566268,64,,Aggregated,0.000000,0.000000,0,0,0,0,0,0,0,0,0,0,0,2,0,9,10.931293494650163,8.640778993139975,13.22180799616035,0.0
1778566269,64,POST,chat/long,0.100000,0.000000,15,15,15,15,15,15,15,15,15,15,15,3,0,13,12.360038327945707,8.640778993139975,15.217527994536795,0.0
1778566269,64,,Aggregated,0.100000,0.000000,15,15,15,15,15,15,15,15,15,15,15,3,0,13,12.360038327945707,8.640778993139975,15.217527994536795,0.0
1778566270,64,POST,chat/long,0.100000,0.000000,15,15,15,15,15,15,15,15,15,15,15,3,0,13,12.360038327945707,8.640778993139975,15.217527994536795,0.0
1778566270,64,,Aggregated,0.100000,0.000000,15,15,15,15,15,15,15,15,15,15,15,3,0,13,12.360038327945707,8.640778993139975,15.217527994536795,0.0
1778566271,64,POST,chat/long,0.100000,0.000000,15,15,15,15,15,15,15,15,15,15,15,3,0,13,12.360038327945707,8.640778993139975,15.217527994536795,0.0
1778566271,64,,Aggregated,0.100000,0.000000,15,15,15,15,15,15,15,15,15,15,15,3,0,13,12.360038327945707,8.640778993139975,15.217527994536795,0.0
1778566272,64,POST,chat/long,0.100000,0.000000,15,15,15,15,15,15,15,15,15,15,15,3,0,13,12.360038327945707,8.640778993139975,15.217527994536795,0.0
1778566272,64,,Aggregated,0.100000,0.000000,15,15,15,15,15,15,15,15,15,15,15,3,0,13,12.360038327945707,8.640778993139975,15.217527994536795,0.0
1778566273,64,POST,chat/long,0.100000,0.000000,15,15,15,15,15,15,15,15,15,15,15,3,0,13,12.360038327945707,8.640778993139975,15.217527994536795,0.0
1778566273,64,,Aggregated,0.100000,0.000000,15,15,15,15,15,15,15,15,15,15,15,3,0,13,12.360038327945707,8.640778993139975,15.217527994536795,0.0
1778566274,64,POST,chat/long,0.100000,0.000000,15,15,15,15,15,15,15,15,15,15,15,3,0,13,12.360038327945707,8.640778993139975,15.217527994536795,0.0
1778566274,64,,Aggregated,0.100000,0.000000,15,15,15,15,15,15,15,15,15,15,15,3,0,13,12.360038327945707,8.640778993139975,15.217527994536795,0.0
1778566275,64,POST,chat/long,0.200000,0.000000,10,10,10,10,10,10,10,10,10,10,10,4,0,10,11.66133099468425,8.640778993139975,15.217527994536795,0.0
1778566275,64,,Aggregated,0.200000,0.000000,10,10,10,10,10,10,10,10,10,10,10,4,0,10,11.66133099468425,8.640778993139975,15.217527994536795,0.0
1778566276,64,POST,chat/long,0.200000,0.000000,10,10,10,10,10,10,10,10,10,10,10,4,0,10,11.66133099468425,8.640778993139975,15.217527994536795,0.0
1778566276,64,,Aggregated,0.200000,0.000000,10,10,10,10,10,10,10,10,10,10,10,4,0,10,11.66133099468425,8.640778993139975,15.217527994536795,0.0
1778566277,64,POST,chat/long,0.200000,0.000000,10,10,10,10,10,10,10,10,10,10,10,4,0,10,11.66133099468425,8.640778993139975,15.217527994536795,0.0
1778566277,64,,Aggregated,0.200000,0.000000,10,10,10,10,10,10,10,10,10,10,10,4,0,10,11.66133099468425,8.640778993139975,15.217527994536795,0.0
1778566278,64,POST,chat/long,0.200000,0.000000,10,10,10,10,10,10,10,10,10,10,10,4,0,10,11.66133099468425,8.640778993139975,15.217527994536795,0.0
1778566278,64,,Aggregated,0.200000,0.000000,10,10,10,10,10,10,10,10,10,10,10,4,0,10,11.66133099468425,8.640778993139975,15.217527994536795,0.0
1778566279,64,POST,chat/long,0.200000,0.000000,10,10,10,10,10,10,10,10,10,10,10,4,0,10,11.66133099468425,8.640778993139975,15.217527994536795,0.0
1778566279,64,,Aggregated,0.200000,0.000000,10,10,10,10,10,10,10,10,10,10,10,4,0,10,11.66133099468425,8.640778993139975,15.217527994536795,0.0
1778566280,64,POST,chat/long,0.200000,0.000000,10,10,10,10,10,10,10,10,10,10,10,4,0,10,11.66133099468425,8.640778993139975,15.217527994536795,0.0
1778566280,64,,Aggregated,0.200000,0.000000,10,10,10,10,10,10,10,10,10,10,10,4,0,10,11.66133099468425,8.640778993139975,15.217527994536795,0.0
1778566281,64,POST,chat/long,0.200000,0.000000,0,0,0,0,0,0,0,0,0,0,0,4,0,10,11.66133099468425,8.640778993139975,15.217527994536795,0.0
1778566281,64,,Aggregated,0.200000,0.000000,0,0,0,0,0,0,0,0,0,0,0,4,0,10,11.66133099468425,8.640778993139975,15.217527994536795,0.0
1778566282,64,POST,chat/long,0.200000,0.000000,0,0,0,0,0,0,0,0,0,0,0,4,0,10,11.66133099468425,8.640778993139975,15.217527994536795,0.0
1778566282,64,,Aggregated,0.200000,0.000000,0,0,0,0,0,0,0,0,0,0,0,4,0,10,11.66133099468425,8.640778993139975,15.217527994536795,0.0
1778566283,64,POST,chat/long,0.200000,0.000000,0,0,0,0,0,0,0,0,0,0,0,4,0,10,11.66133099468425,8.640778993139975,15.217527994536795,0.0
1778566283,64,,Aggregated,0.200000,0.000000,0,0,0,0,0,0,0,0,0,0,0,4,0,10,11.66133099468425,8.640778993139975,15.217527994536795,0.0
1778566284,64,POST,chat/long,0.200000,0.000000,0,0,0,0,0,0,0,0,0,0,0,4,0,10,11.66133099468425,8.640778993139975,15.217527994536795,0.0
1778566284,64,,Aggregated,0.200000,0.000000,0,0,0,0,0,0,0,0,0,0,0,4,0,10,11.66133099468425,8.640778993139975,15.217527994536795,0.0
1778566285,64,POST,chat/long,0.200000,0.000000,0,0,0,0,0,0,0,0,0,0,0,4,0,10,11.66133099468425,8.640778993139975,15.217527994536795,0.0
1778566285,64,,Aggregated,0.200000,0.000000,0,0,0,0,0,0,0,0,0,0,0,4,0,10,11.66133099468425,8.640778993139975,15.217527994536795,0.0
1778566286,64,POST,chat/long,0.200000,0.000000,0,0,0,0,0,0,0,0,0,0,0,4,0,10,11.66133099468425,8.640778993139975,15.217527994536795,0.0
1778566286,64,,Aggregated,0.200000,0.000000,0,0,0,0,0,0,0,0,0,0,0,4,0,10,11.66133099468425,8.640778993139975,15.217527994536795,0.0
1778566287,64,POST,chat/long,0.100000,0.000000,17,17,17,17,17,17,17,17,17,17,17,5,0,13,12.75499839684926,8.640778993139975,17.129668005509302,0.0
1778566287,64,,Aggregated,0.100000,0.000000,17,17,17,17,17,17,17,17,17,17,17,5,0,13,12.75499839684926,8.640778993139975,17.129668005509302,0.0
1778566288,64,POST,chat/long,0.100000,0.000000,17,17,17,17,17,17,17,17,17,17,17,5,0,13,12.75499839684926,8.640778993139975,17.129668005509302,0.0
1778566288,64,,Aggregated,0.100000,0.000000,17,17,17,17,17,17,17,17,17,17,17,5,0,13,12.75499839684926,8.640778993139975,17.129668005509302,0.0
1778566289,64,POST,chat/long,0.100000,0.000000,17,17,17,17,17,17,17,17,17,17,17,5,0,13,12.75499839684926,8.640778993139975,17.129668005509302,0.0
1778566289,64,,Aggregated,0.100000,0.000000,17,17,17,17,17,17,17,17,17,17,17,5,0,13,12.75499839684926,8.640778993139975,17.129668005509302,0.0
1778566290,64,POST,chat/long,0.100000,0.000000,0,0,0,0,0,0,0,0,0,0,0,5,0,13,12.75499839684926,8.640778993139975,17.129668005509302,0.0
1778566290,64,,Aggregated,0.100000,0.000000,0,0,0,0,0,0,0,0,0,0,0,5,0,13,12.75499839684926,8.640778993139975,17.129668005509302,0.0
1778566291,64,POST,chat/long,0.100000,0.000000,0,0,0,0,0,0,0,0,0,0,0,5,0,13,12.75499839684926,8.640778993139975,17.129668005509302,0.0
1778566291,64,,Aggregated,0.100000,0.000000,0,0,0,0,0,0,0,0,0,0,0,5,0,13,12.75499839684926,8.640778993139975,17.129668005509302,0.0
1778566292,64,POST,chat/long,0.100000,0.000000,0,0,0,0,0,0,0,0,0,0,0,5,0,13,12.75499839684926,8.640778993139975,17.129668005509302,0.0
1778566292,64,,Aggregated,0.100000,0.000000,0,0,0,0,0,0,0,0,0,0,0,5,0,13,12.75499839684926,8.640778993139975,17.129668005509302,0.0
1778566293,64,POST,chat/long,0.100000,0.000000,0,0,0,0,0,0,0,0,0,0,0,5,0,13,12.75499839684926,8.640778993139975,17.129668005509302,0.0
1778566293,64,POST,chat/medium,0.000000,0.000000,0,0,0,0,0,0,0,0,0,0,0,1,0,10.964379005599767,10.964379005599767,10.964379005599767,10.964379005599767,0.0
1778566293,64,,Aggregated,0.100000,0.000000,11,11,11,11,11,11,11,11,11,11,11,6,0,11,12.456561831641011,8.640778993139975,17.129668005509302,0.0
1778566294,64,POST,chat/long,0.100000,0.000000,0,0,0,0,0,0,0,0,0,0,0,5,0,13,12.75499839684926,8.640778993139975,17.129668005509302,0.0
1778566294,64,POST,chat/medium,0.000000,0.000000,0,0,0,0,0,0,0,0,0,0,0,1,0,10.964379005599767,10.964379005599767,10.964379005599767,10.964379005599767,0.0
1778566294,64,,Aggregated,0.100000,0.000000,11,11,11,11,11,11,11,11,11,11,11,6,0,11,12.456561831641011,8.640778993139975,17.129668005509302,0.0
1778566295,64,POST,chat/long,0.100000,0.000000,0,0,0,0,0,0,0,0,0,0,0,5,0,13,12.75499839684926,8.640778993139975,17.129668005509302,0.0
1778566295,64,POST,chat/medium,0.000000,0.000000,0,0,0,0,0,0,0,0,0,0,0,1,0,10.964379005599767,10.964379005599767,10.964379005599767,10.964379005599767,0.0
1778566295,64,,Aggregated,0.100000,0.000000,11,11,11,11,11,11,11,11,11,11,11,6,0,11,12.456561831641011,8.640778993139975,17.129668005509302,0.0
1778566296,64,POST,chat/long,0.100000,0.000000,0,0,0,0,0,0,0,0,0,0,0,5,0,13,12.75499839684926,8.640778993139975,17.129668005509302,0.0
1778566296,64,POST,chat/medium,0.000000,0.000000,0,0,0,0,0,0,0,0,0,0,0,1,0,10.964379005599767,10.964379005599767,10.964379005599767,10.964379005599767,0.0
1778566296,64,,Aggregated,0.100000,0.000000,11,11,11,11,11,11,11,11,11,11,11,6,0,11,12.456561831641011,8.640778993139975,17.129668005509302,0.0
1778566297,64,POST,chat/long,0.100000,0.000000,0,0,0,0,0,0,0,0,0,0,0,5,0,13,12.75499839684926,8.640778993139975,17.129668005509302,0.0
1778566297,64,POST,chat/medium,0.000000,0.000000,0,0,0,0,0,0,0,0,0,0,0,1,0,10.964379005599767,10.964379005599767,10.964379005599767,10.964379005599767,0.0
1778566297,64,,Aggregated,0.100000,0.000000,11,11,11,11,11,11,11,11,11,11,11,6,0,11,12.456561831641011,8.640778993139975,17.129668005509302,0.0
1778566298,64,POST,chat/long,0.100000,0.000000,0,0,0,0,0,0,0,0,0,0,0,5,0,13,12.75499839684926,8.640778993139975,17.129668005509302,0.0
1778566298,64,POST,chat/medium,0.000000,0.000000,0,0,0,0,0,0,0,0,0,0,0,1,0,10.964379005599767,10.964379005599767,10.964379005599767,10.964379005599767,0.0
1778566298,64,,Aggregated,0.100000,0.000000,0,0,0,0,0,0,0,0,0,0,0,6,0,11,12.456561831641011,8.640778993139975,17.129668005509302,0.0
1778566299,64,POST,chat/long,0.100000,0.000000,0,0,0,0,0,0,0,0,0,0,0,5,0,13,12.75499839684926,8.640778993139975,17.129668005509302,0.0
1778566299,64,POST,chat/medium,0.000000,0.000000,0,0,0,0,0,0,0,0,0,0,0,1,0,10.964379005599767,10.964379005599767,10.964379005599767,10.964379005599767,0.0
1778566299,64,,Aggregated,0.100000,0.000000,0,0,0,0,0,0,0,0,0,0,0,6,0,11,12.456561831641011,8.640778993139975,17.129668005509302,0.0
1778566300,64,POST,chat/long,0.100000,0.000000,0,0,0,0,0,0,0,0,0,0,0,5,0,13,12.75499839684926,8.640778993139975,17.129668005509302,0.0
1778566300,64,POST,chat/medium,0.000000,0.000000,0,0,0,0,0,0,0,0,0,0,0,1,0,10.964379005599767,10.964379005599767,10.964379005599767,10.964379005599767,0.0
1778566300,64,,Aggregated,0.100000,0.000000,0,0,0,0,0,0,0,0,0,0,0,6,0,11,12.456561831641011,8.640778993139975,17.129668005509302,0.0
1778566301,64,POST,chat/long,0.100000,0.000000,0,0,0,0,0,0,0,0,0,0,0,5,0,13,12.75499839684926,8.640778993139975,17.129668005509302,0.0
1778566301,64,POST,chat/medium,0.000000,0.000000,0,0,0,0,0,0,0,0,0,0,0,1,0,10.964379005599767,10.964379005599767,10.964379005599767,10.964379005599767,0.0
1778566301,64,,Aggregated,0.100000,0.000000,0,0,0,0,0,0,0,0,0,0,0,6,0,11,12.456561831641011,8.640778993139975,17.129668005509302,0.0
1778566302,64,POST,chat/long,0.000000,0.000000,0,0,0,0,0,0,0,0,0,0,0,5,0,13,12.75499839684926,8.640778993139975,17.129668005509302,0.0
1778566302,64,POST,chat/medium,0.100000,0.000000,11,11,11,11,11,11,11,11,11,11,11,2,0,10.964379005599767,10.84818399976939,10.731988993939012,10.964379005599767,0.0
1778566302,64,,Aggregated,0.100000,0.000000,11,11,11,11,11,11,11,11,11,11,11,7,0,11,12.210194283397868,8.640778993139975,17.129668005509302,0.0
1778566303,64,POST,chat/long,0.000000,0.000000,0,0,0,0,0,0,0,0,0,0,0,5,0,13,12.75499839684926,8.640778993139975,17.129668005509302,0.0
1778566303,64,POST,chat/medium,0.100000,0.000000,11,11,11,11,11,11,11,11,11,11,11,2,0,10.964379005599767,10.84818399976939,10.731988993939012,10.964379005599767,0.0
1778566303,64,,Aggregated,0.100000,0.000000,11,11,11,11,11,11,11,11,11,11,11,7,0,11,12.210194283397868,8.640778993139975,17.129668005509302,0.0
1778566304,64,POST,chat/long,0.000000,0.000000,0,0,0,0,0,0,0,0,0,0,0,5,0,13,12.75499839684926,8.640778993139975,17.129668005509302,0.0
1778566304,64,POST,chat/medium,0.100000,0.000000,11,11,11,11,11,11,11,11,11,11,11,2,0,10.964379005599767,10.84818399976939,10.731988993939012,10.964379005599767,0.0
1778566304,64,,Aggregated,0.100000,0.000000,11,11,11,11,11,11,11,11,11,11,11,7,0,11,12.210194283397868,8.640778993139975,17.129668005509302,0.0
1778566305,64,POST,chat/long,0.000000,0.000000,0,0,0,0,0,0,0,0,0,0,0,5,0,13,12.75499839684926,8.640778993139975,17.129668005509302,0.0
1778566305,64,POST,chat/medium,0.100000,0.000000,11,11,11,11,11,11,11,11,11,11,11,2,0,10.964379005599767,10.84818399976939,10.731988993939012,10.964379005599767,0.0
1778566305,64,,Aggregated,0.100000,0.000000,11,11,11,11,11,11,11,11,11,11,11,7,0,11,12.210194283397868,8.640778993139975,17.129668005509302,0.0
1778566306,64,POST,chat/long,0.000000,0.000000,0,0,0,0,0,0,0,0,0,0,0,5,0,13,12.75499839684926,8.640778993139975,17.129668005509302,0.0
1778566306,64,POST,chat/medium,0.100000,0.000000,11,11,11,11,11,11,11,11,11,11,11,2,0,10.964379005599767,10.84818399976939,10.731988993939012,10.964379005599767,0.0
1778566306,64,,Aggregated,0.100000,0.000000,0,0,0,0,0,0,0,0,0,0,0,7,0,11,12.210194283397868,8.640778993139975,17.129668005509302,0.0
1778566307,64,POST,chat/long,0.000000,0.000000,0,0,0,0,0,0,0,0,0,0,0,5,0,13,12.75499839684926,8.640778993139975,17.129668005509302,0.0
1778566307,64,POST,chat/medium,0.100000,0.000000,0,0,0,0,0,0,0,0,0,0,0,2,0,10.964379005599767,10.84818399976939,10.731988993939012,10.964379005599767,0.0
1778566307,64,,Aggregated,0.100000,0.000000,0,0,0,0,0,0,0,0,0,0,0,7,0,11,12.210194283397868,8.640778993139975,17.129668005509302,0.0
1778566308,64,POST,chat/long,0.000000,0.000000,0,0,0,0,0,0,0,0,0,0,0,5,0,13,12.75499839684926,8.640778993139975,17.129668005509302,0.0
1778566308,64,POST,chat/medium,0.100000,0.000000,0,0,0,0,0,0,0,0,0,0,0,2,0,10.964379005599767,10.84818399976939,10.731988993939012,10.964379005599767,0.0
1778566308,64,,Aggregated,0.100000,0.000000,0,0,0,0,0,0,0,0,0,0,0,7,0,11,12.210194283397868,8.640778993139975,17.129668005509302,0.0
1778566309,64,POST,chat/long,0.000000,0.000000,0,0,0,0,0,0,0,0,0,0,0,5,0,13,12.75499839684926,8.640778993139975,17.129668005509302,0.0
1778566309,64,POST,chat/medium,0.100000,0.000000,0,0,0,0,0,0,0,0,0,0,0,2,0,10.964379005599767,10.84818399976939,10.731988993939012,10.964379005599767,0.0
1778566309,64,,Aggregated,0.100000,0.000000,0,0,0,0,0,0,0,0,0,0,0,7,0,11,12.210194283397868,8.640778993139975,17.129668005509302,0.0
1778566310,64,POST,chat/long,0.000000,0.000000,0,0,0,0,0,0,0,0,0,0,0,5,0,13,12.75499839684926,8.640778993139975,17.129668005509302,0.0
1778566310,64,POST,chat/medium,0.100000,0.000000,0,0,0,0,0,0,0,0,0,0,0,2,0,10.964379005599767,10.84818399976939,10.731988993939012,10.964379005599767,0.0
1778566310,64,,Aggregated,0.100000,0.000000,0,0,0,0,0,0,0,0,0,0,0,7,0,11,12.210194283397868,8.640778993139975,17.129668005509302,0.0
1778566311,64,POST,chat/long,0.000000,0.000000,0,0,0,0,0,0,0,0,0,0,0,5,0,13,12.75499839684926,8.640778993139975,17.129668005509302,0.0
1778566311,64,POST,chat/medium,0.100000,0.000000,0,0,0,0,0,0,0,0,0,0,0,2,0,10.964379005599767,10.84818399976939,10.731988993939012,10.964379005599767,0.0
1778566311,64,,Aggregated,0.100000,0.000000,0,0,0,0,0,0,0,0,0,0,0,7,0,11,12.210194283397868,8.640778993139975,17.129668005509302,0.0
1778566312,64,POST,chat/long,0.000000,0.000000,0,0,0,0,0,0,0,0,0,0,0,5,0,13,12.75499839684926,8.640778993139975,17.129668005509302,0.0
1778566312,64,POST,chat/medium,0.100000,0.000000,0,0,0,0,0,0,0,0,0,0,0,2,0,10.964379005599767,10.84818399976939,10.731988993939012,10.964379005599767,0.0
1778566312,64,,Aggregated,0.100000,0.000000,0,0,0,0,0,0,0,0,0,0,0,7,0,11,12.210194283397868,8.640778993139975,17.129668005509302,0.0
1778566313,64,POST,chat/long,0.000000,0.000000,0,0,0,0,0,0,0,0,0,0,0,5,0,13,12.75499839684926,8.640778993139975,17.129668005509302,0.0
1778566313,64,POST,chat/medium,0.100000,0.000000,0,0,0,0,0,0,0,0,0,0,0,2,0,10.964379005599767,10.84818399976939,10.731988993939012,10.964379005599767,0.0
1778566313,64,,Aggregated,0.100000,0.000000,0,0,0,0,0,0,0,0,0,0,0,7,0,11,12.210194283397868,8.640778993139975,17.129668005509302,0.0
1778566314,64,POST,chat/long,0.000000,0.000000,0,0,0,0,0,0,0,0,0,0,0,6,0,12,12.682406830814822,8.640778993139975,17.129668005509302,0.0
1778566314,64,POST,chat/medium,0.000000,0.000000,0,0,0,0,0,0,0,0,0,0,0,2,0,10.964379005599767,10.84818399976939,10.731988993939012,10.964379005599767,0.0
1778566314,64,,Aggregated,0.000000,0.000000,12,12,12,12,12,12,12,12,12,12,12,8,0,11,12.223851123053464,8.640778993139975,17.129668005509302,0.0
1778566315,64,POST,chat/long,0.000000,0.000000,0,0,0,0,0,0,0,0,0,0,0,6,0,12,12.682406830814822,8.640778993139975,17.129668005509302,0.0
1778566315,64,POST,chat/medium,0.000000,0.000000,0,0,0,0,0,0,0,0,0,0,0,2,0,10.964379005599767,10.84818399976939,10.731988993939012,10.964379005599767,0.0
1778566315,64,,Aggregated,0.000000,0.000000,12,12,12,12,12,12,12,12,12,12,12,8,0,11,12.223851123053464,8.640778993139975,17.129668005509302,0.0
1778566316,64,POST,chat/long,0.000000,0.000000,0,0,0,0,0,0,0,0,0,0,0,6,0,12,12.682406830814822,8.640778993139975,17.129668005509302,0.0
1778566316,64,POST,chat/medium,0.000000,0.000000,0,0,0,0,0,0,0,0,0,0,0,2,0,10.964379005599767,10.84818399976939,10.731988993939012,10.964379005599767,0.0
1778566316,64,,Aggregated,0.000000,0.000000,12,12,12,12,12,12,12,12,12,12,12,8,0,11,12.223851123053464,8.640778993139975,17.129668005509302,0.0
1778566317,64,POST,chat/long,0.000000,0.000000,0,0,0,0,0,0,0,0,0,0,0,6,0,12,12.682406830814822,8.640778993139975,17.129668005509302,0.0
1778566317,64,POST,chat/medium,0.000000,0.000000,0,0,0,0,0,0,0,0,0,0,0,2,0,10.964379005599767,10.84818399976939,10.731988993939012,10.964379005599767,0.0
1778566317,64,,Aggregated,0.000000,0.000000,0,0,0,0,0,0,0,0,0,0,0,8,0,11,12.223851123053464,8.640778993139975,17.129668005509302,0.0
1778566318,64,POST,chat/long,0.000000,0.000000,0,0,0,0,0,0,0,0,0,0,0,6,0,12,12.682406830814822,8.640778993139975,17.129668005509302,0.0
1778566318,64,POST,chat/medium,0.000000,0.000000,0,0,0,0,0,0,0,0,0,0,0,2,0,10.964379005599767,10.84818399976939,10.731988993939012,10.964379005599767,0.0
1778566318,64,,Aggregated,0.000000,0.000000,0,0,0,0,0,0,0,0,0,0,0,8,0,11,12.223851123053464,8.640778993139975,17.129668005509302,0.0
1778566319,64,POST,chat/long,0.000000,0.000000,0,0,0,0,0,0,0,0,0,0,0,6,0,12,12.682406830814822,8.640778993139975,17.129668005509302,0.0
1778566319,64,POST,chat/medium,0.000000,0.000000,0,0,0,0,0,0,0,0,0,0,0,2,0,10.964379005599767,10.84818399976939,10.731988993939012,10.964379005599767,0.0
1778566319,64,,Aggregated,0.000000,0.000000,0,0,0,0,0,0,0,0,0,0,0,8,0,11,12.223851123053464,8.640778993139975,17.129668005509302,0.0
1778566320,64,POST,chat/long,0.000000,0.000000,0,0,0,0,0,0,0,0,0,0,0,6,0,12,12.682406830814822,8.640778993139975,17.129668005509302,0.0
1778566320,64,POST,chat/medium,0.000000,0.000000,0,0,0,0,0,0,0,0,0,0,0,2,0,10.964379005599767,10.84818399976939,10.731988993939012,10.964379005599767,0.0
1778566320,64,,Aggregated,0.000000,0.000000,0,0,0,0,0,0,0,0,0,0,0,8,0,11,12.223851123053464,8.640778993139975,17.129668005509302,0.0
1778566321,64,POST,chat/long,0.000000,0.000000,0,0,0,0,0,0,0,0,0,0,0,6,0,12,12.682406830814822,8.640778993139975,17.129668005509302,0.0
1778566321,64,POST,chat/medium,0.000000,0.000000,0,0,0,0,0,0,0,0,0,0,0,2,0,10.964379005599767,10.84818399976939,10.731988993939012,10.964379005599767,0.0
1778566321,64,,Aggregated,0.000000,0.000000,0,0,0,0,0,0,0,0,0,0,0,8,0,11,12.223851123053464,8.640778993139975,17.129668005509302,0.0
1778566322,64,POST,chat/long,0.000000,0.000000,0,0,0,0,0,0,0,0,0,0,0,6,0,12,12.682406830814822,8.640778993139975,17.129668005509302,0.0
1778566322,64,POST,chat/medium,0.000000,0.000000,0,0,0,0,0,0,0,0,0,0,0,2,0,10.964379005599767,10.84818399976939,10.731988993939012,10.964379005599767,0.0
1778566322,64,,Aggregated,0.000000,0.000000,0,0,0,0,0,0,0,0,0,0,0,8,0,11,12.223851123053464,8.640778993139975,17.129668005509302,0.0
1778566323,64,POST,chat/long,0.000000,0.000000,0,0,0,0,0,0,0,0,0,0,0,6,0,12,12.682406830814822,8.640778993139975,17.129668005509302,0.0
1778566323,64,POST,chat/medium,0.000000,0.000000,0,0,0,0,0,0,0,0,0,0,0,2,0,10.964379005599767,10.84818399976939,10.731988993939012,10.964379005599767,0.0
1778566323,64,,Aggregated,0.000000,0.000000,0,0,0,0,0,0,0,0,0,0,0,8,0,11,12.223851123053464,8.640778993139975,17.129668005509302,0.0
1778566324,64,POST,chat/long,0.000000,0.000000,0,0,0,0,0,0,0,0,0,0,0,6,0,12,12.682406830814822,8.640778993139975,17.129668005509302,0.0
1778566324,64,POST,chat/medium,0.000000,0.000000,0,0,0,0,0,0,0,0,0,0,0,2,0,10.964379005599767,10.84818399976939,10.731988993939012,10.964379005599767,0.0
1778566324,64,,Aggregated,0.000000,0.000000,0,0,0,0,0,0,0,0,0,0,0,8,0,11,12.223851123053464,8.640778993139975,17.129668005509302,0.0
1778566325,64,POST,chat/long,0.000000,0.000000,0,0,0,0,0,0,0,0,0,0,0,6,0,12,12.682406830814822,8.640778993139975,17.129668005509302,0.0
1778566325,64,POST,chat/medium,0.000000,0.000000,0,0,0,0,0,0,0,0,0,0,0,2,0,10.964379005599767,10.84818399976939,10.731988993939012,10.964379005599767,0.0
1778566325,64,,Aggregated,0.000000,0.000000,0,0,0,0,0,0,0,0,0,0,0,8,0,11,12.223851123053464,8.640778993139975,17.129668005509302,0.0
1778566326,64,POST,chat/long,0.000000,0.000000,0,0,0,0,0,0,0,0,0,0,0,6,0,12,12.682406830814822,8.640778993139975,17.129668005509302,0.0
1778566326,64,POST,chat/medium,0.000000,0.000000,0,0,0,0,0,0,0,0,0,0,0,2,0,10.964379005599767,10.84818399976939,10.731988993939012,10.964379005599767,0.0
1778566326,64,,Aggregated,0.000000,0.000000,0,0,0,0,0,0,0,0,0,0,0,8,0,11,12.223851123053464,8.640778993139975,17.129668005509302,0.0
1778566327,64,POST,chat/long,0.000000,0.000000,0,0,0,0,0,0,0,0,0,0,0,6,0,12,12.682406830814822,8.640778993139975,17.129668005509302,0.0
1778566327,64,POST,chat/medium,0.000000,0.000000,0,0,0,0,0,0,0,0,0,0,0,2,0,10.964379005599767,10.84818399976939,10.731988993939012,10.964379005599767,0.0
1778566327,64,,Aggregated,0.000000,0.000000,0,0,0,0,0,0,0,0,0,0,0,8,0,11,12.223851123053464,8.640778993139975,17.129668005509302,0.0
1778566328,64,POST,chat/long,0.000000,0.000000,0,0,0,0,0,0,0,0,0,0,0,6,0,12,12.682406830814822,8.640778993139975,17.129668005509302,0.0
1778566328,64,POST,chat/medium,0.000000,0.000000,0,0,0,0,0,0,0,0,0,0,0,2,0,10.964379005599767,10.84818399976939,10.731988993939012,10.964379005599767,0.0
1778566328,64,,Aggregated,0.000000,0.000000,0,0,0,0,0,0,0,0,0,0,0,8,0,11,12.223851123053464,8.640778993139975,17.129668005509302,0.0
1778566329,64,POST,chat/long,0.000000,0.000000,10,10,10,10,10,10,10,10,10,10,10,7,0,12,12.359747141350194,8.640778993139975,17.129668005509302,0.0
1778566329,64,POST,chat/medium,0.000000,0.000000,0,0,0,0,0,0,0,0,0,0,0,2,0,10.964379005599767,10.84818399976939,10.731988993939012,10.964379005599767,0.0
1778566329,64,,Aggregated,0.000000,0.000000,10,10,10,10,10,10,10,10,10,10,10,9,0,11,12.023844220998903,8.640778993139975,17.129668005509302,0.0
1778566330,64,POST,chat/long,0.000000,0.000000,10,10,10,10,10,10,10,10,10,10,10,7,0,12,12.359747141350194,8.640778993139975,17.129668005509302,0.0
1778566330,64,POST,chat/medium,0.000000,0.000000,0,0,0,0,0,0,0,0,0,0,0,2,0,10.964379005599767,10.84818399976939,10.731988993939012,10.964379005599767,0.0
1778566330,64,,Aggregated,0.000000,0.000000,10,10,10,10,10,10,10,10,10,10,10,9,0,11,12.023844220998903,8.640778993139975,17.129668005509302,0.0
1778566331,64,POST,chat/long,0.000000,0.000000,0,0,0,0,0,0,0,0,0,0,0,7,0,12,12.359747141350194,8.640778993139975,17.129668005509302,0.0
1778566331,64,POST,chat/medium,0.000000,0.000000,0,0,0,0,0,0,0,0,0,0,0,2,0,10.964379005599767,10.84818399976939,10.731988993939012,10.964379005599767,0.0
1778566331,64,,Aggregated,0.000000,0.000000,0,0,0,0,0,0,0,0,0,0,0,9,0,11,12.023844220998903,8.640778993139975,17.129668005509302,0.0
1778566332,64,POST,chat/long,0.000000,0.000000,15,15,15,15,15,15,15,15,15,15,15,8,0,12,12.665811123952153,8.640778993139975,17.129668005509302,0.0
1778566332,64,POST,chat/medium,0.000000,0.000000,0,0,0,0,0,0,0,0,0,0,0,2,0,10.964379005599767,10.84818399976939,10.731988993939012,10.964379005599767,0.0
1778566332,64,,Aggregated,0.000000,0.000000,15,15,15,15,15,15,15,15,15,15,15,10,0,11,12.3022856991156,8.640778993139975,17.129668005509302,0.0
1778566333,64,POST,chat/long,0.000000,0.000000,15,15,15,15,15,15,15,15,15,15,15,8,0,12,12.665811123952153,8.640778993139975,17.129668005509302,0.0
1778566333,64,POST,chat/medium,0.000000,0.000000,0,0,0,0,0,0,0,0,0,0,0,2,0,10.964379005599767,10.84818399976939,10.731988993939012,10.964379005599767,0.0
1778566333,64,,Aggregated,0.000000,0.000000,15,15,15,15,15,15,15,15,15,15,15,10,0,11,12.3022856991156,8.640778993139975,17.129668005509302,0.0
1778566334,64,POST,chat/long,0.000000,0.000000,15,15,15,15,15,15,15,15,15,15,15,8,0,12,12.665811123952153,8.640778993139975,17.129668005509302,0.0
1778566334,64,POST,chat/medium,0.000000,0.000000,0,0,0,0,0,0,0,0,0,0,0,2,0,10.964379005599767,10.84818399976939,10.731988993939012,10.964379005599767,0.0
1778566334,64,,Aggregated,0.000000,0.000000,15,15,15,15,15,15,15,15,15,15,15,10,0,11,12.3022856991156,8.640778993139975,17.129668005509302,0.0
1778566335,64,POST,chat/long,0.000000,0.000000,15,15,15,15,15,15,15,15,15,15,15,8,0,12,12.665811123952153,8.640778993139975,17.129668005509302,0.0
1778566335,64,POST,chat/medium,0.000000,0.000000,0,0,0,0,0,0,0,0,0,0,0,2,0,10.964379005599767,10.84818399976939,10.731988993939012,10.964379005599767,0.0
1778566335,64,,Aggregated,0.000000,0.000000,15,15,15,15,15,15,15,15,15,15,15,10,0,11,12.3022856991156,8.640778993139975,17.129668005509302,0.0
1778566336,64,POST,chat/long,0.000000,0.000000,15,15,15,15,15,15,15,15,15,15,15,8,0,12,12.665811123952153,8.640778993139975,17.129668005509302,0.0
1778566336,64,POST,chat/medium,0.000000,0.000000,0,0,0,0,0,0,0,0,0,0,0,2,0,10.964379005599767,10.84818399976939,10.731988993939012,10.964379005599767,0.0
1778566336,64,,Aggregated,0.000000,0.000000,15,15,15,15,15,15,15,15,15,15,15,10,0,11,12.3022856991156,8.640778993139975,17.129668005509302,0.0
1778566337,64,POST,chat/long,0.000000,0.000000,15,15,15,15,15,15,15,15,15,15,15,8,0,12,12.665811123952153,8.640778993139975,17.129668005509302,0.0
1778566337,64,POST,chat/medium,0.000000,0.000000,0,0,0,0,0,0,0,0,0,0,0,2,0,10.964379005599767,10.84818399976939,10.731988993939012,10.964379005599767,0.0
1778566337,64,,Aggregated,0.000000,0.000000,15,15,15,15,15,15,15,15,15,15,15,10,0,11,12.3022856991156,8.640778993139975,17.129668005509302,0.0
1778566338,64,POST,chat/long,0.200000,0.000000,15,15,15,15,15,15,15,15,15,15,15,8,0,12,12.665811123952153,8.640778993139975,17.129668005509302,0.0
1778566338,64,POST,chat/medium,0.000000,0.000000,0,0,0,0,0,0,0,0,0,0,0,3,0,11,11.641208999208175,10.731988993939012,13.227258998085745,0.0
1778566338,64,,Aggregated,0.200000,0.000000,15,15,15,15,15,15,15,15,15,15,15,11,0,12,12.386374180840159,8.640778993139975,17.129668005509302,0.0
1778566339,64,POST,chat/long,0.200000,0.000000,0,0,0,0,0,0,0,0,0,0,0,8,0,12,12.665811123952153,8.640778993139975,17.129668005509302,0.0
1778566339,64,POST,chat/medium,0.000000,0.000000,0,0,0,0,0,0,0,0,0,0,0,3,0,11,11.641208999208175,10.731988993939012,13.227258998085745,0.0
1778566339,64,,Aggregated,0.200000,0.000000,13,13,13,13,13,13,13,13,13,13,13,11,0,12,12.386374180840159,8.640778993139975,17.129668005509302,0.0
1778566340,64,POST,chat/long,0.200000,0.000000,0,0,0,0,0,0,0,0,0,0,0,8,0,12,12.665811123952153,8.640778993139975,17.129668005509302,0.0
1778566340,64,POST,chat/medium,0.000000,0.000000,0,0,0,0,0,0,0,0,0,0,0,3,0,11,11.641208999208175,10.731988993939012,13.227258998085745,0.0
1778566340,64,,Aggregated,0.200000,0.000000,13,13,13,13,13,13,13,13,13,13,13,11,0,12,12.386374180840159,8.640778993139975,17.129668005509302,0.0
1778566341,64,POST,chat/long,0.200000,0.000000,0,0,0,0,0,0,0,0,0,0,0,8,0,12,12.665811123952153,8.640778993139975,17.129668005509302,0.0
1778566341,64,POST,chat/medium,0.000000,0.000000,0,0,0,0,0,0,0,0,0,0,0,3,0,11,11.641208999208175,10.731988993939012,13.227258998085745,0.0
1778566341,64,,Aggregated,0.200000,0.000000,13,13,13,13,13,13,13,13,13,13,13,11,0,12,12.386374180840159,8.640778993139975,17.129668005509302,0.0
1778566342,64,POST,chat/long,0.200000,0.000000,0,0,0,0,0,0,0,0,0,0,0,8,0,12,12.665811123952153,8.640778993139975,17.129668005509302,0.0
1778566342,64,POST,chat/medium,0.000000,0.000000,0,0,0,0,0,0,0,0,0,0,0,3,0,11,11.641208999208175,10.731988993939012,13.227258998085745,0.0
1778566342,64,,Aggregated,0.200000,0.000000,13,13,13,13,13,13,13,13,13,13,13,11,0,12,12.386374180840159,8.640778993139975,17.129668005509302,0.0
1778566343,64,POST,chat/long,0.200000,0.000000,0,0,0,0,0,0,0,0,0,0,0,8,0,12,12.665811123952153,8.640778993139975,17.129668005509302,0.0
1778566343,64,POST,chat/medium,0.000000,0.000000,0,0,0,0,0,0,0,0,0,0,0,3,0,11,11.641208999208175,10.731988993939012,13.227258998085745,0.0
1778566343,64,,Aggregated,0.200000,0.000000,13,13,13,13,13,13,13,13,13,13,13,11,0,12,12.386374180840159,8.640778993139975,17.129668005509302,0.0
1778566344,64,POST,chat/long,0.000000,0.000000,22,22,22,22,22,22,22,22,22,22,22,9,0,13,13.691075222191607,8.640778993139975,21.893188008107245,0.0
1778566344,64,POST,chat/medium,0.100000,0.000000,0,0,0,0,0,0,0,0,0,0,0,3,0,11,11.641208999208175,10.731988993939012,13.227258998085745,0.0
1778566344,64,,Aggregated,0.100000,0.000000,22,22,22,22,22,22,22,22,22,22,22,12,0,12,13.178608666445749,8.640778993139975,21.893188008107245,0.0
1778566345,64,POST,chat/long,0.000000,0.000000,22,22,22,22,22,22,22,22,22,22,22,9,0,13,13.691075222191607,8.640778993139975,21.893188008107245,0.0
1778566345,64,POST,chat/medium,0.100000,0.000000,0,0,0,0,0,0,0,0,0,0,0,3,0,11,11.641208999208175,10.731988993939012,13.227258998085745,0.0
1778566345,64,,Aggregated,0.100000,0.000000,22,22,22,22,22,22,22,22,22,22,22,12,0,12,13.178608666445749,8.640778993139975,21.893188008107245,0.0
1778566346,64,POST,chat/long,0.000000,0.000000,22,22,22,22,22,22,22,22,22,22,22,9,0,13,13.691075222191607,8.640778993139975,21.893188008107245,0.0
1778566346,64,POST,chat/medium,0.100000,0.000000,0,0,0,0,0,0,0,0,0,0,0,3,0,11,11.641208999208175,10.731988993939012,13.227258998085745,0.0
1778566346,64,,Aggregated,0.100000,0.000000,22,22,22,22,22,22,22,22,22,22,22,12,0,12,13.178608666445749,8.640778993139975,21.893188008107245,0.0
1778566347,64,POST,chat/long,0.000000,0.000000,11,11,11,11,11,11,11,11,11,11,11,10,0,12,13.424102698627394,8.640778993139975,21.893188008107245,0.0
1778566347,64,POST,chat/medium,0.100000,0.000000,0,0,0,0,0,0,0,0,0,0,0,3,0,11,11.641208999208175,10.731988993939012,13.227258998085745,0.0
1778566347,64,,Aggregated,0.100000,0.000000,22,22,22,22,22,22,22,22,22,22,22,13,0,12,13.012665691069113,8.640778993139975,21.893188008107245,0.0
1778566348,64,POST,chat/long,0.000000,0.000000,11,11,11,11,11,11,11,11,11,11,11,10,0,12,13.424102698627394,8.640778993139975,21.893188008107245,0.0
1778566348,64,POST,chat/medium,0.100000,0.000000,0,0,0,0,0,0,0,0,0,0,0,3,0,11,11.641208999208175,10.731988993939012,13.227258998085745,0.0
1778566348,64,,Aggregated,0.100000,0.000000,22,22,22,22,22,22,22,22,22,22,22,13,0,12,13.012665691069113,8.640778993139975,21.893188008107245,0.0
1778566349,64,POST,chat/long,0.000000,0.000000,11,11,11,11,11,11,11,11,11,11,11,10,0,12,13.424102698627394,8.640778993139975,21.893188008107245,0.0
1778566349,64,POST,chat/medium,0.100000,0.000000,0,0,0,0,0,0,0,0,0,0,0,3,0,11,11.641208999208175,10.731988993939012,13.227258998085745,0.0
1778566349,64,,Aggregated,0.100000,0.000000,22,22,22,22,22,22,22,22,22,22,22,13,0,12,13.012665691069113,8.640778993139975,21.893188008107245,0.0
1778566350,64,POST,chat/long,0.200000,0.000000,12,12,45,45,45,45,45,45,45,45,45,12,0,12,15.975379332909748,8.640778993139975,45.04573601298034,0.0
1778566350,64,POST,chat/medium,0.100000,0.000000,0,0,0,0,0,0,0,0,0,0,0,3,0,11,11.641208999208175,10.731988993939012,13.227258998085745,0.0
1778566350,64,,Aggregated,0.300000,0.000000,22,22,45,45,45,45,45,45,45,45,45,15,0,12,15.108545266169434,8.640778993139975,45.04573601298034,0.0
1778566351,64,POST,chat/long,0.200000,0.000000,12,12,45,45,45,45,45,45,45,45,45,12,0,12,15.975379332909748,8.640778993139975,45.04573601298034,0.0
1778566351,64,POST,chat/medium,0.100000,0.000000,0,0,0,0,0,0,0,0,0,0,0,3,0,11,11.641208999208175,10.731988993939012,13.227258998085745,0.0
1778566351,64,,Aggregated,0.300000,0.000000,12,12,45,45,45,45,45,45,45,45,45,15,0,12,15.108545266169434,8.640778993139975,45.04573601298034,0.0
1778566352,64,POST,chat/long,0.200000,0.000000,12,12,45,45,45,45,45,45,45,45,45,12,0,12,15.975379332909748,8.640778993139975,45.04573601298034,0.0
1778566352,64,POST,chat/medium,0.100000,0.000000,0,0,0,0,0,0,0,0,0,0,0,3,0,11,11.641208999208175,10.731988993939012,13.227258998085745,0.0
1778566352,64,,Aggregated,0.300000,0.000000,12,12,45,45,45,45,45,45,45,45,45,15,0,12,15.108545266169434,8.640778993139975,45.04573601298034,0.0
1778566353,64,POST,chat/long,0.400000,0.000000,13,13,45,45,45,45,45,45,45,45,45,13,0,13,15.71205469148341,8.640778993139975,45.04573601298034,0.0
1778566353,64,POST,chat/medium,0.000000,0.000000,0,0,0,0,0,0,0,0,0,0,0,3,0,11,11.641208999208175,10.731988993939012,13.227258998085745,0.0
1778566353,64,,Aggregated,0.400000,0.000000,13,13,45,45,45,45,45,45,45,45,45,16,0,12,14.948771124181803,8.640778993139975,45.04573601298034,0.0
1778566354,64,POST,chat/long,0.400000,0.000000,13,13,45,45,45,45,45,45,45,45,45,13,0,13,15.71205469148341,8.640778993139975,45.04573601298034,0.0
1778566354,64,POST,chat/medium,0.000000,0.000000,0,0,0,0,0,0,0,0,0,0,0,3,0,11,11.641208999208175,10.731988993939012,13.227258998085745,0.0
1778566354,64,,Aggregated,0.400000,0.000000,13,13,45,45,45,45,45,45,45,45,45,16,0,12,14.948771124181803,8.640778993139975,45.04573601298034,0.0
1778566355,64,POST,chat/long,0.400000,0.000000,13,13,45,45,45,45,45,45,45,45,45,13,0,13,15.71205469148341,8.640778993139975,45.04573601298034,0.0
1778566355,64,POST,chat/medium,0.000000,0.000000,0,0,0,0,0,0,0,0,0,0,0,3,0,11,11.641208999208175,10.731988993939012,13.227258998085745,0.0
1778566355,64,,Aggregated,0.400000,0.000000,13,13,45,45,45,45,45,45,45,45,45,16,0,12,14.948771124181803,8.640778993139975,45.04573601298034,0.0
1778566356,64,POST,chat/long,0.400000,0.000000,13,13,45,45,45,45,45,45,45,45,45,13,0,13,15.71205469148341,8.640778993139975,45.04573601298034,0.0
1778566356,64,POST,chat/medium,0.000000,0.000000,0,0,0,0,0,0,0,0,0,0,0,4,0,11,11.04283899985603,9.247729001799598,13.227258998085745,0.0
1778566356,64,,Aggregated,0.400000,0.000000,13,13,45,45,45,45,45,45,45,45,45,17,0,12,14.613415705218145,8.640778993139975,45.04573601298034,0.0
1778566357,64,POST,chat/long,0.400000,0.000000,13,13,13,13,13,13,13,13,13,13,13,13,0,13,15.71205469148341,8.640778993139975,45.04573601298034,0.0
1778566357,64,POST,chat/medium,0.000000,0.000000,0,0,0,0,0,0,0,0,0,0,0,4,0,11,11.04283899985603,9.247729001799598,13.227258998085745,0.0
1778566357,64,,Aggregated,0.400000,0.000000,13,13,13,13,13,13,13,13,13,13,13,17,0,12,14.613415705218145,8.640778993139975,45.04573601298034,0.0
1778566358,64,POST,chat/long,0.400000,0.000000,13,13,13,13,13,13,13,13,13,13,13,13,0,13,15.71205469148341,8.640778993139975,45.04573601298034,0.0
1778566358,64,POST,chat/medium,0.000000,0.000000,0,0,0,0,0,0,0,0,0,0,0,4,0,11,11.04283899985603,9.247729001799598,13.227258998085745,0.0
1778566358,64,,Aggregated,0.400000,0.000000,13,13,13,13,13,13,13,13,13,13,13,17,0,12,14.613415705218145,8.640778993139975,45.04573601298034,0.0
1778566359,64,POST,chat/long,0.300000,0.000000,13,13,17,17,17,17,17,17,17,17,17,15,0,13,15.532605866125474,8.640778993139975,45.04573601298034,0.0
1778566359,64,POST,chat/medium,0.100000,0.000000,0,0,0,0,0,0,0,0,0,0,0,4,0,11,11.04283899985603,9.247729001799598,13.227258998085745,0.0
1778566359,64,,Aggregated,0.400000,0.000000,13,13,17,17,17,17,17,17,17,17,17,19,0,12,14.587391789016118,8.640778993139975,45.04573601298034,0.0
1778566360,64,POST,chat/long,0.300000,0.000000,13,13,17,17,17,17,17,17,17,17,17,15,0,13,15.532605866125474,8.640778993139975,45.04573601298034,0.0
1778566360,64,POST,chat/medium,0.100000,0.000000,0,0,0,0,0,0,0,0,0,0,0,4,0,11,11.04283899985603,9.247729001799598,13.227258998085745,0.0
1778566360,64,,Aggregated,0.400000,0.000000,13,13,17,17,17,17,17,17,17,17,17,19,0,12,14.587391789016118,8.640778993139975,45.04573601298034,0.0
1778566361,64,POST,chat/long,0.300000,0.000000,17,17,17,17,17,17,17,17,17,17,17,15,0,13,15.532605866125474,8.640778993139975,45.04573601298034,0.0
1778566361,64,POST,chat/medium,0.100000,0.000000,0,0,0,0,0,0,0,0,0,0,0,4,0,11,11.04283899985603,9.247729001799598,13.227258998085745,0.0
1778566361,64,,Aggregated,0.400000,0.000000,12,12,17,17,17,17,17,17,17,17,17,19,0,12,14.587391789016118,8.640778993139975,45.04573601298034,0.0
1778566362,64,POST,chat/long,0.300000,0.000000,17,17,17,17,17,17,17,17,17,17,17,15,0,13,15.532605866125474,8.640778993139975,45.04573601298034,0.0
1778566362,64,POST,chat/medium,0.100000,0.000000,0,0,0,0,0,0,0,0,0,0,0,4,0,11,11.04283899985603,9.247729001799598,13.227258998085745,0.0
1778566362,64,,Aggregated,0.400000,0.000000,12,12,17,17,17,17,17,17,17,17,17,19,0,12,14.587391789016118,8.640778993139975,45.04573601298034,0.0
1778566363,64,POST,chat/long,0.300000,0.000000,17,17,17,17,17,17,17,17,17,17,17,15,0,13,15.532605866125474,8.640778993139975,45.04573601298034,0.0
1778566363,64,POST,chat/medium,0.100000,0.000000,0,0,0,0,0,0,0,0,0,0,0,4,0,11,11.04283899985603,9.247729001799598,13.227258998085745,0.0
1778566363,64,,Aggregated,0.400000,0.000000,12,12,17,17,17,17,17,17,17,17,17,19,0,12,14.587391789016118,8.640778993139975,45.04573601298034,0.0
1778566364,64,POST,chat/long,0.300000,0.000000,17,17,17,17,17,17,17,17,17,17,17,15,0,13,15.532605866125474,8.640778993139975,45.04573601298034,0.0
1778566364,64,POST,chat/medium,0.100000,0.000000,0,0,0,0,0,0,0,0,0,0,0,4,0,11,11.04283899985603,9.247729001799598,13.227258998085745,0.0
1778566364,64,,Aggregated,0.400000,0.000000,17,17,17,17,17,17,17,17,17,17,17,19,0,12,14.587391789016118,8.640778993139975,45.04573601298034,0.0
1778566365,64,POST,chat/long,0.300000,0.000000,17,17,18,18,18,18,18,18,18,18,18,16,0,13,15.681043561926344,8.640778993139975,45.04573601298034,0.0
1778566365,64,POST,chat/medium,0.100000,0.000000,0,0,0,0,0,0,0,0,0,0,0,4,0,11,11.04283899985603,9.247729001799598,13.227258998085745,0.0
1778566365,64,,Aggregated,0.400000,0.000000,17,17,18,18,18,18,18,18,18,18,18,20,0,12,14.753402649512282,8.640778993139975,45.04573601298034,0.0
1778566366,64,POST,chat/long,0.300000,0.000000,18,18,18,18,18,18,18,18,18,18,18,16,0,13,15.681043561926344,8.640778993139975,45.04573601298034,0.0
1778566366,64,POST,chat/medium,0.100000,0.000000,0,0,0,0,0,0,0,0,0,0,0,4,0,11,11.04283899985603,9.247729001799598,13.227258998085745,0.0
1778566366,64,,Aggregated,0.400000,0.000000,17,17,18,18,18,18,18,18,18,18,18,20,0,12,14.753402649512282,8.640778993139975,45.04573601298034,0.0
1778566367,64,POST,chat/long,0.300000,0.000000,18,18,18,18,18,18,18,18,18,18,18,16,0,13,15.681043561926344,8.640778993139975,45.04573601298034,0.0
1778566367,64,POST,chat/medium,0.100000,0.000000,0,0,0,0,0,0,0,0,0,0,0,4,0,11,11.04283899985603,9.247729001799598,13.227258998085745,0.0
1778566367,64,,Aggregated,0.400000,0.000000,18,18,18,18,18,18,18,18,18,18,18,20,0,12,14.753402649512282,8.640778993139975,45.04573601298034,0.0
1778566368,64,POST,chat/long,0.200000,0.000000,18,18,20,20,20,20,20,20,20,20,20,18,0,13,15.674261333414405,8.640778993139975,45.04573601298034,0.0
1778566368,64,POST,chat/medium,0.100000,0.000000,0,0,0,0,0,0,0,0,0,0,0,4,0,11,11.04283899985603,9.247729001799598,13.227258998085745,0.0
1778566368,64,,Aggregated,0.300000,0.000000,18,18,20,20,20,20,20,20,20,20,20,22,0,12,14.8321845454947,8.640778993139975,45.04573601298034,0.0
1778566369,64,POST,chat/long,0.200000,0.000000,18,18,20,20,20,20,20,20,20,20,20,18,0,13,15.674261333414405,8.640778993139975,45.04573601298034,0.0
1778566369,64,POST,chat/medium,0.100000,0.000000,0,0,0,0,0,0,0,0,0,0,0,4,0,11,11.04283899985603,9.247729001799598,13.227258998085745,0.0
1778566369,64,,Aggregated,0.300000,0.000000,18,18,20,20,20,20,20,20,20,20,20,22,0,12,14.8321845454947,8.640778993139975,45.04573601298034,0.0
1778566370,64,POST,chat/long,0.200000,0.000000,18,18,20,20,20,20,20,20,20,20,20,18,0,13,15.674261333414405,8.640778993139975,45.04573601298034,0.0
1778566370,64,POST,chat/medium,0.100000,0.000000,0,0,0,0,0,0,0,0,0,0,0,4,0,11,11.04283899985603,9.247729001799598,13.227258998085745,0.0
1778566370,64,,Aggregated,0.300000,0.000000,18,18,20,20,20,20,20,20,20,20,20,22,0,12,14.8321845454947,8.640778993139975,45.04573601298034,0.0
1778566371,64,POST,chat/long,0.400000,0.000000,16,16,18,18,20,20,20,20,20,20,20,20,0,13,15.522982049151324,8.640778993139975,45.04573601298034,0.0
1778566371,64,POST,chat/medium,0.000000,0.000000,0,0,0,0,0,0,0,0,0,0,0,4,0,11,11.04283899985603,9.247729001799598,13.227258998085745,0.0
1778566371,64,,Aggregated,0.400000,0.000000,16,16,18,18,20,20,20,20,20,20,20,24,0,13,14.776291540935441,8.640778993139975,45.04573601298034,0.0
1778566372,64,POST,chat/long,0.400000,0.000000,16,16,20,20,20,20,20,20,20,20,20,20,0,13,15.522982049151324,8.640778993139975,45.04573601298034,0.0
1778566372,64,POST,chat/medium,0.000000,0.000000,0,0,0,0,0,0,0,0,0,0,0,4,0,11,11.04283899985603,9.247729001799598,13.227258998085745,0.0
1778566372,64,,Aggregated,0.400000,0.000000,16,16,20,20,20,20,20,20,20,20,20,24,0,13,14.776291540935441,8.640778993139975,45.04573601298034,0.0
1778566373,64,POST,chat/long,0.400000,0.000000,16,16,20,20,20,20,20,20,20,20,20,20,0,13,15.522982049151324,8.640778993139975,45.04573601298034,0.0
1778566373,64,POST,chat/medium,0.000000,0.000000,0,0,0,0,0,0,0,0,0,0,0,4,0,11,11.04283899985603,9.247729001799598,13.227258998085745,0.0
1778566373,64,,Aggregated,0.400000,0.000000,16,16,20,20,20,20,20,20,20,20,20,24,0,13,14.776291540935441,8.640778993139975,45.04573601298034,0.0
1778566374,64,POST,chat/long,0.400000,0.000000,16,16,20,20,20,20,20,20,20,20,20,20,0,13,15.522982049151324,8.640778993139975,45.04573601298034,0.0
1778566374,64,POST,chat/medium,0.000000,0.000000,0,0,0,0,0,0,0,0,0,0,0,4,0,11,11.04283899985603,9.247729001799598,13.227258998085745,0.0
1778566374,64,,Aggregated,0.400000,0.000000,16,16,20,20,20,20,20,20,20,20,20,24,0,13,14.776291540935441,8.640778993139975,45.04573601298034,0.0
1778566375,64,POST,chat/long,0.400000,0.000000,16,16,20,20,20,20,20,20,20,20,20,20,0,13,15.522982049151324,8.640778993139975,45.04573601298034,0.0
1778566375,64,POST,chat/medium,0.000000,0.000000,0,0,0,0,0,0,0,0,0,0,0,4,0,11,11.04283899985603,9.247729001799598,13.227258998085745,0.0
1778566375,64,,Aggregated,0.400000,0.000000,16,16,20,20,20,20,20,20,20,20,20,24,0,13,14.776291540935441,8.640778993139975,45.04573601298034,0.0
1778566376,64,POST,chat/long,0.400000,0.000000,16,16,16,16,16,16,16,16,16,16,16,20,0,13,15.522982049151324,8.640778993139975,45.04573601298034,0.0
1778566376,64,POST,chat/medium,0.000000,0.000000,0,0,0,0,0,0,0,0,0,0,0,4,0,11,11.04283899985603,9.247729001799598,13.227258998085745,0.0
1778566376,64,,Aggregated,0.400000,0.000000,16,16,16,16,16,16,16,16,16,16,16,24,0,13,14.776291540935441,8.640778993139975,45.04573601298034,0.0
1778566377,64,POST,chat/long,0.400000,0.000000,16,16,17,17,17,17,17,17,17,17,17,21,0,13,15.58155899900677,8.640778993139975,45.04573601298034,0.0
1778566377,64,POST,chat/medium,0.000000,0.000000,0,0,0,0,0,0,0,0,0,0,0,4,0,11,11.04283899985603,9.247729001799598,13.227258998085745,0.0
1778566377,64,,Aggregated,0.400000,0.000000,16,16,17,17,17,17,17,17,17,17,17,25,0,13,14.855363799142651,8.640778993139975,45.04573601298034,0.0
1778566378,64,POST,chat/long,0.400000,0.000000,16,16,17,17,17,17,17,17,17,17,17,21,0,13,15.58155899900677,8.640778993139975,45.04573601298034,0.0
1778566378,64,POST,chat/medium,0.000000,0.000000,0,0,0,0,0,0,0,0,0,0,0,4,0,11,11.04283899985603,9.247729001799598,13.227258998085745,0.0
1778566378,64,,Aggregated,0.400000,0.000000,16,16,17,17,17,17,17,17,17,17,17,25,0,13,14.855363799142651,8.640778993139975,45.04573601298034,0.0
1778566379,64,POST,chat/long,0.400000,0.000000,17,17,17,17,17,17,17,17,17,17,17,21,0,13,15.58155899900677,8.640778993139975,45.04573601298034,0.0
1778566379,64,POST,chat/medium,0.000000,0.000000,0,0,0,0,0,0,0,0,0,0,0,4,0,11,11.04283899985603,9.247729001799598,13.227258998085745,0.0
1778566379,64,,Aggregated,0.400000,0.000000,17,17,17,17,17,17,17,17,17,17,17,25,0,13,14.855363799142651,8.640778993139975,45.04573601298034,0.0
1778566380,64,POST,chat/long,0.400000,0.000000,17,17,17,17,17,17,17,17,17,17,17,21,0,13,15.58155899900677,8.640778993139975,45.04573601298034,0.0
1778566380,64,POST,chat/medium,0.000000,0.000000,0,0,0,0,0,0,0,0,0,0,0,4,0,11,11.04283899985603,9.247729001799598,13.227258998085745,0.0
1778566380,64,,Aggregated,0.400000,0.000000,17,17,17,17,17,17,17,17,17,17,17,25,0,13,14.855363799142651,8.640778993139975,45.04573601298034,0.0
1778566381,64,POST,chat/long,0.400000,0.000000,17,17,17,17,17,17,17,17,17,17,17,21,0,13,15.58155899900677,8.640778993139975,45.04573601298034,0.0
1778566381,64,POST,chat/medium,0.000000,0.000000,0,0,0,0,0,0,0,0,0,0,0,4,0,11,11.04283899985603,9.247729001799598,13.227258998085745,0.0
1778566381,64,,Aggregated,0.400000,0.000000,17,17,17,17,17,17,17,17,17,17,17,25,0,13,14.855363799142651,8.640778993139975,45.04573601298034,0.0
1778566382,64,POST,chat/long,0.400000,0.000000,17,17,17,17,17,17,17,17,17,17,17,21,0,13,15.58155899900677,8.640778993139975,45.04573601298034,0.0
1778566382,64,POST,chat/medium,0.000000,0.000000,0,0,0,0,0,0,0,0,0,0,0,4,0,11,11.04283899985603,9.247729001799598,13.227258998085745,0.0
1778566382,64,,Aggregated,0.400000,0.000000,17,17,17,17,17,17,17,17,17,17,17,25,0,13,14.855363799142651,8.640778993139975,45.04573601298034,0.0
1778566383,64,POST,chat/long,0.400000,0.000000,17,17,17,17,17,17,17,17,17,17,17,21,0,13,15.58155899900677,8.640778993139975,45.04573601298034,0.0
1778566383,64,POST,chat/medium,0.000000,0.000000,0,0,0,0,0,0,0,0,0,0,0,4,0,11,11.04283899985603,9.247729001799598,13.227258998085745,0.0
1778566383,64,,Aggregated,0.400000,0.000000,17,17,17,17,17,17,17,17,17,17,17,25,0,13,14.855363799142651,8.640778993139975,45.04573601298034,0.0
1778566384,64,POST,chat/long,0.400000,0.000000,0,0,0,0,0,0,0,0,0,0,0,21,0,13,15.58155899900677,8.640778993139975,45.04573601298034,0.0
1778566384,64,POST,chat/medium,0.000000,0.000000,0,0,0,0,0,0,0,0,0,0,0,4,0,11,11.04283899985603,9.247729001799598,13.227258998085745,0.0
1778566384,64,,Aggregated,0.400000,0.000000,0,0,0,0,0,0,0,0,0,0,0,25,0,13,14.855363799142651,8.640778993139975,45.04573601298034,0.0
1778566385,64,POST,chat/long,0.400000,0.000000,0,0,0,0,0,0,0,0,0,0,0,21,0,13,15.58155899900677,8.640778993139975,45.04573601298034,0.0
1778566385,64,POST,chat/medium,0.000000,0.000000,0,0,0,0,0,0,0,0,0,0,0,4,0,11,11.04283899985603,9.247729001799598,13.227258998085745,0.0
1778566385,64,,Aggregated,0.400000,0.000000,0,0,0,0,0,0,0,0,0,0,0,25,0,13,14.855363799142651,8.640778993139975,45.04573601298034,0.0
1778566386,64,POST,chat/long,0.400000,0.000000,0,0,0,0,0,0,0,0,0,0,0,21,0,13,15.58155899900677,8.640778993139975,45.04573601298034,0.0
1778566386,64,POST,chat/medium,0.000000,0.000000,0,0,0,0,0,0,0,0,0,0,0,4,0,11,11.04283899985603,9.247729001799598,13.227258998085745,0.0
1778566386,64,,Aggregated,0.400000,0.000000,0,0,0,0,0,0,0,0,0,0,0,25,0,13,14.855363799142651,8.640778993139975,45.04573601298034,0.0
1778566387,64,POST,chat/long,0.400000,0.000000,0,0,0,0,0,0,0,0,0,0,0,21,0,13,15.58155899900677,8.640778993139975,45.04573601298034,0.0
1778566387,64,POST,chat/medium,0.000000,0.000000,0,0,0,0,0,0,0,0,0,0,0,4,0,11,11.04283899985603,9.247729001799598,13.227258998085745,0.0
1778566387,64,,Aggregated,0.400000,0.000000,0,0,0,0,0,0,0,0,0,0,0,25,0,13,14.855363799142651,8.640778993139975,45.04573601298034,0.0
1778566388,64,POST,chat/long,0.400000,0.000000,0,0,0,0,0,0,0,0,0,0,0,21,0,13,15.58155899900677,8.640778993139975,45.04573601298034,0.0
1778566388,64,POST,chat/medium,0.000000,0.000000,0,0,0,0,0,0,0,0,0,0,0,4,0,11,11.04283899985603,9.247729001799598,13.227258998085745,0.0
1778566388,64,,Aggregated,0.400000,0.000000,0,0,0,0,0,0,0,0,0,0,0,25,0,13,14.855363799142651,8.640778993139975,45.04573601298034,0.0
1778566389,64,POST,chat/long,0.400000,0.000000,0,0,0,0,0,0,0,0,0,0,0,21,0,13,15.58155899900677,8.640778993139975,45.04573601298034,0.0
1778566389,64,POST,chat/medium,0.000000,0.000000,0,0,0,0,0,0,0,0,0,0,0,4,0,11,11.04283899985603,9.247729001799598,13.227258998085745,0.0
1778566389,64,,Aggregated,0.400000,0.000000,0,0,0,0,0,0,0,0,0,0,0,25,0,13,14.855363799142651,8.640778993139975,45.04573601298034,0.0
1778566390,64,POST,chat/long,0.400000,0.000000,0,0,0,0,0,0,0,0,0,0,0,21,0,13,15.58155899900677,8.640778993139975,45.04573601298034,0.0
1778566390,64,POST,chat/medium,0.000000,0.000000,0,0,0,0,0,0,0,0,0,0,0,4,0,11,11.04283899985603,9.247729001799598,13.227258998085745,0.0
1778566390,64,,Aggregated,0.400000,0.000000,0,0,0,0,0,0,0,0,0,0,0,25,0,13,14.855363799142651,8.640778993139975,45.04573601298034,0.0
1778566391,64,POST,chat/long,0.400000,0.000000,0,0,0,0,0,0,0,0,0,0,0,21,0,13,15.58155899900677,8.640778993139975,45.04573601298034,0.0
1778566391,64,POST,chat/medium,0.000000,0.000000,0,0,0,0,0,0,0,0,0,0,0,4,0,11,11.04283899985603,9.247729001799598,13.227258998085745,0.0
1778566391,64,,Aggregated,0.400000,0.000000,0,0,0,0,0,0,0,0,0,0,0,25,0,13,14.855363799142651,8.640778993139975,45.04573601298034,0.0
1778566392,63,POST,chat/long,0.100000,0.000000,15,15,15,15,15,15,15,15,15,15,15,23,0,13,15.324870304143785,8.640778993139975,45.04573601298034,0.0
1778566392,63,POST,chat/medium,0.000000,0.000000,0,0,0,0,0,0,0,0,0,0,0,4,0,11,11.04283899985603,9.247729001799598,13.227258998085745,0.0
1778566392,63,,Aggregated,0.100000,0.000000,15,15,15,15,15,15,15,15,15,15,15,27,0,13,14.690495296101155,8.640778993139975,45.04573601298034,0.0
1778566393,63,POST,chat/long,0.100000,0.000000,15,15,15,15,15,15,15,15,15,15,15,23,0,13,15.324870304143785,8.640778993139975,45.04573601298034,0.0
1778566393,63,POST,chat/medium,0.000000,0.000000,0,0,0,0,0,0,0,0,0,0,0,4,0,11,11.04283899985603,9.247729001799598,13.227258998085745,0.0
1778566393,63,,Aggregated,0.100000,0.000000,15,15,15,15,15,15,15,15,15,15,15,27,0,13,14.690495296101155,8.640778993139975,45.04573601298034,0.0
1778566394,63,POST,chat/long,0.100000,0.000000,15,15,15,15,15,15,15,15,15,15,15,23,0,13,15.324870304143785,8.640778993139975,45.04573601298034,0.0
1778566394,63,POST,chat/medium,0.000000,0.000000,0,0,0,0,0,0,0,0,0,0,0,4,0,11,11.04283899985603,9.247729001799598,13.227258998085745,0.0
1778566394,63,,Aggregated,0.100000,0.000000,15,15,15,15,15,15,15,15,15,15,15,27,0,13,14.690495296101155,8.640778993139975,45.04573601298034,0.0
1778566395,63,POST,chat/long,0.100000,0.000000,0,0,0,0,0,0,0,0,0,0,0,23,0,13,15.324870304143785,8.640778993139975,45.04573601298034,0.0
1778566395,63,POST,chat/medium,0.000000,0.000000,0,0,0,0,0,0,0,0,0,0,0,4,0,11,11.04283899985603,9.247729001799598,13.227258998085745,0.0
1778566395,63,,Aggregated,0.100000,0.000000,0,0,0,0,0,0,0,0,0,0,0,27,0,13,14.690495296101155,8.640778993139975,45.04573601298034,0.0
1778566396,63,POST,chat/long,0.100000,0.000000,0,0,0,0,0,0,0,0,0,0,0,23,0,13,15.324870304143785,8.640778993139975,45.04573601298034,0.0
1778566396,63,POST,chat/medium,0.000000,0.000000,0,0,0,0,0,0,0,0,0,0,0,4,0,11,11.04283899985603,9.247729001799598,13.227258998085745,0.0
1778566396,63,,Aggregated,0.100000,0.000000,0,0,0,0,0,0,0,0,0,0,0,27,0,13,14.690495296101155,8.640778993139975,45.04573601298034,0.0
1778566397,63,POST,chat/long,0.100000,0.000000,0,0,0,0,0,0,0,0,0,0,0,23,0,13,15.324870304143785,8.640778993139975,45.04573601298034,0.0
1778566397,63,POST,chat/medium,0.000000,0.000000,0,0,0,0,0,0,0,0,0,0,0,4,0,11,11.04283899985603,9.247729001799598,13.227258998085745,0.0
1778566397,63,,Aggregated,0.100000,0.000000,0,0,0,0,0,0,0,0,0,0,0,27,0,13,14.690495296101155,8.640778993139975,45.04573601298034,0.0
1778566398,62,POST,chat/long,0.200000,0.000000,12,12,12,12,12,12,12,12,12,12,12,24,0,13,15.202434791717678,8.640778993139975,45.04573601298034,0.0
1778566398,62,POST,chat/medium,0.000000,0.000000,0,0,0,0,0,0,0,0,0,0,0,4,0,11,11.04283899985603,9.247729001799598,13.227258998085745,0.0
1778566398,62,,Aggregated,0.200000,0.000000,12,12,12,12,12,12,12,12,12,12,12,28,0,13,14.608206821451729,8.640778993139975,45.04573601298034,0.0
1778566399,62,POST,chat/long,0.200000,0.000000,12,12,12,12,12,12,12,12,12,12,12,24,0,13,15.202434791717678,8.640778993139975,45.04573601298034,0.0
1778566399,62,POST,chat/medium,0.000000,0.000000,0,0,0,0,0,0,0,0,0,0,0,4,0,11,11.04283899985603,9.247729001799598,13.227258998085745,0.0
1778566399,62,,Aggregated,0.200000,0.000000,12,12,12,12,12,12,12,12,12,12,12,28,0,13,14.608206821451729,8.640778993139975,45.04573601298034,0.0
1778566400,62,POST,chat/long,0.200000,0.000000,12,12,12,12,12,12,12,12,12,12,12,24,0,13,15.202434791717678,8.640778993139975,45.04573601298034,0.0
1778566400,62,POST,chat/medium,0.000000,0.000000,0,0,0,0,0,0,0,0,0,0,0,4,0,11,11.04283899985603,9.247729001799598,13.227258998085745,0.0
1778566400,62,,Aggregated,0.200000,0.000000,12,12,12,12,12,12,12,12,12,12,12,28,0,13,14.608206821451729,8.640778993139975,45.04573601298034,0.0
1778566401,62,POST,chat/long,0.200000,0.000000,12,12,12,12,12,12,12,12,12,12,12,24,0,13,15.202434791717678,8.640778993139975,45.04573601298034,0.0
1778566401,62,POST,chat/medium,0.000000,0.000000,0,0,0,0,0,0,0,0,0,0,0,4,0,11,11.04283899985603,9.247729001799598,13.227258998085745,0.0
1778566401,62,,Aggregated,0.200000,0.000000,12,12,12,12,12,12,12,12,12,12,12,28,0,13,14.608206821451729,8.640778993139975,45.04573601298034,0.0
1778566402,62,POST,chat/long,0.200000,0.000000,12,12,12,12,12,12,12,12,12,12,12,24,0,13,15.202434791717678,8.640778993139975,45.04573601298034,0.0
1778566402,62,POST,chat/medium,0.000000,0.000000,0,0,0,0,0,0,0,0,0,0,0,4,0,11,11.04283899985603,9.247729001799598,13.227258998085745,0.0
1778566402,62,,Aggregated,0.200000,0.000000,12,12,12,12,12,12,12,12,12,12,12,28,0,13,14.608206821451729,8.640778993139975,45.04573601298034,0.0
1778566403,62,POST,chat/long,0.200000,0.000000,12,12,12,12,12,12,12,12,12,12,12,24,0,13,15.202434791717678,8.640778993139975,45.04573601298034,0.0
1778566403,62,POST,chat/medium,0.000000,0.000000,0,0,0,0,0,0,0,0,0,0,0,4,0,11,11.04283899985603,9.247729001799598,13.227258998085745,0.0
1778566403,62,,Aggregated,0.200000,0.000000,12,12,12,12,12,12,12,12,12,12,12,28,0,13,14.608206821451729,8.640778993139975,45.04573601298034,0.0
1778566404,62,POST,chat/long,0.200000,0.000000,12,12,12,12,12,12,12,12,12,12,12,24,0,13,15.202434791717678,8.640778993139975,45.04573601298034,0.0
1778566404,62,POST,chat/medium,0.000000,0.000000,0,0,0,0,0,0,0,0,0,0,0,4,0,11,11.04283899985603,9.247729001799598,13.227258998085745,0.0
1778566404,62,,Aggregated,0.200000,0.000000,12,12,12,12,12,12,12,12,12,12,12,28,0,13,14.608206821451729,8.640778993139975,45.04573601298034,0.0
1778566405,62,POST,chat/long,0.200000,0.000000,0,0,0,0,0,0,0,0,0,0,0,24,0,13,15.202434791717678,8.640778993139975,45.04573601298034,0.0
1778566405,62,POST,chat/medium,0.000000,0.000000,0,0,0,0,0,0,0,0,0,0,0,4,0,11,11.04283899985603,9.247729001799598,13.227258998085745,0.0
1778566405,62,,Aggregated,0.200000,0.000000,0,0,0,0,0,0,0,0,0,0,0,28,0,13,14.608206821451729,8.640778993139975,45.04573601298034,0.0
1778566406,62,POST,chat/long,0.200000,0.000000,0,0,0,0,0,0,0,0,0,0,0,24,0,13,15.202434791717678,8.640778993139975,45.04573601298034,0.0
1778566406,62,POST,chat/medium,0.000000,0.000000,0,0,0,0,0,0,0,0,0,0,0,4,0,11,11.04283899985603,9.247729001799598,13.227258998085745,0.0
1778566406,62,,Aggregated,0.200000,0.000000,0,0,0,0,0,0,0,0,0,0,0,28,0,13,14.608206821451729,8.640778993139975,45.04573601298034,0.0
1778566407,61,POST,chat/long,0.200000,0.000000,16,16,16,16,16,16,16,16,16,16,16,25,0,13,15.237416119780391,8.640778993139975,45.04573601298034,0.0
1778566407,61,POST,chat/medium,0.000000,0.000000,0,0,0,0,0,0,0,0,0,0,0,4,0,11,11.04283899985603,9.247729001799598,13.227258998085745,0.0
1778566407,61,,Aggregated,0.200000,0.000000,16,16,16,16,16,16,16,16,16,16,16,29,0,13,14.658853758411514,8.640778993139975,45.04573601298034,0.0
1778566408,61,POST,chat/long,0.200000,0.000000,16,16,16,16,16,16,16,16,16,16,16,25,0,13,15.237416119780391,8.640778993139975,45.04573601298034,0.0
1778566408,61,POST,chat/medium,0.000000,0.000000,0,0,0,0,0,0,0,0,0,0,0,4,0,11,11.04283899985603,9.247729001799598,13.227258998085745,0.0
1778566408,61,,Aggregated,0.200000,0.000000,16,16,16,16,16,16,16,16,16,16,16,29,0,13,14.658853758411514,8.640778993139975,45.04573601298034,0.0
1778566409,61,POST,chat/long,0.200000,0.000000,16,16,16,16,16,16,16,16,16,16,16,25,0,13,15.237416119780391,8.640778993139975,45.04573601298034,0.0
1778566409,61,POST,chat/medium,0.000000,0.000000,0,0,0,0,0,0,0,0,0,0,0,4,0,11,11.04283899985603,9.247729001799598,13.227258998085745,0.0
1778566409,61,,Aggregated,0.200000,0.000000,16,16,16,16,16,16,16,16,16,16,16,29,0,13,14.658853758411514,8.640778993139975,45.04573601298034,0.0
1778566410,61,POST,chat/long,0.200000,0.000000,16,16,16,16,16,16,16,16,16,16,16,25,0,13,15.237416119780391,8.640778993139975,45.04573601298034,0.0
1778566410,61,POST,chat/medium,0.000000,0.000000,0,0,0,0,0,0,0,0,0,0,0,4,0,11,11.04283899985603,9.247729001799598,13.227258998085745,0.0
1778566410,61,,Aggregated,0.200000,0.000000,16,16,16,16,16,16,16,16,16,16,16,29,0,13,14.658853758411514,8.640778993139975,45.04573601298034,0.0
1778566411,61,POST,chat/long,0.200000,0.000000,0,0,0,0,0,0,0,0,0,0,0,25,0,13,15.237416119780391,8.640778993139975,45.04573601298034,0.0
1778566411,61,POST,chat/medium,0.000000,0.000000,0,0,0,0,0,0,0,0,0,0,0,4,0,11,11.04283899985603,9.247729001799598,13.227258998085745,0.0
1778566411,61,,Aggregated,0.200000,0.000000,0,0,0,0,0,0,0,0,0,0,0,29,0,13,14.658853758411514,8.640778993139975,45.04573601298034,0.0
1778566412,61,POST,chat/long,0.200000,0.000000,0,0,0,0,0,0,0,0,0,0,0,25,0,13,15.237416119780391,8.640778993139975,45.04573601298034,0.0
1778566412,61,POST,chat/medium,0.000000,0.000000,0,0,0,0,0,0,0,0,0,0,0,4,0,11,11.04283899985603,9.247729001799598,13.227258998085745,0.0
1778566412,61,,Aggregated,0.200000,0.000000,0,0,0,0,0,0,0,0,0,0,0,29,0,13,14.658853758411514,8.640778993139975,45.04573601298034,0.0
1778566413,60,POST,chat/long,0.100000,0.000000,17,17,17,17,17,17,17,17,17,17,17,26,0,13,15.31969196142969,8.640778993139975,45.04573601298034,0.0
1778566413,60,POST,chat/medium,0.000000,0.000000,0,0,0,0,0,0,0,0,0,0,0,4,0,11,11.04283899985603,9.247729001799598,13.227258998085745,0.0
1778566413,60,,Aggregated,0.100000,0.000000,17,17,17,17,17,17,17,17,17,17,17,30,0,13,14.749444899886536,8.640778993139975,45.04573601298034,0.0
1778566414,60,POST,chat/long,0.100000,0.000000,17,17,17,17,17,17,17,17,17,17,17,26,0,13,15.31969196142969,8.640778993139975,45.04573601298034,0.0
1778566414,60,POST,chat/medium,0.000000,0.000000,0,0,0,0,0,0,0,0,0,0,0,4,0,11,11.04283899985603,9.247729001799598,13.227258998085745,0.0
1778566414,60,,Aggregated,0.100000,0.000000,17,17,17,17,17,17,17,17,17,17,17,30,0,13,14.749444899886536,8.640778993139975,45.04573601298034,0.0
1778566415,60,POST,chat/long,0.100000,0.000000,17,17,17,17,17,17,17,17,17,17,17,26,0,13,15.31969196142969,8.640778993139975,45.04573601298034,0.0
1778566415,60,POST,chat/medium,0.000000,0.000000,0,0,0,0,0,0,0,0,0,0,0,4,0,11,11.04283899985603,9.247729001799598,13.227258998085745,0.0
1778566415,60,,Aggregated,0.100000,0.000000,17,17,17,17,17,17,17,17,17,17,17,30,0,13,14.749444899886536,8.640778993139975,45.04573601298034,0.0
1778566416,59,POST,chat/long,0.200000,0.000000,18,18,18,18,18,18,18,18,18,18,18,27,0,15,15.41684144467581,8.640778993139975,45.04573601298034,0.0
1778566416,59,POST,chat/medium,0.000000,0.000000,0,0,0,0,0,0,0,0,0,0,0,4,0,11,11.04283899985603,9.247729001799598,13.227258998085745,0.0
1778566416,59,,Aggregated,0.200000,0.000000,18,18,18,18,18,18,18,18,18,18,18,31,0,13,14.852454032441,8.640778993139975,45.04573601298034,0.0
1778566417,59,POST,chat/long,0.200000,0.000000,18,18,18,18,18,18,18,18,18,18,18,27,0,15,15.41684144467581,8.640778993139975,45.04573601298034,0.0
1778566417,59,POST,chat/medium,0.000000,0.000000,0,0,0,0,0,0,0,0,0,0,0,4,0,11,11.04283899985603,9.247729001799598,13.227258998085745,0.0
1778566417,59,,Aggregated,0.200000,0.000000,18,18,18,18,18,18,18,18,18,18,18,31,0,13,14.852454032441,8.640778993139975,45.04573601298034,0.0
1778566418,59,POST,chat/long,0.200000,0.000000,18,18,18,18,18,18,18,18,18,18,18,27,0,15,15.41684144467581,8.640778993139975,45.04573601298034,0.0
1778566418,59,POST,chat/medium,0.000000,0.000000,0,0,0,0,0,0,0,0,0,0,0,4,0,11,11.04283899985603,9.247729001799598,13.227258998085745,0.0
1778566418,59,,Aggregated,0.200000,0.000000,18,18,18,18,18,18,18,18,18,18,18,31,0,13,14.852454032441,8.640778993139975,45.04573601298034,0.0
1778566419,58,POST,chat/long,0.200000,0.000000,22,22,22,22,22,22,22,22,22,22,22,28,0,15,15.659501321351854,8.640778993139975,45.04573601298034,0.0
1778566419,58,POST,chat/medium,0.000000,0.000000,0,0,0,0,0,0,0,0,0,0,0,4,0,11,11.04283899985603,9.247729001799598,13.227258998085745,0.0
1778566419,58,,Aggregated,0.200000,0.000000,22,22,22,22,22,22,22,22,22,22,22,32,0,13,15.082418531164876,8.640778993139975,45.04573601298034,0.0
1778566420,58,POST,chat/long,0.200000,0.000000,22,22,22,22,22,22,22,22,22,22,22,28,0,15,15.659501321351854,8.640778993139975,45.04573601298034,0.0
1778566420,58,POST,chat/medium,0.000000,0.000000,0,0,0,0,0,0,0,0,0,0,0,4,0,11,11.04283899985603,9.247729001799598,13.227258998085745,0.0
1778566420,58,,Aggregated,0.200000,0.000000,22,22,22,22,22,22,22,22,22,22,22,32,0,13,15.082418531164876,8.640778993139975,45.04573601298034,0.0
1778566421,58,POST,chat/long,0.200000,0.000000,22,22,22,22,22,22,22,22,22,22,22,28,0,15,15.659501321351854,8.640778993139975,45.04573601298034,0.0
1778566421,58,POST,chat/medium,0.000000,0.000000,0,0,0,0,0,0,0,0,0,0,0,4,0,11,11.04283899985603,9.247729001799598,13.227258998085745,0.0
1778566421,58,,Aggregated,0.200000,0.000000,22,22,22,22,22,22,22,22,22,22,22,32,0,13,15.082418531164876,8.640778993139975,45.04573601298034,0.0
1778566422,57,POST,chat/long,0.200000,0.000000,18,18,22,22,22,22,22,22,22,22,22,29,0,15,15.569794689232868,8.640778993139975,45.04573601298034,0.0
1778566422,57,POST,chat/medium,0.000000,0.000000,0,0,0,0,0,0,0,0,0,0,0,4,0,11,11.04283899985603,9.247729001799598,13.227258998085745,0.0
1778566422,57,,Aggregated,0.200000,0.000000,18,18,22,22,22,22,22,22,22,22,22,33,0,13,15.021072787490223,8.640778993139975,45.04573601298034,0.0
1778566423,57,POST,chat/long,0.200000,0.000000,22,22,22,22,22,22,22,22,22,22,22,29,0,15,15.569794689232868,8.640778993139975,45.04573601298034,0.0
1778566423,57,POST,chat/medium,0.000000,0.000000,0,0,0,0,0,0,0,0,0,0,0,4,0,11,11.04283899985603,9.247729001799598,13.227258998085745,0.0
1778566423,57,,Aggregated,0.200000,0.000000,22,22,22,22,22,22,22,22,22,22,22,33,0,13,15.021072787490223,8.640778993139975,45.04573601298034,0.0
1778566424,57,POST,chat/long,0.200000,0.000000,22,22,22,22,22,22,22,22,22,22,22,29,0,15,15.569794689232868,8.640778993139975,45.04573601298034,0.0
1778566424,57,POST,chat/medium,0.000000,0.000000,0,0,0,0,0,0,0,0,0,0,0,4,0,11,11.04283899985603,9.247729001799598,13.227258998085745,0.0
1778566424,57,,Aggregated,0.200000,0.000000,22,22,22,22,22,22,22,22,22,22,22,33,0,13,15.021072787490223,8.640778993139975,45.04573601298034,0.0
1778566425,57,POST,chat/long,0.200000,0.000000,22,22,22,22,22,22,22,22,22,22,22,29,0,15,15.569794689232868,8.640778993139975,45.04573601298034,0.0
1778566425,57,POST,chat/medium,0.000000,0.000000,0,0,0,0,0,0,0,0,0,0,0,4,0,11,11.04283899985603,9.247729001799598,13.227258998085745,0.0
1778566425,57,,Aggregated,0.200000,0.000000,22,22,22,22,22,22,22,22,22,22,22,33,0,13,15.021072787490223,8.640778993139975,45.04573601298034,0.0
1778566426,57,POST,chat/long,0.200000,0.000000,13,13,13,13,13,13,13,13,13,13,13,29,0,15,15.569794689232868,8.640778993139975,45.04573601298034,0.0
1778566426,57,POST,chat/medium,0.000000,0.000000,0,0,0,0,0,0,0,0,0,0,0,4,0,11,11.04283899985603,9.247729001799598,13.227258998085745,0.0
1778566426,57,,Aggregated,0.200000,0.000000,13,13,13,13,13,13,13,13,13,13,13,33,0,13,15.021072787490223,8.640778993139975,45.04573601298034,0.0
1778566427,57,POST,chat/long,0.200000,0.000000,13,13,13,13,13,13,13,13,13,13,13,29,0,15,15.569794689232868,8.640778993139975,45.04573601298034,0.0
1778566427,57,POST,chat/medium,0.000000,0.000000,0,0,0,0,0,0,0,0,0,0,0,4,0,11,11.04283899985603,9.247729001799598,13.227258998085745,0.0
1778566427,57,,Aggregated,0.200000,0.000000,13,13,13,13,13,13,13,13,13,13,13,33,0,13,15.021072787490223,8.640778993139975,45.04573601298034,0.0
1778566428,57,POST,chat/long,0.200000,0.000000,13,13,13,13,13,13,13,13,13,13,13,29,0,15,15.569794689232868,8.640778993139975,45.04573601298034,0.0
1778566428,57,POST,chat/medium,0.000000,0.000000,0,0,0,0,0,0,0,0,0,0,0,4,0,11,11.04283899985603,9.247729001799598,13.227258998085745,0.0
1778566428,57,,Aggregated,0.200000,0.000000,13,13,13,13,13,13,13,13,13,13,13,33,0,13,15.021072787490223,8.640778993139975,45.04573601298034,0.0
1778566429,57,POST,chat/long,0.200000,0.000000,0,0,0,0,0,0,0,0,0,0,0,29,0,15,15.569794689232868,8.640778993139975,45.04573601298034,0.0
1778566429,57,POST,chat/medium,0.000000,0.000000,0,0,0,0,0,0,0,0,0,0,0,4,0,11,11.04283899985603,9.247729001799598,13.227258998085745,0.0
1778566429,57,,Aggregated,0.200000,0.000000,0,0,0,0,0,0,0,0,0,0,0,33,0,13,15.021072787490223,8.640778993139975,45.04573601298034,0.0
1778566430,57,POST,chat/long,0.200000,0.000000,0,0,0,0,0,0,0,0,0,0,0,29,0,15,15.569794689232868,8.640778993139975,45.04573601298034,0.0
1778566430,57,POST,chat/medium,0.000000,0.000000,0,0,0,0,0,0,0,0,0,0,0,4,0,11,11.04283899985603,9.247729001799598,13.227258998085745,0.0
1778566430,57,,Aggregated,0.200000,0.000000,0,0,0,0,0,0,0,0,0,0,0,33,0,13,15.021072787490223,8.640778993139975,45.04573601298034,0.0
1778566431,57,POST,chat/long,0.200000,0.000000,0,0,0,0,0,0,0,0,0,0,0,29,0,15,15.569794689232868,8.640778993139975,45.04573601298034,0.0
1778566431,57,POST,chat/medium,0.000000,0.000000,0,0,0,0,0,0,0,0,0,0,0,4,0,11,11.04283899985603,9.247729001799598,13.227258998085745,0.0
1778566431,57,,Aggregated,0.200000,0.000000,0,0,0,0,0,0,0,0,0,0,0,33,0,13,15.021072787490223,8.640778993139975,45.04573601298034,0.0
1778566432,57,POST,chat/long,0.200000,0.000000,0,0,0,0,0,0,0,0,0,0,0,29,0,15,15.569794689232868,8.640778993139975,45.04573601298034,0.0
1778566432,57,POST,chat/medium,0.000000,0.000000,0,0,0,0,0,0,0,0,0,0,0,4,0,11,11.04283899985603,9.247729001799598,13.227258998085745,0.0
1778566432,57,,Aggregated,0.200000,0.000000,0,0,0,0,0,0,0,0,0,0,0,33,0,13,15.021072787490223,8.640778993139975,45.04573601298034,0.0
1778566433,57,POST,chat/long,0.200000,0.000000,0,0,0,0,0,0,0,0,0,0,0,29,0,15,15.569794689232868,8.640778993139975,45.04573601298034,0.0
1778566433,57,POST,chat/medium,0.000000,0.000000,0,0,0,0,0,0,0,0,0,0,0,4,0,11,11.04283899985603,9.247729001799598,13.227258998085745,0.0
1778566433,57,,Aggregated,0.200000,0.000000,0,0,0,0,0,0,0,0,0,0,0,33,0,13,15.021072787490223,8.640778993139975,45.04573601298034,0.0
1778566434,57,POST,chat/long,0.200000,0.000000,0,0,0,0,0,0,0,0,0,0,0,29,0,15,15.569794689232868,8.640778993139975,45.04573601298034,0.0
1778566434,57,POST,chat/medium,0.000000,0.000000,0,0,0,0,0,0,0,0,0,0,0,4,0,11,11.04283899985603,9.247729001799598,13.227258998085745,0.0
1778566434,57,,Aggregated,0.200000,0.000000,0,0,0,0,0,0,0,0,0,0,0,33,0,13,15.021072787490223,8.640778993139975,45.04573601298034,0.0
1778566435,57,POST,chat/long,0.200000,0.000000,0,0,0,0,0,0,0,0,0,0,0,29,0,15,15.569794689232868,8.640778993139975,45.04573601298034,0.0
1778566435,57,POST,chat/medium,0.000000,0.000000,0,0,0,0,0,0,0,0,0,0,0,4,0,11,11.04283899985603,9.247729001799598,13.227258998085745,0.0
1778566435,57,,Aggregated,0.200000,0.000000,0,0,0,0,0,0,0,0,0,0,0,33,0,13,15.021072787490223,8.640778993139975,45.04573601298034,0.0
1778566436,57,POST,chat/long,0.200000,0.000000,0,0,0,0,0,0,0,0,0,0,0,29,0,15,15.569794689232868,8.640778993139975,45.04573601298034,0.0
1778566436,57,POST,chat/medium,0.000000,0.000000,0,0,0,0,0,0,0,0,0,0,0,4,0,11,11.04283899985603,9.247729001799598,13.227258998085745,0.0
1778566436,57,,Aggregated,0.200000,0.000000,0,0,0,0,0,0,0,0,0,0,0,33,0,13,15.021072787490223,8.640778993139975,45.04573601298034,0.0
1778566437,56,POST,chat/long,0.000000,0.000000,10,10,10,10,10,10,10,10,10,10,10,30,0,13,15.381080166359121,8.640778993139975,45.04573601298034,0.0
1778566437,56,POST,chat/medium,0.000000,0.000000,0,0,0,0,0,0,0,0,0,0,0,4,0,11,11.04283899985603,9.247729001799598,13.227258998085745,0.0
1778566437,56,,Aggregated,0.000000,0.000000,10,10,10,10,10,10,10,10,10,10,10,34,0,13,14.870698852652875,8.640778993139975,45.04573601298034,0.0
1778566438,56,POST,chat/long,0.000000,0.000000,0,0,0,0,0,0,0,0,0,0,0,30,0,13,15.381080166359121,8.640778993139975,45.04573601298034,0.0
1778566438,56,POST,chat/medium,0.000000,0.000000,0,0,0,0,0,0,0,0,0,0,0,4,0,11,11.04283899985603,9.247729001799598,13.227258998085745,0.0
1778566438,56,,Aggregated,0.000000,0.000000,0,0,0,0,0,0,0,0,0,0,0,34,0,13,14.870698852652875,8.640778993139975,45.04573601298034,0.0
1778566439,56,POST,chat/long,0.000000,0.000000,0,0,0,0,0,0,0,0,0,0,0,30,0,13,15.381080166359121,8.640778993139975,45.04573601298034,0.0
1778566439,56,POST,chat/medium,0.000000,0.000000,0,0,0,0,0,0,0,0,0,0,0,4,0,11,11.04283899985603,9.247729001799598,13.227258998085745,0.0
1778566439,56,,Aggregated,0.000000,0.000000,0,0,0,0,0,0,0,0,0,0,0,34,0,13,14.870698852652875,8.640778993139975,45.04573601298034,0.0
1778566440,56,POST,chat/long,0.000000,0.000000,0,0,0,0,0,0,0,0,0,0,0,30,0,13,15.381080166359121,8.640778993139975,45.04573601298034,0.0
1778566440,56,POST,chat/medium,0.000000,0.000000,0,0,0,0,0,0,0,0,0,0,0,4,0,11,11.04283899985603,9.247729001799598,13.227258998085745,0.0
1778566440,56,,Aggregated,0.000000,0.000000,0,0,0,0,0,0,0,0,0,0,0,34,0,13,14.870698852652875,8.640778993139975,45.04573601298034,0.0
1778566441,56,POST,chat/long,0.000000,0.000000,0,0,0,0,0,0,0,0,0,0,0,30,0,13,15.381080166359121,8.640778993139975,45.04573601298034,0.0
1778566441,56,POST,chat/medium,0.000000,0.000000,0,0,0,0,0,0,0,0,0,0,0,4,0,11,11.04283899985603,9.247729001799598,13.227258998085745,0.0
1778566441,56,,Aggregated,0.000000,0.000000,0,0,0,0,0,0,0,0,0,0,0,34,0,13,14.870698852652875,8.640778993139975,45.04573601298034,0.0
1778566442,56,POST,chat/long,0.000000,0.000000,0,0,0,0,0,0,0,0,0,0,0,30,0,13,15.381080166359121,8.640778993139975,45.04573601298034,0.0
1778566442,56,POST,chat/medium,0.000000,0.000000,0,0,0,0,0,0,0,0,0,0,0,4,0,11,11.04283899985603,9.247729001799598,13.227258998085745,0.0
1778566442,56,,Aggregated,0.000000,0.000000,0,0,0,0,0,0,0,0,0,0,0,34,0,13,14.870698852652875,8.640778993139975,45.04573601298034,0.0
1778566443,55,POST,chat/long,0.100000,0.000000,20,20,20,20,20,20,20,20,20,20,20,31,0,15,15.528819451461576,8.640778993139975,45.04573601298034,0.0
1778566443,55,POST,chat/medium,0.000000,0.000000,0,0,0,0,0,0,0,0,0,0,0,4,0,11,11.04283899985603,9.247729001799598,13.227258998085745,0.0
1778566443,55,,Aggregated,0.100000,0.000000,20,20,20,20,20,20,20,20,20,20,20,35,0,13,15.016135971278086,8.640778993139975,45.04573601298034,0.0
1778566444,55,POST,chat/long,0.100000,0.000000,20,20,20,20,20,20,20,20,20,20,20,31,0,15,15.528819451461576,8.640778993139975,45.04573601298034,0.0
1778566444,55,POST,chat/medium,0.000000,0.000000,0,0,0,0,0,0,0,0,0,0,0,4,0,11,11.04283899985603,9.247729001799598,13.227258998085745,0.0
1778566444,55,,Aggregated,0.100000,0.000000,20,20,20,20,20,20,20,20,20,20,20,35,0,13,15.016135971278086,8.640778993139975,45.04573601298034,0.0
1778566445,55,POST,chat/long,0.100000,0.000000,20,20,20,20,20,20,20,20,20,20,20,31,0,15,15.528819451461576,8.640778993139975,45.04573601298034,0.0
1778566445,55,POST,chat/medium,0.000000,0.000000,0,0,0,0,0,0,0,0,0,0,0,4,0,11,11.04283899985603,9.247729001799598,13.227258998085745,0.0
1778566445,55,,Aggregated,0.100000,0.000000,20,20,20,20,20,20,20,20,20,20,20,35,0,13,15.016135971278086,8.640778993139975,45.04573601298034,0.0
1778566446,54,POST,chat/long,0.200000,0.000000,20,20,20,20,20,20,20,20,20,20,20,32,0,15,15.533441280695115,8.640778993139975,45.04573601298034,0.0
1778566446,54,POST,chat/medium,0.000000,0.000000,0,0,0,0,0,0,0,0,0,0,0,4,0,11,11.04283899985603,9.247729001799598,13.227258998085745,0.0
1778566446,54,,Aggregated,0.200000,0.000000,20,20,20,20,20,20,20,20,20,20,20,36,0,13,15.034485471712994,8.640778993139975,45.04573601298034,0.0
1778566447,54,POST,chat/long,0.200000,0.000000,20,20,20,20,20,20,20,20,20,20,20,32,0,15,15.533441280695115,8.640778993139975,45.04573601298034,0.0
1778566447,54,POST,chat/medium,0.000000,0.000000,0,0,0,0,0,0,0,0,0,0,0,4,0,11,11.04283899985603,9.247729001799598,13.227258998085745,0.0
1778566447,54,,Aggregated,0.200000,0.000000,20,20,20,20,20,20,20,20,20,20,20,36,0,13,15.034485471712994,8.640778993139975,45.04573601298034,0.0
1778566448,54,POST,chat/long,0.200000,0.000000,20,20,20,20,20,20,20,20,20,20,20,32,0,15,15.533441280695115,8.640778993139975,45.04573601298034,0.0
1778566448,54,POST,chat/medium,0.000000,0.000000,0,0,0,0,0,0,0,0,0,0,0,4,0,11,11.04283899985603,9.247729001799598,13.227258998085745,0.0
1778566448,54,,Aggregated,0.200000,0.000000,20,20,20,20,20,20,20,20,20,20,20,36,0,13,15.034485471712994,8.640778993139975,45.04573601298034,0.0
1778566449,54,POST,chat/long,0.200000,0.000000,16,16,16,16,16,16,16,16,16,16,16,32,0,15,15.533441280695115,8.640778993139975,45.04573601298034,0.0
1778566449,54,POST,chat/medium,0.000000,0.000000,0,0,0,0,0,0,0,0,0,0,0,4,0,11,11.04283899985603,9.247729001799598,13.227258998085745,0.0
1778566449,54,,Aggregated,0.200000,0.000000,16,16,16,16,16,16,16,16,16,16,16,36,0,13,15.034485471712994,8.640778993139975,45.04573601298034,0.0
1778566450,54,POST,chat/long,0.200000,0.000000,16,16,16,16,16,16,16,16,16,16,16,32,0,15,15.533441280695115,8.640778993139975,45.04573601298034,0.0
1778566450,54,POST,chat/medium,0.000000,0.000000,0,0,0,0,0,0,0,0,0,0,0,4,0,11,11.04283899985603,9.247729001799598,13.227258998085745,0.0
1778566450,54,,Aggregated,0.200000,0.000000,16,16,16,16,16,16,16,16,16,16,16,36,0,13,15.034485471712994,8.640778993139975,45.04573601298034,0.0
1778566451,54,POST,chat/long,0.200000,0.000000,16,16,16,16,16,16,16,16,16,16,16,32,0,15,15.533441280695115,8.640778993139975,45.04573601298034,0.0
1778566451,54,POST,chat/medium,0.000000,0.000000,0,0,0,0,0,0,0,0,0,0,0,4,0,11,11.04283899985603,9.247729001799598,13.227258998085745,0.0
1778566451,54,,Aggregated,0.200000,0.000000,16,16,16,16,16,16,16,16,16,16,16,36,0,13,15.034485471712994,8.640778993139975,45.04573601298034,0.0
1778566452,52,POST,chat/long,0.200000,0.000000,16,16,20,20,20,20,20,20,20,20,20,34,0,15,15.507686117523596,8.640778993139975,45.04573601298034,0.0
1778566452,52,POST,chat/medium,0.000000,0.000000,0,0,0,0,0,0,0,0,0,0,0,4,0,11,11.04283899985603,9.247729001799598,13.227258998085745,0.0
1778566452,52,,Aggregated,0.200000,0.000000,16,16,20,20,20,20,20,20,20,20,20,38,0,13,15.037702210400695,8.640778993139975,45.04573601298034,0.0
1778566453,52,POST,chat/long,0.200000,0.000000,16,16,20,20,20,20,20,20,20,20,20,34,0,15,15.507686117523596,8.640778993139975,45.04573601298034,0.0
1778566453,52,POST,chat/medium,0.000000,0.000000,0,0,0,0,0,0,0,0,0,0,0,4,0,11,11.04283899985603,9.247729001799598,13.227258998085745,0.0
1778566453,52,,Aggregated,0.200000,0.000000,16,16,20,20,20,20,20,20,20,20,20,38,0,13,15.037702210400695,8.640778993139975,45.04573601298034,0.0
1778566454,52,POST,chat/long,0.200000,0.000000,20,20,20,20,20,20,20,20,20,20,20,34,0,15,15.507686117523596,8.640778993139975,45.04573601298034,0.0
1778566454,52,POST,chat/medium,0.000000,0.000000,0,0,0,0,0,0,0,0,0,0,0,4,0,11,11.04283899985603,9.247729001799598,13.227258998085745,0.0
1778566454,52,,Aggregated,0.200000,0.000000,20,20,20,20,20,20,20,20,20,20,20,38,0,13,15.037702210400695,8.640778993139975,45.04573601298034,0.0
1778566455,52,POST,chat/long,0.200000,0.000000,20,20,20,20,20,20,20,20,20,20,20,34,0,15,15.507686117523596,8.640778993139975,45.04573601298034,0.0
1778566455,52,POST,chat/medium,0.000000,0.000000,0,0,0,0,0,0,0,0,0,0,0,4,0,11,11.04283899985603,9.247729001799598,13.227258998085745,0.0
1778566455,52,,Aggregated,0.200000,0.000000,20,20,20,20,20,20,20,20,20,20,20,38,0,13,15.037702210400695,8.640778993139975,45.04573601298034,0.0
1778566456,52,POST,chat/long,0.200000,0.000000,20,20,20,20,20,20,20,20,20,20,20,34,0,15,15.507686117523596,8.640778993139975,45.04573601298034,0.0
1778566456,52,POST,chat/medium,0.000000,0.000000,0,0,0,0,0,0,0,0,0,0,0,4,0,11,11.04283899985603,9.247729001799598,13.227258998085745,0.0
1778566456,52,,Aggregated,0.200000,0.000000,20,20,20,20,20,20,20,20,20,20,20,38,0,13,15.037702210400695,8.640778993139975,45.04573601298034,0.0
1778566457,52,POST,chat/long,0.200000,0.000000,20,20,20,20,20,20,20,20,20,20,20,34,0,15,15.507686117523596,8.640778993139975,45.04573601298034,0.0
1778566457,52,POST,chat/medium,0.000000,0.000000,0,0,0,0,0,0,0,0,0,0,0,4,0,11,11.04283899985603,9.247729001799598,13.227258998085745,0.0
1778566457,52,,Aggregated,0.200000,0.000000,20,20,20,20,20,20,20,20,20,20,20,38,0,13,15.037702210400695,8.640778993139975,45.04573601298034,0.0
1778566458,52,POST,chat/long,0.200000,0.000000,20,20,20,20,20,20,20,20,20,20,20,34,0,15,15.507686117523596,8.640778993139975,45.04573601298034,0.0
1778566458,52,POST,chat/medium,0.000000,0.000000,0,0,0,0,0,0,0,0,0,0,0,4,0,11,11.04283899985603,9.247729001799598,13.227258998085745,0.0
1778566458,52,,Aggregated,0.200000,0.000000,20,20,20,20,20,20,20,20,20,20,20,38,0,13,15.037702210400695,8.640778993139975,45.04573601298034,0.0
1778566459,52,POST,chat/long,0.200000,0.000000,10,10,10,10,10,10,10,10,10,10,10,34,0,15,15.507686117523596,8.640778993139975,45.04573601298034,0.0
1778566459,52,POST,chat/medium,0.000000,0.000000,0,0,0,0,0,0,0,0,0,0,0,4,0,11,11.04283899985603,9.247729001799598,13.227258998085745,0.0
1778566459,52,,Aggregated,0.200000,0.000000,10,10,10,10,10,10,10,10,10,10,10,38,0,13,15.037702210400695,8.640778993139975,45.04573601298034,0.0
1778566460,52,POST,chat/long,0.200000,0.000000,10,10,10,10,10,10,10,10,10,10,10,34,0,15,15.507686117523596,8.640778993139975,45.04573601298034,0.0
1778566460,52,POST,chat/medium,0.000000,0.000000,0,0,0,0,0,0,0,0,0,0,0,4,0,11,11.04283899985603,9.247729001799598,13.227258998085745,0.0
1778566460,52,,Aggregated,0.200000,0.000000,10,10,10,10,10,10,10,10,10,10,10,38,0,13,15.037702210400695,8.640778993139975,45.04573601298034,0.0
1778566461,52,POST,chat/long,0.200000,0.000000,10,10,10,10,10,10,10,10,10,10,10,34,0,15,15.507686117523596,8.640778993139975,45.04573601298034,0.0
1778566461,52,POST,chat/medium,0.000000,0.000000,0,0,0,0,0,0,0,0,0,0,0,4,0,11,11.04283899985603,9.247729001799598,13.227258998085745,0.0
1778566461,52,,Aggregated,0.200000,0.000000,10,10,10,10,10,10,10,10,10,10,10,38,0,13,15.037702210400695,8.640778993139975,45.04573601298034,0.0
1778566462,52,POST,chat/long,0.200000,0.000000,10,10,10,10,10,10,10,10,10,10,10,34,0,15,15.507686117523596,8.640778993139975,45.04573601298034,0.0
1778566462,52,POST,chat/medium,0.000000,0.000000,0,0,0,0,0,0,0,0,0,0,0,4,0,11,11.04283899985603,9.247729001799598,13.227258998085745,0.0
1778566462,52,,Aggregated,0.200000,0.000000,10,10,10,10,10,10,10,10,10,10,10,38,0,13,15.037702210400695,8.640778993139975,45.04573601298034,0.0
1778566463,52,POST,chat/long,0.200000,0.000000,10,10,10,10,10,10,10,10,10,10,10,34,0,15,15.507686117523596,8.640778993139975,45.04573601298034,0.0
1778566463,52,POST,chat/medium,0.000000,0.000000,0,0,0,0,0,0,0,0,0,0,0,4,0,11,11.04283899985603,9.247729001799598,13.227258998085745,0.0
1778566463,52,,Aggregated,0.200000,0.000000,10,10,10,10,10,10,10,10,10,10,10,38,0,13,15.037702210400695,8.640778993139975,45.04573601298034,0.0
1778566464,52,POST,chat/long,0.200000,0.000000,10,10,10,10,10,10,10,10,10,10,10,34,0,15,15.507686117523596,8.640778993139975,45.04573601298034,0.0
1778566464,52,POST,chat/medium,0.000000,0.000000,0,0,0,0,0,0,0,0,0,0,0,4,0,11,11.04283899985603,9.247729001799598,13.227258998085745,0.0
1778566464,52,,Aggregated,0.200000,0.000000,10,10,10,10,10,10,10,10,10,10,10,38,0,13,15.037702210400695,8.640778993139975,45.04573601298034,0.0
1778566465,52,POST,chat/long,0.200000,0.000000,10,10,10,10,10,10,10,10,10,10,10,34,0,15,15.507686117523596,8.640778993139975,45.04573601298034,0.0
1778566465,52,POST,chat/medium,0.000000,0.000000,0,0,0,0,0,0,0,0,0,0,0,4,0,11,11.04283899985603,9.247729001799598,13.227258998085745,0.0
1778566465,52,,Aggregated,0.200000,0.000000,10,10,10,10,10,10,10,10,10,10,10,38,0,13,15.037702210400695,8.640778993139975,45.04573601298034,0.0
1778566466,52,POST,chat/long,0.200000,0.000000,10,10,10,10,10,10,10,10,10,10,10,34,0,15,15.507686117523596,8.640778993139975,45.04573601298034,0.0
1778566466,52,POST,chat/medium,0.000000,0.000000,0,0,0,0,0,0,0,0,0,0,0,4,0,11,11.04283899985603,9.247729001799598,13.227258998085745,0.0
1778566466,52,,Aggregated,0.200000,0.000000,10,10,10,10,10,10,10,10,10,10,10,38,0,13,15.037702210400695,8.640778993139975,45.04573601298034,0.0
1778566467,52,POST,chat/long,0.200000,0.000000,10,10,10,10,10,10,10,10,10,10,10,34,0,15,15.507686117523596,8.640778993139975,45.04573601298034,0.0
1778566467,52,POST,chat/medium,0.000000,0.000000,0,0,0,0,0,0,0,0,0,0,0,4,0,11,11.04283899985603,9.247729001799598,13.227258998085745,0.0
1778566467,52,,Aggregated,0.200000,0.000000,10,10,10,10,10,10,10,10,10,10,10,38,0,13,15.037702210400695,8.640778993139975,45.04573601298034,0.0
1778566468,52,POST,chat/long,0.200000,0.000000,10,10,10,10,10,10,10,10,10,10,10,34,0,15,15.507686117523596,8.640778993139975,45.04573601298034,0.0
1778566468,52,POST,chat/medium,0.000000,0.000000,0,0,0,0,0,0,0,0,0,0,0,4,0,11,11.04283899985603,9.247729001799598,13.227258998085745,0.0
1778566468,52,,Aggregated,0.200000,0.000000,10,10,10,10,10,10,10,10,10,10,10,38,0,13,15.037702210400695,8.640778993139975,45.04573601298034,0.0
1778566469,52,POST,chat/long,0.200000,0.000000,10,10,10,10,10,10,10,10,10,10,10,34,0,15,15.507686117523596,8.640778993139975,45.04573601298034,0.0
1778566469,52,POST,chat/medium,0.000000,0.000000,0,0,0,0,0,0,0,0,0,0,0,4,0,11,11.04283899985603,9.247729001799598,13.227258998085745,0.0
1778566469,52,,Aggregated,0.200000,0.000000,10,10,10,10,10,10,10,10,10,10,10,38,0,13,15.037702210400695,8.640778993139975,45.04573601298034,0.0
1778566470,51,POST,chat/long,0.000000,0.000000,0,0,0,0,0,0,0,0,0,0,0,35,0,15,15.533007314245749,8.640778993139975,45.04573601298034,0.0
1778566470,51,POST,chat/medium,0.000000,0.000000,0,0,0,0,0,0,0,0,0,0,0,4,0,11,11.04283899985603,9.247729001799598,13.227258998085745,0.0
1778566470,51,,Aggregated,0.000000,0.000000,0,0,0,0,0,0,0,0,0,0,0,39,0,13,15.072477230718599,8.640778993139975,45.04573601298034,0.0
1778566471,51,POST,chat/long,0.000000,0.000000,0,0,0,0,0,0,0,0,0,0,0,35,0,15,15.533007314245749,8.640778993139975,45.04573601298034,0.0
1778566471,51,POST,chat/medium,0.000000,0.000000,0,0,0,0,0,0,0,0,0,0,0,4,0,11,11.04283899985603,9.247729001799598,13.227258998085745,0.0
1778566471,51,,Aggregated,0.000000,0.000000,0,0,0,0,0,0,0,0,0,0,0,39,0,13,15.072477230718599,8.640778993139975,45.04573601298034,0.0
1778566472,51,POST,chat/long,0.000000,0.000000,0,0,0,0,0,0,0,0,0,0,0,35,0,15,15.533007314245749,8.640778993139975,45.04573601298034,0.0
1778566472,51,POST,chat/medium,0.000000,0.000000,0,0,0,0,0,0,0,0,0,0,0,4,0,11,11.04283899985603,9.247729001799598,13.227258998085745,0.0
1778566472,51,,Aggregated,0.000000,0.000000,0,0,0,0,0,0,0,0,0,0,0,39,0,13,15.072477230718599,8.640778993139975,45.04573601298034,0.0
1778566473,51,POST,chat/long,0.000000,0.000000,0,0,0,0,0,0,0,0,0,0,0,35,0,15,15.533007314245749,8.640778993139975,45.04573601298034,0.0
1778566473,51,POST,chat/medium,0.000000,0.000000,0,0,0,0,0,0,0,0,0,0,0,4,0,11,11.04283899985603,9.247729001799598,13.227258998085745,0.0
1778566473,51,,Aggregated,0.000000,0.000000,0,0,0,0,0,0,0,0,0,0,0,39,0,13,15.072477230718599,8.640778993139975,45.04573601298034,0.0
1778566474,51,POST,chat/long,0.000000,0.000000,0,0,0,0,0,0,0,0,0,0,0,35,0,15,15.533007314245749,8.640778993139975,45.04573601298034,0.0
1778566474,51,POST,chat/medium,0.000000,0.000000,0,0,0,0,0,0,0,0,0,0,0,4,0,11,11.04283899985603,9.247729001799598,13.227258998085745,0.0
1778566474,51,,Aggregated,0.000000,0.000000,0,0,0,0,0,0,0,0,0,0,0,39,0,13,15.072477230718599,8.640778993139975,45.04573601298034,0.0
1778566475,51,POST,chat/long,0.000000,0.000000,0,0,0,0,0,0,0,0,0,0,0,35,0,15,15.533007314245749,8.640778993139975,45.04573601298034,0.0
1778566475,51,POST,chat/medium,0.000000,0.000000,0,0,0,0,0,0,0,0,0,0,0,4,0,11,11.04283899985603,9.247729001799598,13.227258998085745,0.0
1778566475,51,,Aggregated,0.000000,0.000000,0,0,0,0,0,0,0,0,0,0,0,39,0,13,15.072477230718599,8.640778993139975,45.04573601298034,0.0
1778566476,51,POST,chat/long,0.000000,0.000000,0,0,0,0,0,0,0,0,0,0,0,35,0,15,15.533007314245749,8.640778993139975,45.04573601298034,0.0
1778566476,51,POST,chat/medium,0.000000,0.000000,0,0,0,0,0,0,0,0,0,0,0,4,0,11,11.04283899985603,9.247729001799598,13.227258998085745,0.0
1778566476,51,,Aggregated,0.000000,0.000000,0,0,0,0,0,0,0,0,0,0,0,39,0,13,15.072477230718599,8.640778993139975,45.04573601298034,0.0
1778566477,51,POST,chat/long,0.000000,0.000000,0,0,0,0,0,0,0,0,0,0,0,35,0,15,15.533007314245749,8.640778993139975,45.04573601298034,0.0
1778566477,51,POST,chat/medium,0.000000,0.000000,0,0,0,0,0,0,0,0,0,0,0,4,0,11,11.04283899985603,9.247729001799598,13.227258998085745,0.0
1778566477,51,,Aggregated,0.000000,0.000000,0,0,0,0,0,0,0,0,0,0,0,39,0,13,15.072477230718599,8.640778993139975,45.04573601298034,0.0
1778566478,51,POST,chat/long,0.000000,0.000000,0,0,0,0,0,0,0,0,0,0,0,35,0,15,15.533007314245749,8.640778993139975,45.04573601298034,0.0
1778566478,51,POST,chat/medium,0.000000,0.000000,0,0,0,0,0,0,0,0,0,0,0,4,0,11,11.04283899985603,9.247729001799598,13.227258998085745,0.0
1778566478,51,,Aggregated,0.000000,0.000000,0,0,0,0,0,0,0,0,0,0,0,39,0,13,15.072477230718599,8.640778993139975,45.04573601298034,0.0
1778566479,51,POST,chat/long,0.000000,0.000000,0,0,0,0,0,0,0,0,0,0,0,35,0,15,15.533007314245749,8.640778993139975,45.04573601298034,0.0
1778566479,51,POST,chat/medium,0.000000,0.000000,0,0,0,0,0,0,0,0,0,0,0,4,0,11,11.04283899985603,9.247729001799598,13.227258998085745,0.0
1778566479,51,,Aggregated,0.000000,0.000000,0,0,0,0,0,0,0,0,0,0,0,39,0,13,15.072477230718599,8.640778993139975,45.04573601298034,0.0
1778566480,51,POST,chat/long,0.000000,0.000000,0,0,0,0,0,0,0,0,0,0,0,35,0,15,15.533007314245749,8.640778993139975,45.04573601298034,0.0
1778566480,51,POST,chat/medium,0.000000,0.000000,0,0,0,0,0,0,0,0,0,0,0,4,0,11,11.04283899985603,9.247729001799598,13.227258998085745,0.0
1778566480,51,,Aggregated,0.000000,0.000000,0,0,0,0,0,0,0,0,0,0,0,39,0,13,15.072477230718599,8.640778993139975,45.04573601298034,0.0
1778566481,51,POST,chat/long,0.000000,0.000000,0,0,0,0,0,0,0,0,0,0,0,35,0,15,15.533007314245749,8.640778993139975,45.04573601298034,0.0
1778566481,51,POST,chat/medium,0.000000,0.000000,0,0,0,0,0,0,0,0,0,0,0,4,0,11,11.04283899985603,9.247729001799598,13.227258998085745,0.0
1778566481,51,,Aggregated,0.000000,0.000000,0,0,0,0,0,0,0,0,0,0,0,39,0,13,15.072477230718599,8.640778993139975,45.04573601298034,0.0
1778566482,51,POST,chat/long,0.000000,0.000000,0,0,0,0,0,0,0,0,0,0,0,35,0,15,15.533007314245749,8.640778993139975,45.04573601298034,0.0
1778566482,51,POST,chat/medium,0.000000,0.000000,0,0,0,0,0,0,0,0,0,0,0,4,0,11,11.04283899985603,9.247729001799598,13.227258998085745,0.0
1778566482,51,,Aggregated,0.000000,0.000000,0,0,0,0,0,0,0,0,0,0,0,39,0,13,15.072477230718599,8.640778993139975,45.04573601298034,0.0
1778566483,51,POST,chat/long,0.000000,0.000000,0,0,0,0,0,0,0,0,0,0,0,35,0,15,15.533007314245749,8.640778993139975,45.04573601298034,0.0
1778566483,51,POST,chat/medium,0.000000,0.000000,0,0,0,0,0,0,0,0,0,0,0,4,0,11,11.04283899985603,9.247729001799598,13.227258998085745,0.0
1778566483,51,,Aggregated,0.000000,0.000000,0,0,0,0,0,0,0,0,0,0,0,39,0,13,15.072477230718599,8.640778993139975,45.04573601298034,0.0
1778566484,51,POST,chat/long,0.000000,0.000000,0,0,0,0,0,0,0,0,0,0,0,35,0,15,15.533007314245749,8.640778993139975,45.04573601298034,0.0
1778566484,51,POST,chat/medium,0.000000,0.000000,0,0,0,0,0,0,0,0,0,0,0,4,0,11,11.04283899985603,9.247729001799598,13.227258998085745,0.0
1778566484,51,,Aggregated,0.000000,0.000000,0,0,0,0,0,0,0,0,0,0,0,39,0,13,15.072477230718599,8.640778993139975,45.04573601298034,0.0
1778566485,49,POST,chat/long,0.000000,0.000000,18,18,18,18,18,18,18,18,18,18,18,37,0,15,15.531594648711836,8.640778993139975,45.04573601298034,0.0
1778566485,49,POST,chat/medium,0.000000,0.000000,0,0,0,0,0,0,0,0,0,0,0,4,0,11,11.04283899985603,9.247729001799598,13.227258998085745,0.0
1778566485,49,,Aggregated,0.000000,0.000000,18,18,18,18,18,18,18,18,18,18,18,41,0,13,15.09366726833566,8.640778993139975,45.04573601298034,0.0
1778566486,49,POST,chat/long,0.000000,0.000000,18,18,18,18,18,18,18,18,18,18,18,37,0,15,15.531594648711836,8.640778993139975,45.04573601298034,0.0
1778566486,49,POST,chat/medium,0.000000,0.000000,0,0,0,0,0,0,0,0,0,0,0,4,0,11,11.04283899985603,9.247729001799598,13.227258998085745,0.0
1778566486,49,,Aggregated,0.000000,0.000000,18,18,18,18,18,18,18,18,18,18,18,41,0,13,15.09366726833566,8.640778993139975,45.04573601298034,0.0
1778566487,49,POST,chat/long,0.000000,0.000000,18,18,18,18,18,18,18,18,18,18,18,37,0,15,15.531594648711836,8.640778993139975,45.04573601298034,0.0
1778566487,49,POST,chat/medium,0.000000,0.000000,0,0,0,0,0,0,0,0,0,0,0,4,0,11,11.04283899985603,9.247729001799598,13.227258998085745,0.0
1778566487,49,,Aggregated,0.000000,0.000000,18,18,18,18,18,18,18,18,18,18,18,41,0,13,15.09366726833566,8.640778993139975,45.04573601298034,0.0
1778566488,49,POST,chat/long,0.000000,0.000000,18,18,18,18,18,18,18,18,18,18,18,37,0,15,15.531594648711836,8.640778993139975,45.04573601298034,0.0
1778566488,49,POST,chat/medium,0.000000,0.000000,0,0,0,0,0,0,0,0,0,0,0,4,0,11,11.04283899985603,9.247729001799598,13.227258998085745,0.0
1778566488,49,,Aggregated,0.000000,0.000000,18,18,18,18,18,18,18,18,18,18,18,41,0,13,15.09366726833566,8.640778993139975,45.04573601298034,0.0
1778566489,49,POST,chat/long,0.000000,0.000000,18,18,18,18,18,18,18,18,18,18,18,37,0,15,15.531594648711836,8.640778993139975,45.04573601298034,0.0
1778566489,49,POST,chat/medium,0.000000,0.000000,0,0,0,0,0,0,0,0,0,0,0,4,0,11,11.04283899985603,9.247729001799598,13.227258998085745,0.0
1778566489,49,,Aggregated,0.000000,0.000000,18,18,18,18,18,18,18,18,18,18,18,41,0,13,15.09366726833566,8.640778993139975,45.04573601298034,0.0
1778566490,49,POST,chat/long,0.000000,0.000000,18,18,18,18,18,18,18,18,18,18,18,37,0,15,15.531594648711836,8.640778993139975,45.04573601298034,0.0
1778566490,49,POST,chat/medium,0.000000,0.000000,0,0,0,0,0,0,0,0,0,0,0,4,0,11,11.04283899985603,9.247729001799598,13.227258998085745,0.0
1778566490,49,,Aggregated,0.000000,0.000000,18,18,18,18,18,18,18,18,18,18,18,41,0,13,15.09366726833566,8.640778993139975,45.04573601298034,0.0
1778566491,49,POST,chat/long,0.000000,0.000000,18,18,18,18,18,18,18,18,18,18,18,37,0,15,15.531594648711836,8.640778993139975,45.04573601298034,0.0
1778566491,49,POST,chat/medium,0.000000,0.000000,0,0,0,0,0,0,0,0,0,0,0,4,0,11,11.04283899985603,9.247729001799598,13.227258998085745,0.0
1778566491,49,,Aggregated,0.000000,0.000000,18,18,18,18,18,18,18,18,18,18,18,41,0,13,15.09366726833566,8.640778993139975,45.04573601298034,0.0
1778566492,49,POST,chat/long,0.000000,0.000000,18,18,18,18,18,18,18,18,18,18,18,37,0,15,15.531594648711836,8.640778993139975,45.04573601298034,0.0
1778566492,49,POST,chat/medium,0.000000,0.000000,0,0,0,0,0,0,0,0,0,0,0,4,0,11,11.04283899985603,9.247729001799598,13.227258998085745,0.0
1778566492,49,,Aggregated,0.000000,0.000000,18,18,18,18,18,18,18,18,18,18,18,41,0,13,15.09366726833566,8.640778993139975,45.04573601298034,0.0
1778566493,49,POST,chat/long,0.000000,0.000000,18,18,18,18,18,18,18,18,18,18,18,37,0,15,15.531594648711836,8.640778993139975,45.04573601298034,0.0
1778566493,49,POST,chat/medium,0.000000,0.000000,0,0,0,0,0,0,0,0,0,0,0,4,0,11,11.04283899985603,9.247729001799598,13.227258998085745,0.0
1778566493,49,,Aggregated,0.000000,0.000000,18,18,18,18,18,18,18,18,18,18,18,41,0,13,15.09366726833566,8.640778993139975,45.04573601298034,0.0
1778566494,48,POST,chat/long,0.200000,0.000000,18,18,18,18,18,18,18,18,18,18,18,38,0,15,15.56132949994399,8.640778993139975,45.04573601298034,0.0
1778566494,48,POST,chat/medium,0.000000,0.000000,0,0,0,0,0,0,0,0,0,0,0,4,0,11,11.04283899985603,9.247729001799598,13.227258998085745,0.0
1778566494,48,,Aggregated,0.200000,0.000000,18,18,18,18,18,18,18,18,18,18,18,42,0,13,15.130997071364185,8.640778993139975,45.04573601298034,0.0
1778566495,48,POST,chat/long,0.200000,0.000000,18,18,18,18,18,18,18,18,18,18,18,38,0,15,15.56132949994399,8.640778993139975,45.04573601298034,0.0
1778566495,48,POST,chat/medium,0.000000,0.000000,0,0,0,0,0,0,0,0,0,0,0,4,0,11,11.04283899985603,9.247729001799598,13.227258998085745,0.0
1778566495,48,,Aggregated,0.200000,0.000000,18,18,18,18,18,18,18,18,18,18,18,42,0,13,15.130997071364185,8.640778993139975,45.04573601298034,0.0
1778566496,48,POST,chat/long,0.200000,0.000000,18,18,18,18,18,18,18,18,18,18,18,38,0,15,15.56132949994399,8.640778993139975,45.04573601298034,0.0
1778566496,48,POST,chat/medium,0.000000,0.000000,0,0,0,0,0,0,0,0,0,0,0,4,0,11,11.04283899985603,9.247729001799598,13.227258998085745,0.0
1778566496,48,,Aggregated,0.200000,0.000000,18,18,18,18,18,18,18,18,18,18,18,42,0,13,15.130997071364185,8.640778993139975,45.04573601298034,0.0
1778566497,48,POST,chat/long,0.200000,0.000000,18,18,18,18,18,18,18,18,18,18,18,38,0,15,15.56132949994399,8.640778993139975,45.04573601298034,0.0
1778566497,48,POST,chat/medium,0.000000,0.000000,0,0,0,0,0,0,0,0,0,0,0,4,0,11,11.04283899985603,9.247729001799598,13.227258998085745,0.0
1778566497,48,,Aggregated,0.200000,0.000000,18,18,18,18,18,18,18,18,18,18,18,42,0,13,15.130997071364185,8.640778993139975,45.04573601298034,0.0
1778566498,48,POST,chat/long,0.200000,0.000000,0,0,0,0,0,0,0,0,0,0,0,38,0,15,15.56132949994399,8.640778993139975,45.04573601298034,0.0
1778566498,48,POST,chat/medium,0.000000,0.000000,0,0,0,0,0,0,0,0,0,0,0,4,0,11,11.04283899985603,9.247729001799598,13.227258998085745,0.0
1778566498,48,,Aggregated,0.200000,0.000000,0,0,0,0,0,0,0,0,0,0,0,42,0,13,15.130997071364185,8.640778993139975,45.04573601298034,0.0
1778566499,48,POST,chat/long,0.200000,0.000000,0,0,0,0,0,0,0,0,0,0,0,38,0,15,15.56132949994399,8.640778993139975,45.04573601298034,0.0
1778566499,48,POST,chat/medium,0.000000,0.000000,0,0,0,0,0,0,0,0,0,0,0,4,0,11,11.04283899985603,9.247729001799598,13.227258998085745,0.0
1778566499,48,,Aggregated,0.200000,0.000000,0,0,0,0,0,0,0,0,0,0,0,42,0,13,15.130997071364185,8.640778993139975,45.04573601298034,0.0
1778566500,48,POST,chat/long,0.200000,0.000000,0,0,0,0,0,0,0,0,0,0,0,38,0,15,15.56132949994399,8.640778993139975,45.04573601298034,0.0
1778566500,48,POST,chat/medium,0.000000,0.000000,0,0,0,0,0,0,0,0,0,0,0,4,0,11,11.04283899985603,9.247729001799598,13.227258998085745,0.0
1778566500,48,,Aggregated,0.200000,0.000000,0,0,0,0,0,0,0,0,0,0,0,42,0,13,15.130997071364185,8.640778993139975,45.04573601298034,0.0
1778566501,48,POST,chat/long,0.200000,0.000000,0,0,0,0,0,0,0,0,0,0,0,38,0,15,15.56132949994399,8.640778993139975,45.04573601298034,0.0
1778566501,48,POST,chat/medium,0.000000,0.000000,0,0,0,0,0,0,0,0,0,0,0,4,0,11,11.04283899985603,9.247729001799598,13.227258998085745,0.0
1778566501,48,,Aggregated,0.200000,0.000000,0,0,0,0,0,0,0,0,0,0,0,42,0,13,15.130997071364185,8.640778993139975,45.04573601298034,0.0
1778566502,48,POST,chat/long,0.200000,0.000000,0,0,0,0,0,0,0,0,0,0,0,38,0,15,15.56132949994399,8.640778993139975,45.04573601298034,0.0
1778566502,48,POST,chat/medium,0.000000,0.000000,0,0,0,0,0,0,0,0,0,0,0,4,0,11,11.04283899985603,9.247729001799598,13.227258998085745,0.0
1778566502,48,,Aggregated,0.200000,0.000000,0,0,0,0,0,0,0,0,0,0,0,42,0,13,15.130997071364185,8.640778993139975,45.04573601298034,0.0
1778566503,47,POST,chat/long,0.100000,0.000000,13,13,13,13,13,13,13,13,13,13,13,39,0,15,15.491622051250978,8.640778993139975,45.04573601298034,0.0
1778566503,47,POST,chat/medium,0.000000,0.000000,0,0,0,0,0,0,0,0,0,0,0,4,0,11,11.04283899985603,9.247729001799598,13.227258998085745,0.0
1778566503,47,,Aggregated,0.100000,0.000000,13,13,13,13,13,13,13,13,13,13,13,43,0,13,15.077781767400285,8.640778993139975,45.04573601298034,0.0
1778566504,47,POST,chat/long,0.100000,0.000000,13,13,13,13,13,13,13,13,13,13,13,39,0,15,15.491622051250978,8.640778993139975,45.04573601298034,0.0
1778566504,47,POST,chat/medium,0.000000,0.000000,0,0,0,0,0,0,0,0,0,0,0,4,0,11,11.04283899985603,9.247729001799598,13.227258998085745,0.0
1778566504,47,,Aggregated,0.100000,0.000000,13,13,13,13,13,13,13,13,13,13,13,43,0,13,15.077781767400285,8.640778993139975,45.04573601298034,0.0
1778566505,47,POST,chat/long,0.100000,0.000000,13,13,13,13,13,13,13,13,13,13,13,39,0,15,15.491622051250978,8.640778993139975,45.04573601298034,0.0
1778566505,47,POST,chat/medium,0.000000,0.000000,0,0,0,0,0,0,0,0,0,0,0,4,0,11,11.04283899985603,9.247729001799598,13.227258998085745,0.0
1778566505,47,,Aggregated,0.100000,0.000000,13,13,13,13,13,13,13,13,13,13,13,43,0,13,15.077781767400285,8.640778993139975,45.04573601298034,0.0
1778566506,47,POST,chat/long,0.100000,0.000000,13,13,13,13,13,13,13,13,13,13,13,39,0,15,15.491622051250978,8.640778993139975,45.04573601298034,0.0
1778566506,47,POST,chat/medium,0.000000,0.000000,0,0,0,0,0,0,0,0,0,0,0,4,0,11,11.04283899985603,9.247729001799598,13.227258998085745,0.0
1778566506,47,,Aggregated,0.100000,0.000000,13,13,13,13,13,13,13,13,13,13,13,43,0,13,15.077781767400285,8.640778993139975,45.04573601298034,0.0
1778566507,47,POST,chat/long,0.100000,0.000000,13,13,13,13,13,13,13,13,13,13,13,39,0,15,15.491622051250978,8.640778993139975,45.04573601298034,0.0
1778566507,47,POST,chat/medium,0.000000,0.000000,0,0,0,0,0,0,0,0,0,0,0,4,0,11,11.04283899985603,9.247729001799598,13.227258998085745,0.0
1778566507,47,,Aggregated,0.100000,0.000000,13,13,13,13,13,13,13,13,13,13,13,43,0,13,15.077781767400285,8.640778993139975,45.04573601298034,0.0
1778566508,47,POST,chat/long,0.100000,0.000000,0,0,0,0,0,0,0,0,0,0,0,39,0,15,15.491622051250978,8.640778993139975,45.04573601298034,0.0
1778566508,47,POST,chat/medium,0.000000,0.000000,0,0,0,0,0,0,0,0,0,0,0,4,0,11,11.04283899985603,9.247729001799598,13.227258998085745,0.0
1778566508,47,,Aggregated,0.100000,0.000000,0,0,0,0,0,0,0,0,0,0,0,43,0,13,15.077781767400285,8.640778993139975,45.04573601298034,0.0
1778566509,47,POST,chat/long,0.100000,0.000000,0,0,0,0,0,0,0,0,0,0,0,39,0,15,15.491622051250978,8.640778993139975,45.04573601298034,0.0
1778566509,47,POST,chat/medium,0.000000,0.000000,0,0,0,0,0,0,0,0,0,0,0,4,0,11,11.04283899985603,9.247729001799598,13.227258998085745,0.0
1778566509,47,,Aggregated,0.100000,0.000000,0,0,0,0,0,0,0,0,0,0,0,43,0,13,15.077781767400285,8.640778993139975,45.04573601298034,0.0
1778566510,47,POST,chat/long,0.100000,0.000000,0,0,0,0,0,0,0,0,0,0,0,39,0,15,15.491622051250978,8.640778993139975,45.04573601298034,0.0
1778566510,47,POST,chat/medium,0.000000,0.000000,0,0,0,0,0,0,0,0,0,0,0,4,0,11,11.04283899985603,9.247729001799598,13.227258998085745,0.0
1778566510,47,,Aggregated,0.100000,0.000000,0,0,0,0,0,0,0,0,0,0,0,43,0,13,15.077781767400285,8.640778993139975,45.04573601298034,0.0
1778566511,47,POST,chat/long,0.100000,0.000000,0,0,0,0,0,0,0,0,0,0,0,39,0,15,15.491622051250978,8.640778993139975,45.04573601298034,0.0
1778566511,47,POST,chat/medium,0.000000,0.000000,0,0,0,0,0,0,0,0,0,0,0,4,0,11,11.04283899985603,9.247729001799598,13.227258998085745,0.0
1778566511,47,,Aggregated,0.100000,0.000000,0,0,0,0,0,0,0,0,0,0,0,43,0,13,15.077781767400285,8.640778993139975,45.04573601298034,0.0
1778566512,47,POST,chat/long,0.100000,0.000000,0,0,0,0,0,0,0,0,0,0,0,39,0,15,15.491622051250978,8.640778993139975,45.04573601298034,0.0
1778566512,47,POST,chat/medium,0.000000,0.000000,0,0,0,0,0,0,0,0,0,0,0,4,0,11,11.04283899985603,9.247729001799598,13.227258998085745,0.0
1778566512,47,,Aggregated,0.100000,0.000000,0,0,0,0,0,0,0,0,0,0,0,43,0,13,15.077781767400285,8.640778993139975,45.04573601298034,0.0
1778566513,47,POST,chat/long,0.100000,0.000000,0,0,0,0,0,0,0,0,0,0,0,39,0,15,15.491622051250978,8.640778993139975,45.04573601298034,0.0
1778566513,47,POST,chat/medium,0.000000,0.000000,0,0,0,0,0,0,0,0,0,0,0,4,0,11,11.04283899985603,9.247729001799598,13.227258998085745,0.0
1778566513,47,,Aggregated,0.100000,0.000000,0,0,0,0,0,0,0,0,0,0,0,43,0,13,15.077781767400285,8.640778993139975,45.04573601298034,0.0
1778566514,47,POST,chat/long,0.100000,0.000000,0,0,0,0,0,0,0,0,0,0,0,39,0,15,15.491622051250978,8.640778993139975,45.04573601298034,0.0
1778566514,47,POST,chat/medium,0.000000,0.000000,0,0,0,0,0,0,0,0,0,0,0,4,0,11,11.04283899985603,9.247729001799598,13.227258998085745,0.0
1778566514,47,,Aggregated,0.100000,0.000000,0,0,0,0,0,0,0,0,0,0,0,43,0,13,15.077781767400285,8.640778993139975,45.04573601298034,0.0
1778566515,47,POST,chat/long,0.100000,0.000000,0,0,0,0,0,0,0,0,0,0,0,39,0,15,15.491622051250978,8.640778993139975,45.04573601298034,0.0
1778566515,47,POST,chat/medium,0.000000,0.000000,0,0,0,0,0,0,0,0,0,0,0,4,0,11,11.04283899985603,9.247729001799598,13.227258998085745,0.0
1778566515,47,,Aggregated,0.100000,0.000000,0,0,0,0,0,0,0,0,0,0,0,43,0,13,15.077781767400285,8.640778993139975,45.04573601298034,0.0
1778566516,47,POST,chat/long,0.100000,0.000000,0,0,0,0,0,0,0,0,0,0,0,39,0,15,15.491622051250978,8.640778993139975,45.04573601298034,0.0
1778566516,47,POST,chat/medium,0.000000,0.000000,0,0,0,0,0,0,0,0,0,0,0,4,0,11,11.04283899985603,9.247729001799598,13.227258998085745,0.0
1778566516,47,,Aggregated,0.100000,0.000000,0,0,0,0,0,0,0,0,0,0,0,43,0,13,15.077781767400285,8.640778993139975,45.04573601298034,0.0
1778566517,47,POST,chat/long,0.100000,0.000000,0,0,0,0,0,0,0,0,0,0,0,39,0,15,15.491622051250978,8.640778993139975,45.04573601298034,0.0
1778566517,47,POST,chat/medium,0.000000,0.000000,0,0,0,0,0,0,0,0,0,0,0,4,0,11,11.04283899985603,9.247729001799598,13.227258998085745,0.0
1778566517,47,,Aggregated,0.100000,0.000000,0,0,0,0,0,0,0,0,0,0,0,43,0,13,15.077781767400285,8.640778993139975,45.04573601298034,0.0
1778566518,46,POST,chat/long,0.000000,0.000000,12,12,12,12,12,12,12,12,12,12,12,40,0,15,15.413985725172097,8.640778993139975,45.04573601298034,0.0
1778566518,46,POST,chat/medium,0.000000,0.000000,0,0,0,0,0,0,0,0,0,0,0,4,0,11,11.04283899985603,9.247729001799598,13.227258998085745,0.0
1778566518,46,,Aggregated,0.000000,0.000000,12,12,12,12,12,12,12,12,12,12,12,44,0,13,15.016608750143364,8.640778993139975,45.04573601298034,0.0
1778566519,46,POST,chat/long,0.000000,0.000000,0,0,0,0,0,0,0,0,0,0,0,40,0,15,15.413985725172097,8.640778993139975,45.04573601298034,0.0
1778566519,46,POST,chat/medium,0.000000,0.000000,0,0,0,0,0,0,0,0,0,0,0,4,0,11,11.04283899985603,9.247729001799598,13.227258998085745,0.0
1778566519,46,,Aggregated,0.000000,0.000000,0,0,0,0,0,0,0,0,0,0,0,44,0,13,15.016608750143364,8.640778993139975,45.04573601298034,0.0
1778566520,46,POST,chat/long,0.000000,0.000000,0,0,0,0,0,0,0,0,0,0,0,40,0,15,15.413985725172097,8.640778993139975,45.04573601298034,0.0
1778566520,46,POST,chat/medium,0.000000,0.000000,0,0,0,0,0,0,0,0,0,0,0,4,0,11,11.04283899985603,9.247729001799598,13.227258998085745,0.0
1778566520,46,,Aggregated,0.000000,0.000000,0,0,0,0,0,0,0,0,0,0,0,44,0,13,15.016608750143364,8.640778993139975,45.04573601298034,0.0
1778566521,46,POST,chat/long,0.000000,0.000000,0,0,0,0,0,0,0,0,0,0,0,40,0,15,15.413985725172097,8.640778993139975,45.04573601298034,0.0
1778566521,46,POST,chat/medium,0.000000,0.000000,0,0,0,0,0,0,0,0,0,0,0,4,0,11,11.04283899985603,9.247729001799598,13.227258998085745,0.0
1778566521,46,,Aggregated,0.000000,0.000000,0,0,0,0,0,0,0,0,0,0,0,44,0,13,15.016608750143364,8.640778993139975,45.04573601298034,0.0
1778566522,46,POST,chat/long,0.000000,0.000000,0,0,0,0,0,0,0,0,0,0,0,40,0,15,15.413985725172097,8.640778993139975,45.04573601298034,0.0
1778566522,46,POST,chat/medium,0.000000,0.000000,0,0,0,0,0,0,0,0,0,0,0,4,0,11,11.04283899985603,9.247729001799598,13.227258998085745,0.0
1778566522,46,,Aggregated,0.000000,0.000000,0,0,0,0,0,0,0,0,0,0,0,44,0,13,15.016608750143364,8.640778993139975,45.04573601298034,0.0
1778566523,46,POST,chat/long,0.000000,0.000000,0,0,0,0,0,0,0,0,0,0,0,40,0,15,15.413985725172097,8.640778993139975,45.04573601298034,0.0
1778566523,46,POST,chat/medium,0.000000,0.000000,0,0,0,0,0,0,0,0,0,0,0,4,0,11,11.04283899985603,9.247729001799598,13.227258998085745,0.0
1778566523,46,,Aggregated,0.000000,0.000000,0,0,0,0,0,0,0,0,0,0,0,44,0,13,15.016608750143364,8.640778993139975,45.04573601298034,0.0
1778566524,45,POST,chat/long,0.100000,0.000000,21,21,21,21,21,21,21,21,21,21,21,41,0,15,15.55265114669654,8.640778993139975,45.04573601298034,0.0
1778566524,45,POST,chat/medium,0.000000,0.000000,0,0,0,0,0,0,0,0,0,0,0,4,0,11,11.04283899985603,9.247729001799598,13.227258998085745,0.0
1778566524,45,,Aggregated,0.100000,0.000000,21,21,21,21,21,21,21,21,21,21,21,45,0,13,15.151778955866272,8.640778993139975,45.04573601298034,0.0
1778566525,45,POST,chat/long,0.100000,0.000000,21,21,21,21,21,21,21,21,21,21,21,41,0,15,15.55265114669654,8.640778993139975,45.04573601298034,0.0
1778566525,45,POST,chat/medium,0.000000,0.000000,0,0,0,0,0,0,0,0,0,0,0,4,0,11,11.04283899985603,9.247729001799598,13.227258998085745,0.0
1778566525,45,,Aggregated,0.100000,0.000000,21,21,21,21,21,21,21,21,21,21,21,45,0,13,15.151778955866272,8.640778993139975,45.04573601298034,0.0
1778566526,45,POST,chat/long,0.100000,0.000000,21,21,21,21,21,21,21,21,21,21,21,41,0,15,15.55265114669654,8.640778993139975,45.04573601298034,0.0
1778566526,45,POST,chat/medium,0.000000,0.000000,0,0,0,0,0,0,0,0,0,0,0,4,0,11,11.04283899985603,9.247729001799598,13.227258998085745,0.0
1778566526,45,,Aggregated,0.100000,0.000000,21,21,21,21,21,21,21,21,21,21,21,45,0,13,15.151778955866272,8.640778993139975,45.04573601298034,0.0
1778566527,44,POST,chat/long,0.200000,0.000000,21,21,21,21,21,21,21,21,21,21,21,41,0,15,15.55265114669654,8.640778993139975,45.04573601298034,0.0
1778566527,44,POST,chat/medium,0.000000,0.000000,0,0,0,0,0,0,0,0,0,0,0,5,0,11,10.761050999280997,9.247729001799598,13.227258998085745,0.0
1778566527,44,,Aggregated,0.200000,0.000000,21,21,21,21,21,21,21,21,21,21,21,46,0,13,15.031825043716589,8.640778993139975,45.04573601298034,0.0
1778566528,44,POST,chat/long,0.200000,0.000000,21,21,21,21,21,21,21,21,21,21,21,41,0,15,15.55265114669654,8.640778993139975,45.04573601298034,0.0
1778566528,44,POST,chat/medium,0.000000,0.000000,0,0,0,0,0,0,0,0,0,0,0,5,0,11,10.761050999280997,9.247729001799598,13.227258998085745,0.0
1778566528,44,,Aggregated,0.200000,0.000000,21,21,21,21,21,21,21,21,21,21,21,46,0,13,15.031825043716589,8.640778993139975,45.04573601298034,0.0
1778566529,44,POST,chat/long,0.200000,0.000000,21,21,21,21,21,21,21,21,21,21,21,41,0,15,15.55265114669654,8.640778993139975,45.04573601298034,0.0
1778566529,44,POST,chat/medium,0.000000,0.000000,0,0,0,0,0,0,0,0,0,0,0,5,0,11,10.761050999280997,9.247729001799598,13.227258998085745,0.0
1778566529,44,,Aggregated,0.200000,0.000000,21,21,21,21,21,21,21,21,21,21,21,46,0,13,15.031825043716589,8.640778993139975,45.04573601298034,0.0
1778566530,44,POST,chat/long,0.200000,0.000000,0,0,0,0,0,0,0,0,0,0,0,41,0,15,15.55265114669654,8.640778993139975,45.04573601298034,0.0
1778566530,44,POST,chat/medium,0.000000,0.000000,0,0,0,0,0,0,0,0,0,0,0,5,0,11,10.761050999280997,9.247729001799598,13.227258998085745,0.0
1778566530,44,,Aggregated,0.200000,0.000000,10,10,10,10,10,10,10,10,10,10,10,46,0,13,15.031825043716589,8.640778993139975,45.04573601298034,0.0
1778566531,44,POST,chat/long,0.200000,0.000000,0,0,0,0,0,0,0,0,0,0,0,41,0,15,15.55265114669654,8.640778993139975,45.04573601298034,0.0
1778566531,44,POST,chat/medium,0.000000,0.000000,0,0,0,0,0,0,0,0,0,0,0,5,0,11,10.761050999280997,9.247729001799598,13.227258998085745,0.0
1778566531,44,,Aggregated,0.200000,0.000000,10,10,10,10,10,10,10,10,10,10,10,46,0,13,15.031825043716589,8.640778993139975,45.04573601298034,0.0
1778566532,44,POST,chat/long,0.200000,0.000000,0,0,0,0,0,0,0,0,0,0,0,41,0,15,15.55265114669654,8.640778993139975,45.04573601298034,0.0
1778566532,44,POST,chat/medium,0.000000,0.000000,0,0,0,0,0,0,0,0,0,0,0,5,0,11,10.761050999280997,9.247729001799598,13.227258998085745,0.0
1778566532,44,,Aggregated,0.200000,0.000000,10,10,10,10,10,10,10,10,10,10,10,46,0,13,15.031825043716589,8.640778993139975,45.04573601298034,0.0
1778566533,44,POST,chat/long,0.200000,0.000000,0,0,0,0,0,0,0,0,0,0,0,41,0,15,15.55265114669654,8.640778993139975,45.04573601298034,0.0
1778566533,44,POST,chat/medium,0.000000,0.000000,0,0,0,0,0,0,0,0,0,0,0,5,0,11,10.761050999280997,9.247729001799598,13.227258998085745,0.0
1778566533,44,,Aggregated,0.200000,0.000000,10,10,10,10,10,10,10,10,10,10,10,46,0,13,15.031825043716589,8.640778993139975,45.04573601298034,0.0
1778566534,44,POST,chat/long,0.200000,0.000000,0,0,0,0,0,0,0,0,0,0,0,41,0,15,15.55265114669654,8.640778993139975,45.04573601298034,0.0
1778566534,44,POST,chat/medium,0.000000,0.000000,0,0,0,0,0,0,0,0,0,0,0,5,0,11,10.761050999280997,9.247729001799598,13.227258998085745,0.0
1778566534,44,,Aggregated,0.200000,0.000000,10,10,10,10,10,10,10,10,10,10,10,46,0,13,15.031825043716589,8.640778993139975,45.04573601298034,0.0
1778566535,44,POST,chat/long,0.200000,0.000000,0,0,0,0,0,0,0,0,0,0,0,41,0,15,15.55265114669654,8.640778993139975,45.04573601298034,0.0
1778566535,44,POST,chat/medium,0.000000,0.000000,0,0,0,0,0,0,0,0,0,0,0,5,0,11,10.761050999280997,9.247729001799598,13.227258998085745,0.0
1778566535,44,,Aggregated,0.200000,0.000000,0,0,0,0,0,0,0,0,0,0,0,46,0,13,15.031825043716589,8.640778993139975,45.04573601298034,0.0
1778566536,44,POST,chat/long,0.200000,0.000000,0,0,0,0,0,0,0,0,0,0,0,41,0,15,15.55265114669654,8.640778993139975,45.04573601298034,0.0
1778566536,44,POST,chat/medium,0.000000,0.000000,0,0,0,0,0,0,0,0,0,0,0,5,0,11,10.761050999280997,9.247729001799598,13.227258998085745,0.0
1778566536,44,,Aggregated,0.200000,0.000000,0,0,0,0,0,0,0,0,0,0,0,46,0,13,15.031825043716589,8.640778993139975,45.04573601298034,0.0
1778566537,44,POST,chat/long,0.200000,0.000000,0,0,0,0,0,0,0,0,0,0,0,41,0,15,15.55265114669654,8.640778993139975,45.04573601298034,0.0
1778566537,44,POST,chat/medium,0.000000,0.000000,0,0,0,0,0,0,0,0,0,0,0,5,0,11,10.761050999280997,9.247729001799598,13.227258998085745,0.0
1778566537,44,,Aggregated,0.200000,0.000000,0,0,0,0,0,0,0,0,0,0,0,46,0,13,15.031825043716589,8.640778993139975,45.04573601298034,0.0
1778566538,44,POST,chat/long,0.200000,0.000000,0,0,0,0,0,0,0,0,0,0,0,41,0,15,15.55265114669654,8.640778993139975,45.04573601298034,0.0
1778566538,44,POST,chat/medium,0.000000,0.000000,0,0,0,0,0,0,0,0,0,0,0,5,0,11,10.761050999280997,9.247729001799598,13.227258998085745,0.0
1778566538,44,,Aggregated,0.200000,0.000000,0,0,0,0,0,0,0,0,0,0,0,46,0,13,15.031825043716589,8.640778993139975,45.04573601298034,0.0
1778566539,44,POST,chat/long,0.200000,0.000000,0,0,0,0,0,0,0,0,0,0,0,41,0,15,15.55265114669654,8.640778993139975,45.04573601298034,0.0
1778566539,44,POST,chat/medium,0.000000,0.000000,0,0,0,0,0,0,0,0,0,0,0,5,0,11,10.761050999280997,9.247729001799598,13.227258998085745,0.0
1778566539,44,,Aggregated,0.200000,0.000000,0,0,0,0,0,0,0,0,0,0,0,46,0,13,15.031825043716589,8.640778993139975,45.04573601298034,0.0
1778566540,44,POST,chat/long,0.200000,0.000000,0,0,0,0,0,0,0,0,0,0,0,41,0,15,15.55265114669654,8.640778993139975,45.04573601298034,0.0
1778566540,44,POST,chat/medium,0.000000,0.000000,0,0,0,0,0,0,0,0,0,0,0,5,0,11,10.761050999280997,9.247729001799598,13.227258998085745,0.0
1778566540,44,,Aggregated,0.200000,0.000000,0,0,0,0,0,0,0,0,0,0,0,46,0,13,15.031825043716589,8.640778993139975,45.04573601298034,0.0
1778566541,44,POST,chat/long,0.200000,0.000000,0,0,0,0,0,0,0,0,0,0,0,41,0,15,15.55265114669654,8.640778993139975,45.04573601298034,0.0
1778566541,44,POST,chat/medium,0.000000,0.000000,0,0,0,0,0,0,0,0,0,0,0,5,0,11,10.761050999280997,9.247729001799598,13.227258998085745,0.0
1778566541,44,,Aggregated,0.200000,0.000000,0,0,0,0,0,0,0,0,0,0,0,46,0,13,15.031825043716589,8.640778993139975,45.04573601298034,0.0
1778566542,44,POST,chat/long,0.200000,0.000000,0,0,0,0,0,0,0,0,0,0,0,41,0,15,15.55265114669654,8.640778993139975,45.04573601298034,0.0
1778566542,44,POST,chat/medium,0.000000,0.000000,0,0,0,0,0,0,0,0,0,0,0,5,0,11,10.761050999280997,9.247729001799598,13.227258998085745,0.0
1778566542,44,,Aggregated,0.200000,0.000000,0,0,0,0,0,0,0,0,0,0,0,46,0,13,15.031825043716589,8.640778993139975,45.04573601298034,0.0
1778566543,44,POST,chat/long,0.200000,0.000000,0,0,0,0,0,0,0,0,0,0,0,41,0,15,15.55265114669654,8.640778993139975,45.04573601298034,0.0
1778566543,44,POST,chat/medium,0.000000,0.000000,0,0,0,0,0,0,0,0,0,0,0,5,0,11,10.761050999280997,9.247729001799598,13.227258998085745,0.0
1778566543,44,,Aggregated,0.200000,0.000000,0,0,0,0,0,0,0,0,0,0,0,46,0,13,15.031825043716589,8.640778993139975,45.04573601298034,0.0
1778566544,44,POST,chat/long,0.200000,0.000000,0,0,0,0,0,0,0,0,0,0,0,41,0,15,15.55265114669654,8.640778993139975,45.04573601298034,0.0
1778566544,44,POST,chat/medium,0.000000,0.000000,0,0,0,0,0,0,0,0,0,0,0,5,0,11,10.761050999280997,9.247729001799598,13.227258998085745,0.0
1778566544,44,,Aggregated,0.200000,0.000000,0,0,0,0,0,0,0,0,0,0,0,46,0,13,15.031825043716589,8.640778993139975,45.04573601298034,0.0
1778566545,43,POST,chat/long,0.000000,0.000000,0,0,0,0,0,0,0,0,0,0,0,42,0,15,15.535141547886832,8.640778993139975,45.04573601298034,0.0
1778566545,43,POST,chat/medium,0.000000,0.000000,0,0,0,0,0,0,0,0,0,0,0,5,0,11,10.761050999280997,9.247729001799598,13.227258998085745,0.0
1778566545,43,,Aggregated,0.000000,0.000000,0,0,0,0,0,0,0,0,0,0,0,47,0,13,15.027259574630893,8.640778993139975,45.04573601298034,0.0
1778566546,43,POST,chat/long,0.000000,0.000000,0,0,0,0,0,0,0,0,0,0,0,42,0,15,15.535141547886832,8.640778993139975,45.04573601298034,0.0
1778566546,43,POST,chat/medium,0.000000,0.000000,0,0,0,0,0,0,0,0,0,0,0,5,0,11,10.761050999280997,9.247729001799598,13.227258998085745,0.0
1778566546,43,,Aggregated,0.000000,0.000000,0,0,0,0,0,0,0,0,0,0,0,47,0,13,15.027259574630893,8.640778993139975,45.04573601298034,0.0
1778566547,43,POST,chat/long,0.000000,0.000000,0,0,0,0,0,0,0,0,0,0,0,42,0,15,15.535141547886832,8.640778993139975,45.04573601298034,0.0
1778566547,43,POST,chat/medium,0.000000,0.000000,0,0,0,0,0,0,0,0,0,0,0,5,0,11,10.761050999280997,9.247729001799598,13.227258998085745,0.0
1778566547,43,,Aggregated,0.000000,0.000000,0,0,0,0,0,0,0,0,0,0,0,47,0,13,15.027259574630893,8.640778993139975,45.04573601298034,0.0
1778566548,42,POST,chat/long,0.100000,0.000000,15,15,15,15,15,15,15,15,15,15,15,43,0,15,15.515395674683955,8.640778993139975,45.04573601298034,0.0
1778566548,42,POST,chat/medium,0.000000,0.000000,0,0,0,0,0,0,0,0,0,0,0,5,0,11,10.761050999280997,9.247729001799598,13.227258998085745,0.0
1778566548,42,,Aggregated,0.100000,0.000000,15,15,15,15,15,15,15,15,15,15,15,48,0,13,15.020151437662813,8.640778993139975,45.04573601298034,0.0
1778566549,42,POST,chat/long,0.100000,0.000000,15,15,15,15,15,15,15,15,15,15,15,43,0,15,15.515395674683955,8.640778993139975,45.04573601298034,0.0
1778566549,42,POST,chat/medium,0.000000,0.000000,0,0,0,0,0,0,0,0,0,0,0,5,0,11,10.761050999280997,9.247729001799598,13.227258998085745,0.0
1778566549,42,,Aggregated,0.100000,0.000000,15,15,15,15,15,15,15,15,15,15,15,48,0,13,15.020151437662813,8.640778993139975,45.04573601298034,0.0
1778566550,42,POST,chat/long,0.100000,0.000000,15,15,15,15,15,15,15,15,15,15,15,43,0,15,15.515395674683955,8.640778993139975,45.04573601298034,0.0
1778566550,42,POST,chat/medium,0.000000,0.000000,0,0,0,0,0,0,0,0,0,0,0,5,0,11,10.761050999280997,9.247729001799598,13.227258998085745,0.0
1778566550,42,,Aggregated,0.100000,0.000000,15,15,15,15,15,15,15,15,15,15,15,48,0,13,15.020151437662813,8.640778993139975,45.04573601298034,0.0
1778566551,41,POST,chat/long,0.100000,0.000000,18,18,18,18,18,18,18,18,18,18,18,44,0,15,15.57373277286057,8.640778993139975,45.04573601298034,0.0
1778566551,41,POST,chat/medium,0.000000,0.000000,0,0,0,0,0,0,0,0,0,0,0,5,0,11,10.761050999280997,9.247729001799598,13.227258998085745,0.0
1778566551,41,,Aggregated,0.100000,0.000000,18,18,18,18,18,18,18,18,18,18,18,49,0,15,15.082642795964695,8.640778993139975,45.04573601298034,0.0
1778566552,41,POST,chat/long,0.100000,0.000000,18,18,18,18,18,18,18,18,18,18,18,44,0,15,15.57373277286057,8.640778993139975,45.04573601298034,0.0
1778566552,41,POST,chat/medium,0.000000,0.000000,0,0,0,0,0,0,0,0,0,0,0,5,0,11,10.761050999280997,9.247729001799598,13.227258998085745,0.0
1778566552,41,,Aggregated,0.100000,0.000000,18,18,18,18,18,18,18,18,18,18,18,49,0,15,15.082642795964695,8.640778993139975,45.04573601298034,0.0
1778566553,41,POST,chat/long,0.100000,0.000000,18,18,18,18,18,18,18,18,18,18,18,44,0,15,15.57373277286057,8.640778993139975,45.04573601298034,0.0
1778566553,41,POST,chat/medium,0.000000,0.000000,0,0,0,0,0,0,0,0,0,0,0,5,0,11,10.761050999280997,9.247729001799598,13.227258998085745,0.0
1778566553,41,,Aggregated,0.100000,0.000000,18,18,18,18,18,18,18,18,18,18,18,49,0,15,15.082642795964695,8.640778993139975,45.04573601298034,0.0
1778566554,41,POST,chat/long,0.100000,0.000000,18,18,18,18,18,18,18,18,18,18,18,44,0,15,15.57373277286057,8.640778993139975,45.04573601298034,0.0
1778566554,41,POST,chat/medium,0.000000,0.000000,0,0,0,0,0,0,0,0,0,0,0,5,0,11,10.761050999280997,9.247729001799598,13.227258998085745,0.0
1778566554,41,,Aggregated,0.100000,0.000000,18,18,18,18,18,18,18,18,18,18,18,49,0,15,15.082642795964695,8.640778993139975,45.04573601298034,0.0
1778566555,41,POST,chat/long,0.100000,0.000000,18,18,18,18,18,18,18,18,18,18,18,44,0,15,15.57373277286057,8.640778993139975,45.04573601298034,0.0
1778566555,41,POST,chat/medium,0.000000,0.000000,0,0,0,0,0,0,0,0,0,0,0,5,0,11,10.761050999280997,9.247729001799598,13.227258998085745,0.0
1778566555,41,,Aggregated,0.100000,0.000000,18,18,18,18,18,18,18,18,18,18,18,49,0,15,15.082642795964695,8.640778993139975,45.04573601298034,0.0
1778566556,41,POST,chat/long,0.100000,0.000000,18,18,18,18,18,18,18,18,18,18,18,44,0,15,15.57373277286057,8.640778993139975,45.04573601298034,0.0
1778566556,41,POST,chat/medium,0.000000,0.000000,0,0,0,0,0,0,0,0,0,0,0,5,0,11,10.761050999280997,9.247729001799598,13.227258998085745,0.0
1778566556,41,,Aggregated,0.100000,0.000000,18,18,18,18,18,18,18,18,18,18,18,49,0,15,15.082642795964695,8.640778993139975,45.04573601298034,0.0
1778566557,40,POST,chat/long,0.200000,0.000000,36,36,36,36,36,36,36,36,36,36,36,45,0,15,16.030047978145173,8.640778993139975,45.04573601298034,0.0
1778566557,40,POST,chat/medium,0.000000,0.000000,0,0,0,0,0,0,0,0,0,0,0,5,0,11,10.761050999280997,9.247729001799598,13.227258998085745,0.0
1778566557,40,,Aggregated,0.200000,0.000000,36,36,36,36,36,36,36,36,36,36,36,50,0,15,15.503148280258756,8.640778993139975,45.04573601298034,0.0
1778566558,40,POST,chat/long,0.200000,0.000000,36,36,36,36,36,36,36,36,36,36,36,45,0,15,16.030047978145173,8.640778993139975,45.04573601298034,0.0
1778566558,40,POST,chat/medium,0.000000,0.000000,0,0,0,0,0,0,0,0,0,0,0,5,0,11,10.761050999280997,9.247729001799598,13.227258998085745,0.0
1778566558,40,,Aggregated,0.200000,0.000000,36,36,36,36,36,36,36,36,36,36,36,50,0,15,15.503148280258756,8.640778993139975,45.04573601298034,0.0
1778566559,40,POST,chat/long,0.200000,0.000000,36,36,36,36,36,36,36,36,36,36,36,45,0,15,16.030047978145173,8.640778993139975,45.04573601298034,0.0
1778566559,40,POST,chat/medium,0.000000,0.000000,0,0,0,0,0,0,0,0,0,0,0,5,0,11,10.761050999280997,9.247729001799598,13.227258998085745,0.0
1778566559,40,,Aggregated,0.200000,0.000000,36,36,36,36,36,36,36,36,36,36,36,50,0,15,15.503148280258756,8.640778993139975,45.04573601298034,0.0
1778566560,40,POST,chat/long,0.200000,0.000000,36,36,36,36,36,36,36,36,36,36,36,45,0,15,16.030047978145173,8.640778993139975,45.04573601298034,0.0
1778566560,40,POST,chat/medium,0.000000,0.000000,0,0,0,0,0,0,0,0,0,0,0,5,0,11,10.761050999280997,9.247729001799598,13.227258998085745,0.0
1778566560,40,,Aggregated,0.200000,0.000000,36,36,36,36,36,36,36,36,36,36,36,50,0,15,15.503148280258756,8.640778993139975,45.04573601298034,0.0
1778566561,40,POST,chat/long,0.200000,0.000000,36,36,36,36,36,36,36,36,36,36,36,45,0,15,16.030047978145173,8.640778993139975,45.04573601298034,0.0
1778566561,40,POST,chat/medium,0.000000,0.000000,0,0,0,0,0,0,0,0,0,0,0,5,0,11,10.761050999280997,9.247729001799598,13.227258998085745,0.0
1778566561,40,,Aggregated,0.200000,0.000000,36,36,36,36,36,36,36,36,36,36,36,50,0,15,15.503148280258756,8.640778993139975,45.04573601298034,0.0
1778566562,40,POST,chat/long,0.200000,0.000000,0,0,0,0,0,0,0,0,0,0,0,45,0,15,16.030047978145173,8.640778993139975,45.04573601298034,0.0
1778566562,40,POST,chat/medium,0.000000,0.000000,0,0,0,0,0,0,0,0,0,0,0,5,0,11,10.761050999280997,9.247729001799598,13.227258998085745,0.0
1778566562,40,,Aggregated,0.200000,0.000000,0,0,0,0,0,0,0,0,0,0,0,50,0,15,15.503148280258756,8.640778993139975,45.04573601298034,0.0
1778566563,40,POST,chat/long,0.200000,0.000000,0,0,0,0,0,0,0,0,0,0,0,45,0,15,16.030047978145173,8.640778993139975,45.04573601298034,0.0
1778566563,40,POST,chat/medium,0.000000,0.000000,0,0,0,0,0,0,0,0,0,0,0,5,0,11,10.761050999280997,9.247729001799598,13.227258998085745,0.0
1778566563,40,,Aggregated,0.200000,0.000000,0,0,0,0,0,0,0,0,0,0,0,50,0,15,15.503148280258756,8.640778993139975,45.04573601298034,0.0
1778566564,40,POST,chat/long,0.200000,0.000000,0,0,0,0,0,0,0,0,0,0,0,45,0,15,16.030047978145173,8.640778993139975,45.04573601298034,0.0
1778566564,40,POST,chat/medium,0.000000,0.000000,0,0,0,0,0,0,0,0,0,0,0,5,0,11,10.761050999280997,9.247729001799598,13.227258998085745,0.0
1778566564,40,,Aggregated,0.200000,0.000000,0,0,0,0,0,0,0,0,0,0,0,50,0,15,15.503148280258756,8.640778993139975,45.04573601298034,0.0
1778566565,40,POST,chat/long,0.200000,0.000000,0,0,0,0,0,0,0,0,0,0,0,45,0,15,16.030047978145173,8.640778993139975,45.04573601298034,0.0
1778566565,40,POST,chat/medium,0.000000,0.000000,0,0,0,0,0,0,0,0,0,0,0,5,0,11,10.761050999280997,9.247729001799598,13.227258998085745,0.0
1778566565,40,,Aggregated,0.200000,0.000000,0,0,0,0,0,0,0,0,0,0,0,50,0,15,15.503148280258756,8.640778993139975,45.04573601298034,0.0
1778566566,39,POST,chat/long,0.100000,0.000000,19,19,19,19,19,19,19,19,19,19,19,46,0,15,16.091696891753994,8.640778993139975,45.04573601298034,0.0
1778566566,39,POST,chat/medium,0.000000,0.000000,0,0,0,0,0,0,0,0,0,0,0,5,0,11,10.761050999280997,9.247729001799598,13.227258998085745,0.0
1778566566,39,,Aggregated,0.100000,0.000000,19,19,19,19,19,19,19,19,19,19,19,51,0,15,15.569084549354681,8.640778993139975,45.04573601298034,0.0
1778566567,39,POST,chat/long,0.100000,0.000000,19,19,19,19,19,19,19,19,19,19,19,46,0,15,16.091696891753994,8.640778993139975,45.04573601298034,0.0
1778566567,39,POST,chat/medium,0.000000,0.000000,0,0,0,0,0,0,0,0,0,0,0,5,0,11,10.761050999280997,9.247729001799598,13.227258998085745,0.0
1778566567,39,,Aggregated,0.100000,0.000000,19,19,19,19,19,19,19,19,19,19,19,51,0,15,15.569084549354681,8.640778993139975,45.04573601298034,0.0
1778566568,39,POST,chat/long,0.100000,0.000000,19,19,19,19,19,19,19,19,19,19,19,46,0,15,16.091696891753994,8.640778993139975,45.04573601298034,0.0
1778566568,39,POST,chat/medium,0.000000,0.000000,0,0,0,0,0,0,0,0,0,0,0,5,0,11,10.761050999280997,9.247729001799598,13.227258998085745,0.0
1778566568,39,,Aggregated,0.100000,0.000000,19,19,19,19,19,19,19,19,19,19,19,51,0,15,15.569084549354681,8.640778993139975,45.04573601298034,0.0
1778566569,39,POST,chat/long,0.100000,0.000000,19,19,19,19,19,19,19,19,19,19,19,46,0,15,16.091696891753994,8.640778993139975,45.04573601298034,0.0
1778566569,39,POST,chat/medium,0.000000,0.000000,0,0,0,0,0,0,0,0,0,0,0,5,0,11,10.761050999280997,9.247729001799598,13.227258998085745,0.0
1778566569,39,,Aggregated,0.100000,0.000000,19,19,19,19,19,19,19,19,19,19,19,51,0,15,15.569084549354681,8.640778993139975,45.04573601298034,0.0
1778566570,39,POST,chat/long,0.100000,0.000000,0,0,0,0,0,0,0,0,0,0,0,46,0,15,16.091696891753994,8.640778993139975,45.04573601298034,0.0
1778566570,39,POST,chat/medium,0.000000,0.000000,0,0,0,0,0,0,0,0,0,0,0,5,0,11,10.761050999280997,9.247729001799598,13.227258998085745,0.0
1778566570,39,,Aggregated,0.100000,0.000000,0,0,0,0,0,0,0,0,0,0,0,51,0,15,15.569084549354681,8.640778993139975,45.04573601298034,0.0
1778566571,39,POST,chat/long,0.100000,0.000000,0,0,0,0,0,0,0,0,0,0,0,46,0,15,16.091696891753994,8.640778993139975,45.04573601298034,0.0
1778566571,39,POST,chat/medium,0.000000,0.000000,0,0,0,0,0,0,0,0,0,0,0,5,0,11,10.761050999280997,9.247729001799598,13.227258998085745,0.0
1778566571,39,,Aggregated,0.100000,0.000000,0,0,0,0,0,0,0,0,0,0,0,51,0,15,15.569084549354681,8.640778993139975,45.04573601298034,0.0
1778566572,39,POST,chat/long,0.100000,0.000000,0,0,0,0,0,0,0,0,0,0,0,46,0,15,16.091696891753994,8.640778993139975,45.04573601298034,0.0
1778566572,39,POST,chat/medium,0.000000,0.000000,0,0,0,0,0,0,0,0,0,0,0,5,0,11,10.761050999280997,9.247729001799598,13.227258998085745,0.0
1778566572,39,,Aggregated,0.100000,0.000000,0,0,0,0,0,0,0,0,0,0,0,51,0,15,15.569084549354681,8.640778993139975,45.04573601298034,0.0
1778566573,39,POST,chat/long,0.100000,0.000000,0,0,0,0,0,0,0,0,0,0,0,46,0,15,16.091696891753994,8.640778993139975,45.04573601298034,0.0
1778566573,39,POST,chat/medium,0.000000,0.000000,0,0,0,0,0,0,0,0,0,0,0,5,0,11,10.761050999280997,9.247729001799598,13.227258998085745,0.0
1778566573,39,,Aggregated,0.100000,0.000000,0,0,0,0,0,0,0,0,0,0,0,51,0,15,15.569084549354681,8.640778993139975,45.04573601298034,0.0
1778566574,39,POST,chat/long,0.100000,0.000000,0,0,0,0,0,0,0,0,0,0,0,46,0,15,16.091696891753994,8.640778993139975,45.04573601298034,0.0
1778566574,39,POST,chat/medium,0.000000,0.000000,0,0,0,0,0,0,0,0,0,0,0,5,0,11,10.761050999280997,9.247729001799598,13.227258998085745,0.0
1778566574,39,,Aggregated,0.100000,0.000000,0,0,0,0,0,0,0,0,0,0,0,51,0,15,15.569084549354681,8.640778993139975,45.04573601298034,0.0
1778566575,39,POST,chat/long,0.100000,0.000000,0,0,0,0,0,0,0,0,0,0,0,46,0,15,16.091696891753994,8.640778993139975,45.04573601298034,0.0
1778566575,39,POST,chat/medium,0.000000,0.000000,0,0,0,0,0,0,0,0,0,0,0,5,0,11,10.761050999280997,9.247729001799598,13.227258998085745,0.0
1778566575,39,,Aggregated,0.100000,0.000000,0,0,0,0,0,0,0,0,0,0,0,51,0,15,15.569084549354681,8.640778993139975,45.04573601298034,0.0
1778566576,39,POST,chat/long,0.100000,0.000000,0,0,0,0,0,0,0,0,0,0,0,46,0,15,16.091696891753994,8.640778993139975,45.04573601298034,0.0
1778566576,39,POST,chat/medium,0.000000,0.000000,0,0,0,0,0,0,0,0,0,0,0,5,0,11,10.761050999280997,9.247729001799598,13.227258998085745,0.0
1778566576,39,,Aggregated,0.100000,0.000000,0,0,0,0,0,0,0,0,0,0,0,51,0,15,15.569084549354681,8.640778993139975,45.04573601298034,0.0
1778566577,39,POST,chat/long,0.100000,0.000000,0,0,0,0,0,0,0,0,0,0,0,46,0,15,16.091696891753994,8.640778993139975,45.04573601298034,0.0
1778566577,39,POST,chat/medium,0.000000,0.000000,0,0,0,0,0,0,0,0,0,0,0,5,0,11,10.761050999280997,9.247729001799598,13.227258998085745,0.0
1778566577,39,,Aggregated,0.100000,0.000000,0,0,0,0,0,0,0,0,0,0,0,51,0,15,15.569084549354681,8.640778993139975,45.04573601298034,0.0
1778566578,34,POST,chat/long,0.100000,0.000000,19,22,22,24,24,24,24,24,24,24,24,51,0,16,16.415882490429222,8.640778993139975,45.04573601298034,0.0
1778566578,34,POST,chat/medium,0.000000,0.000000,0,0,0,0,0,0,0,0,0,0,0,5,0,11,10.761050999280997,9.247729001799598,13.227258998085745,0.0
1778566578,34,,Aggregated,0.100000,0.000000,19,22,22,24,24,24,24,24,24,24,24,56,0,15,15.910986821576703,8.640778993139975,45.04573601298034,0.0
1778566579,34,POST,chat/long,0.100000,0.000000,19,22,22,24,24,24,24,24,24,24,24,51,0,16,16.415882490429222,8.640778993139975,45.04573601298034,0.0
1778566579,34,POST,chat/medium,0.000000,0.000000,0,0,0,0,0,0,0,0,0,0,0,5,0,11,10.761050999280997,9.247729001799598,13.227258998085745,0.0
1778566579,34,,Aggregated,0.100000,0.000000,19,22,22,24,24,24,24,24,24,24,24,56,0,15,15.910986821576703,8.640778993139975,45.04573601298034,0.0
1778566580,34,POST,chat/long,0.100000,0.000000,19,22,22,24,24,24,24,24,24,24,24,51,0,16,16.415882490429222,8.640778993139975,45.04573601298034,0.0
1778566580,34,POST,chat/medium,0.000000,0.000000,0,0,0,0,0,0,0,0,0,0,0,5,0,11,10.761050999280997,9.247729001799598,13.227258998085745,0.0
1778566580,34,,Aggregated,0.100000,0.000000,19,22,22,24,24,24,24,24,24,24,24,56,0,15,15.910986821576703,8.640778993139975,45.04573601298034,0.0
1778566581,34,POST,chat/long,0.100000,0.000000,19,22,22,24,24,24,24,24,24,24,24,51,0,16,16.415882490429222,8.640778993139975,45.04573601298034,0.0
1778566581,34,POST,chat/medium,0.000000,0.000000,0,0,0,0,0,0,0,0,0,0,0,5,0,11,10.761050999280997,9.247729001799598,13.227258998085745,0.0
1778566581,34,,Aggregated,0.100000,0.000000,19,22,22,24,24,24,24,24,24,24,24,56,0,15,15.910986821576703,8.640778993139975,45.04573601298034,0.0
1778566582,34,POST,chat/long,0.100000,0.000000,19,19,24,24,24,24,24,24,24,24,24,51,0,16,16.415882490429222,8.640778993139975,45.04573601298034,0.0
1778566582,34,POST,chat/medium,0.000000,0.000000,0,0,0,0,0,0,0,0,0,0,0,5,0,11,10.761050999280997,9.247729001799598,13.227258998085745,0.0
1778566582,34,,Aggregated,0.100000,0.000000,19,19,24,24,24,24,24,24,24,24,24,56,0,15,15.910986821576703,8.640778993139975,45.04573601298034,0.0
1778566583,34,POST,chat/long,0.100000,0.000000,19,19,24,24,24,24,24,24,24,24,24,51,0,16,16.415882490429222,8.640778993139975,45.04573601298034,0.0
1778566583,34,POST,chat/medium,0.000000,0.000000,0,0,0,0,0,0,0,0,0,0,0,5,0,11,10.761050999280997,9.247729001799598,13.227258998085745,0.0
1778566583,34,,Aggregated,0.100000,0.000000,19,19,24,24,24,24,24,24,24,24,24,56,0,15,15.910986821576703,8.640778993139975,45.04573601298034,0.0
1778566584,34,POST,chat/long,0.100000,0.000000,19,19,24,24,24,24,24,24,24,24,24,51,0,16,16.415882490429222,8.640778993139975,45.04573601298034,0.0
1778566584,34,POST,chat/medium,0.000000,0.000000,0,0,0,0,0,0,0,0,0,0,0,5,0,11,10.761050999280997,9.247729001799598,13.227258998085745,0.0
1778566584,34,,Aggregated,0.100000,0.000000,19,19,24,24,24,24,24,24,24,24,24,56,0,15,15.910986821576703,8.640778993139975,45.04573601298034,0.0
1778566585,34,POST,chat/long,0.100000,0.000000,19,19,24,24,24,24,24,24,24,24,24,51,0,16,16.415882490429222,8.640778993139975,45.04573601298034,0.0
1778566585,34,POST,chat/medium,0.000000,0.000000,0,0,0,0,0,0,0,0,0,0,0,5,0,11,10.761050999280997,9.247729001799598,13.227258998085745,0.0
1778566585,34,,Aggregated,0.100000,0.000000,19,19,24,24,24,24,24,24,24,24,24,56,0,15,15.910986821576703,8.640778993139975,45.04573601298034,0.0
1778566586,34,POST,chat/long,0.100000,0.000000,19,19,24,24,24,24,24,24,24,24,24,51,0,16,16.415882490429222,8.640778993139975,45.04573601298034,0.0
1778566586,34,POST,chat/medium,0.000000,0.000000,0,0,0,0,0,0,0,0,0,0,0,5,0,11,10.761050999280997,9.247729001799598,13.227258998085745,0.0
1778566586,34,,Aggregated,0.100000,0.000000,19,19,24,24,24,24,24,24,24,24,24,56,0,15,15.910986821576703,8.640778993139975,45.04573601298034,0.0
1778566587,34,POST,chat/long,0.100000,0.000000,19,19,24,24,24,24,24,24,24,24,24,51,0,16,16.415882490429222,8.640778993139975,45.04573601298034,0.0
1778566587,34,POST,chat/medium,0.000000,0.000000,0,0,0,0,0,0,0,0,0,0,0,5,0,11,10.761050999280997,9.247729001799598,13.227258998085745,0.0
1778566587,34,,Aggregated,0.100000,0.000000,19,19,24,24,24,24,24,24,24,24,24,56,0,15,15.910986821576703,8.640778993139975,45.04573601298034,0.0
1778566588,34,POST,chat/long,0.100000,0.000000,19,19,24,24,24,24,24,24,24,24,24,51,0,16,16.415882490429222,8.640778993139975,45.04573601298034,0.0
1778566588,34,POST,chat/medium,0.000000,0.000000,0,0,0,0,0,0,0,0,0,0,0,5,0,11,10.761050999280997,9.247729001799598,13.227258998085745,0.0
1778566588,34,,Aggregated,0.100000,0.000000,19,19,24,24,24,24,24,24,24,24,24,56,0,15,15.910986821576703,8.640778993139975,45.04573601298034,0.0
1778566589,34,POST,chat/long,0.100000,0.000000,19,19,24,24,24,24,24,24,24,24,24,51,0,16,16.415882490429222,8.640778993139975,45.04573601298034,0.0
1778566589,34,POST,chat/medium,0.000000,0.000000,0,0,0,0,0,0,0,0,0,0,0,5,0,11,10.761050999280997,9.247729001799598,13.227258998085745,0.0
1778566589,34,,Aggregated,0.100000,0.000000,19,19,24,24,24,24,24,24,24,24,24,56,0,15,15.910986821576703,8.640778993139975,45.04573601298034,0.0
1778566590,33,POST,chat/long,0.200000,0.000000,19,19,24,24,24,24,24,24,24,24,24,52,0,15,16.390069923195718,8.640778993139975,45.04573601298034,0.0
1778566590,33,POST,chat/medium,0.000000,0.000000,0,0,0,0,0,0,0,0,0,0,0,5,0,11,10.761050999280997,9.247729001799598,13.227258998085745,0.0
1778566590,33,,Aggregated,0.200000,0.000000,19,19,24,24,24,24,24,24,24,24,24,57,0,15,15.896296333378638,8.640778993139975,45.04573601298034,0.0
1778566591,33,POST,chat/long,0.200000,0.000000,19,19,24,24,24,24,24,24,24,24,24,52,0,15,16.390069923195718,8.640778993139975,45.04573601298034,0.0
1778566591,33,POST,chat/medium,0.000000,0.000000,0,0,0,0,0,0,0,0,0,0,0,5,0,11,10.761050999280997,9.247729001799598,13.227258998085745,0.0
1778566591,33,,Aggregated,0.200000,0.000000,19,19,24,24,24,24,24,24,24,24,24,57,0,15,15.896296333378638,8.640778993139975,45.04573601298034,0.0
1778566592,33,POST,chat/long,0.200000,0.000000,19,19,24,24,24,24,24,24,24,24,24,52,0,15,16.390069923195718,8.640778993139975,45.04573601298034,0.0
1778566592,33,POST,chat/medium,0.000000,0.000000,0,0,0,0,0,0,0,0,0,0,0,5,0,11,10.761050999280997,9.247729001799598,13.227258998085745,0.0
1778566592,33,,Aggregated,0.200000,0.000000,19,19,24,24,24,24,24,24,24,24,24,57,0,15,15.896296333378638,8.640778993139975,45.04573601298034,0.0
1778566593,33,POST,chat/long,0.200000,0.000000,19,19,24,24,24,24,24,0,0,0,0,52,0,15,16.390069923195718,8.640778993139975,45.04573601298034,0.0
1778566593,33,POST,chat/medium,0.000000,0.000000,0,0,0,0,0,0,0,0,0,0,0,5,0,11,10.761050999280997,9.247729001799598,13.227258998085745,0.0
1778566593,33,,Aggregated,0.200000,0.000000,0,0,0,0,0,0,0,0,0,0,0,57,0,15,15.896296333378638,8.640778993139975,45.04573601298034,0.0
1778566595,33,POST,chat/long,0.200000,0.000000,0,0,0,0,0,0,0,0,0,0,0,52,0,15,16.390069923195718,8.640778993139975,45.04573601298034,0.0
1778566595,33,POST,chat/medium,0.000000,0.000000,0,0,0,0,0,0,0,0,0,0,0,5,0,11,10.761050999280997,9.247729001799598,13.227258998085745,0.0
1778566595,33,,Aggregated,0.200000,0.000000,0,0,0,0,0,0,0,0,0,0,0,57,0,15,15.896296333378638,8.640778993139975,45.04573601298034,0.0
1778566596,33,POST,chat/long,0.200000,0.000000,0,0,0,0,0,0,0,0,0,0,0,52,0,15,16.390069923195718,8.640778993139975,45.04573601298034,0.0
1778566596,33,POST,chat/medium,0.000000,0.000000,0,0,0,0,0,0,0,0,0,0,0,5,0,11,10.761050999280997,9.247729001799598,13.227258998085745,0.0
1778566596,33,,Aggregated,0.200000,0.000000,0,0,0,0,0,0,0,0,0,0,0,57,0,15,15.896296333378638,8.640778993139975,45.04573601298034,0.0
1778566597,33,POST,chat/long,0.200000,0.000000,0,0,0,0,0,0,0,0,0,0,0,52,0,15,16.390069923195718,8.640778993139975,45.04573601298034,0.0
1778566597,33,POST,chat/medium,0.000000,0.000000,0,0,0,0,0,0,0,0,0,0,0,5,0,11,10.761050999280997,9.247729001799598,13.227258998085745,0.0
1778566597,33,,Aggregated,0.200000,0.000000,0,0,0,0,0,0,0,0,0,0,0,57,0,15,15.896296333378638,8.640778993139975,45.04573601298034,0.0
1778566598,33,POST,chat/long,0.200000,0.000000,0,0,0,0,0,0,0,0,0,0,0,52,0,15,16.390069923195718,8.640778993139975,45.04573601298034,0.0
1778566598,33,POST,chat/medium,0.000000,0.000000,0,0,0,0,0,0,0,0,0,0,0,5,0,11,10.761050999280997,9.247729001799598,13.227258998085745,0.0
1778566598,33,,Aggregated,0.200000,0.000000,0,0,0,0,0,0,0,0,0,0,0,57,0,15,15.896296333378638,8.640778993139975,45.04573601298034,0.0
1778566599,33,POST,chat/long,0.200000,0.000000,0,0,0,0,0,0,0,0,0,0,0,52,0,15,16.390069923195718,8.640778993139975,45.04573601298034,0.0
1778566599,33,POST,chat/medium,0.000000,0.000000,0,0,0,0,0,0,0,0,0,0,0,5,0,11,10.761050999280997,9.247729001799598,13.227258998085745,0.0
1778566599,33,,Aggregated,0.200000,0.000000,0,0,0,0,0,0,0,0,0,0,0,57,0,15,15.896296333378638,8.640778993139975,45.04573601298034,0.0
1778566600,32,POST,chat/long,0.100000,0.000000,18,18,18,18,18,18,18,18,18,18,18,53,0,16,16.41270894346372,8.640778993139975,45.04573601298034,0.0
1778566600,32,POST,chat/medium,0.000000,0.000000,0,0,0,0,0,0,0,0,0,0,0,5,0,11,10.761050999280997,9.247729001799598,13.227258998085745,0.0
1778566600,32,,Aggregated,0.100000,0.000000,18,18,18,18,18,18,18,18,18,18,18,58,0,15,15.92549705172383,8.640778993139975,45.04573601298034,0.0
1778566601,32,POST,chat/long,0.100000,0.000000,18,18,18,18,18,18,18,18,18,18,18,53,0,16,16.41270894346372,8.640778993139975,45.04573601298034,0.0
1778566601,32,POST,chat/medium,0.000000,0.000000,0,0,0,0,0,0,0,0,0,0,0,5,0,11,10.761050999280997,9.247729001799598,13.227258998085745,0.0
1778566601,32,,Aggregated,0.100000,0.000000,18,18,18,18,18,18,18,18,18,18,18,58,0,15,15.92549705172383,8.640778993139975,45.04573601298034,0.0
1778566602,32,POST,chat/long,0.100000,0.000000,18,18,18,18,18,18,18,18,18,18,18,53,0,16,16.41270894346372,8.640778993139975,45.04573601298034,0.0
1778566602,32,POST,chat/medium,0.000000,0.000000,0,0,0,0,0,0,0,0,0,0,0,5,0,11,10.761050999280997,9.247729001799598,13.227258998085745,0.0
1778566602,32,,Aggregated,0.100000,0.000000,18,18,18,18,18,18,18,18,18,18,18,58,0,15,15.92549705172383,8.640778993139975,45.04573601298034,0.0
1778566603,32,POST,chat/long,0.100000,0.000000,0,0,0,0,0,0,0,0,0,0,0,53,0,16,16.41270894346372,8.640778993139975,45.04573601298034,0.0
1778566603,32,POST,chat/medium,0.000000,0.000000,0,0,0,0,0,0,0,0,0,0,0,5,0,11,10.761050999280997,9.247729001799598,13.227258998085745,0.0
1778566603,32,,Aggregated,0.100000,0.000000,0,0,0,0,0,0,0,0,0,0,0,58,0,15,15.92549705172383,8.640778993139975,45.04573601298034,0.0
1778566604,32,POST,chat/long,0.100000,0.000000,0,0,0,0,0,0,0,0,0,0,0,53,0,16,16.41270894346372,8.640778993139975,45.04573601298034,0.0
1778566604,32,POST,chat/medium,0.000000,0.000000,0,0,0,0,0,0,0,0,0,0,0,5,0,11,10.761050999280997,9.247729001799598,13.227258998085745,0.0
1778566604,32,,Aggregated,0.100000,0.000000,0,0,0,0,0,0,0,0,0,0,0,58,0,15,15.92549705172383,8.640778993139975,45.04573601298034,0.0
1778566605,32,POST,chat/long,0.100000,0.000000,0,0,0,0,0,0,0,0,0,0,0,53,0,16,16.41270894346372,8.640778993139975,45.04573601298034,0.0
1778566605,32,POST,chat/medium,0.000000,0.000000,0,0,0,0,0,0,0,0,0,0,0,5,0,11,10.761050999280997,9.247729001799598,13.227258998085745,0.0
1778566605,32,,Aggregated,0.100000,0.000000,0,0,0,0,0,0,0,0,0,0,0,58,0,15,15.92549705172383,8.640778993139975,45.04573601298034,0.0
1778566606,32,POST,chat/long,0.100000,0.000000,0,0,0,0,0,0,0,0,0,0,0,53,0,16,16.41270894346372,8.640778993139975,45.04573601298034,0.0
1778566606,32,POST,chat/medium,0.000000,0.000000,0,0,0,0,0,0,0,0,0,0,0,5,0,11,10.761050999280997,9.247729001799598,13.227258998085745,0.0
1778566606,32,,Aggregated,0.100000,0.000000,0,0,0,0,0,0,0,0,0,0,0,58,0,15,15.92549705172383,8.640778993139975,45.04573601298034,0.0
1778566607,32,POST,chat/long,0.100000,0.000000,0,0,0,0,0,0,0,0,0,0,0,53,0,16,16.41270894346372,8.640778993139975,45.04573601298034,0.0
1778566607,32,POST,chat/medium,0.000000,0.000000,0,0,0,0,0,0,0,0,0,0,0,5,0,11,10.761050999280997,9.247729001799598,13.227258998085745,0.0
1778566607,32,,Aggregated,0.100000,0.000000,0,0,0,0,0,0,0,0,0,0,0,58,0,15,15.92549705172383,8.640778993139975,45.04573601298034,0.0
1778566608,32,POST,chat/long,0.100000,0.000000,0,0,0,0,0,0,0,0,0,0,0,53,0,16,16.41270894346372,8.640778993139975,45.04573601298034,0.0
1778566608,32,POST,chat/medium,0.000000,0.000000,0,0,0,0,0,0,0,0,0,0,0,5,0,11,10.761050999280997,9.247729001799598,13.227258998085745,0.0
1778566608,32,,Aggregated,0.100000,0.000000,0,0,0,0,0,0,0,0,0,0,0,58,0,15,15.92549705172383,8.640778993139975,45.04573601298034,0.0
1778566609,31,POST,chat/long,0.100000,0.000000,9,9,9,9,9,9,9,9,9,9,9,54,0,15,16.284543574362974,8.640778993139975,45.04573601298034,0.0
1778566609,31,POST,chat/medium,0.000000,0.000000,0,0,0,0,0,0,0,0,0,0,0,5,0,11,10.761050999280997,9.247729001799598,13.227258998085745,0.0
1778566609,31,,Aggregated,0.100000,0.000000,9,9,9,9,9,9,9,9,9,9,9,59,0,15,15.816450983254335,8.640778993139975,45.04573601298034,0.0
1778566610,31,POST,chat/long,0.100000,0.000000,9,9,9,9,9,9,9,9,9,9,9,54,0,15,16.284543574362974,8.640778993139975,45.04573601298034,0.0
1778566610,31,POST,chat/medium,0.000000,0.000000,0,0,0,0,0,0,0,0,0,0,0,5,0,11,10.761050999280997,9.247729001799598,13.227258998085745,0.0
1778566610,31,,Aggregated,0.100000,0.000000,9,9,9,9,9,9,9,9,9,9,9,59,0,15,15.816450983254335,8.640778993139975,45.04573601298034,0.0
1778566611,31,POST,chat/long,0.100000,0.000000,9,9,9,9,9,9,9,9,9,9,9,54,0,15,16.284543574362974,8.640778993139975,45.04573601298034,0.0
1778566611,31,POST,chat/medium,0.000000,0.000000,0,0,0,0,0,0,0,0,0,0,0,5,0,11,10.761050999280997,9.247729001799598,13.227258998085745,0.0
1778566611,31,,Aggregated,0.100000,0.000000,9,9,9,9,9,9,9,9,9,9,9,59,0,15,15.816450983254335,8.640778993139975,45.04573601298034,0.0
1778566612,31,POST,chat/long,0.100000,0.000000,9,9,9,9,9,9,9,9,9,9,9,54,0,15,16.284543574362974,8.640778993139975,45.04573601298034,0.0
1778566612,31,POST,chat/medium,0.000000,0.000000,0,0,0,0,0,0,0,0,0,0,0,5,0,11,10.761050999280997,9.247729001799598,13.227258998085745,0.0
1778566612,31,,Aggregated,0.100000,0.000000,9,9,9,9,9,9,9,9,9,9,9,59,0,15,15.816450983254335,8.640778993139975,45.04573601298034,0.0
1778566613,31,POST,chat/long,0.100000,0.000000,0,0,0,0,0,0,0,0,0,0,0,54,0,15,16.284543574362974,8.640778993139975,45.04573601298034,0.0
1778566613,31,POST,chat/medium,0.000000,0.000000,0,0,0,0,0,0,0,0,0,0,0,5,0,11,10.761050999280997,9.247729001799598,13.227258998085745,0.0
1778566613,31,,Aggregated,0.100000,0.000000,0,0,0,0,0,0,0,0,0,0,0,59,0,15,15.816450983254335,8.640778993139975,45.04573601298034,0.0
1778566614,31,POST,chat/long,0.100000,0.000000,0,0,0,0,0,0,0,0,0,0,0,54,0,15,16.284543574362974,8.640778993139975,45.04573601298034,0.0
1778566614,31,POST,chat/medium,0.000000,0.000000,0,0,0,0,0,0,0,0,0,0,0,5,0,11,10.761050999280997,9.247729001799598,13.227258998085745,0.0
1778566614,31,,Aggregated,0.100000,0.000000,0,0,0,0,0,0,0,0,0,0,0,59,0,15,15.816450983254335,8.640778993139975,45.04573601298034,0.0
1778566615,30,POST,chat/long,0.100000,0.000000,0,0,0,0,0,0,0,0,0,0,0,54,0,15,16.284543574362974,8.640778993139975,45.04573601298034,0.0
1778566615,30,POST,chat/medium,0.000000,0.000000,0,0,0,0,0,0,0,0,0,0,0,6,0,11,12.824848832678981,9.247729001799598,23.143837999668904,0.0
1778566615,30,,Aggregated,0.100000,0.000000,23,23,23,23,23,23,23,23,23,23,23,60,0,15,15.938574100194577,8.640778993139975,45.04573601298034,0.0
1778566616,30,POST,chat/long,0.100000,0.000000,0,0,0,0,0,0,0,0,0,0,0,54,0,15,16.284543574362974,8.640778993139975,45.04573601298034,0.0
1778566616,30,POST,chat/medium,0.000000,0.000000,0,0,0,0,0,0,0,0,0,0,0,6,0,11,12.824848832678981,9.247729001799598,23.143837999668904,0.0
1778566616,30,,Aggregated,0.100000,0.000000,23,23,23,23,23,23,23,23,23,23,23,60,0,15,15.938574100194577,8.640778993139975,45.04573601298034,0.0
1778566617,30,POST,chat/long,0.100000,0.000000,0,0,0,0,0,0,0,0,0,0,0,54,0,15,16.284543574362974,8.640778993139975,45.04573601298034,0.0
1778566617,30,POST,chat/medium,0.000000,0.000000,0,0,0,0,0,0,0,0,0,0,0,6,0,11,12.824848832678981,9.247729001799598,23.143837999668904,0.0
1778566617,30,,Aggregated,0.100000,0.000000,23,23,23,23,23,23,23,23,23,23,23,60,0,15,15.938574100194577,8.640778993139975,45.04573601298034,0.0
1778566618,29,POST,chat/long,0.100000,0.000000,0,0,0,0,0,0,0,0,0,0,0,54,0,15,16.284543574362974,8.640778993139975,45.04573601298034,0.0
1778566618,29,POST,chat/medium,0.000000,0.000000,0,0,0,0,0,0,0,0,0,0,0,6,0,11,12.824848832678981,9.247729001799598,23.143837999668904,0.0
1778566618,29,POST,chat/short,0.000000,0.000000,0,0,0,0,0,0,0,0,0,0,0,1,0,8.400438993703574,8.400438993703574,8.400438993703574,8.400438993703574,0.0
1778566618,29,,Aggregated,0.100000,0.000000,23,23,23,23,23,23,23,23,23,23,23,61,0,15,15.814998114842265,8.400438993703574,45.04573601298034,0.0
1778566619,29,POST,chat/long,0.100000,0.000000,0,0,0,0,0,0,0,0,0,0,0,54,0,15,16.284543574362974,8.640778993139975,45.04573601298034,0.0
1778566619,29,POST,chat/medium,0.000000,0.000000,0,0,0,0,0,0,0,0,0,0,0,6,0,11,12.824848832678981,9.247729001799598,23.143837999668904,0.0
1778566619,29,POST,chat/short,0.000000,0.000000,0,0,0,0,0,0,0,0,0,0,0,1,0,8.400438993703574,8.400438993703574,8.400438993703574,8.400438993703574,0.0
1778566619,29,,Aggregated,0.100000,0.000000,23,23,23,23,23,23,23,23,23,23,23,61,0,15,15.814998114842265,8.400438993703574,45.04573601298034,0.0
1778566620,29,POST,chat/long,0.100000,0.000000,0,0,0,0,0,0,0,0,0,0,0,54,0,15,16.284543574362974,8.640778993139975,45.04573601298034,0.0
1778566620,29,POST,chat/medium,0.000000,0.000000,0,0,0,0,0,0,0,0,0,0,0,6,0,11,12.824848832678981,9.247729001799598,23.143837999668904,0.0
1778566620,29,POST,chat/short,0.000000,0.000000,0,0,0,0,0,0,0,0,0,0,0,1,0,8.400438993703574,8.400438993703574,8.400438993703574,8.400438993703574,0.0
1778566620,29,,Aggregated,0.100000,0.000000,23,23,23,23,23,23,23,23,23,23,23,61,0,15,15.814998114842265,8.400438993703574,45.04573601298034,0.0
1778566621,29,POST,chat/long,0.100000,0.000000,0,0,0,0,0,0,0,0,0,0,0,54,0,15,16.284543574362974,8.640778993139975,45.04573601298034,0.0
1778566621,29,POST,chat/medium,0.000000,0.000000,0,0,0,0,0,0,0,0,0,0,0,6,0,11,12.824848832678981,9.247729001799598,23.143837999668904,0.0
1778566621,29,POST,chat/short,0.000000,0.000000,0,0,0,0,0,0,0,0,0,0,0,1,0,8.400438993703574,8.400438993703574,8.400438993703574,8.400438993703574,0.0
1778566621,29,,Aggregated,0.100000,0.000000,8,8,8,8,8,8,8,8,8,8,8,61,0,15,15.814998114842265,8.400438993703574,45.04573601298034,0.0
1778566622,29,POST,chat/long,0.100000,0.000000,0,0,0,0,0,0,0,0,0,0,0,54,0,15,16.284543574362974,8.640778993139975,45.04573601298034,0.0
1778566622,29,POST,chat/medium,0.000000,0.000000,0,0,0,0,0,0,0,0,0,0,0,6,0,11,12.824848832678981,9.247729001799598,23.143837999668904,0.0
1778566622,29,POST,chat/short,0.000000,0.000000,0,0,0,0,0,0,0,0,0,0,0,1,0,8.400438993703574,8.400438993703574,8.400438993703574,8.400438993703574,0.0
1778566622,29,,Aggregated,0.100000,0.000000,8,8,8,8,8,8,8,8,8,8,8,61,0,15,15.814998114842265,8.400438993703574,45.04573601298034,0.0
1778566623,29,POST,chat/long,0.100000,0.000000,0,0,0,0,0,0,0,0,0,0,0,54,0,15,16.284543574362974,8.640778993139975,45.04573601298034,0.0
1778566623,29,POST,chat/medium,0.000000,0.000000,0,0,0,0,0,0,0,0,0,0,0,6,0,11,12.824848832678981,9.247729001799598,23.143837999668904,0.0
1778566623,29,POST,chat/short,0.000000,0.000000,0,0,0,0,0,0,0,0,0,0,0,1,0,8.400438993703574,8.400438993703574,8.400438993703574,8.400438993703574,0.0
1778566623,29,,Aggregated,0.100000,0.000000,8,8,8,8,8,8,8,8,8,8,8,61,0,15,15.814998114842265,8.400438993703574,45.04573601298034,0.0
1778566624,29,POST,chat/long,0.100000,0.000000,0,0,0,0,0,0,0,0,0,0,0,54,0,15,16.284543574362974,8.640778993139975,45.04573601298034,0.0
1778566624,29,POST,chat/medium,0.000000,0.000000,0,0,0,0,0,0,0,0,0,0,0,6,0,11,12.824848832678981,9.247729001799598,23.143837999668904,0.0
1778566624,29,POST,chat/short,0.000000,0.000000,0,0,0,0,0,0,0,0,0,0,0,1,0,8.400438993703574,8.400438993703574,8.400438993703574,8.400438993703574,0.0
1778566624,29,,Aggregated,0.100000,0.000000,8,8,8,8,8,8,8,8,8,8,8,61,0,15,15.814998114842265,8.400438993703574,45.04573601298034,0.0
1778566625,29,POST,chat/long,0.100000,0.000000,0,0,0,0,0,0,0,0,0,0,0,54,0,15,16.284543574362974,8.640778993139975,45.04573601298034,0.0
1778566625,29,POST,chat/medium,0.000000,0.000000,0,0,0,0,0,0,0,0,0,0,0,6,0,11,12.824848832678981,9.247729001799598,23.143837999668904,0.0
1778566625,29,POST,chat/short,0.000000,0.000000,0,0,0,0,0,0,0,0,0,0,0,1,0,8.400438993703574,8.400438993703574,8.400438993703574,8.400438993703574,0.0
1778566625,29,,Aggregated,0.100000,0.000000,0,0,0,0,0,0,0,0,0,0,0,61,0,15,15.814998114842265,8.400438993703574,45.04573601298034,0.0
1778566626,29,POST,chat/long,0.100000,0.000000,0,0,0,0,0,0,0,0,0,0,0,54,0,15,16.284543574362974,8.640778993139975,45.04573601298034,0.0
1778566626,29,POST,chat/medium,0.000000,0.000000,0,0,0,0,0,0,0,0,0,0,0,6,0,11,12.824848832678981,9.247729001799598,23.143837999668904,0.0
1778566626,29,POST,chat/short,0.000000,0.000000,0,0,0,0,0,0,0,0,0,0,0,1,0,8.400438993703574,8.400438993703574,8.400438993703574,8.400438993703574,0.0
1778566626,29,,Aggregated,0.100000,0.000000,0,0,0,0,0,0,0,0,0,0,0,61,0,15,15.814998114842265,8.400438993703574,45.04573601298034,0.0
1778566627,28,POST,chat/long,0.000000,0.000000,0,0,0,0,0,0,0,0,0,0,0,55,0,16,16.508321836590767,8.640778993139975,45.04573601298034,0.0
1778566627,28,POST,chat/medium,0.100000,0.000000,0,0,0,0,0,0,0,0,0,0,0,6,0,11,12.824848832678981,9.247729001799598,23.143837999668904,0.0
1778566627,28,POST,chat/short,0.100000,0.000000,8,8,8,8,8,8,8,8,8,8,8,1,0,8.400438993703574,8.400438993703574,8.400438993703574,8.400438993703574,0.0
1778566627,28,,Aggregated,0.200000,0.000000,29,29,29,29,29,29,29,29,29,29,29,62,0,15,16.021084403262414,8.400438993703574,45.04573601298034,0.0
1778566628,28,POST,chat/long,0.000000,0.000000,0,0,0,0,0,0,0,0,0,0,0,55,0,16,16.508321836590767,8.640778993139975,45.04573601298034,0.0
1778566628,28,POST,chat/medium,0.100000,0.000000,0,0,0,0,0,0,0,0,0,0,0,6,0,11,12.824848832678981,9.247729001799598,23.143837999668904,0.0
1778566628,28,POST,chat/short,0.100000,0.000000,8,8,8,8,8,8,8,8,8,8,8,1,0,8.400438993703574,8.400438993703574,8.400438993703574,8.400438993703574,0.0
1778566628,28,,Aggregated,0.200000,0.000000,29,29,29,29,29,29,29,29,29,29,29,62,0,15,16.021084403262414,8.400438993703574,45.04573601298034,0.0
1778566629,28,POST,chat/long,0.000000,0.000000,0,0,0,0,0,0,0,0,0,0,0,55,0,16,16.508321836590767,8.640778993139975,45.04573601298034,0.0
1778566629,28,POST,chat/medium,0.100000,0.000000,0,0,0,0,0,0,0,0,0,0,0,6,0,11,12.824848832678981,9.247729001799598,23.143837999668904,0.0
1778566629,28,POST,chat/short,0.100000,0.000000,8,8,8,8,8,8,8,8,8,8,8,1,0,8.400438993703574,8.400438993703574,8.400438993703574,8.400438993703574,0.0
1778566629,28,,Aggregated,0.200000,0.000000,29,29,29,29,29,29,29,29,29,29,29,62,0,15,16.021084403262414,8.400438993703574,45.04573601298034,0.0
1778566630,28,POST,chat/long,0.000000,0.000000,0,0,0,0,0,0,0,0,0,0,0,55,0,16,16.508321836590767,8.640778993139975,45.04573601298034,0.0
1778566630,28,POST,chat/medium,0.100000,0.000000,0,0,0,0,0,0,0,0,0,0,0,6,0,11,12.824848832678981,9.247729001799598,23.143837999668904,0.0
1778566630,28,POST,chat/short,0.100000,0.000000,8,8,8,8,8,8,8,8,8,8,8,1,0,8.400438993703574,8.400438993703574,8.400438993703574,8.400438993703574,0.0
1778566630,28,,Aggregated,0.200000,0.000000,29,29,29,29,29,29,29,29,29,29,29,62,0,15,16.021084403262414,8.400438993703574,45.04573601298034,0.0
1778566631,28,POST,chat/long,0.000000,0.000000,0,0,0,0,0,0,0,0,0,0,0,55,0,16,16.508321836590767,8.640778993139975,45.04573601298034,0.0
1778566631,28,POST,chat/medium,0.100000,0.000000,0,0,0,0,0,0,0,0,0,0,0,6,0,11,12.824848832678981,9.247729001799598,23.143837999668904,0.0
1778566631,28,POST,chat/short,0.100000,0.000000,8,8,8,8,8,8,8,8,8,8,8,1,0,8.400438993703574,8.400438993703574,8.400438993703574,8.400438993703574,0.0
1778566631,28,,Aggregated,0.200000,0.000000,0,0,0,0,0,0,0,0,0,0,0,62,0,15,16.021084403262414,8.400438993703574,45.04573601298034,0.0
1778566632,28,POST,chat/long,0.000000,0.000000,0,0,0,0,0,0,0,0,0,0,0,55,0,16,16.508321836590767,8.640778993139975,45.04573601298034,0.0
1778566632,28,POST,chat/medium,0.100000,0.000000,0,0,0,0,0,0,0,0,0,0,0,6,0,11,12.824848832678981,9.247729001799598,23.143837999668904,0.0
1778566632,28,POST,chat/short,0.100000,0.000000,8,8,8,8,8,8,8,8,8,8,8,1,0,8.400438993703574,8.400438993703574,8.400438993703574,8.400438993703574,0.0
1778566632,28,,Aggregated,0.200000,0.000000,0,0,0,0,0,0,0,0,0,0,0,62,0,15,16.021084403262414,8.400438993703574,45.04573601298034,0.0
1778566633,26,POST,chat/long,0.100000,0.000000,21,21,21,21,21,21,21,21,21,21,21,57,0,16,16.489462070718506,8.640778993139975,45.04573601298034,0.0
1778566633,26,POST,chat/medium,0.000000,0.000000,0,0,0,0,0,0,0,0,0,0,0,6,0,11,12.824848832678981,9.247729001799598,23.143837999668904,0.0
1778566633,26,POST,chat/short,0.000000,0.000000,8,8,8,8,8,8,8,8,8,8,8,1,0,8.400438993703574,8.400438993703574,8.400438993703574,8.400438993703574,0.0
1778566633,26,,Aggregated,0.100000,0.000000,21,21,21,21,21,21,21,21,21,21,21,64,0,15,16.019513594073942,8.400438993703574,45.04573601298034,0.0
1778566634,26,POST,chat/long,0.100000,0.000000,21,21,21,21,21,21,21,21,21,21,21,57,0,16,16.489462070718506,8.640778993139975,45.04573601298034,0.0
1778566634,26,POST,chat/medium,0.000000,0.000000,0,0,0,0,0,0,0,0,0,0,0,6,0,11,12.824848832678981,9.247729001799598,23.143837999668904,0.0
1778566634,26,POST,chat/short,0.000000,0.000000,8,8,8,8,8,8,8,8,8,8,8,1,0,8.400438993703574,8.400438993703574,8.400438993703574,8.400438993703574,0.0
1778566634,26,,Aggregated,0.100000,0.000000,21,21,21,21,21,21,21,21,21,21,21,64,0,15,16.019513594073942,8.400438993703574,45.04573601298034,0.0
1778566635,26,POST,chat/long,0.100000,0.000000,21,21,21,21,21,21,21,21,21,21,21,57,0,16,16.489462070718506,8.640778993139975,45.04573601298034,0.0
1778566635,26,POST,chat/medium,0.000000,0.000000,0,0,0,0,0,0,0,0,0,0,0,6,0,11,12.824848832678981,9.247729001799598,23.143837999668904,0.0
1778566635,26,POST,chat/short,0.000000,0.000000,8,8,8,8,8,8,8,8,8,8,8,1,0,8.400438993703574,8.400438993703574,8.400438993703574,8.400438993703574,0.0
1778566635,26,,Aggregated,0.100000,0.000000,21,21,21,21,21,21,21,21,21,21,21,64,0,15,16.019513594073942,8.400438993703574,45.04573601298034,0.0
1778566636,26,POST,chat/long,0.100000,0.000000,21,21,21,21,21,21,21,21,21,21,21,57,0,16,16.489462070718506,8.640778993139975,45.04573601298034,0.0
1778566636,26,POST,chat/medium,0.000000,0.000000,0,0,0,0,0,0,0,0,0,0,0,6,0,11,12.824848832678981,9.247729001799598,23.143837999668904,0.0
1778566636,26,POST,chat/short,0.000000,0.000000,0,0,0,0,0,0,0,0,0,0,0,1,0,8.400438993703574,8.400438993703574,8.400438993703574,8.400438993703574,0.0
1778566636,26,,Aggregated,0.100000,0.000000,21,21,21,21,21,21,21,21,21,21,21,64,0,15,16.019513594073942,8.400438993703574,45.04573601298034,0.0
1778566637,26,POST,chat/long,0.100000,0.000000,21,21,21,21,21,21,21,21,21,21,21,57,0,16,16.489462070718506,8.640778993139975,45.04573601298034,0.0
1778566637,26,POST,chat/medium,0.000000,0.000000,0,0,0,0,0,0,0,0,0,0,0,6,0,11,12.824848832678981,9.247729001799598,23.143837999668904,0.0
1778566637,26,POST,chat/short,0.000000,0.000000,0,0,0,0,0,0,0,0,0,0,0,1,0,8.400438993703574,8.400438993703574,8.400438993703574,8.400438993703574,0.0
1778566637,26,,Aggregated,0.100000,0.000000,21,21,21,21,21,21,21,21,21,21,21,64,0,15,16.019513594073942,8.400438993703574,45.04573601298034,0.0
1778566638,26,POST,chat/long,0.100000,0.000000,21,21,21,21,21,21,21,21,21,21,21,57,0,16,16.489462070718506,8.640778993139975,45.04573601298034,0.0
1778566638,26,POST,chat/medium,0.000000,0.000000,0,0,0,0,0,0,0,0,0,0,0,6,0,11,12.824848832678981,9.247729001799598,23.143837999668904,0.0
1778566638,26,POST,chat/short,0.000000,0.000000,0,0,0,0,0,0,0,0,0,0,0,1,0,8.400438993703574,8.400438993703574,8.400438993703574,8.400438993703574,0.0
1778566638,26,,Aggregated,0.100000,0.000000,21,21,21,21,21,21,21,21,21,21,21,64,0,15,16.019513594073942,8.400438993703574,45.04573601298034,0.0
1778566639,26,POST,chat/long,0.100000,0.000000,0,0,0,0,0,0,0,0,0,0,0,57,0,16,16.489462070718506,8.640778993139975,45.04573601298034,0.0
1778566639,26,POST,chat/medium,0.000000,0.000000,0,0,0,0,0,0,0,0,0,0,0,6,0,11,12.824848832678981,9.247729001799598,23.143837999668904,0.0
1778566639,26,POST,chat/short,0.000000,0.000000,0,0,0,0,0,0,0,0,0,0,0,1,0,8.400438993703574,8.400438993703574,8.400438993703574,8.400438993703574,0.0
1778566639,26,,Aggregated,0.100000,0.000000,0,0,0,0,0,0,0,0,0,0,0,64,0,15,16.019513594073942,8.400438993703574,45.04573601298034,0.0
1778566640,26,POST,chat/long,0.100000,0.000000,0,0,0,0,0,0,0,0,0,0,0,57,0,16,16.489462070718506,8.640778993139975,45.04573601298034,0.0
1778566640,26,POST,chat/medium,0.000000,0.000000,0,0,0,0,0,0,0,0,0,0,0,6,0,11,12.824848832678981,9.247729001799598,23.143837999668904,0.0
1778566640,26,POST,chat/short,0.000000,0.000000,0,0,0,0,0,0,0,0,0,0,0,1,0,8.400438993703574,8.400438993703574,8.400438993703574,8.400438993703574,0.0
1778566640,26,,Aggregated,0.100000,0.000000,0,0,0,0,0,0,0,0,0,0,0,64,0,15,16.019513594073942,8.400438993703574,45.04573601298034,0.0
1778566641,26,POST,chat/long,0.100000,0.000000,0,0,0,0,0,0,0,0,0,0,0,57,0,16,16.489462070718506,8.640778993139975,45.04573601298034,0.0
1778566641,26,POST,chat/medium,0.000000,0.000000,0,0,0,0,0,0,0,0,0,0,0,6,0,11,12.824848832678981,9.247729001799598,23.143837999668904,0.0
1778566641,26,POST,chat/short,0.000000,0.000000,0,0,0,0,0,0,0,0,0,0,0,1,0,8.400438993703574,8.400438993703574,8.400438993703574,8.400438993703574,0.0
1778566641,26,,Aggregated,0.100000,0.000000,0,0,0,0,0,0,0,0,0,0,0,64,0,15,16.019513594073942,8.400438993703574,45.04573601298034,0.0
1778566642,26,POST,chat/long,0.100000,0.000000,0,0,0,0,0,0,0,0,0,0,0,57,0,16,16.489462070718506,8.640778993139975,45.04573601298034,0.0
1778566642,26,POST,chat/medium,0.000000,0.000000,0,0,0,0,0,0,0,0,0,0,0,6,0,11,12.824848832678981,9.247729001799598,23.143837999668904,0.0
1778566642,26,POST,chat/short,0.000000,0.000000,0,0,0,0,0,0,0,0,0,0,0,1,0,8.400438993703574,8.400438993703574,8.400438993703574,8.400438993703574,0.0
1778566642,26,,Aggregated,0.100000,0.000000,0,0,0,0,0,0,0,0,0,0,0,64,0,15,16.019513594073942,8.400438993703574,45.04573601298034,0.0
1778566643,26,POST,chat/long,0.100000,0.000000,0,0,0,0,0,0,0,0,0,0,0,57,0,16,16.489462070718506,8.640778993139975,45.04573601298034,0.0
1778566643,26,POST,chat/medium,0.000000,0.000000,0,0,0,0,0,0,0,0,0,0,0,6,0,11,12.824848832678981,9.247729001799598,23.143837999668904,0.0
1778566643,26,POST,chat/short,0.000000,0.000000,0,0,0,0,0,0,0,0,0,0,0,1,0,8.400438993703574,8.400438993703574,8.400438993703574,8.400438993703574,0.0
1778566643,26,,Aggregated,0.100000,0.000000,0,0,0,0,0,0,0,0,0,0,0,64,0,15,16.019513594073942,8.400438993703574,45.04573601298034,0.0
1778566644,26,POST,chat/long,0.100000,0.000000,0,0,0,0,0,0,0,0,0,0,0,57,0,16,16.489462070718506,8.640778993139975,45.04573601298034,0.0
1778566644,26,POST,chat/medium,0.000000,0.000000,0,0,0,0,0,0,0,0,0,0,0,6,0,11,12.824848832678981,9.247729001799598,23.143837999668904,0.0
1778566644,26,POST,chat/short,0.000000,0.000000,0,0,0,0,0,0,0,0,0,0,0,1,0,8.400438993703574,8.400438993703574,8.400438993703574,8.400438993703574,0.0
1778566644,26,,Aggregated,0.100000,0.000000,0,0,0,0,0,0,0,0,0,0,0,64,0,15,16.019513594073942,8.400438993703574,45.04573601298034,0.0
1778566645,26,POST,chat/long,0.100000,0.000000,0,0,0,0,0,0,0,0,0,0,0,57,0,16,16.489462070718506,8.640778993139975,45.04573601298034,0.0
1778566645,26,POST,chat/medium,0.000000,0.000000,0,0,0,0,0,0,0,0,0,0,0,6,0,11,12.824848832678981,9.247729001799598,23.143837999668904,0.0
1778566645,26,POST,chat/short,0.000000,0.000000,0,0,0,0,0,0,0,0,0,0,0,1,0,8.400438993703574,8.400438993703574,8.400438993703574,8.400438993703574,0.0
1778566645,26,,Aggregated,0.100000,0.000000,0,0,0,0,0,0,0,0,0,0,0,64,0,15,16.019513594073942,8.400438993703574,45.04573601298034,0.0
1778566646,26,POST,chat/long,0.100000,0.000000,0,0,0,0,0,0,0,0,0,0,0,57,0,16,16.489462070718506,8.640778993139975,45.04573601298034,0.0
1778566646,26,POST,chat/medium,0.000000,0.000000,0,0,0,0,0,0,0,0,0,0,0,6,0,11,12.824848832678981,9.247729001799598,23.143837999668904,0.0
1778566646,26,POST,chat/short,0.000000,0.000000,0,0,0,0,0,0,0,0,0,0,0,1,0,8.400438993703574,8.400438993703574,8.400438993703574,8.400438993703574,0.0
1778566646,26,,Aggregated,0.100000,0.000000,0,0,0,0,0,0,0,0,0,0,0,64,0,15,16.019513594073942,8.400438993703574,45.04573601298034,0.0
1778566647,26,POST,chat/long,0.100000,0.000000,0,0,0,0,0,0,0,0,0,0,0,57,0,16,16.489462070718506,8.640778993139975,45.04573601298034,0.0
1778566647,26,POST,chat/medium,0.000000,0.000000,0,0,0,0,0,0,0,0,0,0,0,6,0,11,12.824848832678981,9.247729001799598,23.143837999668904,0.0
1778566647,26,POST,chat/short,0.000000,0.000000,0,0,0,0,0,0,0,0,0,0,0,1,0,8.400438993703574,8.400438993703574,8.400438993703574,8.400438993703574,0.0
1778566647,26,,Aggregated,0.100000,0.000000,0,0,0,0,0,0,0,0,0,0,0,64,0,15,16.019513594073942,8.400438993703574,45.04573601298034,0.0
1778566648,26,POST,chat/long,0.100000,0.000000,0,0,0,0,0,0,0,0,0,0,0,57,0,16,16.489462070718506,8.640778993139975,45.04573601298034,0.0
1778566648,26,POST,chat/medium,0.000000,0.000000,0,0,0,0,0,0,0,0,0,0,0,6,0,11,12.824848832678981,9.247729001799598,23.143837999668904,0.0
1778566648,26,POST,chat/short,0.000000,0.000000,0,0,0,0,0,0,0,0,0,0,0,1,0,8.400438993703574,8.400438993703574,8.400438993703574,8.400438993703574,0.0
1778566648,26,,Aggregated,0.100000,0.000000,0,0,0,0,0,0,0,0,0,0,0,64,0,15,16.019513594073942,8.400438993703574,45.04573601298034,0.0
1778566649,26,POST,chat/long,0.100000,0.000000,0,0,0,0,0,0,0,0,0,0,0,57,0,16,16.489462070718506,8.640778993139975,45.04573601298034,0.0
1778566649,26,POST,chat/medium,0.000000,0.000000,0,0,0,0,0,0,0,0,0,0,0,6,0,11,12.824848832678981,9.247729001799598,23.143837999668904,0.0
1778566649,26,POST,chat/short,0.000000,0.000000,0,0,0,0,0,0,0,0,0,0,0,1,0,8.400438993703574,8.400438993703574,8.400438993703574,8.400438993703574,0.0
1778566649,26,,Aggregated,0.100000,0.000000,0,0,0,0,0,0,0,0,0,0,0,64,0,15,16.019513594073942,8.400438993703574,45.04573601298034,0.0
1778566650,26,POST,chat/long,0.100000,0.000000,0,0,0,0,0,0,0,0,0,0,0,57,0,16,16.489462070718506,8.640778993139975,45.04573601298034,0.0
1778566650,26,POST,chat/medium,0.000000,0.000000,0,0,0,0,0,0,0,0,0,0,0,6,0,11,12.824848832678981,9.247729001799598,23.143837999668904,0.0
1778566650,26,POST,chat/short,0.000000,0.000000,0,0,0,0,0,0,0,0,0,0,0,1,0,8.400438993703574,8.400438993703574,8.400438993703574,8.400438993703574,0.0
1778566650,26,,Aggregated,0.100000,0.000000,0,0,0,0,0,0,0,0,0,0,0,64,0,15,16.019513594073942,8.400438993703574,45.04573601298034,0.0
1778566651,26,POST,chat/long,0.100000,0.000000,0,0,0,0,0,0,0,0,0,0,0,57,0,16,16.489462070718506,8.640778993139975,45.04573601298034,0.0
1778566651,26,POST,chat/medium,0.000000,0.000000,0,0,0,0,0,0,0,0,0,0,0,6,0,11,12.824848832678981,9.247729001799598,23.143837999668904,0.0
1778566651,26,POST,chat/short,0.000000,0.000000,0,0,0,0,0,0,0,0,0,0,0,1,0,8.400438993703574,8.400438993703574,8.400438993703574,8.400438993703574,0.0
1778566651,26,,Aggregated,0.100000,0.000000,0,0,0,0,0,0,0,0,0,0,0,64,0,15,16.019513594073942,8.400438993703574,45.04573601298034,0.0
1778566652,26,POST,chat/long,0.100000,0.000000,0,0,0,0,0,0,0,0,0,0,0,57,0,16,16.489462070718506,8.640778993139975,45.04573601298034,0.0
1778566652,26,POST,chat/medium,0.000000,0.000000,0,0,0,0,0,0,0,0,0,0,0,6,0,11,12.824848832678981,9.247729001799598,23.143837999668904,0.0
1778566652,26,POST,chat/short,0.000000,0.000000,0,0,0,0,0,0,0,0,0,0,0,1,0,8.400438993703574,8.400438993703574,8.400438993703574,8.400438993703574,0.0
1778566652,26,,Aggregated,0.100000,0.000000,0,0,0,0,0,0,0,0,0,0,0,64,0,15,16.019513594073942,8.400438993703574,45.04573601298034,0.0
1778566653,26,POST,chat/long,0.100000,0.000000,0,0,0,0,0,0,0,0,0,0,0,57,0,16,16.489462070718506,8.640778993139975,45.04573601298034,0.0
1778566653,26,POST,chat/medium,0.000000,0.000000,0,0,0,0,0,0,0,0,0,0,0,6,0,11,12.824848832678981,9.247729001799598,23.143837999668904,0.0
1778566653,26,POST,chat/short,0.000000,0.000000,0,0,0,0,0,0,0,0,0,0,0,1,0,8.400438993703574,8.400438993703574,8.400438993703574,8.400438993703574,0.0
1778566653,26,,Aggregated,0.100000,0.000000,0,0,0,0,0,0,0,0,0,0,0,64,0,15,16.019513594073942,8.400438993703574,45.04573601298034,0.0
1778566654,26,POST,chat/long,0.100000,0.000000,0,0,0,0,0,0,0,0,0,0,0,57,0,16,16.489462070718506,8.640778993139975,45.04573601298034,0.0
1778566654,26,POST,chat/medium,0.000000,0.000000,0,0,0,0,0,0,0,0,0,0,0,6,0,11,12.824848832678981,9.247729001799598,23.143837999668904,0.0
1778566654,26,POST,chat/short,0.000000,0.000000,0,0,0,0,0,0,0,0,0,0,0,1,0,8.400438993703574,8.400438993703574,8.400438993703574,8.400438993703574,0.0
1778566654,26,,Aggregated,0.100000,0.000000,0,0,0,0,0,0,0,0,0,0,0,64,0,15,16.019513594073942,8.400438993703574,45.04573601298034,0.0
1778566655,26,POST,chat/long,0.100000,0.000000,0,0,0,0,0,0,0,0,0,0,0,57,0,16,16.489462070718506,8.640778993139975,45.04573601298034,0.0
1778566655,26,POST,chat/medium,0.000000,0.000000,0,0,0,0,0,0,0,0,0,0,0,6,0,11,12.824848832678981,9.247729001799598,23.143837999668904,0.0
1778566655,26,POST,chat/short,0.000000,0.000000,0,0,0,0,0,0,0,0,0,0,0,1,0,8.400438993703574,8.400438993703574,8.400438993703574,8.400438993703574,0.0
1778566655,26,,Aggregated,0.100000,0.000000,0,0,0,0,0,0,0,0,0,0,0,64,0,15,16.019513594073942,8.400438993703574,45.04573601298034,0.0
1778566656,26,POST,chat/long,0.100000,0.000000,0,0,0,0,0,0,0,0,0,0,0,57,0,16,16.489462070718506,8.640778993139975,45.04573601298034,0.0
1778566656,26,POST,chat/medium,0.000000,0.000000,0,0,0,0,0,0,0,0,0,0,0,6,0,11,12.824848832678981,9.247729001799598,23.143837999668904,0.0
1778566656,26,POST,chat/short,0.000000,0.000000,0,0,0,0,0,0,0,0,0,0,0,1,0,8.400438993703574,8.400438993703574,8.400438993703574,8.400438993703574,0.0
1778566656,26,,Aggregated,0.100000,0.000000,0,0,0,0,0,0,0,0,0,0,0,64,0,15,16.019513594073942,8.400438993703574,45.04573601298034,0.0
1778566657,26,POST,chat/long,0.100000,0.000000,0,0,0,0,0,0,0,0,0,0,0,57,0,16,16.489462070718506,8.640778993139975,45.04573601298034,0.0
1778566657,26,POST,chat/medium,0.000000,0.000000,0,0,0,0,0,0,0,0,0,0,0,6,0,11,12.824848832678981,9.247729001799598,23.143837999668904,0.0
1778566657,26,POST,chat/short,0.000000,0.000000,0,0,0,0,0,0,0,0,0,0,0,1,0,8.400438993703574,8.400438993703574,8.400438993703574,8.400438993703574,0.0
1778566657,26,,Aggregated,0.100000,0.000000,0,0,0,0,0,0,0,0,0,0,0,64,0,15,16.019513594073942,8.400438993703574,45.04573601298034,0.0
1778566658,26,POST,chat/long,0.100000,0.000000,0,0,0,0,0,0,0,0,0,0,0,57,0,16,16.489462070718506,8.640778993139975,45.04573601298034,0.0
1778566658,26,POST,chat/medium,0.000000,0.000000,0,0,0,0,0,0,0,0,0,0,0,6,0,11,12.824848832678981,9.247729001799598,23.143837999668904,0.0
1778566658,26,POST,chat/short,0.000000,0.000000,0,0,0,0,0,0,0,0,0,0,0,1,0,8.400438993703574,8.400438993703574,8.400438993703574,8.400438993703574,0.0
1778566658,26,,Aggregated,0.100000,0.000000,0,0,0,0,0,0,0,0,0,0,0,64,0,15,16.019513594073942,8.400438993703574,45.04573601298034,0.0
1778566659,26,POST,chat/long,0.100000,0.000000,0,0,0,0,0,0,0,0,0,0,0,57,0,16,16.489462070718506,8.640778993139975,45.04573601298034,0.0
1778566659,26,POST,chat/medium,0.000000,0.000000,0,0,0,0,0,0,0,0,0,0,0,6,0,11,12.824848832678981,9.247729001799598,23.143837999668904,0.0
1778566659,26,POST,chat/short,0.000000,0.000000,0,0,0,0,0,0,0,0,0,0,0,1,0,8.400438993703574,8.400438993703574,8.400438993703574,8.400438993703574,0.0
1778566659,26,,Aggregated,0.100000,0.000000,0,0,0,0,0,0,0,0,0,0,0,64,0,15,16.019513594073942,8.400438993703574,45.04573601298034,0.0
1778566660,26,POST,chat/long,0.100000,0.000000,0,0,0,0,0,0,0,0,0,0,0,57,0,16,16.489462070718506,8.640778993139975,45.04573601298034,0.0
1778566660,26,POST,chat/medium,0.000000,0.000000,0,0,0,0,0,0,0,0,0,0,0,6,0,11,12.824848832678981,9.247729001799598,23.143837999668904,0.0
1778566660,26,POST,chat/short,0.000000,0.000000,0,0,0,0,0,0,0,0,0,0,0,1,0,8.400438993703574,8.400438993703574,8.400438993703574,8.400438993703574,0.0
1778566660,26,,Aggregated,0.100000,0.000000,0,0,0,0,0,0,0,0,0,0,0,64,0,15,16.019513594073942,8.400438993703574,45.04573601298034,0.0
1778566661,26,POST,chat/long,0.100000,0.000000,0,0,0,0,0,0,0,0,0,0,0,57,0,16,16.489462070718506,8.640778993139975,45.04573601298034,0.0
1778566661,26,POST,chat/medium,0.000000,0.000000,0,0,0,0,0,0,0,0,0,0,0,6,0,11,12.824848832678981,9.247729001799598,23.143837999668904,0.0
1778566661,26,POST,chat/short,0.000000,0.000000,0,0,0,0,0,0,0,0,0,0,0,1,0,8.400438993703574,8.400438993703574,8.400438993703574,8.400438993703574,0.0
1778566661,26,,Aggregated,0.100000,0.000000,0,0,0,0,0,0,0,0,0,0,0,64,0,15,16.019513594073942,8.400438993703574,45.04573601298034,0.0
1778566662,26,POST,chat/long,0.100000,0.000000,0,0,0,0,0,0,0,0,0,0,0,57,0,16,16.489462070718506,8.640778993139975,45.04573601298034,0.0
1778566662,26,POST,chat/medium,0.000000,0.000000,0,0,0,0,0,0,0,0,0,0,0,6,0,11,12.824848832678981,9.247729001799598,23.143837999668904,0.0
1778566662,26,POST,chat/short,0.000000,0.000000,0,0,0,0,0,0,0,0,0,0,0,1,0,8.400438993703574,8.400438993703574,8.400438993703574,8.400438993703574,0.0
1778566662,26,,Aggregated,0.100000,0.000000,0,0,0,0,0,0,0,0,0,0,0,64,0,15,16.019513594073942,8.400438993703574,45.04573601298034,0.0
1778566663,25,POST,chat/long,0.000000,0.000000,0,0,0,0,0,0,0,0,0,0,0,58,0,15,16.46888596612904,8.640778993139975,45.04573601298034,0.0
1778566663,25,POST,chat/medium,0.000000,0.000000,0,0,0,0,0,0,0,0,0,0,0,6,0,11,12.824848832678981,9.247729001799598,23.143837999668904,0.0
1778566663,25,POST,chat/short,0.000000,0.000000,0,0,0,0,0,0,0,0,0,0,0,1,0,8.400438993703574,8.400438993703574,8.400438993703574,8.400438993703574,0.0
1778566663,25,,Aggregated,0.000000,0.000000,0,0,0,0,0,0,0,0,0,0,0,65,0,15,16.008383354234795,8.400438993703574,45.04573601298034,0.0
1778566664,25,POST,chat/long,0.000000,0.000000,0,0,0,0,0,0,0,0,0,0,0,58,0,15,16.46888596612904,8.640778993139975,45.04573601298034,0.0
1778566664,25,POST,chat/medium,0.000000,0.000000,0,0,0,0,0,0,0,0,0,0,0,6,0,11,12.824848832678981,9.247729001799598,23.143837999668904,0.0
1778566664,25,POST,chat/short,0.000000,0.000000,0,0,0,0,0,0,0,0,0,0,0,1,0,8.400438993703574,8.400438993703574,8.400438993703574,8.400438993703574,0.0
1778566664,25,,Aggregated,0.000000,0.000000,0,0,0,0,0,0,0,0,0,0,0,65,0,15,16.008383354234795,8.400438993703574,45.04573601298034,0.0
1778566665,25,POST,chat/long,0.000000,0.000000,0,0,0,0,0,0,0,0,0,0,0,58,0,15,16.46888596612904,8.640778993139975,45.04573601298034,0.0
1778566665,25,POST,chat/medium,0.000000,0.000000,0,0,0,0,0,0,0,0,0,0,0,6,0,11,12.824848832678981,9.247729001799598,23.143837999668904,0.0
1778566665,25,POST,chat/short,0.000000,0.000000,0,0,0,0,0,0,0,0,0,0,0,1,0,8.400438993703574,8.400438993703574,8.400438993703574,8.400438993703574,0.0
1778566665,25,,Aggregated,0.000000,0.000000,0,0,0,0,0,0,0,0,0,0,0,65,0,15,16.008383354234795,8.400438993703574,45.04573601298034,0.0
1778566666,24,POST,chat/long,0.100000,0.000000,10,10,10,10,10,10,10,10,10,10,10,59,0,15,16.361321102368045,8.640778993139975,45.04573601298034,0.0
1778566666,24,POST,chat/medium,0.000000,0.000000,0,0,0,0,0,0,0,0,0,0,0,6,0,11,12.824848832678981,9.247729001799598,23.143837999668904,0.0
1778566666,24,POST,chat/short,0.000000,0.000000,0,0,0,0,0,0,0,0,0,0,0,1,0,8.400438993703574,8.400438993703574,8.400438993703574,8.400438993703574,0.0
1778566666,24,,Aggregated,0.100000,0.000000,10,10,10,10,10,10,10,10,10,10,10,66,0,15,15.919204197416548,8.400438993703574,45.04573601298034,0.0
1778566667,24,POST,chat/long,0.100000,0.000000,10,10,10,10,10,10,10,10,10,10,10,59,0,15,16.361321102368045,8.640778993139975,45.04573601298034,0.0
1778566667,24,POST,chat/medium,0.000000,0.000000,0,0,0,0,0,0,0,0,0,0,0,6,0,11,12.824848832678981,9.247729001799598,23.143837999668904,0.0
1778566667,24,POST,chat/short,0.000000,0.000000,0,0,0,0,0,0,0,0,0,0,0,1,0,8.400438993703574,8.400438993703574,8.400438993703574,8.400438993703574,0.0
1778566667,24,,Aggregated,0.100000,0.000000,10,10,10,10,10,10,10,10,10,10,10,66,0,15,15.919204197416548,8.400438993703574,45.04573601298034,0.0
1778566668,24,POST,chat/long,0.100000,0.000000,10,10,10,10,10,10,10,10,10,10,10,59,0,15,16.361321102368045,8.640778993139975,45.04573601298034,0.0
1778566668,24,POST,chat/medium,0.000000,0.000000,0,0,0,0,0,0,0,0,0,0,0,6,0,11,12.824848832678981,9.247729001799598,23.143837999668904,0.0
1778566668,24,POST,chat/short,0.000000,0.000000,0,0,0,0,0,0,0,0,0,0,0,1,0,8.400438993703574,8.400438993703574,8.400438993703574,8.400438993703574,0.0
1778566668,24,,Aggregated,0.100000,0.000000,10,10,10,10,10,10,10,10,10,10,10,66,0,15,15.919204197416548,8.400438993703574,45.04573601298034,0.0
1778566669,24,POST,chat/long,0.100000,0.000000,10,10,10,10,10,10,10,10,10,10,10,59,0,15,16.361321102368045,8.640778993139975,45.04573601298034,0.0
1778566669,24,POST,chat/medium,0.000000,0.000000,0,0,0,0,0,0,0,0,0,0,0,6,0,11,12.824848832678981,9.247729001799598,23.143837999668904,0.0
1778566669,24,POST,chat/short,0.000000,0.000000,0,0,0,0,0,0,0,0,0,0,0,1,0,8.400438993703574,8.400438993703574,8.400438993703574,8.400438993703574,0.0
1778566669,24,,Aggregated,0.100000,0.000000,10,10,10,10,10,10,10,10,10,10,10,66,0,15,15.919204197416548,8.400438993703574,45.04573601298034,0.0
1778566670,24,POST,chat/long,0.100000,0.000000,10,10,10,10,10,10,10,10,10,10,10,59,0,15,16.361321102368045,8.640778993139975,45.04573601298034,0.0
1778566670,24,POST,chat/medium,0.000000,0.000000,0,0,0,0,0,0,0,0,0,0,0,6,0,11,12.824848832678981,9.247729001799598,23.143837999668904,0.0
1778566670,24,POST,chat/short,0.000000,0.000000,0,0,0,0,0,0,0,0,0,0,0,1,0,8.400438993703574,8.400438993703574,8.400438993703574,8.400438993703574,0.0
1778566670,24,,Aggregated,0.100000,0.000000,10,10,10,10,10,10,10,10,10,10,10,66,0,15,15.919204197416548,8.400438993703574,45.04573601298034,0.0
1778566671,24,POST,chat/long,0.100000,0.000000,10,10,10,10,10,10,10,10,10,10,10,59,0,15,16.361321102368045,8.640778993139975,45.04573601298034,0.0
1778566671,24,POST,chat/medium,0.000000,0.000000,0,0,0,0,0,0,0,0,0,0,0,6,0,11,12.824848832678981,9.247729001799598,23.143837999668904,0.0
1778566671,24,POST,chat/short,0.000000,0.000000,0,0,0,0,0,0,0,0,0,0,0,1,0,8.400438993703574,8.400438993703574,8.400438993703574,8.400438993703574,0.0
1778566671,24,,Aggregated,0.100000,0.000000,10,10,10,10,10,10,10,10,10,10,10,66,0,15,15.919204197416548,8.400438993703574,45.04573601298034,0.0
1778566672,24,POST,chat/long,0.100000,0.000000,10,10,10,10,10,10,10,10,10,10,10,59,0,15,16.361321102368045,8.640778993139975,45.04573601298034,0.0
1778566672,24,POST,chat/medium,0.000000,0.000000,0,0,0,0,0,0,0,0,0,0,0,6,0,11,12.824848832678981,9.247729001799598,23.143837999668904,0.0
1778566672,24,POST,chat/short,0.000000,0.000000,0,0,0,0,0,0,0,0,0,0,0,1,0,8.400438993703574,8.400438993703574,8.400438993703574,8.400438993703574,0.0
1778566672,24,,Aggregated,0.100000,0.000000,10,10,10,10,10,10,10,10,10,10,10,66,0,15,15.919204197416548,8.400438993703574,45.04573601298034,0.0
1778566673,24,POST,chat/long,0.100000,0.000000,0,0,0,0,0,0,0,0,0,0,0,59,0,15,16.361321102368045,8.640778993139975,45.04573601298034,0.0
1778566673,24,POST,chat/medium,0.000000,0.000000,0,0,0,0,0,0,0,0,0,0,0,6,0,11,12.824848832678981,9.247729001799598,23.143837999668904,0.0
1778566673,24,POST,chat/short,0.000000,0.000000,0,0,0,0,0,0,0,0,0,0,0,1,0,8.400438993703574,8.400438993703574,8.400438993703574,8.400438993703574,0.0
1778566673,24,,Aggregated,0.100000,0.000000,0,0,0,0,0,0,0,0,0,0,0,66,0,15,15.919204197416548,8.400438993703574,45.04573601298034,0.0
1778566674,24,POST,chat/long,0.100000,0.000000,0,0,0,0,0,0,0,0,0,0,0,59,0,15,16.361321102368045,8.640778993139975,45.04573601298034,0.0
1778566674,24,POST,chat/medium,0.000000,0.000000,0,0,0,0,0,0,0,0,0,0,0,6,0,11,12.824848832678981,9.247729001799598,23.143837999668904,0.0
1778566674,24,POST,chat/short,0.000000,0.000000,0,0,0,0,0,0,0,0,0,0,0,1,0,8.400438993703574,8.400438993703574,8.400438993703574,8.400438993703574,0.0
1778566674,24,,Aggregated,0.100000,0.000000,0,0,0,0,0,0,0,0,0,0,0,66,0,15,15.919204197416548,8.400438993703574,45.04573601298034,0.0
1778566675,24,POST,chat/long,0.100000,0.000000,0,0,0,0,0,0,0,0,0,0,0,59,0,15,16.361321102368045,8.640778993139975,45.04573601298034,0.0
1778566675,24,POST,chat/medium,0.000000,0.000000,0,0,0,0,0,0,0,0,0,0,0,6,0,11,12.824848832678981,9.247729001799598,23.143837999668904,0.0
1778566675,24,POST,chat/short,0.000000,0.000000,0,0,0,0,0,0,0,0,0,0,0,1,0,8.400438993703574,8.400438993703574,8.400438993703574,8.400438993703574,0.0
1778566675,24,,Aggregated,0.100000,0.000000,0,0,0,0,0,0,0,0,0,0,0,66,0,15,15.919204197416548,8.400438993703574,45.04573601298034,0.0
1778566676,24,POST,chat/long,0.100000,0.000000,0,0,0,0,0,0,0,0,0,0,0,59,0,15,16.361321102368045,8.640778993139975,45.04573601298034,0.0
1778566676,24,POST,chat/medium,0.000000,0.000000,0,0,0,0,0,0,0,0,0,0,0,6,0,11,12.824848832678981,9.247729001799598,23.143837999668904,0.0
1778566676,24,POST,chat/short,0.000000,0.000000,0,0,0,0,0,0,0,0,0,0,0,1,0,8.400438993703574,8.400438993703574,8.400438993703574,8.400438993703574,0.0
1778566676,24,,Aggregated,0.100000,0.000000,0,0,0,0,0,0,0,0,0,0,0,66,0,15,15.919204197416548,8.400438993703574,45.04573601298034,0.0
1778566677,24,POST,chat/long,0.100000,0.000000,0,0,0,0,0,0,0,0,0,0,0,59,0,15,16.361321102368045,8.640778993139975,45.04573601298034,0.0
1778566677,24,POST,chat/medium,0.000000,0.000000,0,0,0,0,0,0,0,0,0,0,0,6,0,11,12.824848832678981,9.247729001799598,23.143837999668904,0.0
1778566677,24,POST,chat/short,0.000000,0.000000,0,0,0,0,0,0,0,0,0,0,0,1,0,8.400438993703574,8.400438993703574,8.400438993703574,8.400438993703574,0.0
1778566677,24,,Aggregated,0.100000,0.000000,0,0,0,0,0,0,0,0,0,0,0,66,0,15,15.919204197416548,8.400438993703574,45.04573601298034,0.0
1778566678,24,POST,chat/long,0.100000,0.000000,0,0,0,0,0,0,0,0,0,0,0,59,0,15,16.361321102368045,8.640778993139975,45.04573601298034,0.0
1778566678,24,POST,chat/medium,0.000000,0.000000,0,0,0,0,0,0,0,0,0,0,0,6,0,11,12.824848832678981,9.247729001799598,23.143837999668904,0.0
1778566678,24,POST,chat/short,0.000000,0.000000,0,0,0,0,0,0,0,0,0,0,0,1,0,8.400438993703574,8.400438993703574,8.400438993703574,8.400438993703574,0.0
1778566678,24,,Aggregated,0.100000,0.000000,0,0,0,0,0,0,0,0,0,0,0,66,0,15,15.919204197416548,8.400438993703574,45.04573601298034,0.0
1778566679,24,POST,chat/long,0.100000,0.000000,0,0,0,0,0,0,0,0,0,0,0,59,0,15,16.361321102368045,8.640778993139975,45.04573601298034,0.0
1778566679,24,POST,chat/medium,0.000000,0.000000,0,0,0,0,0,0,0,0,0,0,0,6,0,11,12.824848832678981,9.247729001799598,23.143837999668904,0.0
1778566679,24,POST,chat/short,0.000000,0.000000,0,0,0,0,0,0,0,0,0,0,0,1,0,8.400438993703574,8.400438993703574,8.400438993703574,8.400438993703574,0.0
1778566679,24,,Aggregated,0.100000,0.000000,0,0,0,0,0,0,0,0,0,0,0,66,0,15,15.919204197416548,8.400438993703574,45.04573601298034,0.0
1778566680,24,POST,chat/long,0.100000,0.000000,0,0,0,0,0,0,0,0,0,0,0,59,0,15,16.361321102368045,8.640778993139975,45.04573601298034,0.0
1778566680,24,POST,chat/medium,0.000000,0.000000,0,0,0,0,0,0,0,0,0,0,0,6,0,11,12.824848832678981,9.247729001799598,23.143837999668904,0.0
1778566680,24,POST,chat/short,0.000000,0.000000,0,0,0,0,0,0,0,0,0,0,0,1,0,8.400438993703574,8.400438993703574,8.400438993703574,8.400438993703574,0.0
1778566680,24,,Aggregated,0.100000,0.000000,0,0,0,0,0,0,0,0,0,0,0,66,0,15,15.919204197416548,8.400438993703574,45.04573601298034,0.0
1778566681,24,POST,chat/long,0.100000,0.000000,0,0,0,0,0,0,0,0,0,0,0,59,0,15,16.361321102368045,8.640778993139975,45.04573601298034,0.0
1778566681,24,POST,chat/medium,0.000000,0.000000,0,0,0,0,0,0,0,0,0,0,0,6,0,11,12.824848832678981,9.247729001799598,23.143837999668904,0.0
1778566681,24,POST,chat/short,0.000000,0.000000,0,0,0,0,0,0,0,0,0,0,0,1,0,8.400438993703574,8.400438993703574,8.400438993703574,8.400438993703574,0.0
1778566681,24,,Aggregated,0.100000,0.000000,0,0,0,0,0,0,0,0,0,0,0,66,0,15,15.919204197416548,8.400438993703574,45.04573601298034,0.0
1778566682,24,POST,chat/long,0.100000,0.000000,0,0,0,0,0,0,0,0,0,0,0,59,0,15,16.361321102368045,8.640778993139975,45.04573601298034,0.0
1778566682,24,POST,chat/medium,0.000000,0.000000,0,0,0,0,0,0,0,0,0,0,0,6,0,11,12.824848832678981,9.247729001799598,23.143837999668904,0.0
1778566682,24,POST,chat/short,0.000000,0.000000,0,0,0,0,0,0,0,0,0,0,0,1,0,8.400438993703574,8.400438993703574,8.400438993703574,8.400438993703574,0.0
1778566682,24,,Aggregated,0.100000,0.000000,0,0,0,0,0,0,0,0,0,0,0,66,0,15,15.919204197416548,8.400438993703574,45.04573601298034,0.0
1778566683,24,POST,chat/long,0.100000,0.000000,0,0,0,0,0,0,0,0,0,0,0,59,0,15,16.361321102368045,8.640778993139975,45.04573601298034,0.0
1778566683,24,POST,chat/medium,0.000000,0.000000,0,0,0,0,0,0,0,0,0,0,0,6,0,11,12.824848832678981,9.247729001799598,23.143837999668904,0.0
1778566683,24,POST,chat/short,0.000000,0.000000,0,0,0,0,0,0,0,0,0,0,0,1,0,8.400438993703574,8.400438993703574,8.400438993703574,8.400438993703574,0.0
1778566683,24,,Aggregated,0.100000,0.000000,0,0,0,0,0,0,0,0,0,0,0,66,0,15,15.919204197416548,8.400438993703574,45.04573601298034,0.0
1778566684,23,POST,chat/long,0.000000,0.000000,0,0,0,0,0,0,0,0,0,0,0,60,0,15,16.47902905072745,8.640778993139975,45.04573601298034,0.0
1778566684,23,POST,chat/medium,0.000000,0.000000,0,0,0,0,0,0,0,0,0,0,0,6,0,11,12.824848832678981,9.247729001799598,23.143837999668904,0.0
1778566684,23,POST,chat/short,0.000000,0.000000,0,0,0,0,0,0,0,0,0,0,0,1,0,8.400438993703574,8.400438993703574,8.400438993703574,8.400438993703574,0.0
1778566684,23,,Aggregated,0.000000,0.000000,0,0,0,0,0,0,0,0,0,0,0,67,0,15,16.03121306020037,8.400438993703574,45.04573601298034,0.0
1778566685,23,POST,chat/long,0.000000,0.000000,0,0,0,0,0,0,0,0,0,0,0,60,0,15,16.47902905072745,8.640778993139975,45.04573601298034,0.0
1778566685,23,POST,chat/medium,0.000000,0.000000,0,0,0,0,0,0,0,0,0,0,0,6,0,11,12.824848832678981,9.247729001799598,23.143837999668904,0.0
1778566685,23,POST,chat/short,0.000000,0.000000,0,0,0,0,0,0,0,0,0,0,0,1,0,8.400438993703574,8.400438993703574,8.400438993703574,8.400438993703574,0.0
1778566685,23,,Aggregated,0.000000,0.000000,0,0,0,0,0,0,0,0,0,0,0,67,0,15,16.03121306020037,8.400438993703574,45.04573601298034,0.0
1778566686,23,POST,chat/long,0.000000,0.000000,0,0,0,0,0,0,0,0,0,0,0,60,0,15,16.47902905072745,8.640778993139975,45.04573601298034,0.0
1778566686,23,POST,chat/medium,0.000000,0.000000,0,0,0,0,0,0,0,0,0,0,0,6,0,11,12.824848832678981,9.247729001799598,23.143837999668904,0.0
1778566686,23,POST,chat/short,0.000000,0.000000,0,0,0,0,0,0,0,0,0,0,0,1,0,8.400438993703574,8.400438993703574,8.400438993703574,8.400438993703574,0.0
1778566686,23,,Aggregated,0.000000,0.000000,0,0,0,0,0,0,0,0,0,0,0,67,0,15,16.03121306020037,8.400438993703574,45.04573601298034,0.0
1778566687,23,POST,chat/long,0.000000,0.000000,0,0,0,0,0,0,0,0,0,0,0,60,0,15,16.47902905072745,8.640778993139975,45.04573601298034,0.0
1778566687,23,POST,chat/medium,0.000000,0.000000,0,0,0,0,0,0,0,0,0,0,0,6,0,11,12.824848832678981,9.247729001799598,23.143837999668904,0.0
1778566687,23,POST,chat/short,0.000000,0.000000,0,0,0,0,0,0,0,0,0,0,0,1,0,8.400438993703574,8.400438993703574,8.400438993703574,8.400438993703574,0.0
1778566687,23,,Aggregated,0.000000,0.000000,0,0,0,0,0,0,0,0,0,0,0,67,0,15,16.03121306020037,8.400438993703574,45.04573601298034,0.0
1778566688,23,POST,chat/long,0.000000,0.000000,0,0,0,0,0,0,0,0,0,0,0,60,0,15,16.47902905072745,8.640778993139975,45.04573601298034,0.0
1778566688,23,POST,chat/medium,0.000000,0.000000,0,0,0,0,0,0,0,0,0,0,0,6,0,11,12.824848832678981,9.247729001799598,23.143837999668904,0.0
1778566688,23,POST,chat/short,0.000000,0.000000,0,0,0,0,0,0,0,0,0,0,0,1,0,8.400438993703574,8.400438993703574,8.400438993703574,8.400438993703574,0.0
1778566688,23,,Aggregated,0.000000,0.000000,0,0,0,0,0,0,0,0,0,0,0,67,0,15,16.03121306020037,8.400438993703574,45.04573601298034,0.0
1778566689,23,POST,chat/long,0.000000,0.000000,0,0,0,0,0,0,0,0,0,0,0,60,0,15,16.47902905072745,8.640778993139975,45.04573601298034,0.0
1778566689,23,POST,chat/medium,0.000000,0.000000,0,0,0,0,0,0,0,0,0,0,0,6,0,11,12.824848832678981,9.247729001799598,23.143837999668904,0.0
1778566689,23,POST,chat/short,0.000000,0.000000,0,0,0,0,0,0,0,0,0,0,0,1,0,8.400438993703574,8.400438993703574,8.400438993703574,8.400438993703574,0.0
1778566689,23,,Aggregated,0.000000,0.000000,0,0,0,0,0,0,0,0,0,0,0,67,0,15,16.03121306020037,8.400438993703574,45.04573601298034,0.0
