Timestamp,User Count,Type,Name,Requests/s,Failures/s,50%,66%,75%,80%,90%,95%,98%,99%,99.9%,99.99%,100%,Total Request Count,Total Failure Count,Total Median Response Time,Total Average Response Time,Total Min Response Time,Total Max Response Time,Total Average Content Size
1778532313,0,,Aggregated,0.000000,0.000000,N/A,N/A,N/A,N/A,N/A,N/A,N/A,N/A,N/A,N/A,N/A,0,0,0,0.0,0,0,0
1778532314,0,,Aggregated,0.000000,0.000000,N/A,N/A,N/A,N/A,N/A,N/A,N/A,N/A,N/A,N/A,N/A,0,0,0,0.0,0,0,0
1778532315,0,,Aggregated,0.000000,0.000000,N/A,N/A,N/A,N/A,N/A,N/A,N/A,N/A,N/A,N/A,N/A,0,0,0,0.0,0,0,0
1778532316,0,,Aggregated,0.000000,0.000000,N/A,N/A,N/A,N/A,N/A,N/A,N/A,N/A,N/A,N/A,N/A,0,0,0,0.0,0,0,0
1778532317,0,,Aggregated,0.000000,0.000000,N/A,N/A,N/A,N/A,N/A,N/A,N/A,N/A,N/A,N/A,N/A,0,0,0,0.0,0,0,0
1778532318,0,,Aggregated,0.000000,0.000000,N/A,N/A,N/A,N/A,N/A,N/A,N/A,N/A,N/A,N/A,N/A,0,0,0,0.0,0,0,0
1778532319,0,,Aggregated,0.000000,0.000000,N/A,N/A,N/A,N/A,N/A,N/A,N/A,N/A,N/A,N/A,N/A,0,0,0,0.0,0,0,0
1778532320,0,,Aggregated,0.000000,0.000000,N/A,N/A,N/A,N/A,N/A,N/A,N/A,N/A,N/A,N/A,N/A,0,0,0,0.0,0,0,0
1778532321,0,,Aggregated,0.000000,0.000000,N/A,N/A,N/A,N/A,N/A,N/A,N/A,N/A,N/A,N/A,N/A,0,0,0,0.0,0,0,0
1778532322,0,,Aggregated,0.000000,0.000000,N/A,N/A,N/A,N/A,N/A,N/A,N/A,N/A,N/A,N/A,N/A,0,0,0,0.0,0,0,0
1778532323,0,,Aggregated,0.000000,0.000000,N/A,N/A,N/A,N/A,N/A,N/A,N/A,N/A,N/A,N/A,N/A,0,0,0,0.0,0,0,0
1778532324,0,,Aggregated,0.000000,0.000000,N/A,N/A,N/A,N/A,N/A,N/A,N/A,N/A,N/A,N/A,N/A,0,0,0,0.0,0,0,0
1778532325,0,,Aggregated,0.000000,0.000000,N/A,N/A,N/A,N/A,N/A,N/A,N/A,N/A,N/A,N/A,N/A,0,0,0,0.0,0,0,0
1778532326,0,,Aggregated,0.000000,0.000000,N/A,N/A,N/A,N/A,N/A,N/A,N/A,N/A,N/A,N/A,N/A,0,0,0,0.0,0,0,0
1778532327,0,,Aggregated,0.000000,0.000000,N/A,N/A,N/A,N/A,N/A,N/A,N/A,N/A,N/A,N/A,N/A,0,0,0,0.0,0,0,0
1778532328,0,,Aggregated,0.000000,0.000000,N/A,N/A,N/A,N/A,N/A,N/A,N/A,N/A,N/A,N/A,N/A,0,0,0,0.0,0,0,0
1778532329,0,,Aggregated,0.000000,0.000000,N/A,N/A,N/A,N/A,N/A,N/A,N/A,N/A,N/A,N/A,N/A,0,0,0,0.0,0,0,0
1778532330,0,,Aggregated,0.000000,0.000000,N/A,N/A,N/A,N/A,N/A,N/A,N/A,N/A,N/A,N/A,N/A,0,0,0,0.0,0,0,0
1778532331,0,,Aggregated,0.000000,0.000000,N/A,N/A,N/A,N/A,N/A,N/A,N/A,N/A,N/A,N/A,N/A,0,0,0,0.0,0,0,0
1778532332,0,,Aggregated,0.000000,0.000000,N/A,N/A,N/A,N/A,N/A,N/A,N/A,N/A,N/A,N/A,N/A,0,0,0,0.0,0,0,0
1778532333,0,,Aggregated,0.000000,0.000000,N/A,N/A,N/A,N/A,N/A,N/A,N/A,N/A,N/A,N/A,N/A,0,0,0,0.0,0,0,0
1778532334,0,,Aggregated,0.000000,0.000000,N/A,N/A,N/A,N/A,N/A,N/A,N/A,N/A,N/A,N/A,N/A,0,0,0,0.0,0,0,0
1778532335,0,,Aggregated,0.000000,0.000000,N/A,N/A,N/A,N/A,N/A,N/A,N/A,N/A,N/A,N/A,N/A,0,0,0,0.0,0,0,0
1778532336,0,,Aggregated,0.000000,0.000000,N/A,N/A,N/A,N/A,N/A,N/A,N/A,N/A,N/A,N/A,N/A,0,0,0,0.0,0,0,0
1778532337,0,,Aggregated,0.000000,0.000000,N/A,N/A,N/A,N/A,N/A,N/A,N/A,N/A,N/A,N/A,N/A,0,0,0,0.0,0,0,0
1778532338,0,,Aggregated,0.000000,0.000000,N/A,N/A,N/A,N/A,N/A,N/A,N/A,N/A,N/A,N/A,N/A,0,0,0,0.0,0,0,0
1778532339,0,,Aggregated,0.000000,0.000000,N/A,N/A,N/A,N/A,N/A,N/A,N/A,N/A,N/A,N/A,N/A,0,0,0,0.0,0,0,0
1778532340,0,,Aggregated,0.000000,0.000000,N/A,N/A,N/A,N/A,N/A,N/A,N/A,N/A,N/A,N/A,N/A,0,0,0,0.0,0,0,0
1778532341,0,,Aggregated,0.000000,0.000000,N/A,N/A,N/A,N/A,N/A,N/A,N/A,N/A,N/A,N/A,N/A,0,0,0,0.0,0,0,0
1778532342,0,,Aggregated,0.000000,0.000000,N/A,N/A,N/A,N/A,N/A,N/A,N/A,N/A,N/A,N/A,N/A,0,0,0,0.0,0,0,0
1778532343,0,,Aggregated,0.000000,0.000000,N/A,N/A,N/A,N/A,N/A,N/A,N/A,N/A,N/A,N/A,N/A,0,0,0,0.0,0,0,0
1778532344,0,,Aggregated,0.000000,0.000000,N/A,N/A,N/A,N/A,N/A,N/A,N/A,N/A,N/A,N/A,N/A,0,0,0,0.0,0,0,0
1778532345,0,,Aggregated,0.000000,0.000000,N/A,N/A,N/A,N/A,N/A,N/A,N/A,N/A,N/A,N/A,N/A,0,0,0,0.0,0,0,0
1778532346,0,,Aggregated,0.000000,0.000000,N/A,N/A,N/A,N/A,N/A,N/A,N/A,N/A,N/A,N/A,N/A,0,0,0,0.0,0,0,0
1778532347,0,,Aggregated,0.000000,0.000000,N/A,N/A,N/A,N/A,N/A,N/A,N/A,N/A,N/A,N/A,N/A,0,0,0,0.0,0,0,0
1778532348,0,,Aggregated,0.000000,0.000000,N/A,N/A,N/A,N/A,N/A,N/A,N/A,N/A,N/A,N/A,N/A,0,0,0,0.0,0,0,0
1778532349,0,,Aggregated,0.000000,0.000000,N/A,N/A,N/A,N/A,N/A,N/A,N/A,N/A,N/A,N/A,N/A,0,0,0,0.0,0,0,0
1778532350,0,,Aggregated,0.000000,0.000000,N/A,N/A,N/A,N/A,N/A,N/A,N/A,N/A,N/A,N/A,N/A,0,0,0,0.0,0,0,0
1778532351,0,,Aggregated,0.000000,0.000000,N/A,N/A,N/A,N/A,N/A,N/A,N/A,N/A,N/A,N/A,N/A,0,0,0,0.0,0,0,0
1778532352,0,,Aggregated,0.000000,0.000000,N/A,N/A,N/A,N/A,N/A,N/A,N/A,N/A,N/A,N/A,N/A,0,0,0,0.0,0,0,0
1778532353,0,,Aggregated,0.000000,0.000000,N/A,N/A,N/A,N/A,N/A,N/A,N/A,N/A,N/A,N/A,N/A,0,0,0,0.0,0,0,0
1778532354,0,,Aggregated,0.000000,0.000000,N/A,N/A,N/A,N/A,N/A,N/A,N/A,N/A,N/A,N/A,N/A,0,0,0,0.0,0,0,0
1778532355,0,,Aggregated,0.000000,0.000000,N/A,N/A,N/A,N/A,N/A,N/A,N/A,N/A,N/A,N/A,N/A,0,0,0,0.0,0,0,0
1778532356,0,,Aggregated,0.000000,0.000000,N/A,N/A,N/A,N/A,N/A,N/A,N/A,N/A,N/A,N/A,N/A,0,0,0,0.0,0,0,0
1778532357,0,,Aggregated,0.000000,0.000000,N/A,N/A,N/A,N/A,N/A,N/A,N/A,N/A,N/A,N/A,N/A,0,0,0,0.0,0,0,0
1778532358,0,,Aggregated,0.000000,0.000000,N/A,N/A,N/A,N/A,N/A,N/A,N/A,N/A,N/A,N/A,N/A,0,0,0,0.0,0,0,0
1778532359,0,,Aggregated,0.000000,0.000000,N/A,N/A,N/A,N/A,N/A,N/A,N/A,N/A,N/A,N/A,N/A,0,0,0,0.0,0,0,0
1778532360,0,,Aggregated,0.000000,0.000000,N/A,N/A,N/A,N/A,N/A,N/A,N/A,N/A,N/A,N/A,N/A,0,0,0,0.0,0,0,0
1778532361,0,,Aggregated,0.000000,0.000000,N/A,N/A,N/A,N/A,N/A,N/A,N/A,N/A,N/A,N/A,N/A,0,0,0,0.0,0,0,0
1778532362,0,,Aggregated,0.000000,0.000000,N/A,N/A,N/A,N/A,N/A,N/A,N/A,N/A,N/A,N/A,N/A,0,0,0,0.0,0,0,0
1778532363,0,,Aggregated,0.000000,0.000000,N/A,N/A,N/A,N/A,N/A,N/A,N/A,N/A,N/A,N/A,N/A,0,0,0,0.0,0,0,0
1778532364,0,,Aggregated,0.000000,0.000000,N/A,N/A,N/A,N/A,N/A,N/A,N/A,N/A,N/A,N/A,N/A,0,0,0,0.0,0,0,0
1778532365,0,,Aggregated,0.000000,0.000000,N/A,N/A,N/A,N/A,N/A,N/A,N/A,N/A,N/A,N/A,N/A,0,0,0,0.0,0,0,0
1778532366,0,,Aggregated,0.000000,0.000000,N/A,N/A,N/A,N/A,N/A,N/A,N/A,N/A,N/A,N/A,N/A,0,0,0,0.0,0,0,0
1778532367,0,,Aggregated,0.000000,0.000000,N/A,N/A,N/A,N/A,N/A,N/A,N/A,N/A,N/A,N/A,N/A,0,0,0,0.0,0,0,0
1778532368,0,,Aggregated,0.000000,0.000000,N/A,N/A,N/A,N/A,N/A,N/A,N/A,N/A,N/A,N/A,N/A,0,0,0,0.0,0,0,0
1778532369,0,,Aggregated,0.000000,0.000000,N/A,N/A,N/A,N/A,N/A,N/A,N/A,N/A,N/A,N/A,N/A,0,0,0,0.0,0,0,0
1778532370,0,,Aggregated,0.000000,0.000000,N/A,N/A,N/A,N/A,N/A,N/A,N/A,N/A,N/A,N/A,N/A,0,0,0,0.0,0,0,0
1778532371,0,,Aggregated,0.000000,0.000000,N/A,N/A,N/A,N/A,N/A,N/A,N/A,N/A,N/A,N/A,N/A,0,0,0,0.0,0,0,0
1778532372,0,,Aggregated,0.000000,0.000000,N/A,N/A,N/A,N/A,N/A,N/A,N/A,N/A,N/A,N/A,N/A,0,0,0,0.0,0,0,0
1778532373,0,,Aggregated,0.000000,0.000000,N/A,N/A,N/A,N/A,N/A,N/A,N/A,N/A,N/A,N/A,N/A,0,0,0,0.0,0,0,0
1778532374,0,,Aggregated,0.000000,0.000000,N/A,N/A,N/A,N/A,N/A,N/A,N/A,N/A,N/A,N/A,N/A,0,0,0,0.0,0,0,0
1778532375,0,,Aggregated,0.000000,0.000000,N/A,N/A,N/A,N/A,N/A,N/A,N/A,N/A,N/A,N/A,N/A,0,0,0,0.0,0,0,0
1778532376,0,,Aggregated,0.000000,0.000000,N/A,N/A,N/A,N/A,N/A,N/A,N/A,N/A,N/A,N/A,N/A,0,0,0,0.0,0,0,0
1778532377,0,,Aggregated,0.000000,0.000000,N/A,N/A,N/A,N/A,N/A,N/A,N/A,N/A,N/A,N/A,N/A,0,0,0,0.0,0,0,0
1778532378,0,,Aggregated,0.000000,0.000000,N/A,N/A,N/A,N/A,N/A,N/A,N/A,N/A,N/A,N/A,N/A,0,0,0,0.0,0,0,0
1778532379,0,,Aggregated,0.000000,0.000000,N/A,N/A,N/A,N/A,N/A,N/A,N/A,N/A,N/A,N/A,N/A,0,0,0,0.0,0,0,0
1778532380,0,,Aggregated,0.000000,0.000000,N/A,N/A,N/A,N/A,N/A,N/A,N/A,N/A,N/A,N/A,N/A,0,0,0,0.0,0,0,0
1778532381,0,,Aggregated,0.000000,0.000000,N/A,N/A,N/A,N/A,N/A,N/A,N/A,N/A,N/A,N/A,N/A,0,0,0,0.0,0,0,0
1778532382,0,,Aggregated,0.000000,0.000000,N/A,N/A,N/A,N/A,N/A,N/A,N/A,N/A,N/A,N/A,N/A,0,0,0,0.0,0,0,0
1778532383,0,,Aggregated,0.000000,0.000000,N/A,N/A,N/A,N/A,N/A,N/A,N/A,N/A,N/A,N/A,N/A,0,0,0,0.0,0,0,0
1778532384,0,,Aggregated,0.000000,0.000000,N/A,N/A,N/A,N/A,N/A,N/A,N/A,N/A,N/A,N/A,N/A,0,0,0,0.0,0,0,0
1778532385,0,,Aggregated,0.000000,0.000000,N/A,N/A,N/A,N/A,N/A,N/A,N/A,N/A,N/A,N/A,N/A,0,0,0,0.0,0,0,0
1778532386,0,,Aggregated,0.000000,0.000000,N/A,N/A,N/A,N/A,N/A,N/A,N/A,N/A,N/A,N/A,N/A,0,0,0,0.0,0,0,0
1778532387,0,,Aggregated,0.000000,0.000000,N/A,N/A,N/A,N/A,N/A,N/A,N/A,N/A,N/A,N/A,N/A,0,0,0,0.0,0,0,0
1778532388,0,,Aggregated,0.000000,0.000000,N/A,N/A,N/A,N/A,N/A,N/A,N/A,N/A,N/A,N/A,N/A,0,0,0,0.0,0,0,0
1778532389,0,,Aggregated,0.000000,0.000000,N/A,N/A,N/A,N/A,N/A,N/A,N/A,N/A,N/A,N/A,N/A,0,0,0,0.0,0,0,0
1778532390,0,,Aggregated,0.000000,0.000000,N/A,N/A,N/A,N/A,N/A,N/A,N/A,N/A,N/A,N/A,N/A,0,0,0,0.0,0,0,0
1778532391,0,,Aggregated,0.000000,0.000000,N/A,N/A,N/A,N/A,N/A,N/A,N/A,N/A,N/A,N/A,N/A,0,0,0,0.0,0,0,0
1778532392,0,,Aggregated,0.000000,0.000000,N/A,N/A,N/A,N/A,N/A,N/A,N/A,N/A,N/A,N/A,N/A,0,0,0,0.0,0,0,0
1778532393,0,,Aggregated,0.000000,0.000000,N/A,N/A,N/A,N/A,N/A,N/A,N/A,N/A,N/A,N/A,N/A,0,0,0,0.0,0,0,0
1778532394,0,,Aggregated,0.000000,0.000000,N/A,N/A,N/A,N/A,N/A,N/A,N/A,N/A,N/A,N/A,N/A,0,0,0,0.0,0,0,0
1778532395,0,,Aggregated,0.000000,0.000000,N/A,N/A,N/A,N/A,N/A,N/A,N/A,N/A,N/A,N/A,N/A,0,0,0,0.0,0,0,0
1778532396,0,,Aggregated,0.000000,0.000000,N/A,N/A,N/A,N/A,N/A,N/A,N/A,N/A,N/A,N/A,N/A,0,0,0,0.0,0,0,0
1778532397,0,,Aggregated,0.000000,0.000000,N/A,N/A,N/A,N/A,N/A,N/A,N/A,N/A,N/A,N/A,N/A,0,0,0,0.0,0,0,0
1778532398,0,,Aggregated,0.000000,0.000000,N/A,N/A,N/A,N/A,N/A,N/A,N/A,N/A,N/A,N/A,N/A,0,0,0,0.0,0,0,0
1778532399,0,,Aggregated,0.000000,0.000000,N/A,N/A,N/A,N/A,N/A,N/A,N/A,N/A,N/A,N/A,N/A,0,0,0,0.0,0,0,0
1778532400,0,,Aggregated,0.000000,0.000000,N/A,N/A,N/A,N/A,N/A,N/A,N/A,N/A,N/A,N/A,N/A,0,0,0,0.0,0,0,0
1778532401,0,,Aggregated,0.000000,0.000000,N/A,N/A,N/A,N/A,N/A,N/A,N/A,N/A,N/A,N/A,N/A,0,0,0,0.0,0,0,0
1778532402,0,,Aggregated,0.000000,0.000000,N/A,N/A,N/A,N/A,N/A,N/A,N/A,N/A,N/A,N/A,N/A,0,0,0,0.0,0,0,0
1778532403,0,,Aggregated,0.000000,0.000000,N/A,N/A,N/A,N/A,N/A,N/A,N/A,N/A,N/A,N/A,N/A,0,0,0,0.0,0,0,0
1778532404,0,,Aggregated,0.000000,0.000000,N/A,N/A,N/A,N/A,N/A,N/A,N/A,N/A,N/A,N/A,N/A,0,0,0,0.0,0,0,0
1778532405,0,,Aggregated,0.000000,0.000000,N/A,N/A,N/A,N/A,N/A,N/A,N/A,N/A,N/A,N/A,N/A,0,0,0,0.0,0,0,0
1778532406,0,,Aggregated,0.000000,0.000000,N/A,N/A,N/A,N/A,N/A,N/A,N/A,N/A,N/A,N/A,N/A,0,0,0,0.0,0,0,0
1778532407,0,,Aggregated,0.000000,0.000000,N/A,N/A,N/A,N/A,N/A,N/A,N/A,N/A,N/A,N/A,N/A,0,0,0,0.0,0,0,0
1778532408,0,,Aggregated,0.000000,0.000000,N/A,N/A,N/A,N/A,N/A,N/A,N/A,N/A,N/A,N/A,N/A,0,0,0,0.0,0,0,0
1778532409,0,,Aggregated,0.000000,0.000000,N/A,N/A,N/A,N/A,N/A,N/A,N/A,N/A,N/A,N/A,N/A,0,0,0,0.0,0,0,0
1778532410,0,,Aggregated,0.000000,0.000000,N/A,N/A,N/A,N/A,N/A,N/A,N/A,N/A,N/A,N/A,N/A,0,0,0,0.0,0,0,0
1778532411,0,,Aggregated,0.000000,0.000000,N/A,N/A,N/A,N/A,N/A,N/A,N/A,N/A,N/A,N/A,N/A,0,0,0,0.0,0,0,0
1778532412,0,,Aggregated,0.000000,0.000000,N/A,N/A,N/A,N/A,N/A,N/A,N/A,N/A,N/A,N/A,N/A,0,0,0,0.0,0,0,0
1778532413,0,,Aggregated,0.000000,0.000000,N/A,N/A,N/A,N/A,N/A,N/A,N/A,N/A,N/A,N/A,N/A,0,0,0,0.0,0,0,0
1778532414,0,,Aggregated,0.000000,0.000000,N/A,N/A,N/A,N/A,N/A,N/A,N/A,N/A,N/A,N/A,N/A,0,0,0,0.0,0,0,0
1778532415,0,,Aggregated,0.000000,0.000000,N/A,N/A,N/A,N/A,N/A,N/A,N/A,N/A,N/A,N/A,N/A,0,0,0,0.0,0,0,0
1778532416,0,,Aggregated,0.000000,0.000000,N/A,N/A,N/A,N/A,N/A,N/A,N/A,N/A,N/A,N/A,N/A,0,0,0,0.0,0,0,0
1778532417,0,,Aggregated,0.000000,0.000000,N/A,N/A,N/A,N/A,N/A,N/A,N/A,N/A,N/A,N/A,N/A,0,0,0,0.0,0,0,0
1778532418,0,,Aggregated,0.000000,0.000000,N/A,N/A,N/A,N/A,N/A,N/A,N/A,N/A,N/A,N/A,N/A,0,0,0,0.0,0,0,0
1778532419,0,,Aggregated,0.000000,0.000000,N/A,N/A,N/A,N/A,N/A,N/A,N/A,N/A,N/A,N/A,N/A,0,0,0,0.0,0,0,0
1778532420,0,,Aggregated,0.000000,0.000000,N/A,N/A,N/A,N/A,N/A,N/A,N/A,N/A,N/A,N/A,N/A,0,0,0,0.0,0,0,0
1778532421,0,,Aggregated,0.000000,0.000000,N/A,N/A,N/A,N/A,N/A,N/A,N/A,N/A,N/A,N/A,N/A,0,0,0,0.0,0,0,0
1778532422,0,,Aggregated,0.000000,0.000000,N/A,N/A,N/A,N/A,N/A,N/A,N/A,N/A,N/A,N/A,N/A,0,0,0,0.0,0,0,0
1778532423,0,,Aggregated,0.000000,0.000000,N/A,N/A,N/A,N/A,N/A,N/A,N/A,N/A,N/A,N/A,N/A,0,0,0,0.0,0,0,0
1778532424,0,,Aggregated,0.000000,0.000000,N/A,N/A,N/A,N/A,N/A,N/A,N/A,N/A,N/A,N/A,N/A,0,0,0,0.0,0,0,0
1778532425,0,,Aggregated,0.000000,0.000000,N/A,N/A,N/A,N/A,N/A,N/A,N/A,N/A,N/A,N/A,N/A,0,0,0,0.0,0,0,0
1778532426,0,,Aggregated,0.000000,0.000000,N/A,N/A,N/A,N/A,N/A,N/A,N/A,N/A,N/A,N/A,N/A,0,0,0,0.0,0,0,0
1778532427,0,,Aggregated,0.000000,0.000000,N/A,N/A,N/A,N/A,N/A,N/A,N/A,N/A,N/A,N/A,N/A,0,0,0,0.0,0,0,0
1778532428,0,,Aggregated,0.000000,0.000000,N/A,N/A,N/A,N/A,N/A,N/A,N/A,N/A,N/A,N/A,N/A,0,0,0,0.0,0,0,0
1778532429,0,,Aggregated,0.000000,0.000000,N/A,N/A,N/A,N/A,N/A,N/A,N/A,N/A,N/A,N/A,N/A,0,0,0,0.0,0,0,0
1778532430,0,,Aggregated,0.000000,0.000000,N/A,N/A,N/A,N/A,N/A,N/A,N/A,N/A,N/A,N/A,N/A,0,0,0,0.0,0,0,0
1778532431,0,,Aggregated,0.000000,0.000000,N/A,N/A,N/A,N/A,N/A,N/A,N/A,N/A,N/A,N/A,N/A,0,0,0,0.0,0,0,0
1778532432,0,,Aggregated,0.000000,0.000000,N/A,N/A,N/A,N/A,N/A,N/A,N/A,N/A,N/A,N/A,N/A,0,0,0,0.0,0,0,0
1778532433,0,,Aggregated,0.000000,0.000000,N/A,N/A,N/A,N/A,N/A,N/A,N/A,N/A,N/A,N/A,N/A,0,0,0,0.0,0,0,0
1778532434,0,,Aggregated,0.000000,0.000000,N/A,N/A,N/A,N/A,N/A,N/A,N/A,N/A,N/A,N/A,N/A,0,0,0,0.0,0,0,0
1778532435,0,,Aggregated,0.000000,0.000000,N/A,N/A,N/A,N/A,N/A,N/A,N/A,N/A,N/A,N/A,N/A,0,0,0,0.0,0,0,0
1778532436,0,,Aggregated,0.000000,0.000000,N/A,N/A,N/A,N/A,N/A,N/A,N/A,N/A,N/A,N/A,N/A,0,0,0,0.0,0,0,0
1778532437,0,,Aggregated,0.000000,0.000000,N/A,N/A,N/A,N/A,N/A,N/A,N/A,N/A,N/A,N/A,N/A,0,0,0,0.0,0,0,0
1778532438,0,,Aggregated,0.000000,0.000000,N/A,N/A,N/A,N/A,N/A,N/A,N/A,N/A,N/A,N/A,N/A,0,0,0,0.0,0,0,0
1778532439,0,,Aggregated,0.000000,0.000000,N/A,N/A,N/A,N/A,N/A,N/A,N/A,N/A,N/A,N/A,N/A,0,0,0,0.0,0,0,0
1778532440,0,,Aggregated,0.000000,0.000000,N/A,N/A,N/A,N/A,N/A,N/A,N/A,N/A,N/A,N/A,N/A,0,0,0,0.0,0,0,0
1778532441,0,,Aggregated,0.000000,0.000000,N/A,N/A,N/A,N/A,N/A,N/A,N/A,N/A,N/A,N/A,N/A,0,0,0,0.0,0,0,0
1778532442,0,,Aggregated,0.000000,0.000000,N/A,N/A,N/A,N/A,N/A,N/A,N/A,N/A,N/A,N/A,N/A,0,0,0,0.0,0,0,0
1778532443,0,,Aggregated,0.000000,0.000000,N/A,N/A,N/A,N/A,N/A,N/A,N/A,N/A,N/A,N/A,N/A,0,0,0,0.0,0,0,0
1778532444,0,,Aggregated,0.000000,0.000000,N/A,N/A,N/A,N/A,N/A,N/A,N/A,N/A,N/A,N/A,N/A,0,0,0,0.0,0,0,0
1778532445,0,,Aggregated,0.000000,0.000000,N/A,N/A,N/A,N/A,N/A,N/A,N/A,N/A,N/A,N/A,N/A,0,0,0,0.0,0,0,0
1778532446,0,,Aggregated,0.000000,0.000000,N/A,N/A,N/A,N/A,N/A,N/A,N/A,N/A,N/A,N/A,N/A,0,0,0,0.0,0,0,0
1778532447,0,,Aggregated,0.000000,0.000000,N/A,N/A,N/A,N/A,N/A,N/A,N/A,N/A,N/A,N/A,N/A,0,0,0,0.0,0,0,0
1778532448,0,,Aggregated,0.000000,0.000000,N/A,N/A,N/A,N/A,N/A,N/A,N/A,N/A,N/A,N/A,N/A,0,0,0,0.0,0,0,0
1778532449,0,,Aggregated,0.000000,0.000000,N/A,N/A,N/A,N/A,N/A,N/A,N/A,N/A,N/A,N/A,N/A,0,0,0,0.0,0,0,0
1778532450,0,,Aggregated,0.000000,0.000000,N/A,N/A,N/A,N/A,N/A,N/A,N/A,N/A,N/A,N/A,N/A,0,0,0,0.0,0,0,0
1778532451,0,,Aggregated,0.000000,0.000000,N/A,N/A,N/A,N/A,N/A,N/A,N/A,N/A,N/A,N/A,N/A,0,0,0,0.0,0,0,0
1778532452,0,,Aggregated,0.000000,0.000000,N/A,N/A,N/A,N/A,N/A,N/A,N/A,N/A,N/A,N/A,N/A,0,0,0,0.0,0,0,0
1778532453,0,,Aggregated,0.000000,0.000000,N/A,N/A,N/A,N/A,N/A,N/A,N/A,N/A,N/A,N/A,N/A,0,0,0,0.0,0,0,0
1778532454,0,,Aggregated,0.000000,0.000000,N/A,N/A,N/A,N/A,N/A,N/A,N/A,N/A,N/A,N/A,N/A,0,0,0,0.0,0,0,0
1778532455,0,,Aggregated,0.000000,0.000000,N/A,N/A,N/A,N/A,N/A,N/A,N/A,N/A,N/A,N/A,N/A,0,0,0,0.0,0,0,0
1778532456,0,,Aggregated,0.000000,0.000000,N/A,N/A,N/A,N/A,N/A,N/A,N/A,N/A,N/A,N/A,N/A,0,0,0,0.0,0,0,0
1778532457,0,,Aggregated,0.000000,0.000000,N/A,N/A,N/A,N/A,N/A,N/A,N/A,N/A,N/A,N/A,N/A,0,0,0,0.0,0,0,0
1778532458,0,,Aggregated,0.000000,0.000000,N/A,N/A,N/A,N/A,N/A,N/A,N/A,N/A,N/A,N/A,N/A,0,0,0,0.0,0,0,0
1778532459,0,,Aggregated,0.000000,0.000000,N/A,N/A,N/A,N/A,N/A,N/A,N/A,N/A,N/A,N/A,N/A,0,0,0,0.0,0,0,0
1778532460,0,,Aggregated,0.000000,0.000000,N/A,N/A,N/A,N/A,N/A,N/A,N/A,N/A,N/A,N/A,N/A,0,0,0,0.0,0,0,0
1778532461,0,,Aggregated,0.000000,0.000000,N/A,N/A,N/A,N/A,N/A,N/A,N/A,N/A,N/A,N/A,N/A,0,0,0,0.0,0,0,0
1778532462,0,,Aggregated,0.000000,0.000000,N/A,N/A,N/A,N/A,N/A,N/A,N/A,N/A,N/A,N/A,N/A,0,0,0,0.0,0,0,0
1778532463,0,,Aggregated,0.000000,0.000000,N/A,N/A,N/A,N/A,N/A,N/A,N/A,N/A,N/A,N/A,N/A,0,0,0,0.0,0,0,0
1778532464,0,,Aggregated,0.000000,0.000000,N/A,N/A,N/A,N/A,N/A,N/A,N/A,N/A,N/A,N/A,N/A,0,0,0,0.0,0,0,0
1778532465,0,,Aggregated,0.000000,0.000000,N/A,N/A,N/A,N/A,N/A,N/A,N/A,N/A,N/A,N/A,N/A,0,0,0,0.0,0,0,0
1778532466,0,,Aggregated,0.000000,0.000000,N/A,N/A,N/A,N/A,N/A,N/A,N/A,N/A,N/A,N/A,N/A,0,0,0,0.0,0,0,0
1778532467,0,,Aggregated,0.000000,0.000000,N/A,N/A,N/A,N/A,N/A,N/A,N/A,N/A,N/A,N/A,N/A,0,0,0,0.0,0,0,0
1778532468,0,,Aggregated,0.000000,0.000000,N/A,N/A,N/A,N/A,N/A,N/A,N/A,N/A,N/A,N/A,N/A,0,0,0,0.0,0,0,0
1778532469,0,,Aggregated,0.000000,0.000000,N/A,N/A,N/A,N/A,N/A,N/A,N/A,N/A,N/A,N/A,N/A,0,0,0,0.0,0,0,0
1778532470,0,,Aggregated,0.000000,0.000000,N/A,N/A,N/A,N/A,N/A,N/A,N/A,N/A,N/A,N/A,N/A,0,0,0,0.0,0,0,0
1778532471,0,,Aggregated,0.000000,0.000000,N/A,N/A,N/A,N/A,N/A,N/A,N/A,N/A,N/A,N/A,N/A,0,0,0,0.0,0,0,0
1778532472,0,,Aggregated,0.000000,0.000000,N/A,N/A,N/A,N/A,N/A,N/A,N/A,N/A,N/A,N/A,N/A,0,0,0,0.0,0,0,0
1778532473,0,,Aggregated,0.000000,0.000000,N/A,N/A,N/A,N/A,N/A,N/A,N/A,N/A,N/A,N/A,N/A,0,0,0,0.0,0,0,0
1778532474,0,,Aggregated,0.000000,0.000000,N/A,N/A,N/A,N/A,N/A,N/A,N/A,N/A,N/A,N/A,N/A,0,0,0,0.0,0,0,0
1778532475,0,,Aggregated,0.000000,0.000000,N/A,N/A,N/A,N/A,N/A,N/A,N/A,N/A,N/A,N/A,N/A,0,0,0,0.0,0,0,0
1778532476,0,,Aggregated,0.000000,0.000000,N/A,N/A,N/A,N/A,N/A,N/A,N/A,N/A,N/A,N/A,N/A,0,0,0,0.0,0,0,0
1778532477,0,,Aggregated,0.000000,0.000000,N/A,N/A,N/A,N/A,N/A,N/A,N/A,N/A,N/A,N/A,N/A,0,0,0,0.0,0,0,0
1778532478,0,,Aggregated,0.000000,0.000000,N/A,N/A,N/A,N/A,N/A,N/A,N/A,N/A,N/A,N/A,N/A,0,0,0,0.0,0,0,0
1778532479,0,,Aggregated,0.000000,0.000000,N/A,N/A,N/A,N/A,N/A,N/A,N/A,N/A,N/A,N/A,N/A,0,0,0,0.0,0,0,0
1778532480,0,,Aggregated,0.000000,0.000000,N/A,N/A,N/A,N/A,N/A,N/A,N/A,N/A,N/A,N/A,N/A,0,0,0,0.0,0,0,0
1778532481,0,,Aggregated,0.000000,0.000000,N/A,N/A,N/A,N/A,N/A,N/A,N/A,N/A,N/A,N/A,N/A,0,0,0,0.0,0,0,0
1778532482,0,,Aggregated,0.000000,0.000000,N/A,N/A,N/A,N/A,N/A,N/A,N/A,N/A,N/A,N/A,N/A,0,0,0,0.0,0,0,0
1778532483,0,,Aggregated,0.000000,0.000000,N/A,N/A,N/A,N/A,N/A,N/A,N/A,N/A,N/A,N/A,N/A,0,0,0,0.0,0,0,0
1778532484,0,,Aggregated,0.000000,0.000000,N/A,N/A,N/A,N/A,N/A,N/A,N/A,N/A,N/A,N/A,N/A,0,0,0,0.0,0,0,0
1778532485,0,,Aggregated,0.000000,0.000000,N/A,N/A,N/A,N/A,N/A,N/A,N/A,N/A,N/A,N/A,N/A,0,0,0,0.0,0,0,0
1778532486,0,,Aggregated,0.000000,0.000000,N/A,N/A,N/A,N/A,N/A,N/A,N/A,N/A,N/A,N/A,N/A,0,0,0,0.0,0,0,0
1778532487,0,,Aggregated,0.000000,0.000000,N/A,N/A,N/A,N/A,N/A,N/A,N/A,N/A,N/A,N/A,N/A,0,0,0,0.0,0,0,0
1778532488,0,,Aggregated,0.000000,0.000000,N/A,N/A,N/A,N/A,N/A,N/A,N/A,N/A,N/A,N/A,N/A,0,0,0,0.0,0,0,0
1778532489,0,,Aggregated,0.000000,0.000000,N/A,N/A,N/A,N/A,N/A,N/A,N/A,N/A,N/A,N/A,N/A,0,0,0,0.0,0,0,0
1778532490,0,,Aggregated,0.000000,0.000000,N/A,N/A,N/A,N/A,N/A,N/A,N/A,N/A,N/A,N/A,N/A,0,0,0,0.0,0,0,0
1778532491,0,,Aggregated,0.000000,0.000000,N/A,N/A,N/A,N/A,N/A,N/A,N/A,N/A,N/A,N/A,N/A,0,0,0,0.0,0,0,0
1778532492,0,,Aggregated,0.000000,0.000000,N/A,N/A,N/A,N/A,N/A,N/A,N/A,N/A,N/A,N/A,N/A,0,0,0,0.0,0,0,0
1778532493,0,,Aggregated,0.000000,0.000000,N/A,N/A,N/A,N/A,N/A,N/A,N/A,N/A,N/A,N/A,N/A,0,0,0,0.0,0,0,0
1778532494,0,,Aggregated,0.000000,0.000000,N/A,N/A,N/A,N/A,N/A,N/A,N/A,N/A,N/A,N/A,N/A,0,0,0,0.0,0,0,0
1778532495,0,,Aggregated,0.000000,0.000000,N/A,N/A,N/A,N/A,N/A,N/A,N/A,N/A,N/A,N/A,N/A,0,0,0,0.0,0,0,0
1778532496,0,,Aggregated,0.000000,0.000000,N/A,N/A,N/A,N/A,N/A,N/A,N/A,N/A,N/A,N/A,N/A,0,0,0,0.0,0,0,0
1778532497,0,,Aggregated,0.000000,0.000000,N/A,N/A,N/A,N/A,N/A,N/A,N/A,N/A,N/A,N/A,N/A,0,0,0,0.0,0,0,0
1778532498,0,,Aggregated,0.000000,0.000000,N/A,N/A,N/A,N/A,N/A,N/A,N/A,N/A,N/A,N/A,N/A,0,0,0,0.0,0,0,0
1778532499,0,,Aggregated,0.000000,0.000000,N/A,N/A,N/A,N/A,N/A,N/A,N/A,N/A,N/A,N/A,N/A,0,0,0,0.0,0,0,0
1778532500,0,,Aggregated,0.000000,0.000000,N/A,N/A,N/A,N/A,N/A,N/A,N/A,N/A,N/A,N/A,N/A,0,0,0,0.0,0,0,0
1778532501,0,,Aggregated,0.000000,0.000000,N/A,N/A,N/A,N/A,N/A,N/A,N/A,N/A,N/A,N/A,N/A,0,0,0,0.0,0,0,0
1778532502,0,,Aggregated,0.000000,0.000000,N/A,N/A,N/A,N/A,N/A,N/A,N/A,N/A,N/A,N/A,N/A,0,0,0,0.0,0,0,0
1778532503,0,,Aggregated,0.000000,0.000000,N/A,N/A,N/A,N/A,N/A,N/A,N/A,N/A,N/A,N/A,N/A,0,0,0,0.0,0,0,0
1778532504,0,,Aggregated,0.000000,0.000000,N/A,N/A,N/A,N/A,N/A,N/A,N/A,N/A,N/A,N/A,N/A,0,0,0,0.0,0,0,0
1778532505,0,,Aggregated,0.000000,0.000000,N/A,N/A,N/A,N/A,N/A,N/A,N/A,N/A,N/A,N/A,N/A,0,0,0,0.0,0,0,0
1778532506,0,,Aggregated,0.000000,0.000000,N/A,N/A,N/A,N/A,N/A,N/A,N/A,N/A,N/A,N/A,N/A,0,0,0,0.0,0,0,0
1778532507,0,,Aggregated,0.000000,0.000000,N/A,N/A,N/A,N/A,N/A,N/A,N/A,N/A,N/A,N/A,N/A,0,0,0,0.0,0,0,0
1778532508,0,,Aggregated,0.000000,0.000000,N/A,N/A,N/A,N/A,N/A,N/A,N/A,N/A,N/A,N/A,N/A,0,0,0,0.0,0,0,0
1778532509,0,,Aggregated,0.000000,0.000000,N/A,N/A,N/A,N/A,N/A,N/A,N/A,N/A,N/A,N/A,N/A,0,0,0,0.0,0,0,0
1778532510,0,,Aggregated,0.000000,0.000000,N/A,N/A,N/A,N/A,N/A,N/A,N/A,N/A,N/A,N/A,N/A,0,0,0,0.0,0,0,0
1778532511,0,,Aggregated,0.000000,0.000000,N/A,N/A,N/A,N/A,N/A,N/A,N/A,N/A,N/A,N/A,N/A,0,0,0,0.0,0,0,0
1778532512,0,,Aggregated,0.000000,0.000000,N/A,N/A,N/A,N/A,N/A,N/A,N/A,N/A,N/A,N/A,N/A,0,0,0,0.0,0,0,0
1778532513,0,,Aggregated,0.000000,0.000000,N/A,N/A,N/A,N/A,N/A,N/A,N/A,N/A,N/A,N/A,N/A,0,0,0,0.0,0,0,0
1778532514,0,,Aggregated,0.000000,0.000000,N/A,N/A,N/A,N/A,N/A,N/A,N/A,N/A,N/A,N/A,N/A,0,0,0,0.0,0,0,0
1778532515,0,,Aggregated,0.000000,0.000000,N/A,N/A,N/A,N/A,N/A,N/A,N/A,N/A,N/A,N/A,N/A,0,0,0,0.0,0,0,0
1778532516,0,,Aggregated,0.000000,0.000000,N/A,N/A,N/A,N/A,N/A,N/A,N/A,N/A,N/A,N/A,N/A,0,0,0,0.0,0,0,0
1778532517,0,,Aggregated,0.000000,0.000000,N/A,N/A,N/A,N/A,N/A,N/A,N/A,N/A,N/A,N/A,N/A,0,0,0,0.0,0,0,0
1778532518,0,,Aggregated,0.000000,0.000000,N/A,N/A,N/A,N/A,N/A,N/A,N/A,N/A,N/A,N/A,N/A,0,0,0,0.0,0,0,0
1778532519,0,,Aggregated,0.000000,0.000000,N/A,N/A,N/A,N/A,N/A,N/A,N/A,N/A,N/A,N/A,N/A,0,0,0,0.0,0,0,0
1778532520,0,,Aggregated,0.000000,0.000000,N/A,N/A,N/A,N/A,N/A,N/A,N/A,N/A,N/A,N/A,N/A,0,0,0,0.0,0,0,0
1778532521,0,,Aggregated,0.000000,0.000000,N/A,N/A,N/A,N/A,N/A,N/A,N/A,N/A,N/A,N/A,N/A,0,0,0,0.0,0,0,0
1778532522,0,,Aggregated,0.000000,0.000000,N/A,N/A,N/A,N/A,N/A,N/A,N/A,N/A,N/A,N/A,N/A,0,0,0,0.0,0,0,0
1778532523,0,,Aggregated,0.000000,0.000000,N/A,N/A,N/A,N/A,N/A,N/A,N/A,N/A,N/A,N/A,N/A,0,0,0,0.0,0,0,0
1778532524,0,,Aggregated,0.000000,0.000000,N/A,N/A,N/A,N/A,N/A,N/A,N/A,N/A,N/A,N/A,N/A,0,0,0,0.0,0,0,0
1778532525,0,,Aggregated,0.000000,0.000000,N/A,N/A,N/A,N/A,N/A,N/A,N/A,N/A,N/A,N/A,N/A,0,0,0,0.0,0,0,0
1778532526,0,,Aggregated,0.000000,0.000000,N/A,N/A,N/A,N/A,N/A,N/A,N/A,N/A,N/A,N/A,N/A,0,0,0,0.0,0,0,0
1778532527,0,,Aggregated,0.000000,0.000000,N/A,N/A,N/A,N/A,N/A,N/A,N/A,N/A,N/A,N/A,N/A,0,0,0,0.0,0,0,0
1778532528,0,,Aggregated,0.000000,0.000000,N/A,N/A,N/A,N/A,N/A,N/A,N/A,N/A,N/A,N/A,N/A,0,0,0,0.0,0,0,0
1778532529,0,,Aggregated,0.000000,0.000000,N/A,N/A,N/A,N/A,N/A,N/A,N/A,N/A,N/A,N/A,N/A,0,0,0,0.0,0,0,0
1778532530,0,,Aggregated,0.000000,0.000000,N/A,N/A,N/A,N/A,N/A,N/A,N/A,N/A,N/A,N/A,N/A,0,0,0,0.0,0,0,0
1778532531,0,,Aggregated,0.000000,0.000000,N/A,N/A,N/A,N/A,N/A,N/A,N/A,N/A,N/A,N/A,N/A,0,0,0,0.0,0,0,0
1778532532,0,,Aggregated,0.000000,0.000000,N/A,N/A,N/A,N/A,N/A,N/A,N/A,N/A,N/A,N/A,N/A,0,0,0,0.0,0,0,0
1778532533,0,,Aggregated,0.000000,0.000000,N/A,N/A,N/A,N/A,N/A,N/A,N/A,N/A,N/A,N/A,N/A,0,0,0,0.0,0,0,0
1778532534,0,,Aggregated,0.000000,0.000000,N/A,N/A,N/A,N/A,N/A,N/A,N/A,N/A,N/A,N/A,N/A,0,0,0,0.0,0,0,0
1778532535,0,,Aggregated,0.000000,0.000000,N/A,N/A,N/A,N/A,N/A,N/A,N/A,N/A,N/A,N/A,N/A,0,0,0,0.0,0,0,0
1778532536,0,,Aggregated,0.000000,0.000000,N/A,N/A,N/A,N/A,N/A,N/A,N/A,N/A,N/A,N/A,N/A,0,0,0,0.0,0,0,0
1778532537,0,,Aggregated,0.000000,0.000000,N/A,N/A,N/A,N/A,N/A,N/A,N/A,N/A,N/A,N/A,N/A,0,0,0,0.0,0,0,0
1778532538,0,,Aggregated,0.000000,0.000000,N/A,N/A,N/A,N/A,N/A,N/A,N/A,N/A,N/A,N/A,N/A,0,0,0,0.0,0,0,0
1778532539,0,,Aggregated,0.000000,0.000000,N/A,N/A,N/A,N/A,N/A,N/A,N/A,N/A,N/A,N/A,N/A,0,0,0,0.0,0,0,0
1778532540,0,,Aggregated,0.000000,0.000000,N/A,N/A,N/A,N/A,N/A,N/A,N/A,N/A,N/A,N/A,N/A,0,0,0,0.0,0,0,0
1778532541,0,,Aggregated,0.000000,0.000000,N/A,N/A,N/A,N/A,N/A,N/A,N/A,N/A,N/A,N/A,N/A,0,0,0,0.0,0,0,0
1778532542,0,,Aggregated,0.000000,0.000000,N/A,N/A,N/A,N/A,N/A,N/A,N/A,N/A,N/A,N/A,N/A,0,0,0,0.0,0,0,0
1778532543,0,,Aggregated,0.000000,0.000000,N/A,N/A,N/A,N/A,N/A,N/A,N/A,N/A,N/A,N/A,N/A,0,0,0,0.0,0,0,0
1778532544,0,,Aggregated,0.000000,0.000000,N/A,N/A,N/A,N/A,N/A,N/A,N/A,N/A,N/A,N/A,N/A,0,0,0,0.0,0,0,0
1778532545,0,,Aggregated,0.000000,0.000000,N/A,N/A,N/A,N/A,N/A,N/A,N/A,N/A,N/A,N/A,N/A,0,0,0,0.0,0,0,0
1778532546,0,,Aggregated,0.000000,0.000000,N/A,N/A,N/A,N/A,N/A,N/A,N/A,N/A,N/A,N/A,N/A,0,0,0,0.0,0,0,0
1778532547,0,,Aggregated,0.000000,0.000000,N/A,N/A,N/A,N/A,N/A,N/A,N/A,N/A,N/A,N/A,N/A,0,0,0,0.0,0,0,0
1778532548,0,,Aggregated,0.000000,0.000000,N/A,N/A,N/A,N/A,N/A,N/A,N/A,N/A,N/A,N/A,N/A,0,0,0,0.0,0,0,0
1778532549,0,,Aggregated,0.000000,0.000000,N/A,N/A,N/A,N/A,N/A,N/A,N/A,N/A,N/A,N/A,N/A,0,0,0,0.0,0,0,0
1778532550,0,,Aggregated,0.000000,0.000000,N/A,N/A,N/A,N/A,N/A,N/A,N/A,N/A,N/A,N/A,N/A,0,0,0,0.0,0,0,0
1778532551,0,,Aggregated,0.000000,0.000000,N/A,N/A,N/A,N/A,N/A,N/A,N/A,N/A,N/A,N/A,N/A,0,0,0,0.0,0,0,0
1778532552,0,,Aggregated,0.000000,0.000000,N/A,N/A,N/A,N/A,N/A,N/A,N/A,N/A,N/A,N/A,N/A,0,0,0,0.0,0,0,0
1778532553,0,,Aggregated,0.000000,0.000000,N/A,N/A,N/A,N/A,N/A,N/A,N/A,N/A,N/A,N/A,N/A,0,0,0,0.0,0,0,0
1778532554,0,,Aggregated,0.000000,0.000000,N/A,N/A,N/A,N/A,N/A,N/A,N/A,N/A,N/A,N/A,N/A,0,0,0,0.0,0,0,0
1778532555,0,,Aggregated,0.000000,0.000000,N/A,N/A,N/A,N/A,N/A,N/A,N/A,N/A,N/A,N/A,N/A,0,0,0,0.0,0,0,0
1778532556,0,,Aggregated,0.000000,0.000000,N/A,N/A,N/A,N/A,N/A,N/A,N/A,N/A,N/A,N/A,N/A,0,0,0,0.0,0,0,0
1778532557,0,,Aggregated,0.000000,0.000000,N/A,N/A,N/A,N/A,N/A,N/A,N/A,N/A,N/A,N/A,N/A,0,0,0,0.0,0,0,0
1778532558,0,,Aggregated,0.000000,0.000000,N/A,N/A,N/A,N/A,N/A,N/A,N/A,N/A,N/A,N/A,N/A,0,0,0,0.0,0,0,0
1778532559,0,,Aggregated,0.000000,0.000000,N/A,N/A,N/A,N/A,N/A,N/A,N/A,N/A,N/A,N/A,N/A,0,0,0,0.0,0,0,0
1778532560,0,,Aggregated,0.000000,0.000000,N/A,N/A,N/A,N/A,N/A,N/A,N/A,N/A,N/A,N/A,N/A,0,0,0,0.0,0,0,0
1778532561,0,,Aggregated,0.000000,0.000000,N/A,N/A,N/A,N/A,N/A,N/A,N/A,N/A,N/A,N/A,N/A,0,0,0,0.0,0,0,0
1778532562,0,,Aggregated,0.000000,0.000000,N/A,N/A,N/A,N/A,N/A,N/A,N/A,N/A,N/A,N/A,N/A,0,0,0,0.0,0,0,0
1778532563,0,,Aggregated,0.000000,0.000000,N/A,N/A,N/A,N/A,N/A,N/A,N/A,N/A,N/A,N/A,N/A,0,0,0,0.0,0,0,0
1778532564,0,,Aggregated,0.000000,0.000000,N/A,N/A,N/A,N/A,N/A,N/A,N/A,N/A,N/A,N/A,N/A,0,0,0,0.0,0,0,0
1778532565,0,,Aggregated,0.000000,0.000000,N/A,N/A,N/A,N/A,N/A,N/A,N/A,N/A,N/A,N/A,N/A,0,0,0,0.0,0,0,0
1778532566,0,,Aggregated,0.000000,0.000000,N/A,N/A,N/A,N/A,N/A,N/A,N/A,N/A,N/A,N/A,N/A,0,0,0,0.0,0,0,0
1778532567,0,,Aggregated,0.000000,0.000000,N/A,N/A,N/A,N/A,N/A,N/A,N/A,N/A,N/A,N/A,N/A,0,0,0,0.0,0,0,0
1778532568,0,,Aggregated,0.000000,0.000000,N/A,N/A,N/A,N/A,N/A,N/A,N/A,N/A,N/A,N/A,N/A,0,0,0,0.0,0,0,0
1778532569,0,,Aggregated,0.000000,0.000000,N/A,N/A,N/A,N/A,N/A,N/A,N/A,N/A,N/A,N/A,N/A,0,0,0,0.0,0,0,0
1778532570,0,,Aggregated,0.000000,0.000000,N/A,N/A,N/A,N/A,N/A,N/A,N/A,N/A,N/A,N/A,N/A,0,0,0,0.0,0,0,0
1778532571,0,,Aggregated,0.000000,0.000000,N/A,N/A,N/A,N/A,N/A,N/A,N/A,N/A,N/A,N/A,N/A,0,0,0,0.0,0,0,0
1778532572,0,,Aggregated,0.000000,0.000000,N/A,N/A,N/A,N/A,N/A,N/A,N/A,N/A,N/A,N/A,N/A,0,0,0,0.0,0,0,0
1778532573,0,,Aggregated,0.000000,0.000000,N/A,N/A,N/A,N/A,N/A,N/A,N/A,N/A,N/A,N/A,N/A,0,0,0,0.0,0,0,0
1778532574,0,,Aggregated,0.000000,0.000000,N/A,N/A,N/A,N/A,N/A,N/A,N/A,N/A,N/A,N/A,N/A,0,0,0,0.0,0,0,0
1778532575,0,,Aggregated,0.000000,0.000000,N/A,N/A,N/A,N/A,N/A,N/A,N/A,N/A,N/A,N/A,N/A,0,0,0,0.0,0,0,0
1778532576,0,,Aggregated,0.000000,0.000000,N/A,N/A,N/A,N/A,N/A,N/A,N/A,N/A,N/A,N/A,N/A,0,0,0,0.0,0,0,0
1778532577,0,,Aggregated,0.000000,0.000000,N/A,N/A,N/A,N/A,N/A,N/A,N/A,N/A,N/A,N/A,N/A,0,0,0,0.0,0,0,0
1778532578,0,,Aggregated,0.000000,0.000000,N/A,N/A,N/A,N/A,N/A,N/A,N/A,N/A,N/A,N/A,N/A,0,0,0,0.0,0,0,0
1778532579,0,,Aggregated,0.000000,0.000000,N/A,N/A,N/A,N/A,N/A,N/A,N/A,N/A,N/A,N/A,N/A,0,0,0,0.0,0,0,0
1778532580,0,,Aggregated,0.000000,0.000000,N/A,N/A,N/A,N/A,N/A,N/A,N/A,N/A,N/A,N/A,N/A,0,0,0,0.0,0,0,0
1778532581,0,,Aggregated,0.000000,0.000000,N/A,N/A,N/A,N/A,N/A,N/A,N/A,N/A,N/A,N/A,N/A,0,0,0,0.0,0,0,0
1778532582,0,,Aggregated,0.000000,0.000000,N/A,N/A,N/A,N/A,N/A,N/A,N/A,N/A,N/A,N/A,N/A,0,0,0,0.0,0,0,0
1778532583,0,,Aggregated,0.000000,0.000000,N/A,N/A,N/A,N/A,N/A,N/A,N/A,N/A,N/A,N/A,N/A,0,0,0,0.0,0,0,0
1778532584,0,,Aggregated,0.000000,0.000000,N/A,N/A,N/A,N/A,N/A,N/A,N/A,N/A,N/A,N/A,N/A,0,0,0,0.0,0,0,0
1778532585,0,,Aggregated,0.000000,0.000000,N/A,N/A,N/A,N/A,N/A,N/A,N/A,N/A,N/A,N/A,N/A,0,0,0,0.0,0,0,0
1778532586,0,,Aggregated,0.000000,0.000000,N/A,N/A,N/A,N/A,N/A,N/A,N/A,N/A,N/A,N/A,N/A,0,0,0,0.0,0,0,0
1778532587,0,,Aggregated,0.000000,0.000000,N/A,N/A,N/A,N/A,N/A,N/A,N/A,N/A,N/A,N/A,N/A,0,0,0,0.0,0,0,0
1778532588,0,,Aggregated,0.000000,0.000000,N/A,N/A,N/A,N/A,N/A,N/A,N/A,N/A,N/A,N/A,N/A,0,0,0,0.0,0,0,0
1778532589,0,,Aggregated,0.000000,0.000000,N/A,N/A,N/A,N/A,N/A,N/A,N/A,N/A,N/A,N/A,N/A,0,0,0,0.0,0,0,0
1778532590,0,,Aggregated,0.000000,0.000000,N/A,N/A,N/A,N/A,N/A,N/A,N/A,N/A,N/A,N/A,N/A,0,0,0,0.0,0,0,0
1778532591,0,,Aggregated,0.000000,0.000000,N/A,N/A,N/A,N/A,N/A,N/A,N/A,N/A,N/A,N/A,N/A,0,0,0,0.0,0,0,0
1778532592,0,,Aggregated,0.000000,0.000000,N/A,N/A,N/A,N/A,N/A,N/A,N/A,N/A,N/A,N/A,N/A,0,0,0,0.0,0,0,0
1778532593,0,,Aggregated,0.000000,0.000000,N/A,N/A,N/A,N/A,N/A,N/A,N/A,N/A,N/A,N/A,N/A,0,0,0,0.0,0,0,0
1778532594,0,,Aggregated,0.000000,0.000000,N/A,N/A,N/A,N/A,N/A,N/A,N/A,N/A,N/A,N/A,N/A,0,0,0,0.0,0,0,0
1778532595,0,,Aggregated,0.000000,0.000000,N/A,N/A,N/A,N/A,N/A,N/A,N/A,N/A,N/A,N/A,N/A,0,0,0,0.0,0,0,0
1778532596,0,,Aggregated,0.000000,0.000000,N/A,N/A,N/A,N/A,N/A,N/A,N/A,N/A,N/A,N/A,N/A,0,0,0,0.0,0,0,0
1778532597,0,,Aggregated,0.000000,0.000000,N/A,N/A,N/A,N/A,N/A,N/A,N/A,N/A,N/A,N/A,N/A,0,0,0,0.0,0,0,0
1778532598,0,,Aggregated,0.000000,0.000000,N/A,N/A,N/A,N/A,N/A,N/A,N/A,N/A,N/A,N/A,N/A,0,0,0,0.0,0,0,0
1778532599,0,,Aggregated,0.000000,0.000000,N/A,N/A,N/A,N/A,N/A,N/A,N/A,N/A,N/A,N/A,N/A,0,0,0,0.0,0,0,0
1778532600,0,,Aggregated,0.000000,0.000000,N/A,N/A,N/A,N/A,N/A,N/A,N/A,N/A,N/A,N/A,N/A,0,0,0,0.0,0,0,0
1778532601,0,,Aggregated,0.000000,0.000000,N/A,N/A,N/A,N/A,N/A,N/A,N/A,N/A,N/A,N/A,N/A,0,0,0,0.0,0,0,0
1778532602,0,,Aggregated,0.000000,0.000000,N/A,N/A,N/A,N/A,N/A,N/A,N/A,N/A,N/A,N/A,N/A,0,0,0,0.0,0,0,0
1778532603,0,,Aggregated,0.000000,0.000000,N/A,N/A,N/A,N/A,N/A,N/A,N/A,N/A,N/A,N/A,N/A,0,0,0,0.0,0,0,0
1778532604,0,,Aggregated,0.000000,0.000000,N/A,N/A,N/A,N/A,N/A,N/A,N/A,N/A,N/A,N/A,N/A,0,0,0,0.0,0,0,0
1778532605,0,,Aggregated,0.000000,0.000000,N/A,N/A,N/A,N/A,N/A,N/A,N/A,N/A,N/A,N/A,N/A,0,0,0,0.0,0,0,0
1778532606,0,,Aggregated,0.000000,0.000000,N/A,N/A,N/A,N/A,N/A,N/A,N/A,N/A,N/A,N/A,N/A,0,0,0,0.0,0,0,0
1778532607,0,,Aggregated,0.000000,0.000000,N/A,N/A,N/A,N/A,N/A,N/A,N/A,N/A,N/A,N/A,N/A,0,0,0,0.0,0,0,0
1778532608,0,,Aggregated,0.000000,0.000000,N/A,N/A,N/A,N/A,N/A,N/A,N/A,N/A,N/A,N/A,N/A,0,0,0,0.0,0,0,0
1778532609,0,,Aggregated,0.000000,0.000000,N/A,N/A,N/A,N/A,N/A,N/A,N/A,N/A,N/A,N/A,N/A,0,0,0,0.0,0,0,0
1778532610,0,,Aggregated,0.000000,0.000000,N/A,N/A,N/A,N/A,N/A,N/A,N/A,N/A,N/A,N/A,N/A,0,0,0,0.0,0,0,0
1778532611,0,,Aggregated,0.000000,0.000000,N/A,N/A,N/A,N/A,N/A,N/A,N/A,N/A,N/A,N/A,N/A,0,0,0,0.0,0,0,0
1778532612,0,,Aggregated,0.000000,0.000000,N/A,N/A,N/A,N/A,N/A,N/A,N/A,N/A,N/A,N/A,N/A,0,0,0,0.0,0,0,0
1778532613,0,,Aggregated,0.000000,0.000000,N/A,N/A,N/A,N/A,N/A,N/A,N/A,N/A,N/A,N/A,N/A,0,0,0,0.0,0,0,0
1778532614,0,,Aggregated,0.000000,0.000000,N/A,N/A,N/A,N/A,N/A,N/A,N/A,N/A,N/A,N/A,N/A,0,0,0,0.0,0,0,0
1778532615,0,,Aggregated,0.000000,0.000000,N/A,N/A,N/A,N/A,N/A,N/A,N/A,N/A,N/A,N/A,N/A,0,0,0,0.0,0,0,0
1778532616,0,,Aggregated,0.000000,0.000000,N/A,N/A,N/A,N/A,N/A,N/A,N/A,N/A,N/A,N/A,N/A,0,0,0,0.0,0,0,0
1778532617,0,,Aggregated,0.000000,0.000000,N/A,N/A,N/A,N/A,N/A,N/A,N/A,N/A,N/A,N/A,N/A,0,0,0,0.0,0,0,0
1778532618,0,,Aggregated,0.000000,0.000000,N/A,N/A,N/A,N/A,N/A,N/A,N/A,N/A,N/A,N/A,N/A,0,0,0,0.0,0,0,0
1778532619,0,,Aggregated,0.000000,0.000000,N/A,N/A,N/A,N/A,N/A,N/A,N/A,N/A,N/A,N/A,N/A,0,0,0,0.0,0,0,0
1778532620,0,,Aggregated,0.000000,0.000000,N/A,N/A,N/A,N/A,N/A,N/A,N/A,N/A,N/A,N/A,N/A,0,0,0,0.0,0,0,0
1778532621,0,,Aggregated,0.000000,0.000000,N/A,N/A,N/A,N/A,N/A,N/A,N/A,N/A,N/A,N/A,N/A,0,0,0,0.0,0,0,0
1778532622,0,,Aggregated,0.000000,0.000000,N/A,N/A,N/A,N/A,N/A,N/A,N/A,N/A,N/A,N/A,N/A,0,0,0,0.0,0,0,0
1778532623,0,,Aggregated,0.000000,0.000000,N/A,N/A,N/A,N/A,N/A,N/A,N/A,N/A,N/A,N/A,N/A,0,0,0,0.0,0,0,0
1778532624,0,,Aggregated,0.000000,0.000000,N/A,N/A,N/A,N/A,N/A,N/A,N/A,N/A,N/A,N/A,N/A,0,0,0,0.0,0,0,0
1778532625,0,,Aggregated,0.000000,0.000000,N/A,N/A,N/A,N/A,N/A,N/A,N/A,N/A,N/A,N/A,N/A,0,0,0,0.0,0,0,0
1778532626,0,,Aggregated,0.000000,0.000000,N/A,N/A,N/A,N/A,N/A,N/A,N/A,N/A,N/A,N/A,N/A,0,0,0,0.0,0,0,0
1778532627,0,,Aggregated,0.000000,0.000000,N/A,N/A,N/A,N/A,N/A,N/A,N/A,N/A,N/A,N/A,N/A,0,0,0,0.0,0,0,0
1778532628,0,,Aggregated,0.000000,0.000000,N/A,N/A,N/A,N/A,N/A,N/A,N/A,N/A,N/A,N/A,N/A,0,0,0,0.0,0,0,0
1778532629,0,,Aggregated,0.000000,0.000000,N/A,N/A,N/A,N/A,N/A,N/A,N/A,N/A,N/A,N/A,N/A,0,0,0,0.0,0,0,0
1778532630,0,,Aggregated,0.000000,0.000000,N/A,N/A,N/A,N/A,N/A,N/A,N/A,N/A,N/A,N/A,N/A,0,0,0,0.0,0,0,0
1778532631,0,,Aggregated,0.000000,0.000000,N/A,N/A,N/A,N/A,N/A,N/A,N/A,N/A,N/A,N/A,N/A,0,0,0,0.0,0,0,0
1778532632,0,,Aggregated,0.000000,0.000000,N/A,N/A,N/A,N/A,N/A,N/A,N/A,N/A,N/A,N/A,N/A,0,0,0,0.0,0,0,0
1778532633,0,,Aggregated,0.000000,0.000000,N/A,N/A,N/A,N/A,N/A,N/A,N/A,N/A,N/A,N/A,N/A,0,0,0,0.0,0,0,0
1778532634,0,,Aggregated,0.000000,0.000000,N/A,N/A,N/A,N/A,N/A,N/A,N/A,N/A,N/A,N/A,N/A,0,0,0,0.0,0,0,0
1778532635,0,,Aggregated,0.000000,0.000000,N/A,N/A,N/A,N/A,N/A,N/A,N/A,N/A,N/A,N/A,N/A,0,0,0,0.0,0,0,0
1778532636,0,,Aggregated,0.000000,0.000000,N/A,N/A,N/A,N/A,N/A,N/A,N/A,N/A,N/A,N/A,N/A,0,0,0,0.0,0,0,0
1778532637,0,,Aggregated,0.000000,0.000000,N/A,N/A,N/A,N/A,N/A,N/A,N/A,N/A,N/A,N/A,N/A,0,0,0,0.0,0,0,0
1778532638,0,,Aggregated,0.000000,0.000000,N/A,N/A,N/A,N/A,N/A,N/A,N/A,N/A,N/A,N/A,N/A,0,0,0,0.0,0,0,0
1778532639,0,,Aggregated,0.000000,0.000000,N/A,N/A,N/A,N/A,N/A,N/A,N/A,N/A,N/A,N/A,N/A,0,0,0,0.0,0,0,0
1778532640,0,,Aggregated,0.000000,0.000000,N/A,N/A,N/A,N/A,N/A,N/A,N/A,N/A,N/A,N/A,N/A,0,0,0,0.0,0,0,0
1778532641,0,,Aggregated,0.000000,0.000000,N/A,N/A,N/A,N/A,N/A,N/A,N/A,N/A,N/A,N/A,N/A,0,0,0,0.0,0,0,0
1778532642,0,,Aggregated,0.000000,0.000000,N/A,N/A,N/A,N/A,N/A,N/A,N/A,N/A,N/A,N/A,N/A,0,0,0,0.0,0,0,0
1778532643,0,,Aggregated,0.000000,0.000000,N/A,N/A,N/A,N/A,N/A,N/A,N/A,N/A,N/A,N/A,N/A,0,0,0,0.0,0,0,0
1778532644,0,,Aggregated,0.000000,0.000000,N/A,N/A,N/A,N/A,N/A,N/A,N/A,N/A,N/A,N/A,N/A,0,0,0,0.0,0,0,0
1778532645,0,,Aggregated,0.000000,0.000000,N/A,N/A,N/A,N/A,N/A,N/A,N/A,N/A,N/A,N/A,N/A,0,0,0,0.0,0,0,0
1778532646,0,,Aggregated,0.000000,0.000000,N/A,N/A,N/A,N/A,N/A,N/A,N/A,N/A,N/A,N/A,N/A,0,0,0,0.0,0,0,0
1778532647,0,,Aggregated,0.000000,0.000000,N/A,N/A,N/A,N/A,N/A,N/A,N/A,N/A,N/A,N/A,N/A,0,0,0,0.0,0,0,0
1778532648,0,,Aggregated,0.000000,0.000000,N/A,N/A,N/A,N/A,N/A,N/A,N/A,N/A,N/A,N/A,N/A,0,0,0,0.0,0,0,0
1778532649,0,,Aggregated,0.000000,0.000000,N/A,N/A,N/A,N/A,N/A,N/A,N/A,N/A,N/A,N/A,N/A,0,0,0,0.0,0,0,0
1778532650,0,,Aggregated,0.000000,0.000000,N/A,N/A,N/A,N/A,N/A,N/A,N/A,N/A,N/A,N/A,N/A,0,0,0,0.0,0,0,0
1778532651,0,,Aggregated,0.000000,0.000000,N/A,N/A,N/A,N/A,N/A,N/A,N/A,N/A,N/A,N/A,N/A,0,0,0,0.0,0,0,0
1778532652,0,,Aggregated,0.000000,0.000000,N/A,N/A,N/A,N/A,N/A,N/A,N/A,N/A,N/A,N/A,N/A,0,0,0,0.0,0,0,0
1778532653,0,,Aggregated,0.000000,0.000000,N/A,N/A,N/A,N/A,N/A,N/A,N/A,N/A,N/A,N/A,N/A,0,0,0,0.0,0,0,0
1778532654,0,,Aggregated,0.000000,0.000000,N/A,N/A,N/A,N/A,N/A,N/A,N/A,N/A,N/A,N/A,N/A,0,0,0,0.0,0,0,0
1778532655,0,,Aggregated,0.000000,0.000000,N/A,N/A,N/A,N/A,N/A,N/A,N/A,N/A,N/A,N/A,N/A,0,0,0,0.0,0,0,0
1778532656,0,,Aggregated,0.000000,0.000000,N/A,N/A,N/A,N/A,N/A,N/A,N/A,N/A,N/A,N/A,N/A,0,0,0,0.0,0,0,0
1778532657,0,,Aggregated,0.000000,0.000000,N/A,N/A,N/A,N/A,N/A,N/A,N/A,N/A,N/A,N/A,N/A,0,0,0,0.0,0,0,0
1778532658,0,,Aggregated,0.000000,0.000000,N/A,N/A,N/A,N/A,N/A,N/A,N/A,N/A,N/A,N/A,N/A,0,0,0,0.0,0,0,0
1778532659,0,,Aggregated,0.000000,0.000000,N/A,N/A,N/A,N/A,N/A,N/A,N/A,N/A,N/A,N/A,N/A,0,0,0,0.0,0,0,0
1778532660,1,,Aggregated,0.000000,0.000000,N/A,N/A,N/A,N/A,N/A,N/A,N/A,N/A,N/A,N/A,N/A,0,0,0,0.0,0,0,0
1778532661,2,,Aggregated,0.000000,0.000000,N/A,N/A,N/A,N/A,N/A,N/A,N/A,N/A,N/A,N/A,N/A,0,0,0,0.0,0,0,0
1778532662,2,,Aggregated,0.000000,0.000000,N/A,N/A,N/A,N/A,N/A,N/A,N/A,N/A,N/A,N/A,N/A,0,0,0,0.0,0,0,0
1778532663,3,,Aggregated,0.000000,0.000000,N/A,N/A,N/A,N/A,N/A,N/A,N/A,N/A,N/A,N/A,N/A,0,0,0,0.0,0,0,0
1778532664,3,,Aggregated,0.000000,0.000000,N/A,N/A,N/A,N/A,N/A,N/A,N/A,N/A,N/A,N/A,N/A,0,0,0,0.0,0,0,0
1778532665,4,,Aggregated,0.000000,0.000000,N/A,N/A,N/A,N/A,N/A,N/A,N/A,N/A,N/A,N/A,N/A,0,0,0,0.0,0,0,0
1778532666,4,,Aggregated,0.000000,0.000000,N/A,N/A,N/A,N/A,N/A,N/A,N/A,N/A,N/A,N/A,N/A,0,0,0,0.0,0,0,0
1778532667,5,,Aggregated,0.000000,0.000000,N/A,N/A,N/A,N/A,N/A,N/A,N/A,N/A,N/A,N/A,N/A,0,0,0,0.0,0,0,0
1778532668,5,,Aggregated,0.000000,0.000000,N/A,N/A,N/A,N/A,N/A,N/A,N/A,N/A,N/A,N/A,N/A,0,0,0,0.0,0,0,0
1778532669,6,,Aggregated,0.000000,0.000000,N/A,N/A,N/A,N/A,N/A,N/A,N/A,N/A,N/A,N/A,N/A,0,0,0,0.0,0,0,0
1778532670,6,,Aggregated,0.000000,0.000000,N/A,N/A,N/A,N/A,N/A,N/A,N/A,N/A,N/A,N/A,N/A,0,0,0,0.0,0,0,0
1778532671,7,,Aggregated,0.000000,0.000000,N/A,N/A,N/A,N/A,N/A,N/A,N/A,N/A,N/A,N/A,N/A,0,0,0,0.0,0,0,0
1778532672,7,,Aggregated,0.000000,0.000000,N/A,N/A,N/A,N/A,N/A,N/A,N/A,N/A,N/A,N/A,N/A,0,0,0,0.0,0,0,0
1778532673,8,,Aggregated,0.000000,0.000000,N/A,N/A,N/A,N/A,N/A,N/A,N/A,N/A,N/A,N/A,N/A,0,0,0,0.0,0,0,0
1778532674,8,,Aggregated,0.000000,0.000000,N/A,N/A,N/A,N/A,N/A,N/A,N/A,N/A,N/A,N/A,N/A,0,0,0,0.0,0,0,0
1778532675,9,,Aggregated,0.000000,0.000000,N/A,N/A,N/A,N/A,N/A,N/A,N/A,N/A,N/A,N/A,N/A,0,0,0,0.0,0,0,0
1778532676,9,,Aggregated,0.000000,0.000000,N/A,N/A,N/A,N/A,N/A,N/A,N/A,N/A,N/A,N/A,N/A,0,0,0,0.0,0,0,0
1778532677,10,,Aggregated,0.000000,0.000000,N/A,N/A,N/A,N/A,N/A,N/A,N/A,N/A,N/A,N/A,N/A,0,0,0,0.0,0,0,0
1778532678,11,,Aggregated,0.000000,0.000000,N/A,N/A,N/A,N/A,N/A,N/A,N/A,N/A,N/A,N/A,N/A,0,0,0,0.0,0,0,0
1778532679,11,,Aggregated,0.000000,0.000000,N/A,N/A,N/A,N/A,N/A,N/A,N/A,N/A,N/A,N/A,N/A,0,0,0,0.0,0,0,0
1778532680,12,,Aggregated,0.000000,0.000000,N/A,N/A,N/A,N/A,N/A,N/A,N/A,N/A,N/A,N/A,N/A,0,0,0,0.0,0,0,0
1778532681,12,,Aggregated,0.000000,0.000000,N/A,N/A,N/A,N/A,N/A,N/A,N/A,N/A,N/A,N/A,N/A,0,0,0,0.0,0,0,0
1778532682,13,,Aggregated,0.000000,0.000000,N/A,N/A,N/A,N/A,N/A,N/A,N/A,N/A,N/A,N/A,N/A,0,0,0,0.0,0,0,0
1778532683,13,,Aggregated,0.000000,0.000000,N/A,N/A,N/A,N/A,N/A,N/A,N/A,N/A,N/A,N/A,N/A,0,0,0,0.0,0,0,0
1778532684,14,,Aggregated,0.000000,0.000000,N/A,N/A,N/A,N/A,N/A,N/A,N/A,N/A,N/A,N/A,N/A,0,0,0,0.0,0,0,0
1778532685,14,,Aggregated,0.000000,0.000000,N/A,N/A,N/A,N/A,N/A,N/A,N/A,N/A,N/A,N/A,N/A,0,0,0,0.0,0,0,0
1778532686,15,,Aggregated,0.000000,0.000000,N/A,N/A,N/A,N/A,N/A,N/A,N/A,N/A,N/A,N/A,N/A,0,0,0,0.0,0,0,0
1778532687,15,,Aggregated,0.000000,0.000000,N/A,N/A,N/A,N/A,N/A,N/A,N/A,N/A,N/A,N/A,N/A,0,0,0,0.0,0,0,0
1778532688,16,,Aggregated,0.000000,0.000000,N/A,N/A,N/A,N/A,N/A,N/A,N/A,N/A,N/A,N/A,N/A,0,0,0,0.0,0,0,0
1778532689,16,,Aggregated,0.000000,0.000000,N/A,N/A,N/A,N/A,N/A,N/A,N/A,N/A,N/A,N/A,N/A,0,0,0,0.0,0,0,0
1778532690,17,,Aggregated,0.000000,0.000000,N/A,N/A,N/A,N/A,N/A,N/A,N/A,N/A,N/A,N/A,N/A,0,0,0,0.0,0,0,0
1778532691,18,POST,chat/short,0.000000,0.000000,0,0,0,0,0,0,0,0,0,0,0,1,0,10.343469002691563,10.343469002691563,10.343469002691563,10.343469002691563,0.0
1778532691,18,,Aggregated,0.000000,0.000000,0,0,0,0,0,0,0,0,0,0,0,1,0,10.343469002691563,10.343469002691563,10.343469002691563,10.343469002691563,0.0
1778532692,18,POST,chat/short,0.000000,0.000000,0,0,0,0,0,0,0,0,0,0,0,1,0,10.343469002691563,10.343469002691563,10.343469002691563,10.343469002691563,0.0
1778532692,18,,Aggregated,0.000000,0.000000,0,0,0,0,0,0,0,0,0,0,0,1,0,10.343469002691563,10.343469002691563,10.343469002691563,10.343469002691563,0.0
1778532693,19,POST,chat/short,0.000000,0.000000,0,0,0,0,0,0,0,0,0,0,0,1,0,10.343469002691563,10.343469002691563,10.343469002691563,10.343469002691563,0.0
1778532693,19,,Aggregated,0.000000,0.000000,0,0,0,0,0,0,0,0,0,0,0,1,0,10.343469002691563,10.343469002691563,10.343469002691563,10.343469002691563,0.0
1778532694,19,POST,chat/short,0.000000,0.000000,0,0,0,0,0,0,0,0,0,0,0,1,0,10.343469002691563,10.343469002691563,10.343469002691563,10.343469002691563,0.0
1778532694,19,,Aggregated,0.000000,0.000000,0,0,0,0,0,0,0,0,0,0,0,1,0,10.343469002691563,10.343469002691563,10.343469002691563,10.343469002691563,0.0
1778532695,20,POST,chat/short,0.000000,0.000000,0,0,0,0,0,0,0,0,0,0,0,1,0,10.343469002691563,10.343469002691563,10.343469002691563,10.343469002691563,0.0
1778532695,20,,Aggregated,0.000000,0.000000,0,0,0,0,0,0,0,0,0,0,0,1,0,10.343469002691563,10.343469002691563,10.343469002691563,10.343469002691563,0.0
1778532696,20,POST,chat/short,0.000000,0.000000,0,0,0,0,0,0,0,0,0,0,0,1,0,10.343469002691563,10.343469002691563,10.343469002691563,10.343469002691563,0.0
1778532696,20,,Aggregated,0.000000,0.000000,0,0,0,0,0,0,0,0,0,0,0,1,0,10.343469002691563,10.343469002691563,10.343469002691563,10.343469002691563,0.0
1778532697,21,POST,chat/short,0.000000,0.000000,0,0,0,0,0,0,0,0,0,0,0,1,0,10.343469002691563,10.343469002691563,10.343469002691563,10.343469002691563,0.0
1778532697,21,,Aggregated,0.000000,0.000000,0,0,0,0,0,0,0,0,0,0,0,1,0,10.343469002691563,10.343469002691563,10.343469002691563,10.343469002691563,0.0
1778532698,21,POST,chat/short,0.000000,0.000000,0,0,0,0,0,0,0,0,0,0,0,1,0,10.343469002691563,10.343469002691563,10.343469002691563,10.343469002691563,0.0
1778532698,21,,Aggregated,0.000000,0.000000,0,0,0,0,0,0,0,0,0,0,0,1,0,10.343469002691563,10.343469002691563,10.343469002691563,10.343469002691563,0.0
1778532699,22,POST,chat/short,0.000000,0.000000,0,0,0,0,0,0,0,0,0,0,0,1,0,10.343469002691563,10.343469002691563,10.343469002691563,10.343469002691563,0.0
1778532699,22,,Aggregated,0.000000,0.000000,0,0,0,0,0,0,0,0,0,0,0,1,0,10.343469002691563,10.343469002691563,10.343469002691563,10.343469002691563,0.0
1778532700,22,POST,chat/short,0.000000,0.000000,10,10,10,10,10,10,10,10,10,10,10,1,0,10.343469002691563,10.343469002691563,10.343469002691563,10.343469002691563,0.0
1778532700,22,,Aggregated,0.000000,0.000000,0,0,0,0,0,0,0,0,0,0,0,1,0,10.343469002691563,10.343469002691563,10.343469002691563,10.343469002691563,0.0
1778532701,23,POST,chat/short,0.000000,0.000000,10,10,10,10,10,10,10,10,10,10,10,1,0,10.343469002691563,10.343469002691563,10.343469002691563,10.343469002691563,0.0
1778532701,23,,Aggregated,0.000000,0.000000,0,0,0,0,0,0,0,0,0,0,0,1,0,10.343469002691563,10.343469002691563,10.343469002691563,10.343469002691563,0.0
1778532702,23,POST,chat/short,0.000000,0.000000,10,10,10,10,10,10,10,10,10,10,10,1,0,10.343469002691563,10.343469002691563,10.343469002691563,10.343469002691563,0.0
1778532702,23,,Aggregated,0.000000,0.000000,0,0,0,0,0,0,0,0,0,0,0,1,0,10.343469002691563,10.343469002691563,10.343469002691563,10.343469002691563,0.0
1778532703,24,POST,chat/short,0.000000,0.000000,10,10,10,10,10,10,10,10,10,10,10,1,0,10.343469002691563,10.343469002691563,10.343469002691563,10.343469002691563,0.0
1778532703,24,,Aggregated,0.000000,0.000000,0,0,0,0,0,0,0,0,0,0,0,1,0,10.343469002691563,10.343469002691563,10.343469002691563,10.343469002691563,0.0
1778532704,24,POST,chat/short,0.000000,0.000000,10,10,10,10,10,10,10,10,10,10,10,1,0,10.343469002691563,10.343469002691563,10.343469002691563,10.343469002691563,0.0
1778532704,24,,Aggregated,0.000000,0.000000,0,0,0,0,0,0,0,0,0,0,0,1,0,10.343469002691563,10.343469002691563,10.343469002691563,10.343469002691563,0.0
1778532705,25,POST,chat/short,0.000000,0.000000,10,10,10,10,10,10,10,10,10,10,10,1,0,10.343469002691563,10.343469002691563,10.343469002691563,10.343469002691563,0.0
1778532705,25,,Aggregated,0.000000,0.000000,0,0,0,0,0,0,0,0,0,0,0,1,0,10.343469002691563,10.343469002691563,10.343469002691563,10.343469002691563,0.0
1778532706,26,POST,chat/long,0.000000,0.000000,0,0,0,0,0,0,0,0,0,0,0,2,0,18,19.57275349923293,17.624788997636642,21.52071800082922,0.0
1778532706,26,POST,chat/short,0.000000,0.000000,10,10,10,10,10,10,10,10,10,10,10,1,0,10.343469002691563,10.343469002691563,10.343469002691563,10.343469002691563,0.0
1778532706,26,,Aggregated,0.000000,0.000000,22,22,22,22,22,22,22,22,22,22,22,3,0,18,16.496325333719142,10.343469002691563,21.52071800082922,0.0
1778532707,26,POST,chat/long,0.000000,0.000000,0,0,0,0,0,0,0,0,0,0,0,2,0,18,19.57275349923293,17.624788997636642,21.52071800082922,0.0
1778532707,26,POST,chat/short,0.000000,0.000000,10,10,10,10,10,10,10,10,10,10,10,1,0,10.343469002691563,10.343469002691563,10.343469002691563,10.343469002691563,0.0
1778532707,26,,Aggregated,0.000000,0.000000,0,0,0,0,0,0,0,0,0,0,0,3,0,18,16.496325333719142,10.343469002691563,21.52071800082922,0.0
1778532708,27,POST,chat/long,0.000000,0.000000,0,0,0,0,0,0,0,0,0,0,0,2,0,18,19.57275349923293,17.624788997636642,21.52071800082922,0.0
1778532708,27,POST,chat/short,0.000000,0.000000,10,10,10,10,10,10,10,10,10,10,10,1,0,10.343469002691563,10.343469002691563,10.343469002691563,10.343469002691563,0.0
1778532708,27,,Aggregated,0.000000,0.000000,0,0,0,0,0,0,0,0,0,0,0,3,0,18,16.496325333719142,10.343469002691563,21.52071800082922,0.0
1778532709,27,POST,chat/long,0.100000,0.000000,19,19,19,19,19,19,19,19,19,19,19,3,0,19,19.42390866558223,17.624788997636642,21.52071800082922,0.0
1778532709,27,POST,chat/short,0.000000,0.000000,10,10,10,10,10,10,10,10,10,10,10,1,0,10.343469002691563,10.343469002691563,10.343469002691563,10.343469002691563,0.0
1778532709,27,,Aggregated,0.100000,0.000000,19,19,19,19,19,19,19,19,19,19,19,4,0,18,17.15379874985956,10.343469002691563,21.52071800082922,0.0
1778532710,28,POST,chat/long,0.100000,0.000000,19,19,19,19,19,19,19,19,19,19,19,3,0,19,19.42390866558223,17.624788997636642,21.52071800082922,0.0
1778532710,28,POST,chat/short,0.000000,0.000000,0,0,0,0,0,0,0,0,0,0,0,1,0,10.343469002691563,10.343469002691563,10.343469002691563,10.343469002691563,0.0
1778532710,28,,Aggregated,0.100000,0.000000,19,19,19,19,19,19,19,19,19,19,19,4,0,18,17.15379874985956,10.343469002691563,21.52071800082922,0.0
1778532711,28,POST,chat/long,0.100000,0.000000,19,19,19,19,19,19,19,19,19,19,19,3,0,19,19.42390866558223,17.624788997636642,21.52071800082922,0.0
1778532711,28,POST,chat/short,0.000000,0.000000,0,0,0,0,0,0,0,0,0,0,0,1,0,10.343469002691563,10.343469002691563,10.343469002691563,10.343469002691563,0.0
1778532711,28,,Aggregated,0.100000,0.000000,19,19,19,19,19,19,19,19,19,19,19,4,0,18,17.15379874985956,10.343469002691563,21.52071800082922,0.0
1778532712,29,POST,chat/long,0.100000,0.000000,19,19,19,19,19,19,19,19,19,19,19,3,0,19,19.42390866558223,17.624788997636642,21.52071800082922,0.0
1778532712,29,POST,chat/short,0.000000,0.000000,0,0,0,0,0,0,0,0,0,0,0,1,0,10.343469002691563,10.343469002691563,10.343469002691563,10.343469002691563,0.0
1778532712,29,,Aggregated,0.100000,0.000000,19,19,19,19,19,19,19,19,19,19,19,4,0,18,17.15379874985956,10.343469002691563,21.52071800082922,0.0
1778532713,29,POST,chat/long,0.100000,0.000000,19,19,19,19,19,19,19,19,19,19,19,3,0,19,19.42390866558223,17.624788997636642,21.52071800082922,0.0
1778532713,29,POST,chat/short,0.000000,0.000000,0,0,0,0,0,0,0,0,0,0,0,1,0,10.343469002691563,10.343469002691563,10.343469002691563,10.343469002691563,0.0
1778532713,29,,Aggregated,0.100000,0.000000,19,19,19,19,19,19,19,19,19,19,19,4,0,18,17.15379874985956,10.343469002691563,21.52071800082922,0.0
1778532714,30,POST,chat/long,0.100000,0.000000,19,19,19,19,19,19,19,19,19,19,19,3,0,19,19.42390866558223,17.624788997636642,21.52071800082922,0.0
1778532714,30,POST,chat/short,0.000000,0.000000,0,0,0,0,0,0,0,0,0,0,0,1,0,10.343469002691563,10.343469002691563,10.343469002691563,10.343469002691563,0.0
1778532714,30,,Aggregated,0.100000,0.000000,19,19,19,19,19,19,19,19,19,19,19,4,0,18,17.15379874985956,10.343469002691563,21.52071800082922,0.0
1778532715,30,POST,chat/long,0.100000,0.000000,19,19,19,19,19,19,19,19,19,19,19,3,0,19,19.42390866558223,17.624788997636642,21.52071800082922,0.0
1778532715,30,POST,chat/short,0.000000,0.000000,0,0,0,0,0,0,0,0,0,0,0,1,0,10.343469002691563,10.343469002691563,10.343469002691563,10.343469002691563,0.0
1778532715,30,,Aggregated,0.100000,0.000000,19,19,19,19,19,19,19,19,19,19,19,4,0,18,17.15379874985956,10.343469002691563,21.52071800082922,0.0
1778532716,31,POST,chat/long,0.100000,0.000000,0,0,0,0,0,0,0,0,0,0,0,3,0,19,19.42390866558223,17.624788997636642,21.52071800082922,0.0
1778532716,31,POST,chat/short,0.000000,0.000000,0,0,0,0,0,0,0,0,0,0,0,1,0,10.343469002691563,10.343469002691563,10.343469002691563,10.343469002691563,0.0
1778532716,31,,Aggregated,0.100000,0.000000,0,0,0,0,0,0,0,0,0,0,0,4,0,18,17.15379874985956,10.343469002691563,21.52071800082922,0.0
1778532717,31,POST,chat/long,0.100000,0.000000,0,0,0,0,0,0,0,0,0,0,0,3,0,19,19.42390866558223,17.624788997636642,21.52071800082922,0.0
1778532717,31,POST,chat/short,0.000000,0.000000,0,0,0,0,0,0,0,0,0,0,0,1,0,10.343469002691563,10.343469002691563,10.343469002691563,10.343469002691563,0.0
1778532717,31,,Aggregated,0.100000,0.000000,0,0,0,0,0,0,0,0,0,0,0,4,0,18,17.15379874985956,10.343469002691563,21.52071800082922,0.0
1778532718,32,POST,chat/long,0.100000,0.000000,0,0,0,0,0,0,0,0,0,0,0,3,0,19,19.42390866558223,17.624788997636642,21.52071800082922,0.0
1778532718,32,POST,chat/short,0.000000,0.000000,0,0,0,0,0,0,0,0,0,0,0,1,0,10.343469002691563,10.343469002691563,10.343469002691563,10.343469002691563,0.0
1778532718,32,,Aggregated,0.100000,0.000000,0,0,0,0,0,0,0,0,0,0,0,4,0,18,17.15379874985956,10.343469002691563,21.52071800082922,0.0
1778532719,32,POST,chat/long,0.100000,0.000000,0,0,0,0,0,0,0,0,0,0,0,3,0,19,19.42390866558223,17.624788997636642,21.52071800082922,0.0
1778532719,32,POST,chat/short,0.000000,0.000000,0,0,0,0,0,0,0,0,0,0,0,1,0,10.343469002691563,10.343469002691563,10.343469002691563,10.343469002691563,0.0
1778532719,32,,Aggregated,0.100000,0.000000,0,0,0,0,0,0,0,0,0,0,0,4,0,18,17.15379874985956,10.343469002691563,21.52071800082922,0.0
1778532720,32,POST,chat/long,0.100000,0.000000,0,0,0,0,0,0,0,0,0,0,0,3,0,19,19.42390866558223,17.624788997636642,21.52071800082922,0.0
1778532720,32,POST,chat/short,0.000000,0.000000,0,0,0,0,0,0,0,0,0,0,0,1,0,10.343469002691563,10.343469002691563,10.343469002691563,10.343469002691563,0.0
1778532720,32,,Aggregated,0.100000,0.000000,0,0,0,0,0,0,0,0,0,0,0,4,0,18,17.15379874985956,10.343469002691563,21.52071800082922,0.0
1778532721,32,POST,chat/long,0.000000,0.000000,17,17,17,17,17,17,17,17,17,17,17,4,0,18,18.860220998249133,17.16915799624985,21.52071800082922,0.0
1778532721,32,POST,chat/short,0.000000,0.000000,0,0,0,0,0,0,0,0,0,0,0,1,0,10.343469002691563,10.343469002691563,10.343469002691563,10.343469002691563,0.0
1778532721,32,,Aggregated,0.000000,0.000000,17,17,17,17,17,17,17,17,17,17,17,5,0,18,17.15687059913762,10.343469002691563,21.52071800082922,0.0
1778532722,32,POST,chat/long,0.000000,0.000000,17,17,17,17,17,17,17,17,17,17,17,4,0,18,18.860220998249133,17.16915799624985,21.52071800082922,0.0
1778532722,32,POST,chat/short,0.000000,0.000000,0,0,0,0,0,0,0,0,0,0,0,1,0,10.343469002691563,10.343469002691563,10.343469002691563,10.343469002691563,0.0
1778532722,32,,Aggregated,0.000000,0.000000,17,17,17,17,17,17,17,17,17,17,17,5,0,18,17.15687059913762,10.343469002691563,21.52071800082922,0.0
1778532723,32,POST,chat/long,0.000000,0.000000,0,0,0,0,0,0,0,0,0,0,0,4,0,18,18.860220998249133,17.16915799624985,21.52071800082922,0.0
1778532723,32,POST,chat/short,0.000000,0.000000,0,0,0,0,0,0,0,0,0,0,0,1,0,10.343469002691563,10.343469002691563,10.343469002691563,10.343469002691563,0.0
1778532723,32,,Aggregated,0.000000,0.000000,0,0,0,0,0,0,0,0,0,0,0,5,0,18,17.15687059913762,10.343469002691563,21.52071800082922,0.0
1778532724,32,POST,chat/long,0.000000,0.000000,15,15,15,15,15,15,15,15,15,15,15,5,0,18,18.067740398691967,14.897818000463303,21.52071800082922,0.0
1778532724,32,POST,chat/short,0.000000,0.000000,0,0,0,0,0,0,0,0,0,0,0,1,0,10.343469002691563,10.343469002691563,10.343469002691563,10.343469002691563,0.0
1778532724,32,,Aggregated,0.000000,0.000000,15,15,15,15,15,15,15,15,15,15,15,6,0,17,16.7803618326919,10.343469002691563,21.52071800082922,0.0
1778532725,32,POST,chat/long,0.000000,0.000000,15,15,15,15,15,15,15,15,15,15,15,5,0,18,18.067740398691967,14.897818000463303,21.52071800082922,0.0
1778532725,32,POST,chat/short,0.000000,0.000000,0,0,0,0,0,0,0,0,0,0,0,1,0,10.343469002691563,10.343469002691563,10.343469002691563,10.343469002691563,0.0
1778532725,32,,Aggregated,0.000000,0.000000,15,15,15,15,15,15,15,15,15,15,15,6,0,17,16.7803618326919,10.343469002691563,21.52071800082922,0.0
1778532726,32,POST,chat/long,0.000000,0.000000,15,15,15,15,15,15,15,15,15,15,15,5,0,18,18.067740398691967,14.897818000463303,21.52071800082922,0.0
1778532726,32,POST,chat/short,0.000000,0.000000,0,0,0,0,0,0,0,0,0,0,0,1,0,10.343469002691563,10.343469002691563,10.343469002691563,10.343469002691563,0.0
1778532726,32,,Aggregated,0.000000,0.000000,15,15,15,15,15,15,15,15,15,15,15,6,0,17,16.7803618326919,10.343469002691563,21.52071800082922,0.0
1778532727,32,POST,chat/long,0.200000,0.000000,15,15,15,15,15,15,15,15,15,15,15,6,0,17,17.22486333164852,13.010477996431291,21.52071800082922,0.0
1778532727,32,POST,chat/short,0.000000,0.000000,0,0,0,0,0,0,0,0,0,0,0,1,0,10.343469002691563,10.343469002691563,10.343469002691563,10.343469002691563,0.0
1778532727,32,,Aggregated,0.200000,0.000000,15,15,15,15,15,15,15,15,15,15,15,7,0,17,16.241806998940383,10.343469002691563,21.52071800082922,0.0
1778532728,32,POST,chat/long,0.200000,0.000000,15,15,15,15,15,15,15,15,15,15,15,6,0,17,17.22486333164852,13.010477996431291,21.52071800082922,0.0
1778532728,32,POST,chat/short,0.000000,0.000000,0,0,0,0,0,0,0,0,0,0,0,1,0,10.343469002691563,10.343469002691563,10.343469002691563,10.343469002691563,0.0
1778532728,32,,Aggregated,0.200000,0.000000,15,15,15,15,15,15,15,15,15,15,15,7,0,17,16.241806998940383,10.343469002691563,21.52071800082922,0.0
1778532729,32,POST,chat/long,0.200000,0.000000,15,15,15,15,15,15,15,15,15,15,15,6,0,17,17.22486333164852,13.010477996431291,21.52071800082922,0.0
1778532729,32,POST,chat/short,0.000000,0.000000,0,0,0,0,0,0,0,0,0,0,0,1,0,10.343469002691563,10.343469002691563,10.343469002691563,10.343469002691563,0.0
1778532729,32,,Aggregated,0.200000,0.000000,15,15,15,15,15,15,15,15,15,15,15,7,0,17,16.241806998940383,10.343469002691563,21.52071800082922,0.0
1778532730,32,POST,chat/long,0.200000,0.000000,15,15,15,15,15,15,15,15,15,15,15,6,0,17,17.22486333164852,13.010477996431291,21.52071800082922,0.0
1778532730,32,POST,chat/short,0.000000,0.000000,0,0,0,0,0,0,0,0,0,0,0,1,0,10.343469002691563,10.343469002691563,10.343469002691563,10.343469002691563,0.0
1778532730,32,,Aggregated,0.200000,0.000000,15,15,15,15,15,15,15,15,15,15,15,7,0,17,16.241806998940383,10.343469002691563,21.52071800082922,0.0
1778532731,32,POST,chat/long,0.200000,0.000000,13,13,13,13,13,13,13,13,13,13,13,6,0,17,17.22486333164852,13.010477996431291,21.52071800082922,0.0
1778532731,32,POST,chat/short,0.000000,0.000000,0,0,0,0,0,0,0,0,0,0,0,1,0,10.343469002691563,10.343469002691563,10.343469002691563,10.343469002691563,0.0
1778532731,32,,Aggregated,0.200000,0.000000,13,13,13,13,13,13,13,13,13,13,13,7,0,17,16.241806998940383,10.343469002691563,21.52071800082922,0.0
1778532732,32,POST,chat/long,0.200000,0.000000,13,13,13,13,13,13,13,13,13,13,13,6,0,17,17.22486333164852,13.010477996431291,21.52071800082922,0.0
1778532732,32,POST,chat/short,0.000000,0.000000,0,0,0,0,0,0,0,0,0,0,0,1,0,10.343469002691563,10.343469002691563,10.343469002691563,10.343469002691563,0.0
1778532732,32,,Aggregated,0.200000,0.000000,13,13,13,13,13,13,13,13,13,13,13,7,0,17,16.241806998940383,10.343469002691563,21.52071800082922,0.0
1778532733,32,POST,chat/long,0.300000,0.000000,13,13,13,13,13,13,13,13,13,13,13,7,0,17,16.37761557088067,11.294129006273579,21.52071800082922,0.0
1778532733,32,POST,chat/short,0.000000,0.000000,0,0,0,0,0,0,0,0,0,0,0,1,0,10.343469002691563,10.343469002691563,10.343469002691563,10.343469002691563,0.0
1778532733,32,,Aggregated,0.300000,0.000000,13,13,13,13,13,13,13,13,13,13,13,8,0,15,15.623347249857034,10.343469002691563,21.52071800082922,0.0
1778532734,32,POST,chat/long,0.300000,0.000000,11,11,11,11,11,11,11,11,11,11,11,7,0,17,16.37761557088067,11.294129006273579,21.52071800082922,0.0
1778532734,32,POST,chat/short,0.000000,0.000000,0,0,0,0,0,0,0,0,0,0,0,1,0,10.343469002691563,10.343469002691563,10.343469002691563,10.343469002691563,0.0
1778532734,32,,Aggregated,0.300000,0.000000,11,11,11,11,11,11,11,11,11,11,11,8,0,15,15.623347249857034,10.343469002691563,21.52071800082922,0.0
1778532735,32,POST,chat/long,0.300000,0.000000,11,11,11,11,11,11,11,11,11,11,11,7,0,17,16.37761557088067,11.294129006273579,21.52071800082922,0.0
1778532735,32,POST,chat/short,0.000000,0.000000,0,0,0,0,0,0,0,0,0,0,0,1,0,10.343469002691563,10.343469002691563,10.343469002691563,10.343469002691563,0.0
1778532735,32,,Aggregated,0.300000,0.000000,11,11,11,11,11,11,11,11,11,11,11,8,0,15,15.623347249857034,10.343469002691563,21.52071800082922,0.0
1778532736,32,POST,chat/long,0.300000,0.000000,11,11,11,11,11,11,11,11,11,11,11,7,0,17,16.37761557088067,11.294129006273579,21.52071800082922,0.0
1778532736,32,POST,chat/short,0.000000,0.000000,0,0,0,0,0,0,0,0,0,0,0,1,0,10.343469002691563,10.343469002691563,10.343469002691563,10.343469002691563,0.0
1778532736,32,,Aggregated,0.300000,0.000000,11,11,11,11,11,11,11,11,11,11,11,8,0,15,15.623347249857034,10.343469002691563,21.52071800082922,0.0
1778532737,32,POST,chat/long,0.300000,0.000000,11,11,11,11,11,11,11,11,11,11,11,7,0,17,16.37761557088067,11.294129006273579,21.52071800082922,0.0
1778532737,32,POST,chat/short,0.000000,0.000000,0,0,0,0,0,0,0,0,0,0,0,1,0,10.343469002691563,10.343469002691563,10.343469002691563,10.343469002691563,0.0
1778532737,32,,Aggregated,0.300000,0.000000,11,11,11,11,11,11,11,11,11,11,11,8,0,15,15.623347249857034,10.343469002691563,21.52071800082922,0.0
1778532738,32,POST,chat/long,0.300000,0.000000,11,11,11,11,11,11,11,11,11,11,11,7,0,17,16.37761557088067,11.294129006273579,21.52071800082922,0.0
1778532738,32,POST,chat/short,0.000000,0.000000,0,0,0,0,0,0,0,0,0,0,0,1,0,10.343469002691563,10.343469002691563,10.343469002691563,10.343469002691563,0.0
1778532738,32,,Aggregated,0.300000,0.000000,11,11,11,11,11,11,11,11,11,11,11,8,0,15,15.623347249857034,10.343469002691563,21.52071800082922,0.0
1778532739,32,POST,chat/long,0.300000,0.000000,0,0,0,0,0,0,0,0,0,0,0,7,0,17,16.37761557088067,11.294129006273579,21.52071800082922,0.0
1778532739,32,POST,chat/short,0.000000,0.000000,0,0,0,0,0,0,0,0,0,0,0,1,0,10.343469002691563,10.343469002691563,10.343469002691563,10.343469002691563,0.0
1778532739,32,,Aggregated,0.300000,0.000000,0,0,0,0,0,0,0,0,0,0,0,8,0,15,15.623347249857034,10.343469002691563,21.52071800082922,0.0
1778532740,32,POST,chat/long,0.300000,0.000000,0,0,0,0,0,0,0,0,0,0,0,7,0,17,16.37761557088067,11.294129006273579,21.52071800082922,0.0
1778532740,32,POST,chat/short,0.000000,0.000000,0,0,0,0,0,0,0,0,0,0,0,1,0,10.343469002691563,10.343469002691563,10.343469002691563,10.343469002691563,0.0
1778532740,32,,Aggregated,0.300000,0.000000,0,0,0,0,0,0,0,0,0,0,0,8,0,15,15.623347249857034,10.343469002691563,21.52071800082922,0.0
1778532741,32,POST,chat/long,0.300000,0.000000,0,0,0,0,0,0,0,0,0,0,0,7,0,17,16.37761557088067,11.294129006273579,21.52071800082922,0.0
1778532741,32,POST,chat/short,0.000000,0.000000,0,0,0,0,0,0,0,0,0,0,0,1,0,10.343469002691563,10.343469002691563,10.343469002691563,10.343469002691563,0.0
1778532741,32,,Aggregated,0.300000,0.000000,0,0,0,0,0,0,0,0,0,0,0,8,0,15,15.623347249857034,10.343469002691563,21.52071800082922,0.0
1778532742,32,POST,chat/long,0.100000,0.000000,16,16,16,16,16,16,16,16,16,16,16,8,0,16,16.30288349952025,11.294129006273579,21.52071800082922,0.0
1778532742,32,POST,chat/short,0.000000,0.000000,0,0,0,0,0,0,0,0,0,0,0,1,0,10.343469002691563,10.343469002691563,10.343469002691563,10.343469002691563,0.0
1778532742,32,,Aggregated,0.100000,0.000000,16,16,16,16,16,16,16,16,16,16,16,9,0,16,15.64072633320595,10.343469002691563,21.52071800082922,0.0
1778532743,32,POST,chat/long,0.100000,0.000000,16,16,16,16,16,16,16,16,16,16,16,8,0,16,16.30288349952025,11.294129006273579,21.52071800082922,0.0
1778532743,32,POST,chat/short,0.000000,0.000000,0,0,0,0,0,0,0,0,0,0,0,1,0,10.343469002691563,10.343469002691563,10.343469002691563,10.343469002691563,0.0
1778532743,32,,Aggregated,0.100000,0.000000,16,16,16,16,16,16,16,16,16,16,16,9,0,16,15.64072633320595,10.343469002691563,21.52071800082922,0.0
1778532744,32,POST,chat/long,0.100000,0.000000,16,16,16,16,16,16,16,16,16,16,16,8,0,16,16.30288349952025,11.294129006273579,21.52071800082922,0.0
1778532744,32,POST,chat/short,0.000000,0.000000,0,0,0,0,0,0,0,0,0,0,0,1,0,10.343469002691563,10.343469002691563,10.343469002691563,10.343469002691563,0.0
1778532744,32,,Aggregated,0.100000,0.000000,16,16,16,16,16,16,16,16,16,16,16,9,0,16,15.64072633320595,10.343469002691563,21.52071800082922,0.0
1778532745,32,POST,chat/long,0.000000,0.000000,23,23,23,23,23,23,23,23,23,23,23,9,0,17,17.01403611029188,11.294129006273579,22.703256996464916,0.0
1778532745,32,POST,chat/short,0.000000,0.000000,0,0,0,0,0,0,0,0,0,0,0,1,0,10.343469002691563,10.343469002691563,10.343469002691563,10.343469002691563,0.0
1778532745,32,,Aggregated,0.000000,0.000000,23,23,23,23,23,23,23,23,23,23,23,10,0,16,16.346979399531847,10.343469002691563,22.703256996464916,0.0
1778532746,32,POST,chat/long,0.000000,0.000000,23,23,23,23,23,23,23,23,23,23,23,9,0,17,17.01403611029188,11.294129006273579,22.703256996464916,0.0
1778532746,32,POST,chat/short,0.000000,0.000000,0,0,0,0,0,0,0,0,0,0,0,1,0,10.343469002691563,10.343469002691563,10.343469002691563,10.343469002691563,0.0
1778532746,32,,Aggregated,0.000000,0.000000,23,23,23,23,23,23,23,23,23,23,23,10,0,16,16.346979399531847,10.343469002691563,22.703256996464916,0.0
1778532747,32,POST,chat/long,0.000000,0.000000,23,23,23,23,23,23,23,23,23,23,23,9,0,17,17.01403611029188,11.294129006273579,22.703256996464916,0.0
1778532747,32,POST,chat/short,0.000000,0.000000,0,0,0,0,0,0,0,0,0,0,0,1,0,10.343469002691563,10.343469002691563,10.343469002691563,10.343469002691563,0.0
1778532747,32,,Aggregated,0.000000,0.000000,23,23,23,23,23,23,23,23,23,23,23,10,0,16,16.346979399531847,10.343469002691563,22.703256996464916,0.0
1778532748,32,POST,chat/long,0.000000,0.000000,23,23,23,23,23,23,23,23,23,23,23,9,0,17,17.01403611029188,11.294129006273579,22.703256996464916,0.0
1778532748,32,POST,chat/short,0.000000,0.000000,0,0,0,0,0,0,0,0,0,0,0,1,0,10.343469002691563,10.343469002691563,10.343469002691563,10.343469002691563,0.0
1778532748,32,,Aggregated,0.000000,0.000000,23,23,23,23,23,23,23,23,23,23,23,10,0,16,16.346979399531847,10.343469002691563,22.703256996464916,0.0
1778532749,32,POST,chat/long,0.000000,0.000000,23,23,23,23,23,23,23,23,23,23,23,9,0,17,17.01403611029188,11.294129006273579,22.703256996464916,0.0
1778532749,32,POST,chat/short,0.000000,0.000000,0,0,0,0,0,0,0,0,0,0,0,1,0,10.343469002691563,10.343469002691563,10.343469002691563,10.343469002691563,0.0
1778532749,32,,Aggregated,0.000000,0.000000,23,23,23,23,23,23,23,23,23,23,23,10,0,16,16.346979399531847,10.343469002691563,22.703256996464916,0.0
1778532750,32,POST,chat/long,0.000000,0.000000,23,23,23,23,23,23,23,23,23,23,23,9,0,17,17.01403611029188,11.294129006273579,22.703256996464916,0.0
1778532750,32,POST,chat/short,0.000000,0.000000,0,0,0,0,0,0,0,0,0,0,0,1,0,10.343469002691563,10.343469002691563,10.343469002691563,10.343469002691563,0.0
1778532750,32,,Aggregated,0.000000,0.000000,23,23,23,23,23,23,23,23,23,23,23,10,0,16,16.346979399531847,10.343469002691563,22.703256996464916,0.0
1778532751,32,POST,chat/long,0.000000,0.000000,23,23,23,23,23,23,23,23,23,23,23,9,0,17,17.01403611029188,11.294129006273579,22.703256996464916,0.0
1778532751,32,POST,chat/short,0.000000,0.000000,0,0,0,0,0,0,0,0,0,0,0,1,0,10.343469002691563,10.343469002691563,10.343469002691563,10.343469002691563,0.0
1778532751,32,,Aggregated,0.000000,0.000000,23,23,23,23,23,23,23,23,23,23,23,10,0,16,16.346979399531847,10.343469002691563,22.703256996464916,0.0
1778532752,32,POST,chat/long,0.000000,0.000000,23,23,23,23,23,23,23,23,23,23,23,9,0,17,17.01403611029188,11.294129006273579,22.703256996464916,0.0
1778532752,32,POST,chat/short,0.000000,0.000000,0,0,0,0,0,0,0,0,0,0,0,1,0,10.343469002691563,10.343469002691563,10.343469002691563,10.343469002691563,0.0
1778532752,32,,Aggregated,0.000000,0.000000,23,23,23,23,23,23,23,23,23,23,23,10,0,16,16.346979399531847,10.343469002691563,22.703256996464916,0.0
1778532753,32,POST,chat/long,0.000000,0.000000,23,23,23,23,23,23,23,23,23,23,23,9,0,17,17.01403611029188,11.294129006273579,22.703256996464916,0.0
1778532753,32,POST,chat/short,0.000000,0.000000,0,0,0,0,0,0,0,0,0,0,0,1,0,10.343469002691563,10.343469002691563,10.343469002691563,10.343469002691563,0.0
1778532753,32,,Aggregated,0.000000,0.000000,23,23,23,23,23,23,23,23,23,23,23,10,0,16,16.346979399531847,10.343469002691563,22.703256996464916,0.0
1778532754,32,POST,chat/long,0.000000,0.000000,0,0,0,0,0,0,0,0,0,0,0,9,0,17,17.01403611029188,11.294129006273579,22.703256996464916,0.0
1778532754,32,POST,chat/short,0.000000,0.000000,0,0,0,0,0,0,0,0,0,0,0,1,0,10.343469002691563,10.343469002691563,10.343469002691563,10.343469002691563,0.0
1778532754,32,,Aggregated,0.000000,0.000000,0,0,0,0,0,0,0,0,0,0,0,10,0,16,16.346979399531847,10.343469002691563,22.703256996464916,0.0
1778532755,32,POST,chat/long,0.000000,0.000000,0,0,0,0,0,0,0,0,0,0,0,9,0,17,17.01403611029188,11.294129006273579,22.703256996464916,0.0
1778532755,32,POST,chat/short,0.000000,0.000000,0,0,0,0,0,0,0,0,0,0,0,1,0,10.343469002691563,10.343469002691563,10.343469002691563,10.343469002691563,0.0
1778532755,32,,Aggregated,0.000000,0.000000,0,0,0,0,0,0,0,0,0,0,0,10,0,16,16.346979399531847,10.343469002691563,22.703256996464916,0.0
1778532756,32,POST,chat/long,0.000000,0.000000,0,0,0,0,0,0,0,0,0,0,0,9,0,17,17.01403611029188,11.294129006273579,22.703256996464916,0.0
1778532756,32,POST,chat/short,0.000000,0.000000,0,0,0,0,0,0,0,0,0,0,0,1,0,10.343469002691563,10.343469002691563,10.343469002691563,10.343469002691563,0.0
1778532756,32,,Aggregated,0.000000,0.000000,0,0,0,0,0,0,0,0,0,0,0,10,0,16,16.346979399531847,10.343469002691563,22.703256996464916,0.0
1778532757,32,POST,chat/long,0.000000,0.000000,0,0,0,0,0,0,0,0,0,0,0,9,0,17,17.01403611029188,11.294129006273579,22.703256996464916,0.0
1778532757,32,POST,chat/short,0.000000,0.000000,0,0,0,0,0,0,0,0,0,0,0,1,0,10.343469002691563,10.343469002691563,10.343469002691563,10.343469002691563,0.0
1778532757,32,,Aggregated,0.000000,0.000000,0,0,0,0,0,0,0,0,0,0,0,10,0,16,16.346979399531847,10.343469002691563,22.703256996464916,0.0
1778532758,32,POST,chat/long,0.000000,0.000000,0,0,0,0,0,0,0,0,0,0,0,9,0,17,17.01403611029188,11.294129006273579,22.703256996464916,0.0
1778532758,32,POST,chat/short,0.000000,0.000000,0,0,0,0,0,0,0,0,0,0,0,1,0,10.343469002691563,10.343469002691563,10.343469002691563,10.343469002691563,0.0
1778532758,32,,Aggregated,0.000000,0.000000,0,0,0,0,0,0,0,0,0,0,0,10,0,16,16.346979399531847,10.343469002691563,22.703256996464916,0.0
1778532759,32,POST,chat/long,0.000000,0.000000,0,0,0,0,0,0,0,0,0,0,0,9,0,17,17.01403611029188,11.294129006273579,22.703256996464916,0.0
1778532759,32,POST,chat/short,0.000000,0.000000,0,0,0,0,0,0,0,0,0,0,0,1,0,10.343469002691563,10.343469002691563,10.343469002691563,10.343469002691563,0.0
1778532759,32,,Aggregated,0.000000,0.000000,0,0,0,0,0,0,0,0,0,0,0,10,0,16,16.346979399531847,10.343469002691563,22.703256996464916,0.0
1778532760,32,POST,chat/long,0.000000,0.000000,18,18,18,18,18,18,18,18,18,18,18,10,0,17,17.089433299406664,11.294129006273579,22.703256996464916,0.0
1778532760,32,POST,chat/short,0.000000,0.000000,0,0,0,0,0,0,0,0,0,0,0,1,0,10.343469002691563,10.343469002691563,10.343469002691563,10.343469002691563,0.0
1778532760,32,,Aggregated,0.000000,0.000000,18,18,18,18,18,18,18,18,18,18,18,11,0,17,16.47616381788711,10.343469002691563,22.703256996464916,0.0
1778532761,32,POST,chat/long,0.000000,0.000000,0,0,0,0,0,0,0,0,0,0,0,10,0,17,17.089433299406664,11.294129006273579,22.703256996464916,0.0
1778532761,32,POST,chat/short,0.000000,0.000000,0,0,0,0,0,0,0,0,0,0,0,1,0,10.343469002691563,10.343469002691563,10.343469002691563,10.343469002691563,0.0
1778532761,32,,Aggregated,0.000000,0.000000,0,0,0,0,0,0,0,0,0,0,0,11,0,17,16.47616381788711,10.343469002691563,22.703256996464916,0.0
1778532762,32,POST,chat/long,0.000000,0.000000,0,0,0,0,0,0,0,0,0,0,0,10,0,17,17.089433299406664,11.294129006273579,22.703256996464916,0.0
1778532762,32,POST,chat/short,0.000000,0.000000,0,0,0,0,0,0,0,0,0,0,0,1,0,10.343469002691563,10.343469002691563,10.343469002691563,10.343469002691563,0.0
1778532762,32,,Aggregated,0.000000,0.000000,0,0,0,0,0,0,0,0,0,0,0,11,0,17,16.47616381788711,10.343469002691563,22.703256996464916,0.0
1778532763,32,POST,chat/long,0.000000,0.000000,0,0,0,0,0,0,0,0,0,0,0,10,0,17,17.089433299406664,11.294129006273579,22.703256996464916,0.0
1778532763,32,POST,chat/short,0.000000,0.000000,0,0,0,0,0,0,0,0,0,0,0,1,0,10.343469002691563,10.343469002691563,10.343469002691563,10.343469002691563,0.0
1778532763,32,,Aggregated,0.000000,0.000000,0,0,0,0,0,0,0,0,0,0,0,11,0,17,16.47616381788711,10.343469002691563,22.703256996464916,0.0
1778532764,32,POST,chat/long,0.000000,0.000000,0,0,0,0,0,0,0,0,0,0,0,10,0,17,17.089433299406664,11.294129006273579,22.703256996464916,0.0
1778532764,32,POST,chat/short,0.000000,0.000000,0,0,0,0,0,0,0,0,0,0,0,1,0,10.343469002691563,10.343469002691563,10.343469002691563,10.343469002691563,0.0
1778532764,32,,Aggregated,0.000000,0.000000,0,0,0,0,0,0,0,0,0,0,0,11,0,17,16.47616381788711,10.343469002691563,22.703256996464916,0.0
1778532765,32,POST,chat/long,0.000000,0.000000,0,0,0,0,0,0,0,0,0,0,0,10,0,17,17.089433299406664,11.294129006273579,22.703256996464916,0.0
1778532765,32,POST,chat/short,0.000000,0.000000,0,0,0,0,0,0,0,0,0,0,0,1,0,10.343469002691563,10.343469002691563,10.343469002691563,10.343469002691563,0.0
1778532765,32,,Aggregated,0.000000,0.000000,0,0,0,0,0,0,0,0,0,0,0,11,0,17,16.47616381788711,10.343469002691563,22.703256996464916,0.0
1778532766,32,POST,chat/long,0.000000,0.000000,0,0,0,0,0,0,0,0,0,0,0,10,0,17,17.089433299406664,11.294129006273579,22.703256996464916,0.0
1778532766,32,POST,chat/short,0.000000,0.000000,0,0,0,0,0,0,0,0,0,0,0,1,0,10.343469002691563,10.343469002691563,10.343469002691563,10.343469002691563,0.0
1778532766,32,,Aggregated,0.000000,0.000000,0,0,0,0,0,0,0,0,0,0,0,11,0,17,16.47616381788711,10.343469002691563,22.703256996464916,0.0
1778532767,32,POST,chat/long,0.000000,0.000000,0,0,0,0,0,0,0,0,0,0,0,10,0,17,17.089433299406664,11.294129006273579,22.703256996464916,0.0
1778532767,32,POST,chat/short,0.000000,0.000000,0,0,0,0,0,0,0,0,0,0,0,1,0,10.343469002691563,10.343469002691563,10.343469002691563,10.343469002691563,0.0
1778532767,32,,Aggregated,0.000000,0.000000,0,0,0,0,0,0,0,0,0,0,0,11,0,17,16.47616381788711,10.343469002691563,22.703256996464916,0.0
1778532768,32,POST,chat/long,0.000000,0.000000,0,0,0,0,0,0,0,0,0,0,0,10,0,17,17.089433299406664,11.294129006273579,22.703256996464916,0.0
1778532768,32,POST,chat/short,0.000000,0.000000,0,0,0,0,0,0,0,0,0,0,0,1,0,10.343469002691563,10.343469002691563,10.343469002691563,10.343469002691563,0.0
1778532768,32,,Aggregated,0.000000,0.000000,0,0,0,0,0,0,0,0,0,0,0,11,0,17,16.47616381788711,10.343469002691563,22.703256996464916,0.0
1778532769,32,POST,chat/long,0.100000,0.000000,0,0,0,0,0,0,0,0,0,0,0,10,0,17,17.089433299406664,11.294129006273579,22.703256996464916,0.0
1778532769,32,POST,chat/medium,0.000000,0.000000,0,0,0,0,0,0,0,0,0,0,0,1,0,9.043129000929184,9.043129000929184,9.043129000929184,9.043129000929184,0.0
1778532769,32,POST,chat/short,0.000000,0.000000,0,0,0,0,0,0,0,0,0,0,0,1,0,10.343469002691563,10.343469002691563,10.343469002691563,10.343469002691563,0.0
1778532769,32,,Aggregated,0.100000,0.000000,9,9,9,9,9,9,9,9,9,9,9,12,0,16,15.856744249807283,9.043129000929184,22.703256996464916,0.0
1778532770,32,POST,chat/long,0.100000,0.000000,0,0,0,0,0,0,0,0,0,0,0,10,0,17,17.089433299406664,11.294129006273579,22.703256996464916,0.0
1778532770,32,POST,chat/medium,0.000000,0.000000,0,0,0,0,0,0,0,0,0,0,0,1,0,9.043129000929184,9.043129000929184,9.043129000929184,9.043129000929184,0.0
1778532770,32,POST,chat/short,0.000000,0.000000,0,0,0,0,0,0,0,0,0,0,0,1,0,10.343469002691563,10.343469002691563,10.343469002691563,10.343469002691563,0.0
1778532770,32,,Aggregated,0.100000,0.000000,9,9,9,9,9,9,9,9,9,9,9,12,0,16,15.856744249807283,9.043129000929184,22.703256996464916,0.0
1778532771,32,POST,chat/long,0.100000,0.000000,0,0,0,0,0,0,0,0,0,0,0,10,0,17,17.089433299406664,11.294129006273579,22.703256996464916,0.0
1778532771,32,POST,chat/medium,0.000000,0.000000,0,0,0,0,0,0,0,0,0,0,0,1,0,9.043129000929184,9.043129000929184,9.043129000929184,9.043129000929184,0.0
1778532771,32,POST,chat/short,0.000000,0.000000,0,0,0,0,0,0,0,0,0,0,0,1,0,10.343469002691563,10.343469002691563,10.343469002691563,10.343469002691563,0.0
1778532771,32,,Aggregated,0.100000,0.000000,9,9,9,9,9,9,9,9,9,9,9,12,0,16,15.856744249807283,9.043129000929184,22.703256996464916,0.0
1778532772,32,POST,chat/long,0.100000,0.000000,0,0,0,0,0,0,0,0,0,0,0,10,0,17,17.089433299406664,11.294129006273579,22.703256996464916,0.0
1778532772,32,POST,chat/medium,0.000000,0.000000,0,0,0,0,0,0,0,0,0,0,0,1,0,9.043129000929184,9.043129000929184,9.043129000929184,9.043129000929184,0.0
1778532772,32,POST,chat/short,0.000000,0.000000,0,0,0,0,0,0,0,0,0,0,0,1,0,10.343469002691563,10.343469002691563,10.343469002691563,10.343469002691563,0.0
1778532772,32,,Aggregated,0.100000,0.000000,9,9,9,9,9,9,9,9,9,9,9,12,0,16,15.856744249807283,9.043129000929184,22.703256996464916,0.0
1778532773,32,POST,chat/long,0.100000,0.000000,0,0,0,0,0,0,0,0,0,0,0,10,0,17,17.089433299406664,11.294129006273579,22.703256996464916,0.0
1778532773,32,POST,chat/medium,0.000000,0.000000,0,0,0,0,0,0,0,0,0,0,0,1,0,9.043129000929184,9.043129000929184,9.043129000929184,9.043129000929184,0.0
1778532773,32,POST,chat/short,0.000000,0.000000,0,0,0,0,0,0,0,0,0,0,0,1,0,10.343469002691563,10.343469002691563,10.343469002691563,10.343469002691563,0.0
1778532773,32,,Aggregated,0.100000,0.000000,0,0,0,0,0,0,0,0,0,0,0,12,0,16,15.856744249807283,9.043129000929184,22.703256996464916,0.0
1778532774,32,POST,chat/long,0.100000,0.000000,0,0,0,0,0,0,0,0,0,0,0,10,0,17,17.089433299406664,11.294129006273579,22.703256996464916,0.0
1778532774,32,POST,chat/medium,0.000000,0.000000,0,0,0,0,0,0,0,0,0,0,0,1,0,9.043129000929184,9.043129000929184,9.043129000929184,9.043129000929184,0.0
1778532774,32,POST,chat/short,0.000000,0.000000,0,0,0,0,0,0,0,0,0,0,0,1,0,10.343469002691563,10.343469002691563,10.343469002691563,10.343469002691563,0.0
1778532774,32,,Aggregated,0.100000,0.000000,0,0,0,0,0,0,0,0,0,0,0,12,0,16,15.856744249807283,9.043129000929184,22.703256996464916,0.0
1778532775,32,POST,chat/long,0.000000,0.000000,11,11,41,41,41,41,41,41,41,41,41,13,0,17,17.858778999652714,9.29571899905568,40.62611600238597,0.0
1778532775,32,POST,chat/medium,0.100000,0.000000,0,0,0,0,0,0,0,0,0,0,0,1,0,9.043129000929184,9.043129000929184,9.043129000929184,9.043129000929184,0.0
1778532775,32,POST,chat/short,0.000000,0.000000,0,0,0,0,0,0,0,0,0,0,0,1,0,10.343469002691563,10.343469002691563,10.343469002691563,10.343469002691563,0.0
1778532775,32,,Aggregated,0.100000,0.000000,11,11,41,41,41,41,41,41,41,41,41,15,0,16,16.770048333273735,9.043129000929184,40.62611600238597,0.0
1778532776,32,POST,chat/long,0.000000,0.000000,9,9,9,9,9,9,9,9,9,9,9,13,0,17,17.858778999652714,9.29571899905568,40.62611600238597,0.0
1778532776,32,POST,chat/medium,0.100000,0.000000,0,0,0,0,0,0,0,0,0,0,0,1,0,9.043129000929184,9.043129000929184,9.043129000929184,9.043129000929184,0.0
1778532776,32,POST,chat/short,0.000000,0.000000,0,0,0,0,0,0,0,0,0,0,0,1,0,10.343469002691563,10.343469002691563,10.343469002691563,10.343469002691563,0.0
1778532776,32,,Aggregated,0.100000,0.000000,11,11,41,41,41,41,41,41,41,41,41,15,0,16,16.770048333273735,9.043129000929184,40.62611600238597,0.0
1778532777,32,POST,chat/long,0.000000,0.000000,9,9,9,9,9,9,9,9,9,9,9,13,0,17,17.858778999652714,9.29571899905568,40.62611600238597,0.0
1778532777,32,POST,chat/medium,0.100000,0.000000,0,0,0,0,0,0,0,0,0,0,0,1,0,9.043129000929184,9.043129000929184,9.043129000929184,9.043129000929184,0.0
1778532777,32,POST,chat/short,0.000000,0.000000,0,0,0,0,0,0,0,0,0,0,0,1,0,10.343469002691563,10.343469002691563,10.343469002691563,10.343469002691563,0.0
1778532777,32,,Aggregated,0.100000,0.000000,11,11,41,41,41,41,41,41,41,41,41,15,0,16,16.770048333273735,9.043129000929184,40.62611600238597,0.0
1778532778,32,POST,chat/long,0.000000,0.000000,9,9,9,9,9,9,9,9,9,9,9,13,0,17,17.858778999652714,9.29571899905568,40.62611600238597,0.0
1778532778,32,POST,chat/medium,0.100000,0.000000,0,0,0,0,0,0,0,0,0,0,0,1,0,9.043129000929184,9.043129000929184,9.043129000929184,9.043129000929184,0.0
1778532778,32,POST,chat/short,0.000000,0.000000,0,0,0,0,0,0,0,0,0,0,0,1,0,10.343469002691563,10.343469002691563,10.343469002691563,10.343469002691563,0.0
1778532778,32,,Aggregated,0.100000,0.000000,11,11,41,41,41,41,41,41,41,41,41,15,0,16,16.770048333273735,9.043129000929184,40.62611600238597,0.0
1778532779,32,POST,chat/long,0.000000,0.000000,9,9,9,9,9,9,9,9,9,9,9,13,0,17,17.858778999652714,9.29571899905568,40.62611600238597,0.0
1778532779,32,POST,chat/medium,0.100000,0.000000,9,9,9,9,9,9,9,9,9,9,9,1,0,9.043129000929184,9.043129000929184,9.043129000929184,9.043129000929184,0.0
1778532779,32,POST,chat/short,0.000000,0.000000,0,0,0,0,0,0,0,0,0,0,0,1,0,10.343469002691563,10.343469002691563,10.343469002691563,10.343469002691563,0.0
1778532779,32,,Aggregated,0.100000,0.000000,11,11,41,41,41,41,41,41,41,41,41,15,0,16,16.770048333273735,9.043129000929184,40.62611600238597,0.0
1778532780,32,POST,chat/long,0.000000,0.000000,9,9,9,9,9,9,9,9,9,9,9,13,0,17,17.858778999652714,9.29571899905568,40.62611600238597,0.0
1778532780,32,POST,chat/medium,0.100000,0.000000,9,9,9,9,9,9,9,9,9,9,9,1,0,9.043129000929184,9.043129000929184,9.043129000929184,9.043129000929184,0.0
1778532780,32,POST,chat/short,0.000000,0.000000,0,0,0,0,0,0,0,0,0,0,0,1,0,10.343469002691563,10.343469002691563,10.343469002691563,10.343469002691563,0.0
1778532780,32,,Aggregated,0.100000,0.000000,11,11,41,41,41,41,41,41,41,41,41,15,0,16,16.770048333273735,9.043129000929184,40.62611600238597,0.0
1778532781,32,POST,chat/long,0.000000,0.000000,9,9,9,9,9,9,9,9,9,9,9,13,0,17,17.858778999652714,9.29571899905568,40.62611600238597,0.0
1778532781,32,POST,chat/medium,0.100000,0.000000,9,9,9,9,9,9,9,9,9,9,9,1,0,9.043129000929184,9.043129000929184,9.043129000929184,9.043129000929184,0.0
1778532781,32,POST,chat/short,0.000000,0.000000,0,0,0,0,0,0,0,0,0,0,0,1,0,10.343469002691563,10.343469002691563,10.343469002691563,10.343469002691563,0.0
1778532781,32,,Aggregated,0.100000,0.000000,9,9,9,9,9,9,9,9,9,9,9,15,0,16,16.770048333273735,9.043129000929184,40.62611600238597,0.0
1778532782,32,POST,chat/long,0.000000,0.000000,9,9,9,9,9,9,9,9,9,9,9,13,0,17,17.858778999652714,9.29571899905568,40.62611600238597,0.0
1778532782,32,POST,chat/medium,0.100000,0.000000,9,9,9,9,9,9,9,9,9,9,9,1,0,9.043129000929184,9.043129000929184,9.043129000929184,9.043129000929184,0.0
1778532782,32,POST,chat/short,0.000000,0.000000,0,0,0,0,0,0,0,0,0,0,0,1,0,10.343469002691563,10.343469002691563,10.343469002691563,10.343469002691563,0.0
1778532782,32,,Aggregated,0.100000,0.000000,9,9,9,9,9,9,9,9,9,9,9,15,0,16,16.770048333273735,9.043129000929184,40.62611600238597,0.0
1778532783,32,POST,chat/long,0.000000,0.000000,9,9,9,9,9,9,9,9,9,9,9,13,0,17,17.858778999652714,9.29571899905568,40.62611600238597,0.0
1778532783,32,POST,chat/medium,0.100000,0.000000,9,9,9,9,9,9,9,9,9,9,9,1,0,9.043129000929184,9.043129000929184,9.043129000929184,9.043129000929184,0.0
1778532783,32,POST,chat/short,0.000000,0.000000,0,0,0,0,0,0,0,0,0,0,0,1,0,10.343469002691563,10.343469002691563,10.343469002691563,10.343469002691563,0.0
1778532783,32,,Aggregated,0.100000,0.000000,9,9,9,9,9,9,9,9,9,9,9,15,0,16,16.770048333273735,9.043129000929184,40.62611600238597,0.0
1778532784,32,POST,chat/long,0.300000,0.000000,15,15,20,20,20,20,20,20,20,20,20,16,0,16,17.43707581226772,9.29571899905568,40.62611600238597,0.0
1778532784,32,POST,chat/medium,0.000000,0.000000,9,9,9,9,9,9,9,9,9,9,9,1,0,9.043129000929184,9.043129000929184,9.043129000929184,9.043129000929184,0.0
1778532784,32,POST,chat/short,0.000000,0.000000,0,0,0,0,0,0,0,0,0,0,0,1,0,10.343469002691563,10.343469002691563,10.343469002691563,10.343469002691563,0.0
1778532784,32,,Aggregated,0.300000,0.000000,15,15,20,20,20,20,20,20,20,20,20,18,0,15,16.57665616666135,9.043129000929184,40.62611600238597,0.0
1778532785,32,POST,chat/long,0.300000,0.000000,15,15,20,20,20,20,20,20,20,20,20,16,0,16,17.43707581226772,9.29571899905568,40.62611600238597,0.0
1778532785,32,POST,chat/medium,0.000000,0.000000,9,9,9,9,9,9,9,9,9,9,9,1,0,9.043129000929184,9.043129000929184,9.043129000929184,9.043129000929184,0.0
1778532785,32,POST,chat/short,0.000000,0.000000,0,0,0,0,0,0,0,0,0,0,0,1,0,10.343469002691563,10.343469002691563,10.343469002691563,10.343469002691563,0.0
1778532785,32,,Aggregated,0.300000,0.000000,15,15,20,20,20,20,20,20,20,20,20,18,0,15,16.57665616666135,9.043129000929184,40.62611600238597,0.0
1778532786,32,POST,chat/long,0.300000,0.000000,15,15,20,20,20,20,20,20,20,20,20,16,0,16,17.43707581226772,9.29571899905568,40.62611600238597,0.0
1778532786,32,POST,chat/medium,0.000000,0.000000,9,9,9,9,9,9,9,9,9,9,9,1,0,9.043129000929184,9.043129000929184,9.043129000929184,9.043129000929184,0.0
1778532786,32,POST,chat/short,0.000000,0.000000,0,0,0,0,0,0,0,0,0,0,0,1,0,10.343469002691563,10.343469002691563,10.343469002691563,10.343469002691563,0.0
1778532786,32,,Aggregated,0.300000,0.000000,15,15,20,20,20,20,20,20,20,20,20,18,0,15,16.57665616666135,9.043129000929184,40.62611600238597,0.0
1778532787,32,POST,chat/long,0.300000,0.000000,15,15,20,20,20,20,20,20,20,20,20,16,0,16,17.43707581226772,9.29571899905568,40.62611600238597,0.0
1778532787,32,POST,chat/medium,0.000000,0.000000,9,9,9,9,9,9,9,9,9,9,9,1,0,9.043129000929184,9.043129000929184,9.043129000929184,9.043129000929184,0.0
1778532787,32,POST,chat/short,0.000000,0.000000,0,0,0,0,0,0,0,0,0,0,0,1,0,10.343469002691563,10.343469002691563,10.343469002691563,10.343469002691563,0.0
1778532787,32,,Aggregated,0.300000,0.000000,15,15,20,20,20,20,20,20,20,20,20,18,0,15,16.57665616666135,9.043129000929184,40.62611600238597,0.0
1778532788,32,POST,chat/long,0.300000,0.000000,15,15,20,20,20,20,20,20,20,20,20,16,0,16,17.43707581226772,9.29571899905568,40.62611600238597,0.0
1778532788,32,POST,chat/medium,0.000000,0.000000,0,0,0,0,0,0,0,0,0,0,0,1,0,9.043129000929184,9.043129000929184,9.043129000929184,9.043129000929184,0.0
1778532788,32,POST,chat/short,0.000000,0.000000,0,0,0,0,0,0,0,0,0,0,0,1,0,10.343469002691563,10.343469002691563,10.343469002691563,10.343469002691563,0.0
1778532788,32,,Aggregated,0.300000,0.000000,15,15,20,20,20,20,20,20,20,20,20,18,0,15,16.57665616666135,9.043129000929184,40.62611600238597,0.0
1778532789,32,POST,chat/long,0.300000,0.000000,20,20,20,20,20,20,20,20,20,20,20,16,0,16,17.43707581226772,9.29571899905568,40.62611600238597,0.0
1778532789,32,POST,chat/medium,0.000000,0.000000,0,0,0,0,0,0,0,0,0,0,0,1,0,9.043129000929184,9.043129000929184,9.043129000929184,9.043129000929184,0.0
1778532789,32,POST,chat/short,0.000000,0.000000,0,0,0,0,0,0,0,0,0,0,0,1,0,10.343469002691563,10.343469002691563,10.343469002691563,10.343469002691563,0.0
1778532789,32,,Aggregated,0.300000,0.000000,20,20,20,20,20,20,20,20,20,20,20,18,0,15,16.57665616666135,9.043129000929184,40.62611600238597,0.0
1778532790,32,POST,chat/long,0.300000,0.000000,20,20,20,20,20,20,20,20,20,20,20,16,0,16,17.43707581226772,9.29571899905568,40.62611600238597,0.0
1778532790,32,POST,chat/medium,0.000000,0.000000,0,0,0,0,0,0,0,0,0,0,0,1,0,9.043129000929184,9.043129000929184,9.043129000929184,9.043129000929184,0.0
1778532790,32,POST,chat/short,0.000000,0.000000,0,0,0,0,0,0,0,0,0,0,0,1,0,10.343469002691563,10.343469002691563,10.343469002691563,10.343469002691563,0.0
1778532790,32,,Aggregated,0.300000,0.000000,20,20,20,20,20,20,20,20,20,20,20,18,0,15,16.57665616666135,9.043129000929184,40.62611600238597,0.0
1778532791,32,POST,chat/long,0.300000,0.000000,20,20,20,20,20,20,20,20,20,20,20,16,0,16,17.43707581226772,9.29571899905568,40.62611600238597,0.0
1778532791,32,POST,chat/medium,0.000000,0.000000,0,0,0,0,0,0,0,0,0,0,0,1,0,9.043129000929184,9.043129000929184,9.043129000929184,9.043129000929184,0.0
1778532791,32,POST,chat/short,0.000000,0.000000,0,0,0,0,0,0,0,0,0,0,0,1,0,10.343469002691563,10.343469002691563,10.343469002691563,10.343469002691563,0.0
1778532791,32,,Aggregated,0.300000,0.000000,20,20,20,20,20,20,20,20,20,20,20,18,0,15,16.57665616666135,9.043129000929184,40.62611600238597,0.0
1778532792,32,POST,chat/long,0.300000,0.000000,20,20,20,20,20,20,20,20,20,20,20,16,0,16,17.43707581226772,9.29571899905568,40.62611600238597,0.0
1778532792,32,POST,chat/medium,0.000000,0.000000,0,0,0,0,0,0,0,0,0,0,0,1,0,9.043129000929184,9.043129000929184,9.043129000929184,9.043129000929184,0.0
1778532792,32,POST,chat/short,0.000000,0.000000,0,0,0,0,0,0,0,0,0,0,0,1,0,10.343469002691563,10.343469002691563,10.343469002691563,10.343469002691563,0.0
1778532792,32,,Aggregated,0.300000,0.000000,20,20,20,20,20,20,20,20,20,20,20,18,0,15,16.57665616666135,9.043129000929184,40.62611600238597,0.0
1778532793,32,POST,chat/long,0.300000,0.000000,16,16,20,20,20,20,20,20,20,20,20,17,0,16,17.368059529176474,9.29571899905568,40.62611600238597,0.0
1778532793,32,POST,chat/medium,0.000000,0.000000,0,0,0,0,0,0,0,0,0,0,0,1,0,9.043129000929184,9.043129000929184,9.043129000929184,9.043129000929184,0.0
1778532793,32,POST,chat/short,0.000000,0.000000,0,0,0,0,0,0,0,0,0,0,0,1,0,10.343469002691563,10.343469002691563,10.343469002691563,10.343469002691563,0.0
1778532793,32,,Aggregated,0.300000,0.000000,16,16,20,20,20,20,20,20,20,20,20,19,0,16,16.560189999980043,9.043129000929184,40.62611600238597,0.0
1778532794,32,POST,chat/long,0.300000,0.000000,16,16,20,20,20,20,20,20,20,20,20,17,0,16,17.368059529176474,9.29571899905568,40.62611600238597,0.0
1778532794,32,POST,chat/medium,0.000000,0.000000,0,0,0,0,0,0,0,0,0,0,0,1,0,9.043129000929184,9.043129000929184,9.043129000929184,9.043129000929184,0.0
1778532794,32,POST,chat/short,0.000000,0.000000,0,0,0,0,0,0,0,0,0,0,0,1,0,10.343469002691563,10.343469002691563,10.343469002691563,10.343469002691563,0.0
1778532794,32,,Aggregated,0.300000,0.000000,16,16,20,20,20,20,20,20,20,20,20,19,0,16,16.560189999980043,9.043129000929184,40.62611600238597,0.0
1778532795,32,POST,chat/long,0.300000,0.000000,16,16,20,20,20,20,20,20,20,20,20,17,0,16,17.368059529176474,9.29571899905568,40.62611600238597,0.0
1778532795,32,POST,chat/medium,0.000000,0.000000,0,0,0,0,0,0,0,0,0,0,0,1,0,9.043129000929184,9.043129000929184,9.043129000929184,9.043129000929184,0.0
1778532795,32,POST,chat/short,0.000000,0.000000,0,0,0,0,0,0,0,0,0,0,0,1,0,10.343469002691563,10.343469002691563,10.343469002691563,10.343469002691563,0.0
1778532795,32,,Aggregated,0.300000,0.000000,16,16,20,20,20,20,20,20,20,20,20,19,0,16,16.560189999980043,9.043129000929184,40.62611600238597,0.0
1778532796,32,POST,chat/long,0.300000,0.000000,16,16,20,20,20,20,20,20,20,20,20,17,0,16,17.368059529176474,9.29571899905568,40.62611600238597,0.0
1778532796,32,POST,chat/medium,0.000000,0.000000,0,0,0,0,0,0,0,0,0,0,0,1,0,9.043129000929184,9.043129000929184,9.043129000929184,9.043129000929184,0.0
1778532796,32,POST,chat/short,0.000000,0.000000,0,0,0,0,0,0,0,0,0,0,0,1,0,10.343469002691563,10.343469002691563,10.343469002691563,10.343469002691563,0.0
1778532796,32,,Aggregated,0.300000,0.000000,16,16,20,20,20,20,20,20,20,20,20,19,0,16,16.560189999980043,9.043129000929184,40.62611600238597,0.0
1778532797,32,POST,chat/long,0.300000,0.000000,16,16,20,20,20,20,20,20,20,20,20,17,0,16,17.368059529176474,9.29571899905568,40.62611600238597,0.0
1778532797,32,POST,chat/medium,0.000000,0.000000,0,0,0,0,0,0,0,0,0,0,0,1,0,9.043129000929184,9.043129000929184,9.043129000929184,9.043129000929184,0.0
1778532797,32,POST,chat/short,0.000000,0.000000,0,0,0,0,0,0,0,0,0,0,0,1,0,10.343469002691563,10.343469002691563,10.343469002691563,10.343469002691563,0.0
1778532797,32,,Aggregated,0.300000,0.000000,16,16,20,20,20,20,20,20,20,20,20,19,0,16,16.560189999980043,9.043129000929184,40.62611600238597,0.0
1778532798,32,POST,chat/long,0.300000,0.000000,0,0,0,0,0,0,0,0,0,0,0,17,0,16,17.368059529176474,9.29571899905568,40.62611600238597,0.0
1778532798,32,POST,chat/medium,0.000000,0.000000,0,0,0,0,0,0,0,0,0,0,0,1,0,9.043129000929184,9.043129000929184,9.043129000929184,9.043129000929184,0.0
1778532798,32,POST,chat/short,0.000000,0.000000,0,0,0,0,0,0,0,0,0,0,0,1,0,10.343469002691563,10.343469002691563,10.343469002691563,10.343469002691563,0.0
1778532798,32,,Aggregated,0.300000,0.000000,0,0,0,0,0,0,0,0,0,0,0,19,0,16,16.560189999980043,9.043129000929184,40.62611600238597,0.0
1778532799,32,POST,chat/long,0.100000,0.000000,21,21,21,21,21,21,21,21,21,21,21,18,0,16,17.543399444144193,9.29571899905568,40.62611600238597,0.0
1778532799,32,POST,chat/medium,0.000000,0.000000,0,0,0,0,0,0,0,0,0,0,0,1,0,9.043129000929184,9.043129000929184,9.043129000929184,9.043129000929184,0.0
1778532799,32,POST,chat/short,0.000000,0.000000,0,0,0,0,0,0,0,0,0,0,0,1,0,10.343469002691563,10.343469002691563,10.343469002691563,10.343469002691563,0.0
1778532799,32,,Aggregated,0.100000,0.000000,21,21,21,21,21,21,21,21,21,21,21,20,0,16,16.75838939991081,9.043129000929184,40.62611600238597,0.0
1778532800,32,POST,chat/long,0.100000,0.000000,21,21,21,21,21,21,21,21,21,21,21,18,0,16,17.543399444144193,9.29571899905568,40.62611600238597,0.0
1778532800,32,POST,chat/medium,0.000000,0.000000,0,0,0,0,0,0,0,0,0,0,0,1,0,9.043129000929184,9.043129000929184,9.043129000929184,9.043129000929184,0.0
1778532800,32,POST,chat/short,0.000000,0.000000,0,0,0,0,0,0,0,0,0,0,0,1,0,10.343469002691563,10.343469002691563,10.343469002691563,10.343469002691563,0.0
1778532800,32,,Aggregated,0.100000,0.000000,21,21,21,21,21,21,21,21,21,21,21,20,0,16,16.75838939991081,9.043129000929184,40.62611600238597,0.0
1778532801,32,POST,chat/long,0.100000,0.000000,21,21,21,21,21,21,21,21,21,21,21,18,0,16,17.543399444144193,9.29571899905568,40.62611600238597,0.0
1778532801,32,POST,chat/medium,0.000000,0.000000,0,0,0,0,0,0,0,0,0,0,0,1,0,9.043129000929184,9.043129000929184,9.043129000929184,9.043129000929184,0.0
1778532801,32,POST,chat/short,0.000000,0.000000,0,0,0,0,0,0,0,0,0,0,0,1,0,10.343469002691563,10.343469002691563,10.343469002691563,10.343469002691563,0.0
1778532801,32,,Aggregated,0.100000,0.000000,21,21,21,21,21,21,21,21,21,21,21,20,0,16,16.75838939991081,9.043129000929184,40.62611600238597,0.0
1778532802,32,POST,chat/long,0.200000,0.000000,17,17,21,21,21,21,21,21,21,21,21,20,0,16,17.19111634993169,9.29571899905568,40.62611600238597,0.0
1778532802,32,POST,chat/medium,0.000000,0.000000,0,0,0,0,0,0,0,0,0,0,0,1,0,9.043129000929184,9.043129000929184,9.043129000929184,9.043129000929184,0.0
1778532802,32,POST,chat/short,0.000000,0.000000,0,0,0,0,0,0,0,0,0,0,0,1,0,10.343469002691563,10.343469002691563,10.343469002691563,10.343469002691563,0.0
1778532802,32,,Aggregated,0.200000,0.000000,17,17,21,21,21,21,21,21,21,21,21,22,0,16,16.50949659101157,9.043129000929184,40.62611600238597,0.0
1778532803,32,POST,chat/long,0.200000,0.000000,17,17,21,21,21,21,21,21,21,21,21,20,0,16,17.19111634993169,9.29571899905568,40.62611600238597,0.0
1778532803,32,POST,chat/medium,0.000000,0.000000,0,0,0,0,0,0,0,0,0,0,0,1,0,9.043129000929184,9.043129000929184,9.043129000929184,9.043129000929184,0.0
1778532803,32,POST,chat/short,0.000000,0.000000,0,0,0,0,0,0,0,0,0,0,0,1,0,10.343469002691563,10.343469002691563,10.343469002691563,10.343469002691563,0.0
1778532803,32,,Aggregated,0.200000,0.000000,17,17,21,21,21,21,21,21,21,21,21,22,0,16,16.50949659101157,9.043129000929184,40.62611600238597,0.0
1778532804,32,POST,chat/long,0.200000,0.000000,17,17,21,21,21,21,21,21,21,21,21,20,0,16,17.19111634993169,9.29571899905568,40.62611600238597,0.0
1778532804,32,POST,chat/medium,0.000000,0.000000,0,0,0,0,0,0,0,0,0,0,0,1,0,9.043129000929184,9.043129000929184,9.043129000929184,9.043129000929184,0.0
1778532804,32,POST,chat/short,0.000000,0.000000,0,0,0,0,0,0,0,0,0,0,0,1,0,10.343469002691563,10.343469002691563,10.343469002691563,10.343469002691563,0.0
1778532804,32,,Aggregated,0.200000,0.000000,17,17,21,21,21,21,21,21,21,21,21,22,0,16,16.50949659101157,9.043129000929184,40.62611600238597,0.0
1778532805,32,POST,chat/long,0.200000,0.000000,17,17,17,17,17,17,17,17,17,17,17,21,0,17,17.16902499971357,9.29571899905568,40.62611600238597,0.0
1778532805,32,POST,chat/medium,0.000000,0.000000,0,0,0,0,0,0,0,0,0,0,0,1,0,9.043129000929184,9.043129000929184,9.043129000929184,9.043129000929184,0.0
1778532805,32,POST,chat/short,0.000000,0.000000,0,0,0,0,0,0,0,0,0,0,0,1,0,10.343469002691563,10.343469002691563,10.343469002691563,10.343469002691563,0.0
1778532805,32,,Aggregated,0.200000,0.000000,17,17,17,17,17,17,17,17,17,17,17,23,0,16,16.51896186946112,9.043129000929184,40.62611600238597,0.0
1778532806,32,POST,chat/long,0.200000,0.000000,17,17,17,17,17,17,17,17,17,17,17,21,0,17,17.16902499971357,9.29571899905568,40.62611600238597,0.0
1778532806,32,POST,chat/medium,0.000000,0.000000,0,0,0,0,0,0,0,0,0,0,0,1,0,9.043129000929184,9.043129000929184,9.043129000929184,9.043129000929184,0.0
1778532806,32,POST,chat/short,0.000000,0.000000,0,0,0,0,0,0,0,0,0,0,0,1,0,10.343469002691563,10.343469002691563,10.343469002691563,10.343469002691563,0.0
1778532806,32,,Aggregated,0.200000,0.000000,17,17,17,17,17,17,17,17,17,17,17,23,0,16,16.51896186946112,9.043129000929184,40.62611600238597,0.0
1778532807,32,POST,chat/long,0.200000,0.000000,17,17,17,17,17,17,17,17,17,17,17,21,0,17,17.16902499971357,9.29571899905568,40.62611600238597,0.0
1778532807,32,POST,chat/medium,0.000000,0.000000,0,0,0,0,0,0,0,0,0,0,0,1,0,9.043129000929184,9.043129000929184,9.043129000929184,9.043129000929184,0.0
1778532807,32,POST,chat/short,0.000000,0.000000,0,0,0,0,0,0,0,0,0,0,0,1,0,10.343469002691563,10.343469002691563,10.343469002691563,10.343469002691563,0.0
1778532807,32,,Aggregated,0.200000,0.000000,17,17,17,17,17,17,17,17,17,17,17,23,0,16,16.51896186946112,9.043129000929184,40.62611600238597,0.0
1778532808,32,POST,chat/long,0.400000,0.000000,17,17,17,17,17,17,17,17,17,17,17,22,0,16,16.945573363376422,9.29571899905568,40.62611600238597,0.0
1778532808,32,POST,chat/medium,0.000000,0.000000,0,0,0,0,0,0,0,0,0,0,0,1,0,9.043129000929184,9.043129000929184,9.043129000929184,9.043129000929184,0.0
1778532808,32,POST,chat/short,0.000000,0.000000,0,0,0,0,0,0,0,0,0,0,0,1,0,10.343469002691563,10.343469002691563,10.343469002691563,10.343469002691563,0.0
1778532808,32,,Aggregated,0.400000,0.000000,17,17,17,17,17,17,17,17,17,17,17,24,0,16,16.341217166579252,9.043129000929184,40.62611600238597,0.0
1778532809,32,POST,chat/long,0.400000,0.000000,17,17,17,17,17,17,17,17,17,17,17,22,0,16,16.945573363376422,9.29571899905568,40.62611600238597,0.0
1778532809,32,POST,chat/medium,0.000000,0.000000,0,0,0,0,0,0,0,0,0,0,0,1,0,9.043129000929184,9.043129000929184,9.043129000929184,9.043129000929184,0.0
1778532809,32,POST,chat/short,0.000000,0.000000,0,0,0,0,0,0,0,0,0,0,0,1,0,10.343469002691563,10.343469002691563,10.343469002691563,10.343469002691563,0.0
1778532809,32,,Aggregated,0.400000,0.000000,17,17,17,17,17,17,17,17,17,17,17,24,0,16,16.341217166579252,9.043129000929184,40.62611600238597,0.0
1778532810,32,POST,chat/long,0.400000,0.000000,17,17,17,17,17,17,17,17,17,17,17,22,0,16,16.945573363376422,9.29571899905568,40.62611600238597,0.0
1778532810,32,POST,chat/medium,0.000000,0.000000,0,0,0,0,0,0,0,0,0,0,0,1,0,9.043129000929184,9.043129000929184,9.043129000929184,9.043129000929184,0.0
1778532810,32,POST,chat/short,0.000000,0.000000,0,0,0,0,0,0,0,0,0,0,0,1,0,10.343469002691563,10.343469002691563,10.343469002691563,10.343469002691563,0.0
1778532810,32,,Aggregated,0.400000,0.000000,17,17,17,17,17,17,17,17,17,17,17,24,0,16,16.341217166579252,9.043129000929184,40.62611600238597,0.0
1778532811,32,POST,chat/long,0.400000,0.000000,17,17,19,19,19,19,19,19,19,19,19,24,0,16,16.94346624966177,9.29571899905568,40.62611600238597,0.0
1778532811,32,POST,chat/medium,0.000000,0.000000,0,0,0,0,0,0,0,0,0,0,0,1,0,9.043129000929184,9.043129000929184,9.043129000929184,9.043129000929184,0.0
1778532811,32,POST,chat/short,0.000000,0.000000,0,0,0,0,0,0,0,0,0,0,0,1,0,10.343469002691563,10.343469002691563,10.343469002691563,10.343469002691563,0.0
1778532811,32,,Aggregated,0.400000,0.000000,17,17,19,19,19,19,19,19,19,19,19,26,0,16,16.385761076750125,9.043129000929184,40.62611600238597,0.0
1778532812,32,POST,chat/long,0.400000,0.000000,15,15,19,19,19,19,19,19,19,19,19,24,0,16,16.94346624966177,9.29571899905568,40.62611600238597,0.0
1778532812,32,POST,chat/medium,0.000000,0.000000,0,0,0,0,0,0,0,0,0,0,0,1,0,9.043129000929184,9.043129000929184,9.043129000929184,9.043129000929184,0.0
1778532812,32,POST,chat/short,0.000000,0.000000,0,0,0,0,0,0,0,0,0,0,0,1,0,10.343469002691563,10.343469002691563,10.343469002691563,10.343469002691563,0.0
1778532812,32,,Aggregated,0.400000,0.000000,15,15,19,19,19,19,19,19,19,19,19,26,0,16,16.385761076750125,9.043129000929184,40.62611600238597,0.0
1778532813,32,POST,chat/long,0.400000,0.000000,15,15,19,19,19,19,19,19,19,19,19,24,0,16,16.94346624966177,9.29571899905568,40.62611600238597,0.0
1778532813,32,POST,chat/medium,0.000000,0.000000,0,0,0,0,0,0,0,0,0,0,0,1,0,9.043129000929184,9.043129000929184,9.043129000929184,9.043129000929184,0.0
1778532813,32,POST,chat/short,0.000000,0.000000,0,0,0,0,0,0,0,0,0,0,0,1,0,10.343469002691563,10.343469002691563,10.343469002691563,10.343469002691563,0.0
1778532813,32,,Aggregated,0.400000,0.000000,15,15,19,19,19,19,19,19,19,19,19,26,0,16,16.385761076750125,9.043129000929184,40.62611600238597,0.0
1778532814,32,POST,chat/long,0.400000,0.000000,15,15,19,19,19,19,19,19,19,19,19,24,0,16,16.94346624966177,9.29571899905568,40.62611600238597,0.0
1778532814,32,POST,chat/medium,0.000000,0.000000,0,0,0,0,0,0,0,0,0,0,0,1,0,9.043129000929184,9.043129000929184,9.043129000929184,9.043129000929184,0.0
1778532814,32,POST,chat/short,0.000000,0.000000,0,0,0,0,0,0,0,0,0,0,0,1,0,10.343469002691563,10.343469002691563,10.343469002691563,10.343469002691563,0.0
1778532814,32,,Aggregated,0.400000,0.000000,15,15,19,19,19,19,19,19,19,19,19,26,0,16,16.385761076750125,9.043129000929184,40.62611600238597,0.0
1778532815,32,POST,chat/long,0.400000,0.000000,19,19,19,19,19,19,19,19,19,19,19,24,0,16,16.94346624966177,9.29571899905568,40.62611600238597,0.0
1778532815,32,POST,chat/medium,0.000000,0.000000,0,0,0,0,0,0,0,0,0,0,0,1,0,9.043129000929184,9.043129000929184,9.043129000929184,9.043129000929184,0.0
1778532815,32,POST,chat/short,0.000000,0.000000,0,0,0,0,0,0,0,0,0,0,0,1,0,10.343469002691563,10.343469002691563,10.343469002691563,10.343469002691563,0.0
1778532815,32,,Aggregated,0.400000,0.000000,19,19,19,19,19,19,19,19,19,19,19,26,0,16,16.385761076750125,9.043129000929184,40.62611600238597,0.0
1778532816,32,POST,chat/long,0.400000,0.000000,19,19,19,19,19,19,19,19,19,19,19,24,0,16,16.94346624966177,9.29571899905568,40.62611600238597,0.0
1778532816,32,POST,chat/medium,0.000000,0.000000,0,0,0,0,0,0,0,0,0,0,0,1,0,9.043129000929184,9.043129000929184,9.043129000929184,9.043129000929184,0.0
1778532816,32,POST,chat/short,0.000000,0.000000,0,0,0,0,0,0,0,0,0,0,0,1,0,10.343469002691563,10.343469002691563,10.343469002691563,10.343469002691563,0.0
1778532816,32,,Aggregated,0.400000,0.000000,19,19,19,19,19,19,19,19,19,19,19,26,0,16,16.385761076750125,9.043129000929184,40.62611600238597,0.0
1778532817,32,POST,chat/long,0.300000,0.000000,19,19,20,20,20,20,20,20,20,20,20,25,0,17,17.063723959436174,9.29571899905568,40.62611600238597,0.0
1778532817,32,POST,chat/medium,0.000000,0.000000,0,0,0,0,0,0,0,0,0,0,0,1,0,9.043129000929184,9.043129000929184,9.043129000929184,9.043129000929184,0.0
1778532817,32,POST,chat/short,0.000000,0.000000,0,0,0,0,0,0,0,0,0,0,0,1,0,10.343469002691563,10.343469002691563,10.343469002691563,10.343469002691563,0.0
1778532817,32,,Aggregated,0.300000,0.000000,19,19,20,20,20,20,20,20,20,20,20,27,0,16,16.517766555167597,9.043129000929184,40.62611600238597,0.0
1778532818,32,POST,chat/long,0.300000,0.000000,19,19,20,20,20,20,20,20,20,20,20,25,0,17,17.063723959436174,9.29571899905568,40.62611600238597,0.0
1778532818,32,POST,chat/medium,0.000000,0.000000,0,0,0,0,0,0,0,0,0,0,0,1,0,9.043129000929184,9.043129000929184,9.043129000929184,9.043129000929184,0.0
1778532818,32,POST,chat/short,0.000000,0.000000,0,0,0,0,0,0,0,0,0,0,0,1,0,10.343469002691563,10.343469002691563,10.343469002691563,10.343469002691563,0.0
1778532818,32,,Aggregated,0.300000,0.000000,19,19,20,20,20,20,20,20,20,20,20,27,0,16,16.517766555167597,9.043129000929184,40.62611600238597,0.0
1778532819,32,POST,chat/long,0.300000,0.000000,20,20,20,20,20,20,20,20,20,20,20,25,0,17,17.063723959436174,9.29571899905568,40.62611600238597,0.0
1778532819,32,POST,chat/medium,0.000000,0.000000,0,0,0,0,0,0,0,0,0,0,0,1,0,9.043129000929184,9.043129000929184,9.043129000929184,9.043129000929184,0.0
1778532819,32,POST,chat/short,0.000000,0.000000,0,0,0,0,0,0,0,0,0,0,0,1,0,10.343469002691563,10.343469002691563,10.343469002691563,10.343469002691563,0.0
1778532819,32,,Aggregated,0.300000,0.000000,20,20,20,20,20,20,20,20,20,20,20,27,0,16,16.517766555167597,9.043129000929184,40.62611600238597,0.0
1778532820,32,POST,chat/long,0.300000,0.000000,20,20,20,20,20,20,20,20,20,20,20,25,0,17,17.063723959436174,9.29571899905568,40.62611600238597,0.0
1778532820,32,POST,chat/medium,0.000000,0.000000,0,0,0,0,0,0,0,0,0,0,0,1,0,9.043129000929184,9.043129000929184,9.043129000929184,9.043129000929184,0.0
1778532820,32,POST,chat/short,0.000000,0.000000,0,0,0,0,0,0,0,0,0,0,0,1,0,10.343469002691563,10.343469002691563,10.343469002691563,10.343469002691563,0.0
1778532820,32,,Aggregated,0.300000,0.000000,20,20,20,20,20,20,20,20,20,20,20,27,0,16,16.517766555167597,9.043129000929184,40.62611600238597,0.0
1778532821,32,POST,chat/long,0.300000,0.000000,20,20,20,20,20,20,20,20,20,20,20,25,0,17,17.063723959436174,9.29571899905568,40.62611600238597,0.0
1778532821,32,POST,chat/medium,0.000000,0.000000,0,0,0,0,0,0,0,0,0,0,0,1,0,9.043129000929184,9.043129000929184,9.043129000929184,9.043129000929184,0.0
1778532821,32,POST,chat/short,0.000000,0.000000,0,0,0,0,0,0,0,0,0,0,0,1,0,10.343469002691563,10.343469002691563,10.343469002691563,10.343469002691563,0.0
1778532821,32,,Aggregated,0.300000,0.000000,20,20,20,20,20,20,20,20,20,20,20,27,0,16,16.517766555167597,9.043129000929184,40.62611600238597,0.0
1778532822,32,POST,chat/long,0.300000,0.000000,20,20,20,20,20,20,20,20,20,20,20,25,0,17,17.063723959436174,9.29571899905568,40.62611600238597,0.0
1778532822,32,POST,chat/medium,0.000000,0.000000,0,0,0,0,0,0,0,0,0,0,0,1,0,9.043129000929184,9.043129000929184,9.043129000929184,9.043129000929184,0.0
1778532822,32,POST,chat/short,0.000000,0.000000,0,0,0,0,0,0,0,0,0,0,0,1,0,10.343469002691563,10.343469002691563,10.343469002691563,10.343469002691563,0.0
1778532822,32,,Aggregated,0.300000,0.000000,20,20,20,20,20,20,20,20,20,20,20,27,0,16,16.517766555167597,9.043129000929184,40.62611600238597,0.0
1778532823,32,POST,chat/long,0.100000,0.000000,15,15,15,15,15,15,15,15,15,15,15,26,0,16,16.97674953790668,9.29571899905568,40.62611600238597,0.0
1778532823,32,POST,chat/medium,0.000000,0.000000,0,0,0,0,0,0,0,0,0,0,0,1,0,9.043129000929184,9.043129000929184,9.043129000929184,9.043129000929184,0.0
1778532823,32,POST,chat/short,0.000000,0.000000,0,0,0,0,0,0,0,0,0,0,0,1,0,10.343469002691563,10.343469002691563,10.343469002691563,10.343469002691563,0.0
1778532823,32,,Aggregated,0.100000,0.000000,15,15,15,15,15,15,15,15,15,15,15,28,0,16,16.456503071042658,9.043129000929184,40.62611600238597,0.0
1778532824,32,POST,chat/long,0.100000,0.000000,15,15,15,15,15,15,15,15,15,15,15,26,0,16,16.97674953790668,9.29571899905568,40.62611600238597,0.0
1778532824,32,POST,chat/medium,0.000000,0.000000,0,0,0,0,0,0,0,0,0,0,0,1,0,9.043129000929184,9.043129000929184,9.043129000929184,9.043129000929184,0.0
1778532824,32,POST,chat/short,0.000000,0.000000,0,0,0,0,0,0,0,0,0,0,0,1,0,10.343469002691563,10.343469002691563,10.343469002691563,10.343469002691563,0.0
1778532824,32,,Aggregated,0.100000,0.000000,15,15,15,15,15,15,15,15,15,15,15,28,0,16,16.456503071042658,9.043129000929184,40.62611600238597,0.0
1778532825,32,POST,chat/long,0.100000,0.000000,15,15,15,15,15,15,15,15,15,15,15,26,0,16,16.97674953790668,9.29571899905568,40.62611600238597,0.0
1778532825,32,POST,chat/medium,0.000000,0.000000,0,0,0,0,0,0,0,0,0,0,0,1,0,9.043129000929184,9.043129000929184,9.043129000929184,9.043129000929184,0.0
1778532825,32,POST,chat/short,0.000000,0.000000,0,0,0,0,0,0,0,0,0,0,0,1,0,10.343469002691563,10.343469002691563,10.343469002691563,10.343469002691563,0.0
1778532825,32,,Aggregated,0.100000,0.000000,15,15,15,15,15,15,15,15,15,15,15,28,0,16,16.456503071042658,9.043129000929184,40.62611600238597,0.0
1778532826,32,POST,chat/long,0.300000,0.000000,15,15,17,17,17,17,17,17,17,17,17,28,0,16,16.87294124946805,9.29571899905568,40.62611600238597,0.0
1778532826,32,POST,chat/medium,0.000000,0.000000,0,0,0,0,0,0,0,0,0,0,0,1,0,9.043129000929184,9.043129000929184,9.043129000929184,9.043129000929184,0.0
1778532826,32,POST,chat/short,0.000000,0.000000,0,0,0,0,0,0,0,0,0,0,0,1,0,10.343469002691563,10.343469002691563,10.343469002691563,10.343469002691563,0.0
1778532826,32,,Aggregated,0.300000,0.000000,15,15,17,17,17,17,17,17,17,17,17,30,0,16,16.394298432957537,9.043129000929184,40.62611600238597,0.0
1778532827,32,POST,chat/long,0.300000,0.000000,15,15,17,17,17,17,17,17,17,17,17,28,0,16,16.87294124946805,9.29571899905568,40.62611600238597,0.0
1778532827,32,POST,chat/medium,0.000000,0.000000,0,0,0,0,0,0,0,0,0,0,0,1,0,9.043129000929184,9.043129000929184,9.043129000929184,9.043129000929184,0.0
1778532827,32,POST,chat/short,0.000000,0.000000,0,0,0,0,0,0,0,0,0,0,0,1,0,10.343469002691563,10.343469002691563,10.343469002691563,10.343469002691563,0.0
1778532827,32,,Aggregated,0.300000,0.000000,15,15,17,17,17,17,17,17,17,17,17,30,0,16,16.394298432957537,9.043129000929184,40.62611600238597,0.0
1778532828,32,POST,chat/long,0.300000,0.000000,15,15,17,17,17,17,17,17,17,17,17,28,0,16,16.87294124946805,9.29571899905568,40.62611600238597,0.0
1778532828,32,POST,chat/medium,0.000000,0.000000,0,0,0,0,0,0,0,0,0,0,0,1,0,9.043129000929184,9.043129000929184,9.043129000929184,9.043129000929184,0.0
1778532828,32,POST,chat/short,0.000000,0.000000,0,0,0,0,0,0,0,0,0,0,0,1,0,10.343469002691563,10.343469002691563,10.343469002691563,10.343469002691563,0.0
1778532828,32,,Aggregated,0.300000,0.000000,15,15,17,17,17,17,17,17,17,17,17,30,0,16,16.394298432957537,9.043129000929184,40.62611600238597,0.0
1778532829,32,POST,chat/long,0.300000,0.000000,17,17,19,19,19,19,19,19,19,19,19,29,0,17,16.93450665459687,9.29571899905568,40.62611600238597,0.0
1778532829,32,POST,chat/medium,0.000000,0.000000,0,0,0,0,0,0,0,0,0,0,0,1,0,9.043129000929184,9.043129000929184,9.043129000929184,9.043129000929184,0.0
1778532829,32,POST,chat/short,0.000000,0.000000,0,0,0,0,0,0,0,0,0,0,0,1,0,10.343469002691563,10.343469002691563,10.343469002691563,10.343469002691563,0.0
1778532829,32,,Aggregated,0.300000,0.000000,17,17,19,19,19,19,19,19,19,19,19,31,0,16,16.467331967320323,9.043129000929184,40.62611600238597,0.0
1778532830,32,POST,chat/long,0.300000,0.000000,17,17,19,19,19,19,19,19,19,19,19,29,0,17,16.93450665459687,9.29571899905568,40.62611600238597,0.0
1778532830,32,POST,chat/medium,0.000000,0.000000,0,0,0,0,0,0,0,0,0,0,0,1,0,9.043129000929184,9.043129000929184,9.043129000929184,9.043129000929184,0.0
1778532830,32,POST,chat/short,0.000000,0.000000,0,0,0,0,0,0,0,0,0,0,0,1,0,10.343469002691563,10.343469002691563,10.343469002691563,10.343469002691563,0.0
1778532830,32,,Aggregated,0.300000,0.000000,17,17,19,19,19,19,19,19,19,19,19,31,0,16,16.467331967320323,9.043129000929184,40.62611600238597,0.0
1778532831,32,POST,chat/long,0.300000,0.000000,17,17,19,19,19,19,19,19,19,19,19,29,0,17,16.93450665459687,9.29571899905568,40.62611600238597,0.0
1778532831,32,POST,chat/medium,0.000000,0.000000,0,0,0,0,0,0,0,0,0,0,0,1,0,9.043129000929184,9.043129000929184,9.043129000929184,9.043129000929184,0.0
1778532831,32,POST,chat/short,0.000000,0.000000,0,0,0,0,0,0,0,0,0,0,0,1,0,10.343469002691563,10.343469002691563,10.343469002691563,10.343469002691563,0.0
1778532831,32,,Aggregated,0.300000,0.000000,17,17,19,19,19,19,19,19,19,19,19,31,0,16,16.467331967320323,9.043129000929184,40.62611600238597,0.0
1778532832,32,POST,chat/long,0.300000,0.000000,17,17,19,19,19,19,19,19,19,19,19,29,0,17,16.93450665459687,9.29571899905568,40.62611600238597,0.0
1778532832,32,POST,chat/medium,0.000000,0.000000,0,0,0,0,0,0,0,0,0,0,0,1,0,9.043129000929184,9.043129000929184,9.043129000929184,9.043129000929184,0.0
1778532832,32,POST,chat/short,0.000000,0.000000,0,0,0,0,0,0,0,0,0,0,0,1,0,10.343469002691563,10.343469002691563,10.343469002691563,10.343469002691563,0.0
1778532832,32,,Aggregated,0.300000,0.000000,17,17,19,19,19,19,19,19,19,19,19,31,0,16,16.467331967320323,9.043129000929184,40.62611600238597,0.0
1778532833,32,POST,chat/long,0.300000,0.000000,17,17,19,19,19,19,19,19,19,19,19,29,0,17,16.93450665459687,9.29571899905568,40.62611600238597,0.0
1778532833,32,POST,chat/medium,0.000000,0.000000,0,0,0,0,0,0,0,0,0,0,0,1,0,9.043129000929184,9.043129000929184,9.043129000929184,9.043129000929184,0.0
1778532833,32,POST,chat/short,0.000000,0.000000,0,0,0,0,0,0,0,0,0,0,0,1,0,10.343469002691563,10.343469002691563,10.343469002691563,10.343469002691563,0.0
1778532833,32,,Aggregated,0.300000,0.000000,17,17,19,19,19,19,19,19,19,19,19,31,0,16,16.467331967320323,9.043129000929184,40.62611600238597,0.0
1778532834,32,POST,chat/long,0.300000,0.000000,17,17,19,19,19,19,19,19,19,19,19,29,0,17,16.93450665459687,9.29571899905568,40.62611600238597,0.0
1778532834,32,POST,chat/medium,0.000000,0.000000,0,0,0,0,0,0,0,0,0,0,0,1,0,9.043129000929184,9.043129000929184,9.043129000929184,9.043129000929184,0.0
1778532834,32,POST,chat/short,0.000000,0.000000,0,0,0,0,0,0,0,0,0,0,0,1,0,10.343469002691563,10.343469002691563,10.343469002691563,10.343469002691563,0.0
1778532834,32,,Aggregated,0.300000,0.000000,17,17,19,19,19,19,19,19,19,19,19,31,0,16,16.467331967320323,9.043129000929184,40.62611600238597,0.0
1778532835,32,POST,chat/long,0.400000,0.000000,24,24,24,24,24,24,24,24,24,24,24,30,0,17,17.175503999411983,9.29571899905568,40.62611600238597,0.0
1778532835,32,POST,chat/medium,0.000000,0.000000,0,0,0,0,0,0,0,0,0,0,0,1,0,9.043129000929184,9.043129000929184,9.043129000929184,9.043129000929184,0.0
1778532835,32,POST,chat/short,0.000000,0.000000,0,0,0,0,0,0,0,0,0,0,0,1,0,10.343469002691563,10.343469002691563,10.343469002691563,10.343469002691563,0.0
1778532835,32,,Aggregated,0.400000,0.000000,24,24,24,24,24,24,24,24,24,24,24,32,0,16,16.70786618706188,9.043129000929184,40.62611600238597,0.0
1778532836,32,POST,chat/long,0.400000,0.000000,24,24,24,24,24,24,24,24,24,24,24,30,0,17,17.175503999411983,9.29571899905568,40.62611600238597,0.0
1778532836,32,POST,chat/medium,0.000000,0.000000,0,0,0,0,0,0,0,0,0,0,0,1,0,9.043129000929184,9.043129000929184,9.043129000929184,9.043129000929184,0.0
1778532836,32,POST,chat/short,0.000000,0.000000,0,0,0,0,0,0,0,0,0,0,0,1,0,10.343469002691563,10.343469002691563,10.343469002691563,10.343469002691563,0.0
1778532836,32,,Aggregated,0.400000,0.000000,24,24,24,24,24,24,24,24,24,24,24,32,0,16,16.70786618706188,9.043129000929184,40.62611600238597,0.0
1778532837,32,POST,chat/long,0.400000,0.000000,24,24,24,24,24,24,24,24,24,24,24,30,0,17,17.175503999411983,9.29571899905568,40.62611600238597,0.0
1778532837,32,POST,chat/medium,0.000000,0.000000,0,0,0,0,0,0,0,0,0,0,0,1,0,9.043129000929184,9.043129000929184,9.043129000929184,9.043129000929184,0.0
1778532837,32,POST,chat/short,0.000000,0.000000,0,0,0,0,0,0,0,0,0,0,0,1,0,10.343469002691563,10.343469002691563,10.343469002691563,10.343469002691563,0.0
1778532837,32,,Aggregated,0.400000,0.000000,24,24,24,24,24,24,24,24,24,24,24,32,0,16,16.70786618706188,9.043129000929184,40.62611600238597,0.0
1778532838,32,POST,chat/long,0.300000,0.000000,24,24,24,24,24,24,24,24,24,24,24,30,0,17,17.175503999411983,9.29571899905568,40.62611600238597,0.0
1778532838,32,POST,chat/medium,0.000000,0.000000,0,0,0,0,0,0,0,0,0,0,0,2,0,8,8.376478999707615,7.709828998486046,9.043129000929184,0.0
1778532838,32,POST,chat/short,0.000000,0.000000,0,0,0,0,0,0,0,0,0,0,0,1,0,10.343469002691563,10.343469002691563,10.343469002691563,10.343469002691563,0.0
1778532838,32,,Aggregated,0.300000,0.000000,19,19,24,24,24,24,24,24,24,24,24,33,0,16,16.435198393468674,7.709828998486046,40.62611600238597,0.0
1778532839,32,POST,chat/long,0.300000,0.000000,24,24,24,24,24,24,24,24,24,24,24,30,0,17,17.175503999411983,9.29571899905568,40.62611600238597,0.0
1778532839,32,POST,chat/medium,0.000000,0.000000,0,0,0,0,0,0,0,0,0,0,0,2,0,8,8.376478999707615,7.709828998486046,9.043129000929184,0.0
1778532839,32,POST,chat/short,0.000000,0.000000,0,0,0,0,0,0,0,0,0,0,0,1,0,10.343469002691563,10.343469002691563,10.343469002691563,10.343469002691563,0.0
1778532839,32,,Aggregated,0.300000,0.000000,19,19,24,24,24,24,24,24,24,24,24,33,0,16,16.435198393468674,7.709828998486046,40.62611600238597,0.0
1778532840,32,POST,chat/long,0.300000,0.000000,24,24,24,24,24,24,24,24,24,24,24,30,0,17,17.175503999411983,9.29571899905568,40.62611600238597,0.0
1778532840,32,POST,chat/medium,0.000000,0.000000,0,0,0,0,0,0,0,0,0,0,0,2,0,8,8.376478999707615,7.709828998486046,9.043129000929184,0.0
1778532840,32,POST,chat/short,0.000000,0.000000,0,0,0,0,0,0,0,0,0,0,0,1,0,10.343469002691563,10.343469002691563,10.343469002691563,10.343469002691563,0.0
1778532840,32,,Aggregated,0.300000,0.000000,19,19,24,24,24,24,24,24,24,24,24,33,0,16,16.435198393468674,7.709828998486046,40.62611600238597,0.0
1778532841,32,POST,chat/long,0.300000,0.000000,0,0,0,0,0,0,0,0,0,0,0,30,0,17,17.175503999411983,9.29571899905568,40.62611600238597,0.0
1778532841,32,POST,chat/medium,0.000000,0.000000,0,0,0,0,0,0,0,0,0,0,0,2,0,8,8.376478999707615,7.709828998486046,9.043129000929184,0.0
1778532841,32,POST,chat/short,0.000000,0.000000,0,0,0,0,0,0,0,0,0,0,0,1,0,10.343469002691563,10.343469002691563,10.343469002691563,10.343469002691563,0.0
1778532841,32,,Aggregated,0.300000,0.000000,8,8,8,8,8,8,8,8,8,8,8,33,0,16,16.435198393468674,7.709828998486046,40.62611600238597,0.0
1778532842,32,POST,chat/long,0.300000,0.000000,0,0,0,0,0,0,0,0,0,0,0,30,0,17,17.175503999411983,9.29571899905568,40.62611600238597,0.0
1778532842,32,POST,chat/medium,0.000000,0.000000,0,0,0,0,0,0,0,0,0,0,0,2,0,8,8.376478999707615,7.709828998486046,9.043129000929184,0.0
1778532842,32,POST,chat/short,0.000000,0.000000,0,0,0,0,0,0,0,0,0,0,0,1,0,10.343469002691563,10.343469002691563,10.343469002691563,10.343469002691563,0.0
1778532842,32,,Aggregated,0.300000,0.000000,8,8,8,8,8,8,8,8,8,8,8,33,0,16,16.435198393468674,7.709828998486046,40.62611600238597,0.0
1778532843,32,POST,chat/long,0.300000,0.000000,0,0,0,0,0,0,0,0,0,0,0,30,0,17,17.175503999411983,9.29571899905568,40.62611600238597,0.0
1778532843,32,POST,chat/medium,0.000000,0.000000,0,0,0,0,0,0,0,0,0,0,0,2,0,8,8.376478999707615,7.709828998486046,9.043129000929184,0.0
1778532843,32,POST,chat/short,0.000000,0.000000,0,0,0,0,0,0,0,0,0,0,0,1,0,10.343469002691563,10.343469002691563,10.343469002691563,10.343469002691563,0.0
1778532843,32,,Aggregated,0.300000,0.000000,8,8,8,8,8,8,8,8,8,8,8,33,0,16,16.435198393468674,7.709828998486046,40.62611600238597,0.0
1778532844,32,POST,chat/long,0.300000,0.000000,0,0,0,0,0,0,0,0,0,0,0,30,0,17,17.175503999411983,9.29571899905568,40.62611600238597,0.0
1778532844,32,POST,chat/medium,0.000000,0.000000,0,0,0,0,0,0,0,0,0,0,0,2,0,8,8.376478999707615,7.709828998486046,9.043129000929184,0.0
1778532844,32,POST,chat/short,0.000000,0.000000,0,0,0,0,0,0,0,0,0,0,0,1,0,10.343469002691563,10.343469002691563,10.343469002691563,10.343469002691563,0.0
1778532844,32,,Aggregated,0.300000,0.000000,8,8,8,8,8,8,8,8,8,8,8,33,0,16,16.435198393468674,7.709828998486046,40.62611600238597,0.0
1778532845,32,POST,chat/long,0.300000,0.000000,0,0,0,0,0,0,0,0,0,0,0,30,0,17,17.175503999411983,9.29571899905568,40.62611600238597,0.0
1778532845,32,POST,chat/medium,0.000000,0.000000,0,0,0,0,0,0,0,0,0,0,0,2,0,8,8.376478999707615,7.709828998486046,9.043129000929184,0.0
1778532845,32,POST,chat/short,0.000000,0.000000,0,0,0,0,0,0,0,0,0,0,0,1,0,10.343469002691563,10.343469002691563,10.343469002691563,10.343469002691563,0.0
1778532845,32,,Aggregated,0.300000,0.000000,8,8,8,8,8,8,8,8,8,8,8,33,0,16,16.435198393468674,7.709828998486046,40.62611600238597,0.0
1778532846,32,POST,chat/long,0.300000,0.000000,0,0,0,0,0,0,0,0,0,0,0,30,0,17,17.175503999411983,9.29571899905568,40.62611600238597,0.0
1778532846,32,POST,chat/medium,0.000000,0.000000,0,0,0,0,0,0,0,0,0,0,0,2,0,8,8.376478999707615,7.709828998486046,9.043129000929184,0.0
1778532846,32,POST,chat/short,0.000000,0.000000,0,0,0,0,0,0,0,0,0,0,0,1,0,10.343469002691563,10.343469002691563,10.343469002691563,10.343469002691563,0.0
1778532846,32,,Aggregated,0.300000,0.000000,8,8,8,8,8,8,8,8,8,8,8,33,0,16,16.435198393468674,7.709828998486046,40.62611600238597,0.0
1778532847,32,POST,chat/long,0.100000,0.000000,21,21,21,21,21,21,21,21,21,21,21,32,0,17,17.078502718050004,9.29571899905568,40.62611600238597,0.0
1778532847,32,POST,chat/medium,0.100000,0.000000,0,0,0,0,0,0,0,0,0,0,0,2,0,8,8.376478999707615,7.709828998486046,9.043129000929184,0.0
1778532847,32,POST,chat/short,0.000000,0.000000,0,0,0,0,0,0,0,0,0,0,0,1,0,10.343469002691563,10.343469002691563,10.343469002691563,10.343469002691563,0.0
1778532847,32,,Aggregated,0.200000,0.000000,21,21,21,21,21,21,21,21,21,21,21,35,0,16,16.388814685134484,7.709828998486046,40.62611600238597,0.0
1778532848,32,POST,chat/long,0.100000,0.000000,21,21,21,21,21,21,21,21,21,21,21,32,0,17,17.078502718050004,9.29571899905568,40.62611600238597,0.0
1778532848,32,POST,chat/medium,0.100000,0.000000,0,0,0,0,0,0,0,0,0,0,0,2,0,8,8.376478999707615,7.709828998486046,9.043129000929184,0.0
1778532848,32,POST,chat/short,0.000000,0.000000,0,0,0,0,0,0,0,0,0,0,0,1,0,10.343469002691563,10.343469002691563,10.343469002691563,10.343469002691563,0.0
1778532848,32,,Aggregated,0.200000,0.000000,21,21,21,21,21,21,21,21,21,21,21,35,0,16,16.388814685134484,7.709828998486046,40.62611600238597,0.0
1778532849,32,POST,chat/long,0.100000,0.000000,21,21,21,21,21,21,21,21,21,21,21,32,0,17,17.078502718050004,9.29571899905568,40.62611600238597,0.0
1778532849,32,POST,chat/medium,0.100000,0.000000,0,0,0,0,0,0,0,0,0,0,0,2,0,8,8.376478999707615,7.709828998486046,9.043129000929184,0.0
1778532849,32,POST,chat/short,0.000000,0.000000,0,0,0,0,0,0,0,0,0,0,0,1,0,10.343469002691563,10.343469002691563,10.343469002691563,10.343469002691563,0.0
1778532849,32,,Aggregated,0.200000,0.000000,21,21,21,21,21,21,21,21,21,21,21,35,0,16,16.388814685134484,7.709828998486046,40.62611600238597,0.0
1778532850,32,POST,chat/long,0.100000,0.000000,21,21,21,21,21,21,21,21,21,21,21,32,0,17,17.078502718050004,9.29571899905568,40.62611600238597,0.0
1778532850,32,POST,chat/medium,0.100000,0.000000,0,0,0,0,0,0,0,0,0,0,0,2,0,8,8.376478999707615,7.709828998486046,9.043129000929184,0.0
1778532850,32,POST,chat/short,0.000000,0.000000,0,0,0,0,0,0,0,0,0,0,0,1,0,10.343469002691563,10.343469002691563,10.343469002691563,10.343469002691563,0.0
1778532850,32,,Aggregated,0.200000,0.000000,21,21,21,21,21,21,21,21,21,21,21,35,0,16,16.388814685134484,7.709828998486046,40.62611600238597,0.0
1778532851,32,POST,chat/long,0.100000,0.000000,21,21,21,21,21,21,21,21,21,21,21,32,0,17,17.078502718050004,9.29571899905568,40.62611600238597,0.0
1778532851,32,POST,chat/medium,0.100000,0.000000,0,0,0,0,0,0,0,0,0,0,0,2,0,8,8.376478999707615,7.709828998486046,9.043129000929184,0.0
1778532851,32,POST,chat/short,0.000000,0.000000,0,0,0,0,0,0,0,0,0,0,0,1,0,10.343469002691563,10.343469002691563,10.343469002691563,10.343469002691563,0.0
1778532851,32,,Aggregated,0.200000,0.000000,21,21,21,21,21,21,21,21,21,21,21,35,0,16,16.388814685134484,7.709828998486046,40.62611600238597,0.0
1778532852,32,POST,chat/long,0.100000,0.000000,21,21,21,21,21,21,21,21,21,21,21,32,0,17,17.078502718050004,9.29571899905568,40.62611600238597,0.0
1778532852,32,POST,chat/medium,0.100000,0.000000,0,0,0,0,0,0,0,0,0,0,0,2,0,8,8.376478999707615,7.709828998486046,9.043129000929184,0.0
1778532852,32,POST,chat/short,0.000000,0.000000,0,0,0,0,0,0,0,0,0,0,0,1,0,10.343469002691563,10.343469002691563,10.343469002691563,10.343469002691563,0.0
1778532852,32,,Aggregated,0.200000,0.000000,21,21,21,21,21,21,21,21,21,21,21,35,0,16,16.388814685134484,7.709828998486046,40.62611600238597,0.0
1778532853,32,POST,chat/long,0.100000,0.000000,21,21,21,21,21,21,21,21,21,21,21,32,0,17,17.078502718050004,9.29571899905568,40.62611600238597,0.0
1778532853,32,POST,chat/medium,0.100000,0.000000,0,0,0,0,0,0,0,0,0,0,0,2,0,8,8.376478999707615,7.709828998486046,9.043129000929184,0.0
1778532853,32,POST,chat/short,0.000000,0.000000,0,0,0,0,0,0,0,0,0,0,0,1,0,10.343469002691563,10.343469002691563,10.343469002691563,10.343469002691563,0.0
1778532853,32,,Aggregated,0.200000,0.000000,21,21,21,21,21,21,21,21,21,21,21,35,0,16,16.388814685134484,7.709828998486046,40.62611600238597,0.0
1778532854,32,POST,chat/long,0.100000,0.000000,21,21,21,21,21,21,21,21,21,21,21,32,0,17,17.078502718050004,9.29571899905568,40.62611600238597,0.0
1778532854,32,POST,chat/medium,0.100000,0.000000,0,0,0,0,0,0,0,0,0,0,0,2,0,8,8.376478999707615,7.709828998486046,9.043129000929184,0.0
1778532854,32,POST,chat/short,0.000000,0.000000,0,0,0,0,0,0,0,0,0,0,0,1,0,10.343469002691563,10.343469002691563,10.343469002691563,10.343469002691563,0.0
1778532854,32,,Aggregated,0.200000,0.000000,21,21,21,21,21,21,21,21,21,21,21,35,0,16,16.388814685134484,7.709828998486046,40.62611600238597,0.0
1778532855,32,POST,chat/long,0.100000,0.000000,21,21,21,21,21,21,21,21,21,21,21,32,0,17,17.078502718050004,9.29571899905568,40.62611600238597,0.0
1778532855,32,POST,chat/medium,0.100000,0.000000,0,0,0,0,0,0,0,0,0,0,0,2,0,8,8.376478999707615,7.709828998486046,9.043129000929184,0.0
1778532855,32,POST,chat/short,0.000000,0.000000,0,0,0,0,0,0,0,0,0,0,0,1,0,10.343469002691563,10.343469002691563,10.343469002691563,10.343469002691563,0.0
1778532855,32,,Aggregated,0.200000,0.000000,21,21,21,21,21,21,21,21,21,21,21,35,0,16,16.388814685134484,7.709828998486046,40.62611600238597,0.0
1778532856,32,POST,chat/long,0.200000,0.000000,33,33,33,33,33,33,33,33,33,33,33,33,0,17,17.558186181166533,9.29571899905568,40.62611600238597,0.0
1778532856,32,POST,chat/medium,0.000000,0.000000,0,0,0,0,0,0,0,0,0,0,0,2,0,8,8.376478999707615,7.709828998486046,9.043129000929184,0.0
1778532856,32,POST,chat/short,0.000000,0.000000,0,0,0,0,0,0,0,0,0,0,0,1,0,10.343469002691563,10.343469002691563,10.343469002691563,10.343469002691563,0.0
1778532856,32,,Aggregated,0.200000,0.000000,33,33,33,33,33,33,33,33,33,33,33,36,0,16,16.847682527238955,7.709828998486046,40.62611600238597,0.0
1778532857,32,POST,chat/long,0.200000,0.000000,33,33,33,33,33,33,33,33,33,33,33,33,0,17,17.558186181166533,9.29571899905568,40.62611600238597,0.0
1778532857,32,POST,chat/medium,0.000000,0.000000,0,0,0,0,0,0,0,0,0,0,0,2,0,8,8.376478999707615,7.709828998486046,9.043129000929184,0.0
1778532857,32,POST,chat/short,0.000000,0.000000,0,0,0,0,0,0,0,0,0,0,0,1,0,10.343469002691563,10.343469002691563,10.343469002691563,10.343469002691563,0.0
1778532857,32,,Aggregated,0.200000,0.000000,33,33,33,33,33,33,33,33,33,33,33,36,0,16,16.847682527238955,7.709828998486046,40.62611600238597,0.0
1778532858,32,POST,chat/long,0.200000,0.000000,33,33,33,33,33,33,33,33,33,33,33,33,0,17,17.558186181166533,9.29571899905568,40.62611600238597,0.0
1778532858,32,POST,chat/medium,0.000000,0.000000,0,0,0,0,0,0,0,0,0,0,0,2,0,8,8.376478999707615,7.709828998486046,9.043129000929184,0.0
1778532858,32,POST,chat/short,0.000000,0.000000,0,0,0,0,0,0,0,0,0,0,0,1,0,10.343469002691563,10.343469002691563,10.343469002691563,10.343469002691563,0.0
1778532858,32,,Aggregated,0.200000,0.000000,33,33,33,33,33,33,33,33,33,33,33,36,0,16,16.847682527238955,7.709828998486046,40.62611600238597,0.0
1778532859,32,POST,chat/long,0.200000,0.000000,33,33,33,33,33,33,33,33,33,33,33,33,0,17,17.558186181166533,9.29571899905568,40.62611600238597,0.0
1778532859,32,POST,chat/medium,0.000000,0.000000,0,0,0,0,0,0,0,0,0,0,0,2,0,8,8.376478999707615,7.709828998486046,9.043129000929184,0.0
1778532859,32,POST,chat/short,0.000000,0.000000,0,0,0,0,0,0,0,0,0,0,0,1,0,10.343469002691563,10.343469002691563,10.343469002691563,10.343469002691563,0.0
1778532859,32,,Aggregated,0.200000,0.000000,33,33,33,33,33,33,33,33,33,33,33,36,0,16,16.847682527238955,7.709828998486046,40.62611600238597,0.0
1778532860,32,POST,chat/long,0.200000,0.000000,0,0,0,0,0,0,0,0,0,0,0,33,0,17,17.558186181166533,9.29571899905568,40.62611600238597,0.0
1778532860,32,POST,chat/medium,0.000000,0.000000,0,0,0,0,0,0,0,0,0,0,0,2,0,8,8.376478999707615,7.709828998486046,9.043129000929184,0.0
1778532860,32,POST,chat/short,0.000000,0.000000,0,0,0,0,0,0,0,0,0,0,0,1,0,10.343469002691563,10.343469002691563,10.343469002691563,10.343469002691563,0.0
1778532860,32,,Aggregated,0.200000,0.000000,0,0,0,0,0,0,0,0,0,0,0,36,0,16,16.847682527238955,7.709828998486046,40.62611600238597,0.0
1778532861,32,POST,chat/long,0.200000,0.000000,0,0,0,0,0,0,0,0,0,0,0,33,0,17,17.558186181166533,9.29571899905568,40.62611600238597,0.0
1778532861,32,POST,chat/medium,0.000000,0.000000,0,0,0,0,0,0,0,0,0,0,0,2,0,8,8.376478999707615,7.709828998486046,9.043129000929184,0.0
1778532861,32,POST,chat/short,0.000000,0.000000,0,0,0,0,0,0,0,0,0,0,0,1,0,10.343469002691563,10.343469002691563,10.343469002691563,10.343469002691563,0.0
1778532861,32,,Aggregated,0.200000,0.000000,0,0,0,0,0,0,0,0,0,0,0,36,0,16,16.847682527238955,7.709828998486046,40.62611600238597,0.0
1778532862,32,POST,chat/long,0.200000,0.000000,0,0,0,0,0,0,0,0,0,0,0,33,0,17,17.558186181166533,9.29571899905568,40.62611600238597,0.0
1778532862,32,POST,chat/medium,0.000000,0.000000,0,0,0,0,0,0,0,0,0,0,0,2,0,8,8.376478999707615,7.709828998486046,9.043129000929184,0.0
1778532862,32,POST,chat/short,0.000000,0.000000,0,0,0,0,0,0,0,0,0,0,0,1,0,10.343469002691563,10.343469002691563,10.343469002691563,10.343469002691563,0.0
1778532862,32,,Aggregated,0.200000,0.000000,0,0,0,0,0,0,0,0,0,0,0,36,0,16,16.847682527238955,7.709828998486046,40.62611600238597,0.0
1778532863,32,POST,chat/long,0.200000,0.000000,0,0,0,0,0,0,0,0,0,0,0,33,0,17,17.558186181166533,9.29571899905568,40.62611600238597,0.0
1778532863,32,POST,chat/medium,0.000000,0.000000,0,0,0,0,0,0,0,0,0,0,0,2,0,8,8.376478999707615,7.709828998486046,9.043129000929184,0.0
1778532863,32,POST,chat/short,0.000000,0.000000,0,0,0,0,0,0,0,0,0,0,0,1,0,10.343469002691563,10.343469002691563,10.343469002691563,10.343469002691563,0.0
1778532863,32,,Aggregated,0.200000,0.000000,0,0,0,0,0,0,0,0,0,0,0,36,0,16,16.847682527238955,7.709828998486046,40.62611600238597,0.0
1778532864,32,POST,chat/long,0.200000,0.000000,0,0,0,0,0,0,0,0,0,0,0,33,0,17,17.558186181166533,9.29571899905568,40.62611600238597,0.0
1778532864,32,POST,chat/medium,0.000000,0.000000,0,0,0,0,0,0,0,0,0,0,0,2,0,8,8.376478999707615,7.709828998486046,9.043129000929184,0.0
1778532864,32,POST,chat/short,0.000000,0.000000,0,0,0,0,0,0,0,0,0,0,0,1,0,10.343469002691563,10.343469002691563,10.343469002691563,10.343469002691563,0.0
1778532864,32,,Aggregated,0.200000,0.000000,0,0,0,0,0,0,0,0,0,0,0,36,0,16,16.847682527238955,7.709828998486046,40.62611600238597,0.0
1778532865,32,POST,chat/long,0.200000,0.000000,0,0,0,0,0,0,0,0,0,0,0,33,0,17,17.558186181166533,9.29571899905568,40.62611600238597,0.0
1778532865,32,POST,chat/medium,0.000000,0.000000,0,0,0,0,0,0,0,0,0,0,0,2,0,8,8.376478999707615,7.709828998486046,9.043129000929184,0.0
1778532865,32,POST,chat/short,0.000000,0.000000,0,0,0,0,0,0,0,0,0,0,0,1,0,10.343469002691563,10.343469002691563,10.343469002691563,10.343469002691563,0.0
1778532865,32,,Aggregated,0.200000,0.000000,0,0,0,0,0,0,0,0,0,0,0,36,0,16,16.847682527238955,7.709828998486046,40.62611600238597,0.0
1778532866,32,POST,chat/long,0.200000,0.000000,0,0,0,0,0,0,0,0,0,0,0,33,0,17,17.558186181166533,9.29571899905568,40.62611600238597,0.0
1778532866,32,POST,chat/medium,0.000000,0.000000,0,0,0,0,0,0,0,0,0,0,0,2,0,8,8.376478999707615,7.709828998486046,9.043129000929184,0.0
1778532866,32,POST,chat/short,0.000000,0.000000,0,0,0,0,0,0,0,0,0,0,0,1,0,10.343469002691563,10.343469002691563,10.343469002691563,10.343469002691563,0.0
1778532866,32,,Aggregated,0.200000,0.000000,0,0,0,0,0,0,0,0,0,0,0,36,0,16,16.847682527238955,7.709828998486046,40.62611600238597,0.0
1778532867,32,POST,chat/long,0.200000,0.000000,0,0,0,0,0,0,0,0,0,0,0,33,0,17,17.558186181166533,9.29571899905568,40.62611600238597,0.0
1778532867,32,POST,chat/medium,0.000000,0.000000,0,0,0,0,0,0,0,0,0,0,0,2,0,8,8.376478999707615,7.709828998486046,9.043129000929184,0.0
1778532867,32,POST,chat/short,0.000000,0.000000,0,0,0,0,0,0,0,0,0,0,0,1,0,10.343469002691563,10.343469002691563,10.343469002691563,10.343469002691563,0.0
1778532867,32,,Aggregated,0.200000,0.000000,0,0,0,0,0,0,0,0,0,0,0,36,0,16,16.847682527238955,7.709828998486046,40.62611600238597,0.0
1778532868,32,POST,chat/long,0.000000,0.000000,16,16,16,16,16,16,16,16,16,16,16,34,0,17,17.50696652893299,9.29571899905568,40.62611600238597,0.0
1778532868,32,POST,chat/medium,0.000000,0.000000,0,0,0,0,0,0,0,0,0,0,0,2,0,8,8.376478999707615,7.709828998486046,9.043129000929184,0.0
1778532868,32,POST,chat/short,0.000000,0.000000,0,0,0,0,0,0,0,0,0,0,0,2,0,10.343469002691563,16.814293499919586,10.343469002691563,23.28511799714761,0.0
1778532868,32,,Aggregated,0.000000,0.000000,23,23,23,23,23,23,23,23,23,23,23,38,0,16,16.98995807849937,7.709828998486046,40.62611600238597,0.0
1778532869,32,POST,chat/long,0.000000,0.000000,16,16,16,16,16,16,16,16,16,16,16,34,0,17,17.50696652893299,9.29571899905568,40.62611600238597,0.0
1778532869,32,POST,chat/medium,0.000000,0.000000,0,0,0,0,0,0,0,0,0,0,0,2,0,8,8.376478999707615,7.709828998486046,9.043129000929184,0.0
1778532869,32,POST,chat/short,0.000000,0.000000,0,0,0,0,0,0,0,0,0,0,0,2,0,10.343469002691563,16.814293499919586,10.343469002691563,23.28511799714761,0.0
1778532869,32,,Aggregated,0.000000,0.000000,23,23,23,23,23,23,23,23,23,23,23,38,0,16,16.98995807849937,7.709828998486046,40.62611600238597,0.0
1778532870,32,POST,chat/long,0.000000,0.000000,0,0,0,0,0,0,0,0,0,0,0,34,0,17,17.50696652893299,9.29571899905568,40.62611600238597,0.0
1778532870,32,POST,chat/medium,0.000000,0.000000,0,0,0,0,0,0,0,0,0,0,0,2,0,8,8.376478999707615,7.709828998486046,9.043129000929184,0.0
1778532870,32,POST,chat/short,0.000000,0.000000,0,0,0,0,0,0,0,0,0,0,0,2,0,10.343469002691563,16.814293499919586,10.343469002691563,23.28511799714761,0.0
1778532870,32,,Aggregated,0.000000,0.000000,23,23,23,23,23,23,23,23,23,23,23,38,0,16,16.98995807849937,7.709828998486046,40.62611600238597,0.0
1778532871,32,POST,chat/long,0.100000,0.000000,25,25,25,25,25,25,25,25,25,25,25,35,0,17,17.709560542425606,9.29571899905568,40.62611600238597,0.0
1778532871,32,POST,chat/medium,0.000000,0.000000,0,0,0,0,0,0,0,0,0,0,0,2,0,8,8.376478999707615,7.709828998486046,9.043129000929184,0.0
1778532871,32,POST,chat/short,0.000000,0.000000,0,0,0,0,0,0,0,0,0,0,0,2,0,10.343469002691563,16.814293499919586,10.343469002691563,23.28511799714761,0.0
1778532871,32,,Aggregated,0.100000,0.000000,25,25,25,25,25,25,25,25,25,25,25,39,0,17,17.18502984574745,7.709828998486046,40.62611600238597,0.0
1778532872,32,POST,chat/long,0.100000,0.000000,25,25,25,25,25,25,25,25,25,25,25,35,0,17,17.709560542425606,9.29571899905568,40.62611600238597,0.0
1778532872,32,POST,chat/medium,0.000000,0.000000,0,0,0,0,0,0,0,0,0,0,0,2,0,8,8.376478999707615,7.709828998486046,9.043129000929184,0.0
1778532872,32,POST,chat/short,0.000000,0.000000,0,0,0,0,0,0,0,0,0,0,0,2,0,10.343469002691563,16.814293499919586,10.343469002691563,23.28511799714761,0.0
1778532872,32,,Aggregated,0.100000,0.000000,25,25,25,25,25,25,25,25,25,25,25,39,0,17,17.18502984574745,7.709828998486046,40.62611600238597,0.0
1778532873,32,POST,chat/long,0.100000,0.000000,25,25,25,25,25,25,25,25,25,25,25,35,0,17,17.709560542425606,9.29571899905568,40.62611600238597,0.0
1778532873,32,POST,chat/medium,0.000000,0.000000,0,0,0,0,0,0,0,0,0,0,0,2,0,8,8.376478999707615,7.709828998486046,9.043129000929184,0.0
1778532873,32,POST,chat/short,0.000000,0.000000,0,0,0,0,0,0,0,0,0,0,0,2,0,10.343469002691563,16.814293499919586,10.343469002691563,23.28511799714761,0.0
1778532873,32,,Aggregated,0.100000,0.000000,25,25,25,25,25,25,25,25,25,25,25,39,0,17,17.18502984574745,7.709828998486046,40.62611600238597,0.0
1778532874,32,POST,chat/long,0.200000,0.000000,25,25,25,25,25,25,25,25,25,25,25,36,0,17,17.75584602728486,9.29571899905568,40.62611600238597,0.0
1778532874,32,POST,chat/medium,0.000000,0.000000,0,0,0,0,0,0,0,0,0,0,0,2,0,8,8.376478999707615,7.709828998486046,9.043129000929184,0.0
1778532874,32,POST,chat/short,0.100000,0.000000,0,0,0,0,0,0,0,0,0,0,0,2,0,10.343469002691563,16.814293499919586,10.343469002691563,23.28511799714761,0.0
1778532874,32,,Aggregated,0.300000,0.000000,19,19,25,25,25,25,25,25,25,25,25,40,0,17,17.239800049537735,7.709828998486046,40.62611600238597,0.0
1778532875,32,POST,chat/long,0.200000,0.000000,25,25,25,25,25,25,25,25,25,25,25,36,0,17,17.75584602728486,9.29571899905568,40.62611600238597,0.0
1778532875,32,POST,chat/medium,0.000000,0.000000,0,0,0,0,0,0,0,0,0,0,0,2,0,8,8.376478999707615,7.709828998486046,9.043129000929184,0.0
1778532875,32,POST,chat/short,0.100000,0.000000,0,0,0,0,0,0,0,0,0,0,0,2,0,10.343469002691563,16.814293499919586,10.343469002691563,23.28511799714761,0.0
1778532875,32,,Aggregated,0.300000,0.000000,19,19,25,25,25,25,25,25,25,25,25,40,0,17,17.239800049537735,7.709828998486046,40.62611600238597,0.0
1778532876,32,POST,chat/long,0.200000,0.000000,25,25,25,25,25,25,25,25,25,25,25,36,0,17,17.75584602728486,9.29571899905568,40.62611600238597,0.0
1778532876,32,POST,chat/medium,0.000000,0.000000,0,0,0,0,0,0,0,0,0,0,0,2,0,8,8.376478999707615,7.709828998486046,9.043129000929184,0.0
1778532876,32,POST,chat/short,0.100000,0.000000,0,0,0,0,0,0,0,0,0,0,0,2,0,10.343469002691563,16.814293499919586,10.343469002691563,23.28511799714761,0.0
1778532876,32,,Aggregated,0.300000,0.000000,19,19,25,25,25,25,25,25,25,25,25,40,0,17,17.239800049537735,7.709828998486046,40.62611600238597,0.0
1778532877,32,POST,chat/long,0.200000,0.000000,25,25,25,25,25,25,25,25,25,25,25,36,0,17,17.75584602728486,9.29571899905568,40.62611600238597,0.0
1778532877,32,POST,chat/medium,0.000000,0.000000,0,0,0,0,0,0,0,0,0,0,0,2,0,8,8.376478999707615,7.709828998486046,9.043129000929184,0.0
1778532877,32,POST,chat/short,0.100000,0.000000,0,0,0,0,0,0,0,0,0,0,0,2,0,10.343469002691563,16.814293499919586,10.343469002691563,23.28511799714761,0.0
1778532877,32,,Aggregated,0.300000,0.000000,19,19,25,25,25,25,25,25,25,25,25,40,0,17,17.239800049537735,7.709828998486046,40.62611600238597,0.0
1778532878,32,POST,chat/long,0.200000,0.000000,19,19,19,19,19,19,19,19,19,19,19,36,0,17,17.75584602728486,9.29571899905568,40.62611600238597,0.0
1778532878,32,POST,chat/medium,0.000000,0.000000,0,0,0,0,0,0,0,0,0,0,0,2,0,8,8.376478999707615,7.709828998486046,9.043129000929184,0.0
1778532878,32,POST,chat/short,0.100000,0.000000,0,0,0,0,0,0,0,0,0,0,0,2,0,10.343469002691563,16.814293499919586,10.343469002691563,23.28511799714761,0.0
1778532878,32,,Aggregated,0.300000,0.000000,19,19,25,25,25,25,25,25,25,25,25,40,0,17,17.239800049537735,7.709828998486046,40.62611600238597,0.0
1778532879,32,POST,chat/long,0.200000,0.000000,19,19,19,19,19,19,19,19,19,19,19,36,0,17,17.75584602728486,9.29571899905568,40.62611600238597,0.0
1778532879,32,POST,chat/medium,0.000000,0.000000,0,0,0,0,0,0,0,0,0,0,0,2,0,8,8.376478999707615,7.709828998486046,9.043129000929184,0.0
1778532879,32,POST,chat/short,0.100000,0.000000,0,0,0,0,0,0,0,0,0,0,0,2,0,10.343469002691563,16.814293499919586,10.343469002691563,23.28511799714761,0.0
1778532879,32,,Aggregated,0.300000,0.000000,19,19,19,19,19,19,19,19,19,19,19,40,0,17,17.239800049537735,7.709828998486046,40.62611600238597,0.0
1778532880,32,POST,chat/long,0.300000,0.000000,19,19,19,19,19,19,19,19,19,19,19,37,0,17,17.723009080548984,9.29571899905568,40.62611600238597,0.0
1778532880,32,POST,chat/medium,0.000000,0.000000,0,0,0,0,0,0,0,0,0,0,0,2,0,8,8.376478999707615,7.709828998486046,9.043129000929184,0.0
1778532880,32,POST,chat/short,0.100000,0.000000,0,0,0,0,0,0,0,0,0,0,0,2,0,10.343469002691563,16.814293499919586,10.343469002691563,23.28511799714761,0.0
1778532880,32,,Aggregated,0.400000,0.000000,19,19,19,19,19,19,19,19,19,19,19,41,0,17,17.222753194623582,7.709828998486046,40.62611600238597,0.0
1778532881,32,POST,chat/long,0.300000,0.000000,19,19,19,19,19,19,19,19,19,19,19,37,0,17,17.723009080548984,9.29571899905568,40.62611600238597,0.0
1778532881,32,POST,chat/medium,0.000000,0.000000,0,0,0,0,0,0,0,0,0,0,0,2,0,8,8.376478999707615,7.709828998486046,9.043129000929184,0.0
1778532881,32,POST,chat/short,0.100000,0.000000,0,0,0,0,0,0,0,0,0,0,0,2,0,10.343469002691563,16.814293499919586,10.343469002691563,23.28511799714761,0.0
1778532881,32,,Aggregated,0.400000,0.000000,19,19,19,19,19,19,19,19,19,19,19,41,0,17,17.222753194623582,7.709828998486046,40.62611600238597,0.0
1778532882,32,POST,chat/long,0.300000,0.000000,17,17,17,17,17,17,17,17,17,17,17,37,0,17,17.723009080548984,9.29571899905568,40.62611600238597,0.0
1778532882,32,POST,chat/medium,0.000000,0.000000,0,0,0,0,0,0,0,0,0,0,0,2,0,8,8.376478999707615,7.709828998486046,9.043129000929184,0.0
1778532882,32,POST,chat/short,0.100000,0.000000,0,0,0,0,0,0,0,0,0,0,0,2,0,10.343469002691563,16.814293499919586,10.343469002691563,23.28511799714761,0.0
1778532882,32,,Aggregated,0.400000,0.000000,17,17,17,17,17,17,17,17,17,17,17,41,0,17,17.222753194623582,7.709828998486046,40.62611600238597,0.0
1778532883,32,POST,chat/long,0.300000,0.000000,17,17,17,17,17,17,17,17,17,17,17,37,0,17,17.723009080548984,9.29571899905568,40.62611600238597,0.0
1778532883,32,POST,chat/medium,0.000000,0.000000,0,0,0,0,0,0,0,0,0,0,0,2,0,8,8.376478999707615,7.709828998486046,9.043129000929184,0.0
1778532883,32,POST,chat/short,0.100000,0.000000,0,0,0,0,0,0,0,0,0,0,0,2,0,10.343469002691563,16.814293499919586,10.343469002691563,23.28511799714761,0.0
1778532883,32,,Aggregated,0.400000,0.000000,17,17,17,17,17,17,17,17,17,17,17,41,0,17,17.222753194623582,7.709828998486046,40.62611600238597,0.0
1778532884,32,POST,chat/long,0.300000,0.000000,17,17,17,17,17,17,17,17,17,17,17,37,0,17,17.723009080548984,9.29571899905568,40.62611600238597,0.0
1778532884,32,POST,chat/medium,0.000000,0.000000,0,0,0,0,0,0,0,0,0,0,0,2,0,8,8.376478999707615,7.709828998486046,9.043129000929184,0.0
1778532884,32,POST,chat/short,0.100000,0.000000,0,0,0,0,0,0,0,0,0,0,0,2,0,10.343469002691563,16.814293499919586,10.343469002691563,23.28511799714761,0.0
1778532884,32,,Aggregated,0.400000,0.000000,17,17,17,17,17,17,17,17,17,17,17,41,0,17,17.222753194623582,7.709828998486046,40.62611600238597,0.0
1778532885,32,POST,chat/long,0.300000,0.000000,17,17,17,17,17,17,17,17,17,17,17,37,0,17,17.723009080548984,9.29571899905568,40.62611600238597,0.0
1778532885,32,POST,chat/medium,0.000000,0.000000,0,0,0,0,0,0,0,0,0,0,0,2,0,8,8.376478999707615,7.709828998486046,9.043129000929184,0.0
1778532885,32,POST,chat/short,0.100000,0.000000,0,0,0,0,0,0,0,0,0,0,0,2,0,10.343469002691563,16.814293499919586,10.343469002691563,23.28511799714761,0.0
1778532885,32,,Aggregated,0.400000,0.000000,17,17,17,17,17,17,17,17,17,17,17,41,0,17,17.222753194623582,7.709828998486046,40.62611600238597,0.0
1778532886,32,POST,chat/long,0.200000,0.000000,14,14,14,14,14,14,14,14,14,14,14,38,0,17,17.630106973037503,9.29571899905568,40.62611600238597,0.0
1778532886,32,POST,chat/medium,0.000000,0.000000,0,0,0,0,0,0,0,0,0,0,0,2,0,8,8.376478999707615,7.709828998486046,9.043129000929184,0.0
1778532886,32,POST,chat/short,0.000000,0.000000,0,0,0,0,0,0,0,0,0,0,0,2,0,10.343469002691563,16.814293499919586,10.343469002691563,23.28511799714761,0.0
1778532886,32,,Aggregated,0.200000,0.000000,14,14,14,14,14,14,14,14,14,14,14,42,0,17,17.150609761301894,7.709828998486046,40.62611600238597,0.0
1778532887,32,POST,chat/long,0.200000,0.000000,14,14,14,14,14,14,14,14,14,14,14,38,0,17,17.630106973037503,9.29571899905568,40.62611600238597,0.0
1778532887,32,POST,chat/medium,0.000000,0.000000,0,0,0,0,0,0,0,0,0,0,0,2,0,8,8.376478999707615,7.709828998486046,9.043129000929184,0.0
1778532887,32,POST,chat/short,0.000000,0.000000,0,0,0,0,0,0,0,0,0,0,0,2,0,10.343469002691563,16.814293499919586,10.343469002691563,23.28511799714761,0.0
1778532887,32,,Aggregated,0.200000,0.000000,14,14,14,14,14,14,14,14,14,14,14,42,0,17,17.150609761301894,7.709828998486046,40.62611600238597,0.0
1778532888,32,POST,chat/long,0.200000,0.000000,14,14,14,14,14,14,14,14,14,14,14,38,0,17,17.630106973037503,9.29571899905568,40.62611600238597,0.0
1778532888,32,POST,chat/medium,0.000000,0.000000,0,0,0,0,0,0,0,0,0,0,0,2,0,8,8.376478999707615,7.709828998486046,9.043129000929184,0.0
1778532888,32,POST,chat/short,0.000000,0.000000,0,0,0,0,0,0,0,0,0,0,0,2,0,10.343469002691563,16.814293499919586,10.343469002691563,23.28511799714761,0.0
1778532888,32,,Aggregated,0.200000,0.000000,14,14,14,14,14,14,14,14,14,14,14,42,0,17,17.150609761301894,7.709828998486046,40.62611600238597,0.0
1778532889,32,POST,chat/long,0.200000,0.000000,15,15,15,15,15,15,15,15,15,15,15,39,0,17,17.56026805079996,9.29571899905568,40.62611600238597,0.0
1778532889,32,POST,chat/medium,0.000000,0.000000,0,0,0,0,0,0,0,0,0,0,0,2,0,8,8.376478999707615,7.709828998486046,9.043129000929184,0.0
1778532889,32,POST,chat/short,0.000000,0.000000,0,0,0,0,0,0,0,0,0,0,0,2,0,10.343469002691563,16.814293499919586,10.343469002691563,23.28511799714761,0.0
1778532889,32,,Aggregated,0.200000,0.000000,15,15,15,15,15,15,15,15,15,15,15,43,0,17,17.098418580940763,7.709828998486046,40.62611600238597,0.0
1778532890,32,POST,chat/long,0.200000,0.000000,15,15,15,15,15,15,15,15,15,15,15,39,0,17,17.56026805079996,9.29571899905568,40.62611600238597,0.0
1778532890,32,POST,chat/medium,0.000000,0.000000,0,0,0,0,0,0,0,0,0,0,0,2,0,8,8.376478999707615,7.709828998486046,9.043129000929184,0.0
1778532890,32,POST,chat/short,0.000000,0.000000,0,0,0,0,0,0,0,0,0,0,0,2,0,10.343469002691563,16.814293499919586,10.343469002691563,23.28511799714761,0.0
1778532890,32,,Aggregated,0.200000,0.000000,15,15,15,15,15,15,15,15,15,15,15,43,0,17,17.098418580940763,7.709828998486046,40.62611600238597,0.0
1778532891,32,POST,chat/long,0.200000,0.000000,15,15,15,15,15,15,15,15,15,15,15,39,0,17,17.56026805079996,9.29571899905568,40.62611600238597,0.0
1778532891,32,POST,chat/medium,0.000000,0.000000,0,0,0,0,0,0,0,0,0,0,0,2,0,8,8.376478999707615,7.709828998486046,9.043129000929184,0.0
1778532891,32,POST,chat/short,0.000000,0.000000,0,0,0,0,0,0,0,0,0,0,0,2,0,10.343469002691563,16.814293499919586,10.343469002691563,23.28511799714761,0.0
1778532891,32,,Aggregated,0.200000,0.000000,15,15,15,15,15,15,15,15,15,15,15,43,0,17,17.098418580940763,7.709828998486046,40.62611600238597,0.0
1778532892,32,POST,chat/long,0.200000,0.000000,15,15,15,15,15,15,15,15,15,15,15,39,0,17,17.56026805079996,9.29571899905568,40.62611600238597,0.0
1778532892,32,POST,chat/medium,0.000000,0.000000,0,0,0,0,0,0,0,0,0,0,0,2,0,8,8.376478999707615,7.709828998486046,9.043129000929184,0.0
1778532892,32,POST,chat/short,0.000000,0.000000,0,0,0,0,0,0,0,0,0,0,0,2,0,10.343469002691563,16.814293499919586,10.343469002691563,23.28511799714761,0.0
1778532892,32,,Aggregated,0.200000,0.000000,15,15,15,15,15,15,15,15,15,15,15,43,0,17,17.098418580940763,7.709828998486046,40.62611600238597,0.0
1778532893,32,POST,chat/long,0.200000,0.000000,15,15,15,15,15,15,15,15,15,15,15,39,0,17,17.56026805079996,9.29571899905568,40.62611600238597,0.0
1778532893,32,POST,chat/medium,0.000000,0.000000,0,0,0,0,0,0,0,0,0,0,0,2,0,8,8.376478999707615,7.709828998486046,9.043129000929184,0.0
1778532893,32,POST,chat/short,0.000000,0.000000,0,0,0,0,0,0,0,0,0,0,0,2,0,10.343469002691563,16.814293499919586,10.343469002691563,23.28511799714761,0.0
1778532893,32,,Aggregated,0.200000,0.000000,15,15,15,15,15,15,15,15,15,15,15,43,0,17,17.098418580940763,7.709828998486046,40.62611600238597,0.0
1778532894,32,POST,chat/long,0.200000,0.000000,15,15,15,15,15,15,15,15,15,15,15,39,0,17,17.56026805079996,9.29571899905568,40.62611600238597,0.0
1778532894,32,POST,chat/medium,0.000000,0.000000,0,0,0,0,0,0,0,0,0,0,0,2,0,8,8.376478999707615,7.709828998486046,9.043129000929184,0.0
1778532894,32,POST,chat/short,0.000000,0.000000,0,0,0,0,0,0,0,0,0,0,0,2,0,10.343469002691563,16.814293499919586,10.343469002691563,23.28511799714761,0.0
1778532894,32,,Aggregated,0.200000,0.000000,15,15,15,15,15,15,15,15,15,15,15,43,0,17,17.098418580940763,7.709828998486046,40.62611600238597,0.0
1778532895,32,POST,chat/long,0.200000,0.000000,15,15,15,15,15,15,15,15,15,15,15,39,0,17,17.56026805079996,9.29571899905568,40.62611600238597,0.0
1778532895,32,POST,chat/medium,0.000000,0.000000,0,0,0,0,0,0,0,0,0,0,0,2,0,8,8.376478999707615,7.709828998486046,9.043129000929184,0.0
1778532895,32,POST,chat/short,0.000000,0.000000,0,0,0,0,0,0,0,0,0,0,0,2,0,10.343469002691563,16.814293499919586,10.343469002691563,23.28511799714761,0.0
1778532895,32,,Aggregated,0.200000,0.000000,15,15,15,15,15,15,15,15,15,15,15,43,0,17,17.098418580940763,7.709828998486046,40.62611600238597,0.0
1778532896,32,POST,chat/long,0.200000,0.000000,15,15,15,15,15,15,15,15,15,15,15,39,0,17,17.56026805079996,9.29571899905568,40.62611600238597,0.0
1778532896,32,POST,chat/medium,0.000000,0.000000,0,0,0,0,0,0,0,0,0,0,0,2,0,8,8.376478999707615,7.709828998486046,9.043129000929184,0.0
1778532896,32,POST,chat/short,0.000000,0.000000,0,0,0,0,0,0,0,0,0,0,0,2,0,10.343469002691563,16.814293499919586,10.343469002691563,23.28511799714761,0.0
1778532896,32,,Aggregated,0.200000,0.000000,15,15,15,15,15,15,15,15,15,15,15,43,0,17,17.098418580940763,7.709828998486046,40.62611600238597,0.0
1778532897,32,POST,chat/long,0.200000,0.000000,0,0,0,0,0,0,0,0,0,0,0,39,0,17,17.56026805079996,9.29571899905568,40.62611600238597,0.0
1778532897,32,POST,chat/medium,0.000000,0.000000,0,0,0,0,0,0,0,0,0,0,0,2,0,8,8.376478999707615,7.709828998486046,9.043129000929184,0.0
1778532897,32,POST,chat/short,0.000000,0.000000,0,0,0,0,0,0,0,0,0,0,0,2,0,10.343469002691563,16.814293499919586,10.343469002691563,23.28511799714761,0.0
1778532897,32,,Aggregated,0.200000,0.000000,0,0,0,0,0,0,0,0,0,0,0,43,0,17,17.098418580940763,7.709828998486046,40.62611600238597,0.0
1778532898,32,POST,chat/long,0.200000,0.000000,14,14,14,14,14,14,14,14,14,14,14,40,0,17,17.481014299482922,9.29571899905568,40.62611600238597,0.0
1778532898,32,POST,chat/medium,0.000000,0.000000,0,0,0,0,0,0,0,0,0,0,0,2,0,8,8.376478999707615,7.709828998486046,9.043129000929184,0.0
1778532898,32,POST,chat/short,0.000000,0.000000,0,0,0,0,0,0,0,0,0,0,0,2,0,10.343469002691563,16.814293499919586,10.343469002691563,23.28511799714761,0.0
1778532898,32,,Aggregated,0.200000,0.000000,14,14,14,14,14,14,14,14,14,14,14,44,0,16,17.036866294967528,7.709828998486046,40.62611600238597,0.0
1778532899,32,POST,chat/long,0.200000,0.000000,14,14,14,14,14,14,14,14,14,14,14,40,0,17,17.481014299482922,9.29571899905568,40.62611600238597,0.0
1778532899,32,POST,chat/medium,0.000000,0.000000,0,0,0,0,0,0,0,0,0,0,0,2,0,8,8.376478999707615,7.709828998486046,9.043129000929184,0.0
1778532899,32,POST,chat/short,0.000000,0.000000,0,0,0,0,0,0,0,0,0,0,0,2,0,10.343469002691563,16.814293499919586,10.343469002691563,23.28511799714761,0.0
1778532899,32,,Aggregated,0.200000,0.000000,14,14,14,14,14,14,14,14,14,14,14,44,0,16,17.036866294967528,7.709828998486046,40.62611600238597,0.0
1778532900,32,POST,chat/long,0.200000,0.000000,14,14,14,14,14,14,14,14,14,14,14,40,0,17,17.481014299482922,9.29571899905568,40.62611600238597,0.0
1778532900,32,POST,chat/medium,0.000000,0.000000,0,0,0,0,0,0,0,0,0,0,0,2,0,8,8.376478999707615,7.709828998486046,9.043129000929184,0.0
1778532900,32,POST,chat/short,0.000000,0.000000,0,0,0,0,0,0,0,0,0,0,0,2,0,10.343469002691563,16.814293499919586,10.343469002691563,23.28511799714761,0.0
1778532900,32,,Aggregated,0.200000,0.000000,14,14,14,14,14,14,14,14,14,14,14,44,0,16,17.036866294967528,7.709828998486046,40.62611600238597,0.0
1778532901,32,POST,chat/long,0.200000,0.000000,14,14,14,14,14,14,14,14,14,14,14,40,0,17,17.481014299482922,9.29571899905568,40.62611600238597,0.0
1778532901,32,POST,chat/medium,0.000000,0.000000,0,0,0,0,0,0,0,0,0,0,0,2,0,8,8.376478999707615,7.709828998486046,9.043129000929184,0.0
1778532901,32,POST,chat/short,0.000000,0.000000,0,0,0,0,0,0,0,0,0,0,0,2,0,10.343469002691563,16.814293499919586,10.343469002691563,23.28511799714761,0.0
1778532901,32,,Aggregated,0.200000,0.000000,14,14,14,14,14,14,14,14,14,14,14,44,0,16,17.036866294967528,7.709828998486046,40.62611600238597,0.0
1778532902,32,POST,chat/long,0.200000,0.000000,14,14,14,14,14,14,14,14,14,14,14,40,0,17,17.481014299482922,9.29571899905568,40.62611600238597,0.0
1778532902,32,POST,chat/medium,0.000000,0.000000,0,0,0,0,0,0,0,0,0,0,0,2,0,8,8.376478999707615,7.709828998486046,9.043129000929184,0.0
1778532902,32,POST,chat/short,0.000000,0.000000,0,0,0,0,0,0,0,0,0,0,0,2,0,10.343469002691563,16.814293499919586,10.343469002691563,23.28511799714761,0.0
1778532902,32,,Aggregated,0.200000,0.000000,14,14,14,14,14,14,14,14,14,14,14,44,0,16,17.036866294967528,7.709828998486046,40.62611600238597,0.0
1778532903,32,POST,chat/long,0.200000,0.000000,0,0,0,0,0,0,0,0,0,0,0,40,0,17,17.481014299482922,9.29571899905568,40.62611600238597,0.0
1778532903,32,POST,chat/medium,0.000000,0.000000,0,0,0,0,0,0,0,0,0,0,0,2,0,8,8.376478999707615,7.709828998486046,9.043129000929184,0.0
1778532903,32,POST,chat/short,0.000000,0.000000,0,0,0,0,0,0,0,0,0,0,0,2,0,10.343469002691563,16.814293499919586,10.343469002691563,23.28511799714761,0.0
1778532903,32,,Aggregated,0.200000,0.000000,0,0,0,0,0,0,0,0,0,0,0,44,0,16,17.036866294967528,7.709828998486046,40.62611600238597,0.0
1778532904,32,POST,chat/long,0.200000,0.000000,0,0,0,0,0,0,0,0,0,0,0,40,0,17,17.481014299482922,9.29571899905568,40.62611600238597,0.0
1778532904,32,POST,chat/medium,0.000000,0.000000,0,0,0,0,0,0,0,0,0,0,0,2,0,8,8.376478999707615,7.709828998486046,9.043129000929184,0.0
1778532904,32,POST,chat/short,0.000000,0.000000,0,0,0,0,0,0,0,0,0,0,0,2,0,10.343469002691563,16.814293499919586,10.343469002691563,23.28511799714761,0.0
1778532904,32,,Aggregated,0.200000,0.000000,0,0,0,0,0,0,0,0,0,0,0,44,0,16,17.036866294967528,7.709828998486046,40.62611600238597,0.0
1778532905,32,POST,chat/long,0.200000,0.000000,0,0,0,0,0,0,0,0,0,0,0,40,0,17,17.481014299482922,9.29571899905568,40.62611600238597,0.0
1778532905,32,POST,chat/medium,0.000000,0.000000,0,0,0,0,0,0,0,0,0,0,0,2,0,8,8.376478999707615,7.709828998486046,9.043129000929184,0.0
1778532905,32,POST,chat/short,0.000000,0.000000,0,0,0,0,0,0,0,0,0,0,0,2,0,10.343469002691563,16.814293499919586,10.343469002691563,23.28511799714761,0.0
1778532905,32,,Aggregated,0.200000,0.000000,0,0,0,0,0,0,0,0,0,0,0,44,0,16,17.036866294967528,7.709828998486046,40.62611600238597,0.0
1778532906,32,POST,chat/long,0.200000,0.000000,0,0,0,0,0,0,0,0,0,0,0,40,0,17,17.481014299482922,9.29571899905568,40.62611600238597,0.0
1778532906,32,POST,chat/medium,0.000000,0.000000,0,0,0,0,0,0,0,0,0,0,0,2,0,8,8.376478999707615,7.709828998486046,9.043129000929184,0.0
1778532906,32,POST,chat/short,0.000000,0.000000,0,0,0,0,0,0,0,0,0,0,0,2,0,10.343469002691563,16.814293499919586,10.343469002691563,23.28511799714761,0.0
1778532906,32,,Aggregated,0.200000,0.000000,0,0,0,0,0,0,0,0,0,0,0,44,0,16,17.036866294967528,7.709828998486046,40.62611600238597,0.0
1778532907,30,POST,chat/long,0.100000,0.000000,20,20,20,20,20,20,20,20,20,20,20,41,0,17,17.545395853031973,9.29571899905568,40.62611600238597,0.0
1778532907,30,POST,chat/medium,0.000000,0.000000,0,0,0,0,0,0,0,0,0,0,0,3,0,9,9.196835332356082,7.709828998486046,10.837547997653019,0.0
1778532907,30,POST,chat/short,0.000000,0.000000,0,0,0,0,0,0,0,0,0,0,0,2,0,10.343469002691563,16.814293499919586,10.343469002691563,23.28511799714761,0.0
1778532907,30,,Aggregated,0.100000,0.000000,20,20,20,20,20,20,20,20,20,20,20,46,0,16,16.96913745589605,7.709828998486046,40.62611600238597,0.0
1778532908,30,POST,chat/long,0.100000,0.000000,20,20,20,20,20,20,20,20,20,20,20,41,0,17,17.545395853031973,9.29571899905568,40.62611600238597,0.0
1778532908,30,POST,chat/medium,0.000000,0.000000,0,0,0,0,0,0,0,0,0,0,0,3,0,9,9.196835332356082,7.709828998486046,10.837547997653019,0.0
1778532908,30,POST,chat/short,0.000000,0.000000,0,0,0,0,0,0,0,0,0,0,0,2,0,10.343469002691563,16.814293499919586,10.343469002691563,23.28511799714761,0.0
1778532908,30,,Aggregated,0.100000,0.000000,20,20,20,20,20,20,20,20,20,20,20,46,0,16,16.96913745589605,7.709828998486046,40.62611600238597,0.0
1778532909,30,POST,chat/long,0.100000,0.000000,20,20,20,20,20,20,20,20,20,20,20,41,0,17,17.545395853031973,9.29571899905568,40.62611600238597,0.0
1778532909,30,POST,chat/medium,0.000000,0.000000,0,0,0,0,0,0,0,0,0,0,0,3,0,9,9.196835332356082,7.709828998486046,10.837547997653019,0.0
1778532909,30,POST,chat/short,0.000000,0.000000,0,0,0,0,0,0,0,0,0,0,0,2,0,10.343469002691563,16.814293499919586,10.343469002691563,23.28511799714761,0.0
1778532909,30,,Aggregated,0.100000,0.000000,20,20,20,20,20,20,20,20,20,20,20,46,0,16,16.96913745589605,7.709828998486046,40.62611600238597,0.0
1778532910,28,POST,chat/long,0.100000,0.000000,11,11,20,20,20,20,20,20,20,20,20,43,0,17,17.22401460388345,9.29571899905568,40.62611600238597,0.0
1778532910,28,POST,chat/medium,0.000000,0.000000,0,0,0,0,0,0,0,0,0,0,0,3,0,9,9.196835332356082,7.709828998486046,10.837547997653019,0.0
1778532910,28,POST,chat/short,0.000000,0.000000,0,0,0,0,0,0,0,0,0,0,0,2,0,10.343469002691563,16.814293499919586,10.343469002691563,23.28511799714761,0.0
1778532910,28,,Aggregated,0.100000,0.000000,11,11,20,20,20,20,20,20,20,20,20,48,0,16,16.70524418674783,7.709828998486046,40.62611600238597,0.0
1778532911,28,POST,chat/long,0.100000,0.000000,11,11,20,20,20,20,20,20,20,20,20,43,0,17,17.22401460388345,9.29571899905568,40.62611600238597,0.0
1778532911,28,POST,chat/medium,0.000000,0.000000,0,0,0,0,0,0,0,0,0,0,0,3,0,9,9.196835332356082,7.709828998486046,10.837547997653019,0.0
1778532911,28,POST,chat/short,0.000000,0.000000,0,0,0,0,0,0,0,0,0,0,0,2,0,10.343469002691563,16.814293499919586,10.343469002691563,23.28511799714761,0.0
1778532911,28,,Aggregated,0.100000,0.000000,11,11,20,20,20,20,20,20,20,20,20,48,0,16,16.70524418674783,7.709828998486046,40.62611600238597,0.0
1778532912,28,POST,chat/long,0.100000,0.000000,11,11,11,11,11,11,11,11,11,11,11,43,0,17,17.22401460388345,9.29571899905568,40.62611600238597,0.0
1778532912,28,POST,chat/medium,0.000000,0.000000,0,0,0,0,0,0,0,0,0,0,0,3,0,9,9.196835332356082,7.709828998486046,10.837547997653019,0.0
1778532912,28,POST,chat/short,0.000000,0.000000,0,0,0,0,0,0,0,0,0,0,0,2,0,10.343469002691563,16.814293499919586,10.343469002691563,23.28511799714761,0.0
1778532912,28,,Aggregated,0.100000,0.000000,11,11,20,20,20,20,20,20,20,20,20,48,0,16,16.70524418674783,7.709828998486046,40.62611600238597,0.0
1778532913,28,POST,chat/long,0.100000,0.000000,11,11,11,11,11,11,11,11,11,11,11,43,0,17,17.22401460388345,9.29571899905568,40.62611600238597,0.0
1778532913,28,POST,chat/medium,0.000000,0.000000,0,0,0,0,0,0,0,0,0,0,0,3,0,9,9.196835332356082,7.709828998486046,10.837547997653019,0.0
1778532913,28,POST,chat/short,0.000000,0.000000,0,0,0,0,0,0,0,0,0,0,0,2,0,10.343469002691563,16.814293499919586,10.343469002691563,23.28511799714761,0.0
1778532913,28,,Aggregated,0.100000,0.000000,11,11,20,20,20,20,20,20,20,20,20,48,0,16,16.70524418674783,7.709828998486046,40.62611600238597,0.0
1778532914,28,POST,chat/long,0.100000,0.000000,11,11,11,11,11,11,11,11,11,11,11,43,0,17,17.22401460388345,9.29571899905568,40.62611600238597,0.0
1778532914,28,POST,chat/medium,0.000000,0.000000,0,0,0,0,0,0,0,0,0,0,0,3,0,9,9.196835332356082,7.709828998486046,10.837547997653019,0.0
1778532914,28,POST,chat/short,0.000000,0.000000,0,0,0,0,0,0,0,0,0,0,0,2,0,10.343469002691563,16.814293499919586,10.343469002691563,23.28511799714761,0.0
1778532914,28,,Aggregated,0.100000,0.000000,11,11,20,20,20,20,20,20,20,20,20,48,0,16,16.70524418674783,7.709828998486046,40.62611600238597,0.0
1778532915,28,POST,chat/long,0.100000,0.000000,11,11,11,11,11,11,11,11,11,11,11,43,0,17,17.22401460388345,9.29571899905568,40.62611600238597,0.0
1778532915,28,POST,chat/medium,0.000000,0.000000,0,0,0,0,0,0,0,0,0,0,0,3,0,9,9.196835332356082,7.709828998486046,10.837547997653019,0.0
1778532915,28,POST,chat/short,0.000000,0.000000,0,0,0,0,0,0,0,0,0,0,0,2,0,10.343469002691563,16.814293499919586,10.343469002691563,23.28511799714761,0.0
1778532915,28,,Aggregated,0.100000,0.000000,11,11,20,20,20,20,20,20,20,20,20,48,0,16,16.70524418674783,7.709828998486046,40.62611600238597,0.0
1778532916,28,POST,chat/long,0.100000,0.000000,11,11,11,11,11,11,11,11,11,11,11,43,0,17,17.22401460388345,9.29571899905568,40.62611600238597,0.0
1778532916,28,POST,chat/medium,0.000000,0.000000,0,0,0,0,0,0,0,0,0,0,0,3,0,9,9.196835332356082,7.709828998486046,10.837547997653019,0.0
1778532916,28,POST,chat/short,0.000000,0.000000,0,0,0,0,0,0,0,0,0,0,0,2,0,10.343469002691563,16.814293499919586,10.343469002691563,23.28511799714761,0.0
1778532916,28,,Aggregated,0.100000,0.000000,11,11,20,20,20,20,20,20,20,20,20,48,0,16,16.70524418674783,7.709828998486046,40.62611600238597,0.0
1778532917,28,POST,chat/long,0.100000,0.000000,11,11,11,11,11,11,11,11,11,11,11,43,0,17,17.22401460388345,9.29571899905568,40.62611600238597,0.0
1778532917,28,POST,chat/medium,0.000000,0.000000,0,0,0,0,0,0,0,0,0,0,0,3,0,9,9.196835332356082,7.709828998486046,10.837547997653019,0.0
1778532917,28,POST,chat/short,0.000000,0.000000,0,0,0,0,0,0,0,0,0,0,0,2,0,10.343469002691563,16.814293499919586,10.343469002691563,23.28511799714761,0.0
1778532917,28,,Aggregated,0.100000,0.000000,11,11,20,20,20,20,20,20,20,20,20,48,0,16,16.70524418674783,7.709828998486046,40.62611600238597,0.0
1778532918,28,POST,chat/long,0.100000,0.000000,10,10,10,10,10,10,10,10,10,10,10,43,0,17,17.22401460388345,9.29571899905568,40.62611600238597,0.0
1778532918,28,POST,chat/medium,0.000000,0.000000,0,0,0,0,0,0,0,0,0,0,0,3,0,9,9.196835332356082,7.709828998486046,10.837547997653019,0.0
1778532918,28,POST,chat/short,0.000000,0.000000,0,0,0,0,0,0,0,0,0,0,0,2,0,10.343469002691563,16.814293499919586,10.343469002691563,23.28511799714761,0.0
1778532918,28,,Aggregated,0.100000,0.000000,11,11,20,20,20,20,20,20,20,20,20,48,0,16,16.70524418674783,7.709828998486046,40.62611600238597,0.0
1778532919,24,POST,chat/long,0.300000,0.000000,13,18,18,25,25,25,25,25,25,25,25,47,0,17,17.14987046734871,9.29571899905568,40.62611600238597,0.0
1778532919,24,POST,chat/medium,0.100000,0.000000,0,0,0,0,0,0,0,0,0,0,0,3,0,9,9.196835332356082,7.709828998486046,10.837547997653019,0.0
1778532919,24,POST,chat/short,0.000000,0.000000,0,0,0,0,0,0,0,0,0,0,0,2,0,10.343469002691563,16.814293499919586,10.343469002691563,23.28511799714761,0.0
1778532919,24,,Aggregated,0.400000,0.000000,13,18,18,25,25,25,25,25,25,25,25,52,0,16,16.6781347108134,7.709828998486046,40.62611600238597,0.0
1778532920,24,POST,chat/long,0.300000,0.000000,13,18,18,25,25,25,25,25,25,25,25,47,0,17,17.14987046734871,9.29571899905568,40.62611600238597,0.0
1778532920,24,POST,chat/medium,0.100000,0.000000,0,0,0,0,0,0,0,0,0,0,0,3,0,9,9.196835332356082,7.709828998486046,10.837547997653019,0.0
1778532920,24,POST,chat/short,0.000000,0.000000,0,0,0,0,0,0,0,0,0,0,0,2,0,10.343469002691563,16.814293499919586,10.343469002691563,23.28511799714761,0.0
1778532920,24,,Aggregated,0.400000,0.000000,13,18,18,25,25,25,25,25,25,25,25,52,0,16,16.6781347108134,7.709828998486046,40.62611600238597,0.0
1778532921,24,POST,chat/long,0.300000,0.000000,13,18,18,25,25,25,25,25,25,25,25,47,0,17,17.14987046734871,9.29571899905568,40.62611600238597,0.0
1778532921,24,POST,chat/medium,0.100000,0.000000,0,0,0,0,0,0,0,0,0,0,0,3,0,9,9.196835332356082,7.709828998486046,10.837547997653019,0.0
1778532921,24,POST,chat/short,0.000000,0.000000,0,0,0,0,0,0,0,0,0,0,0,2,0,10.343469002691563,16.814293499919586,10.343469002691563,23.28511799714761,0.0
1778532921,24,,Aggregated,0.400000,0.000000,13,18,18,25,25,25,25,25,25,25,25,52,0,16,16.6781347108134,7.709828998486046,40.62611600238597,0.0
1778532922,24,POST,chat/long,0.300000,0.000000,13,18,18,25,25,25,25,25,25,25,25,47,0,17,17.14987046734871,9.29571899905568,40.62611600238597,0.0
1778532922,24,POST,chat/medium,0.100000,0.000000,0,0,0,0,0,0,0,0,0,0,0,3,0,9,9.196835332356082,7.709828998486046,10.837547997653019,0.0
1778532922,24,POST,chat/short,0.000000,0.000000,0,0,0,0,0,0,0,0,0,0,0,2,0,10.343469002691563,16.814293499919586,10.343469002691563,23.28511799714761,0.0
1778532922,24,,Aggregated,0.400000,0.000000,13,18,18,25,25,25,25,25,25,25,25,52,0,16,16.6781347108134,7.709828998486046,40.62611600238597,0.0
1778532923,24,POST,chat/long,0.300000,0.000000,13,18,18,25,25,25,25,25,25,25,25,47,0,17,17.14987046734871,9.29571899905568,40.62611600238597,0.0
1778532923,24,POST,chat/medium,0.100000,0.000000,0,0,0,0,0,0,0,0,0,0,0,3,0,9,9.196835332356082,7.709828998486046,10.837547997653019,0.0
1778532923,24,POST,chat/short,0.000000,0.000000,0,0,0,0,0,0,0,0,0,0,0,2,0,10.343469002691563,16.814293499919586,10.343469002691563,23.28511799714761,0.0
1778532923,24,,Aggregated,0.400000,0.000000,13,18,18,25,25,25,25,25,25,25,25,52,0,16,16.6781347108134,7.709828998486046,40.62611600238597,0.0
1778532924,24,POST,chat/long,0.300000,0.000000,13,13,18,18,18,18,18,18,18,18,18,47,0,17,17.14987046734871,9.29571899905568,40.62611600238597,0.0
1778532924,24,POST,chat/medium,0.100000,0.000000,0,0,0,0,0,0,0,0,0,0,0,3,0,9,9.196835332356082,7.709828998486046,10.837547997653019,0.0
1778532924,24,POST,chat/short,0.000000,0.000000,0,0,0,0,0,0,0,0,0,0,0,2,0,10.343469002691563,16.814293499919586,10.343469002691563,23.28511799714761,0.0
1778532924,24,,Aggregated,0.400000,0.000000,13,13,18,18,18,18,18,18,18,18,18,52,0,16,16.6781347108134,7.709828998486046,40.62611600238597,0.0
1778532925,24,POST,chat/long,0.300000,0.000000,13,13,18,18,18,18,18,18,18,18,18,47,0,17,17.14987046734871,9.29571899905568,40.62611600238597,0.0
1778532925,24,POST,chat/medium,0.100000,0.000000,0,0,0,0,0,0,0,0,0,0,0,3,0,9,9.196835332356082,7.709828998486046,10.837547997653019,0.0
1778532925,24,POST,chat/short,0.000000,0.000000,0,0,0,0,0,0,0,0,0,0,0,2,0,10.343469002691563,16.814293499919586,10.343469002691563,23.28511799714761,0.0
1778532925,24,,Aggregated,0.400000,0.000000,13,13,18,18,18,18,18,18,18,18,18,52,0,16,16.6781347108134,7.709828998486046,40.62611600238597,0.0
1778532926,24,POST,chat/long,0.300000,0.000000,13,13,18,18,18,18,18,18,18,18,18,47,0,17,17.14987046734871,9.29571899905568,40.62611600238597,0.0
1778532926,24,POST,chat/medium,0.100000,0.000000,0,0,0,0,0,0,0,0,0,0,0,3,0,9,9.196835332356082,7.709828998486046,10.837547997653019,0.0
1778532926,24,POST,chat/short,0.000000,0.000000,0,0,0,0,0,0,0,0,0,0,0,2,0,10.343469002691563,16.814293499919586,10.343469002691563,23.28511799714761,0.0
1778532926,24,,Aggregated,0.400000,0.000000,13,13,18,18,18,18,18,18,18,18,18,52,0,16,16.6781347108134,7.709828998486046,40.62611600238597,0.0
1778532927,24,POST,chat/long,0.300000,0.000000,13,13,18,18,18,18,18,18,18,18,18,47,0,17,17.14987046734871,9.29571899905568,40.62611600238597,0.0
1778532927,24,POST,chat/medium,0.100000,0.000000,0,0,0,0,0,0,0,0,0,0,0,3,0,9,9.196835332356082,7.709828998486046,10.837547997653019,0.0
1778532927,24,POST,chat/short,0.000000,0.000000,0,0,0,0,0,0,0,0,0,0,0,2,0,10.343469002691563,16.814293499919586,10.343469002691563,23.28511799714761,0.0
1778532927,24,,Aggregated,0.400000,0.000000,13,13,18,18,18,18,18,18,18,18,18,52,0,16,16.6781347108134,7.709828998486046,40.62611600238597,0.0
1778532928,23,POST,chat/long,0.400000,0.000000,18,18,21,21,21,21,21,21,21,21,21,48,0,17,17.22929854092096,9.29571899905568,40.62611600238597,0.0
1778532928,23,POST,chat/medium,0.000000,0.000000,0,0,0,0,0,0,0,0,0,0,0,3,0,9,9.196835332356082,7.709828998486046,10.837547997653019,0.0
1778532928,23,POST,chat/short,0.000000,0.000000,0,0,0,0,0,0,0,0,0,0,0,2,0,10.343469002691563,16.814293499919586,10.343469002691563,23.28511799714761,0.0
1778532928,23,,Aggregated,0.400000,0.000000,18,18,21,21,21,21,21,21,21,21,21,53,0,16,16.75897024454931,7.709828998486046,40.62611600238597,0.0
1778532929,23,POST,chat/long,0.400000,0.000000,18,18,21,21,21,21,21,21,21,21,21,48,0,17,17.22929854092096,9.29571899905568,40.62611600238597,0.0
1778532929,23,POST,chat/medium,0.000000,0.000000,0,0,0,0,0,0,0,0,0,0,0,3,0,9,9.196835332356082,7.709828998486046,10.837547997653019,0.0
1778532929,23,POST,chat/short,0.000000,0.000000,0,0,0,0,0,0,0,0,0,0,0,2,0,10.343469002691563,16.814293499919586,10.343469002691563,23.28511799714761,0.0
1778532929,23,,Aggregated,0.400000,0.000000,18,18,21,21,21,21,21,21,21,21,21,53,0,16,16.75897024454931,7.709828998486046,40.62611600238597,0.0
1778532930,23,POST,chat/long,0.400000,0.000000,18,18,21,21,21,21,21,21,21,21,21,48,0,17,17.22929854092096,9.29571899905568,40.62611600238597,0.0
1778532930,23,POST,chat/medium,0.000000,0.000000,0,0,0,0,0,0,0,0,0,0,0,3,0,9,9.196835332356082,7.709828998486046,10.837547997653019,0.0
1778532930,23,POST,chat/short,0.000000,0.000000,0,0,0,0,0,0,0,0,0,0,0,2,0,10.343469002691563,16.814293499919586,10.343469002691563,23.28511799714761,0.0
1778532930,23,,Aggregated,0.400000,0.000000,18,18,21,21,21,21,21,21,21,21,21,53,0,16,16.75897024454931,7.709828998486046,40.62611600238597,0.0
1778532931,23,POST,chat/long,0.400000,0.000000,18,18,21,21,21,21,21,21,21,21,21,48,0,17,17.22929854092096,9.29571899905568,40.62611600238597,0.0
1778532931,23,POST,chat/medium,0.000000,0.000000,0,0,0,0,0,0,0,0,0,0,0,3,0,9,9.196835332356082,7.709828998486046,10.837547997653019,0.0
1778532931,23,POST,chat/short,0.000000,0.000000,0,0,0,0,0,0,0,0,0,0,0,2,0,10.343469002691563,16.814293499919586,10.343469002691563,23.28511799714761,0.0
1778532931,23,,Aggregated,0.400000,0.000000,18,18,21,21,21,21,21,21,21,21,21,53,0,16,16.75897024454931,7.709828998486046,40.62611600238597,0.0
1778532932,23,POST,chat/long,0.400000,0.000000,18,18,21,21,21,21,21,21,21,21,21,48,0,17,17.22929854092096,9.29571899905568,40.62611600238597,0.0
1778532932,23,POST,chat/medium,0.000000,0.000000,0,0,0,0,0,0,0,0,0,0,0,3,0,9,9.196835332356082,7.709828998486046,10.837547997653019,0.0
1778532932,23,POST,chat/short,0.000000,0.000000,0,0,0,0,0,0,0,0,0,0,0,2,0,10.343469002691563,16.814293499919586,10.343469002691563,23.28511799714761,0.0
1778532932,23,,Aggregated,0.400000,0.000000,18,18,21,21,21,21,21,21,21,21,21,53,0,16,16.75897024454931,7.709828998486046,40.62611600238597,0.0
1778532933,23,POST,chat/long,0.400000,0.000000,0,0,0,0,0,0,0,0,0,0,0,48,0,17,17.22929854092096,9.29571899905568,40.62611600238597,0.0
1778532933,23,POST,chat/medium,0.000000,0.000000,0,0,0,0,0,0,0,0,0,0,0,3,0,9,9.196835332356082,7.709828998486046,10.837547997653019,0.0
1778532933,23,POST,chat/short,0.000000,0.000000,0,0,0,0,0,0,0,0,0,0,0,2,0,10.343469002691563,16.814293499919586,10.343469002691563,23.28511799714761,0.0
1778532933,23,,Aggregated,0.400000,0.000000,0,0,0,0,0,0,0,0,0,0,0,53,0,16,16.75897024454931,7.709828998486046,40.62611600238597,0.0
1778532934,23,POST,chat/long,0.400000,0.000000,0,0,0,0,0,0,0,0,0,0,0,48,0,17,17.22929854092096,9.29571899905568,40.62611600238597,0.0
1778532934,23,POST,chat/medium,0.000000,0.000000,0,0,0,0,0,0,0,0,0,0,0,3,0,9,9.196835332356082,7.709828998486046,10.837547997653019,0.0
1778532934,23,POST,chat/short,0.000000,0.000000,0,0,0,0,0,0,0,0,0,0,0,2,0,10.343469002691563,16.814293499919586,10.343469002691563,23.28511799714761,0.0
1778532934,23,,Aggregated,0.400000,0.000000,0,0,0,0,0,0,0,0,0,0,0,53,0,16,16.75897024454931,7.709828998486046,40.62611600238597,0.0
1778532935,23,POST,chat/long,0.400000,0.000000,0,0,0,0,0,0,0,0,0,0,0,48,0,17,17.22929854092096,9.29571899905568,40.62611600238597,0.0
1778532935,23,POST,chat/medium,0.000000,0.000000,0,0,0,0,0,0,0,0,0,0,0,3,0,9,9.196835332356082,7.709828998486046,10.837547997653019,0.0
1778532935,23,POST,chat/short,0.000000,0.000000,0,0,0,0,0,0,0,0,0,0,0,2,0,10.343469002691563,16.814293499919586,10.343469002691563,23.28511799714761,0.0
1778532935,23,,Aggregated,0.400000,0.000000,0,0,0,0,0,0,0,0,0,0,0,53,0,16,16.75897024454931,7.709828998486046,40.62611600238597,0.0
1778532936,23,POST,chat/long,0.400000,0.000000,0,0,0,0,0,0,0,0,0,0,0,48,0,17,17.22929854092096,9.29571899905568,40.62611600238597,0.0
1778532936,23,POST,chat/medium,0.000000,0.000000,0,0,0,0,0,0,0,0,0,0,0,3,0,9,9.196835332356082,7.709828998486046,10.837547997653019,0.0
1778532936,23,POST,chat/short,0.000000,0.000000,0,0,0,0,0,0,0,0,0,0,0,2,0,10.343469002691563,16.814293499919586,10.343469002691563,23.28511799714761,0.0
1778532936,23,,Aggregated,0.400000,0.000000,0,0,0,0,0,0,0,0,0,0,0,53,0,16,16.75897024454931,7.709828998486046,40.62611600238597,0.0
1778532937,23,POST,chat/long,0.400000,0.000000,0,0,0,0,0,0,0,0,0,0,0,48,0,17,17.22929854092096,9.29571899905568,40.62611600238597,0.0
1778532937,23,POST,chat/medium,0.000000,0.000000,0,0,0,0,0,0,0,0,0,0,0,3,0,9,9.196835332356082,7.709828998486046,10.837547997653019,0.0
1778532937,23,POST,chat/short,0.000000,0.000000,0,0,0,0,0,0,0,0,0,0,0,2,0,10.343469002691563,16.814293499919586,10.343469002691563,23.28511799714761,0.0
1778532937,23,,Aggregated,0.400000,0.000000,0,0,0,0,0,0,0,0,0,0,0,53,0,16,16.75897024454931,7.709828998486046,40.62611600238597,0.0
1778532938,23,POST,chat/long,0.400000,0.000000,0,0,0,0,0,0,0,0,0,0,0,48,0,17,17.22929854092096,9.29571899905568,40.62611600238597,0.0
1778532938,23,POST,chat/medium,0.000000,0.000000,0,0,0,0,0,0,0,0,0,0,0,3,0,9,9.196835332356082,7.709828998486046,10.837547997653019,0.0
1778532938,23,POST,chat/short,0.000000,0.000000,0,0,0,0,0,0,0,0,0,0,0,2,0,10.343469002691563,16.814293499919586,10.343469002691563,23.28511799714761,0.0
1778532938,23,,Aggregated,0.400000,0.000000,0,0,0,0,0,0,0,0,0,0,0,53,0,16,16.75897024454931,7.709828998486046,40.62611600238597,0.0
1778532939,23,POST,chat/long,0.400000,0.000000,0,0,0,0,0,0,0,0,0,0,0,48,0,17,17.22929854092096,9.29571899905568,40.62611600238597,0.0
1778532939,23,POST,chat/medium,0.000000,0.000000,0,0,0,0,0,0,0,0,0,0,0,3,0,9,9.196835332356082,7.709828998486046,10.837547997653019,0.0
1778532939,23,POST,chat/short,0.000000,0.000000,0,0,0,0,0,0,0,0,0,0,0,2,0,10.343469002691563,16.814293499919586,10.343469002691563,23.28511799714761,0.0
1778532939,23,,Aggregated,0.400000,0.000000,0,0,0,0,0,0,0,0,0,0,0,53,0,16,16.75897024454931,7.709828998486046,40.62611600238597,0.0
1778532940,23,POST,chat/long,0.400000,0.000000,0,0,0,0,0,0,0,0,0,0,0,48,0,17,17.22929854092096,9.29571899905568,40.62611600238597,0.0
1778532940,23,POST,chat/medium,0.000000,0.000000,0,0,0,0,0,0,0,0,0,0,0,3,0,9,9.196835332356082,7.709828998486046,10.837547997653019,0.0
1778532940,23,POST,chat/short,0.000000,0.000000,0,0,0,0,0,0,0,0,0,0,0,2,0,10.343469002691563,16.814293499919586,10.343469002691563,23.28511799714761,0.0
1778532940,23,,Aggregated,0.400000,0.000000,0,0,0,0,0,0,0,0,0,0,0,53,0,16,16.75897024454931,7.709828998486046,40.62611600238597,0.0
1778532941,23,POST,chat/long,0.400000,0.000000,0,0,0,0,0,0,0,0,0,0,0,48,0,17,17.22929854092096,9.29571899905568,40.62611600238597,0.0
1778532941,23,POST,chat/medium,0.000000,0.000000,0,0,0,0,0,0,0,0,0,0,0,3,0,9,9.196835332356082,7.709828998486046,10.837547997653019,0.0
1778532941,23,POST,chat/short,0.000000,0.000000,0,0,0,0,0,0,0,0,0,0,0,2,0,10.343469002691563,16.814293499919586,10.343469002691563,23.28511799714761,0.0
1778532941,23,,Aggregated,0.400000,0.000000,0,0,0,0,0,0,0,0,0,0,0,53,0,16,16.75897024454931,7.709828998486046,40.62611600238597,0.0
1778532942,23,POST,chat/long,0.400000,0.000000,0,0,0,0,0,0,0,0,0,0,0,48,0,17,17.22929854092096,9.29571899905568,40.62611600238597,0.0
1778532942,23,POST,chat/medium,0.000000,0.000000,0,0,0,0,0,0,0,0,0,0,0,3,0,9,9.196835332356082,7.709828998486046,10.837547997653019,0.0
1778532942,23,POST,chat/short,0.000000,0.000000,0,0,0,0,0,0,0,0,0,0,0,2,0,10.343469002691563,16.814293499919586,10.343469002691563,23.28511799714761,0.0
1778532942,23,,Aggregated,0.400000,0.000000,0,0,0,0,0,0,0,0,0,0,0,53,0,16,16.75897024454931,7.709828998486046,40.62611600238597,0.0
1778532943,21,POST,chat/long,0.000000,0.000000,16,16,16,16,16,16,16,16,16,16,16,50,0,16,17.134262759209378,9.29571899905568,40.62611600238597,0.0
1778532943,21,POST,chat/medium,0.000000,0.000000,0,0,0,0,0,0,0,0,0,0,0,3,0,9,9.196835332356082,7.709828998486046,10.837547997653019,0.0
1778532943,21,POST,chat/short,0.000000,0.000000,0,0,0,0,0,0,0,0,0,0,0,2,0,10.343469002691563,16.814293499919586,10.343469002691563,23.28511799714761,0.0
1778532943,21,,Aggregated,0.000000,0.000000,16,16,16,16,16,16,16,16,16,16,16,55,0,16,16.68967692649775,7.709828998486046,40.62611600238597,0.0
1778532944,21,POST,chat/long,0.000000,0.000000,16,16,16,16,16,16,16,16,16,16,16,50,0,16,17.134262759209378,9.29571899905568,40.62611600238597,0.0
1778532944,21,POST,chat/medium,0.000000,0.000000,0,0,0,0,0,0,0,0,0,0,0,3,0,9,9.196835332356082,7.709828998486046,10.837547997653019,0.0
1778532944,21,POST,chat/short,0.000000,0.000000,0,0,0,0,0,0,0,0,0,0,0,2,0,10.343469002691563,16.814293499919586,10.343469002691563,23.28511799714761,0.0
1778532944,21,,Aggregated,0.000000,0.000000,16,16,16,16,16,16,16,16,16,16,16,55,0,16,16.68967692649775,7.709828998486046,40.62611600238597,0.0
1778532945,21,POST,chat/long,0.000000,0.000000,13,13,13,13,13,13,13,13,13,13,13,50,0,16,17.134262759209378,9.29571899905568,40.62611600238597,0.0
1778532945,21,POST,chat/medium,0.000000,0.000000,0,0,0,0,0,0,0,0,0,0,0,3,0,9,9.196835332356082,7.709828998486046,10.837547997653019,0.0
1778532945,21,POST,chat/short,0.000000,0.000000,0,0,0,0,0,0,0,0,0,0,0,2,0,10.343469002691563,16.814293499919586,10.343469002691563,23.28511799714761,0.0
1778532945,21,,Aggregated,0.000000,0.000000,13,13,13,13,13,13,13,13,13,13,13,55,0,16,16.68967692649775,7.709828998486046,40.62611600238597,0.0
1778532946,19,POST,chat/long,0.200000,0.000000,13,13,18,18,18,18,18,18,18,18,18,52,0,16,17.067229345299822,9.29571899905568,40.62611600238597,0.0
1778532946,19,POST,chat/medium,0.000000,0.000000,0,0,0,0,0,0,0,0,0,0,0,3,0,9,9.196835332356082,7.709828998486046,10.837547997653019,0.0
1778532946,19,POST,chat/short,0.000000,0.000000,0,0,0,0,0,0,0,0,0,0,0,2,0,10.343469002691563,16.814293499919586,10.343469002691563,23.28511799714761,0.0
1778532946,19,,Aggregated,0.200000,0.000000,13,13,18,18,18,18,18,18,18,18,18,57,0,16,16.64412313951751,7.709828998486046,40.62611600238597,0.0
1778532947,19,POST,chat/long,0.200000,0.000000,13,13,18,18,18,18,18,18,18,18,18,52,0,16,17.067229345299822,9.29571899905568,40.62611600238597,0.0
1778532947,19,POST,chat/medium,0.000000,0.000000,0,0,0,0,0,0,0,0,0,0,0,3,0,9,9.196835332356082,7.709828998486046,10.837547997653019,0.0
1778532947,19,POST,chat/short,0.000000,0.000000,0,0,0,0,0,0,0,0,0,0,0,2,0,10.343469002691563,16.814293499919586,10.343469002691563,23.28511799714761,0.0
1778532947,19,,Aggregated,0.200000,0.000000,13,13,18,18,18,18,18,18,18,18,18,57,0,16,16.64412313951751,7.709828998486046,40.62611600238597,0.0
1778532948,19,POST,chat/long,0.200000,0.000000,13,13,18,18,18,18,18,18,18,18,18,52,0,16,17.067229345299822,9.29571899905568,40.62611600238597,0.0
1778532948,19,POST,chat/medium,0.000000,0.000000,0,0,0,0,0,0,0,0,0,0,0,3,0,9,9.196835332356082,7.709828998486046,10.837547997653019,0.0
1778532948,19,POST,chat/short,0.000000,0.000000,0,0,0,0,0,0,0,0,0,0,0,2,0,10.343469002691563,16.814293499919586,10.343469002691563,23.28511799714761,0.0
1778532948,19,,Aggregated,0.200000,0.000000,13,13,18,18,18,18,18,18,18,18,18,57,0,16,16.64412313951751,7.709828998486046,40.62611600238597,0.0
1778532949,17,POST,chat/long,0.300000,0.000000,17,18,18,18,18,18,18,18,18,18,18,54,0,17,17.07675709163865,9.29571899905568,40.62611600238597,0.0
1778532949,17,POST,chat/medium,0.000000,0.000000,0,0,0,0,0,0,0,0,0,0,0,3,0,9,9.196835332356082,7.709828998486046,10.837547997653019,0.0
1778532949,17,POST,chat/short,0.000000,0.000000,0,0,0,0,0,0,0,0,0,0,0,2,0,10.343469002691563,16.814293499919586,10.343469002691563,23.28511799714761,0.0
1778532949,17,,Aggregated,0.300000,0.000000,17,18,18,18,18,18,18,18,18,18,18,59,0,16,16.667186032972786,7.709828998486046,40.62611600238597,0.0
1778532950,17,POST,chat/long,0.300000,0.000000,17,18,18,18,18,18,18,18,18,18,18,54,0,17,17.07675709163865,9.29571899905568,40.62611600238597,0.0
1778532950,17,POST,chat/medium,0.000000,0.000000,0,0,0,0,0,0,0,0,0,0,0,3,0,9,9.196835332356082,7.709828998486046,10.837547997653019,0.0
1778532950,17,POST,chat/short,0.000000,0.000000,0,0,0,0,0,0,0,0,0,0,0,2,0,10.343469002691563,16.814293499919586,10.343469002691563,23.28511799714761,0.0
1778532950,17,,Aggregated,0.300000,0.000000,17,18,18,18,18,18,18,18,18,18,18,59,0,16,16.667186032972786,7.709828998486046,40.62611600238597,0.0
1778532951,17,POST,chat/long,0.300000,0.000000,17,18,18,18,18,18,18,18,18,18,18,54,0,17,17.07675709163865,9.29571899905568,40.62611600238597,0.0
1778532951,17,POST,chat/medium,0.000000,0.000000,0,0,0,0,0,0,0,0,0,0,0,3,0,9,9.196835332356082,7.709828998486046,10.837547997653019,0.0
1778532951,17,POST,chat/short,0.000000,0.000000,0,0,0,0,0,0,0,0,0,0,0,2,0,10.343469002691563,16.814293499919586,10.343469002691563,23.28511799714761,0.0
1778532951,17,,Aggregated,0.300000,0.000000,17,18,18,18,18,18,18,18,18,18,18,59,0,16,16.667186032972786,7.709828998486046,40.62611600238597,0.0
1778532952,16,POST,chat/long,0.600000,0.000000,17,17,18,18,18,18,18,18,18,18,18,55,0,17,16.92199732629392,8.564969997678418,40.62611600238597,0.0
1778532952,16,POST,chat/medium,0.000000,0.000000,0,0,0,0,0,0,0,0,0,0,0,3,0,9,9.196835332356082,7.709828998486046,10.837547997653019,0.0
1778532952,16,POST,chat/short,0.000000,0.000000,0,0,0,0,0,0,0,0,0,0,0,2,0,10.343469002691563,16.814293499919586,10.343469002691563,23.28511799714761,0.0
1778532952,16,,Aggregated,0.600000,0.000000,17,17,18,18,18,18,18,18,18,18,18,60,0,16,16.532149099051214,7.709828998486046,40.62611600238597,0.0
1778532953,16,POST,chat/long,0.600000,0.000000,17,17,18,18,18,18,18,18,18,18,18,55,0,17,16.92199732629392,8.564969997678418,40.62611600238597,0.0
1778532953,16,POST,chat/medium,0.000000,0.000000,0,0,0,0,0,0,0,0,0,0,0,3,0,9,9.196835332356082,7.709828998486046,10.837547997653019,0.0
1778532953,16,POST,chat/short,0.000000,0.000000,0,0,0,0,0,0,0,0,0,0,0,2,0,10.343469002691563,16.814293499919586,10.343469002691563,23.28511799714761,0.0
1778532953,16,,Aggregated,0.600000,0.000000,17,17,18,18,18,18,18,18,18,18,18,60,0,16,16.532149099051214,7.709828998486046,40.62611600238597,0.0
1778532954,16,POST,chat/long,0.600000,0.000000,17,17,18,18,18,18,18,18,18,18,18,55,0,17,16.92199732629392,8.564969997678418,40.62611600238597,0.0
1778532954,16,POST,chat/medium,0.000000,0.000000,0,0,0,0,0,0,0,0,0,0,0,3,0,9,9.196835332356082,7.709828998486046,10.837547997653019,0.0
1778532954,16,POST,chat/short,0.000000,0.000000,0,0,0,0,0,0,0,0,0,0,0,2,0,10.343469002691563,16.814293499919586,10.343469002691563,23.28511799714761,0.0
1778532954,16,,Aggregated,0.600000,0.000000,17,17,18,18,18,18,18,18,18,18,18,60,0,16,16.532149099051214,7.709828998486046,40.62611600238597,0.0
1778532955,15,POST,chat/long,0.600000,0.000000,17,17,18,18,18,18,18,18,18,18,18,56,0,16,16.871160195478296,8.564969997678418,40.62611600238597,0.0
1778532955,15,POST,chat/medium,0.000000,0.000000,0,0,0,0,0,0,0,0,0,0,0,3,0,9,9.196835332356082,7.709828998486046,10.837547997653019,0.0
1778532955,15,POST,chat/short,0.000000,0.000000,0,0,0,0,0,0,0,0,0,0,0,2,0,10.343469002691563,16.814293499919586,10.343469002691563,23.28511799714761,0.0
1778532955,15,,Aggregated,0.600000,0.000000,17,17,18,18,18,18,18,18,18,18,18,61,0,16,16.491869900716264,7.709828998486046,40.62611600238597,0.0
1778532956,15,POST,chat/long,0.600000,0.000000,17,17,18,18,18,18,18,18,18,18,18,56,0,16,16.871160195478296,8.564969997678418,40.62611600238597,0.0
1778532956,15,POST,chat/medium,0.000000,0.000000,0,0,0,0,0,0,0,0,0,0,0,3,0,9,9.196835332356082,7.709828998486046,10.837547997653019,0.0
1778532956,15,POST,chat/short,0.000000,0.000000,0,0,0,0,0,0,0,0,0,0,0,2,0,10.343469002691563,16.814293499919586,10.343469002691563,23.28511799714761,0.0
1778532956,15,,Aggregated,0.600000,0.000000,17,17,18,18,18,18,18,18,18,18,18,61,0,16,16.491869900716264,7.709828998486046,40.62611600238597,0.0
1778532957,15,POST,chat/long,0.600000,0.000000,14,14,14,14,14,14,14,14,14,14,14,56,0,16,16.871160195478296,8.564969997678418,40.62611600238597,0.0
1778532957,15,POST,chat/medium,0.000000,0.000000,0,0,0,0,0,0,0,0,0,0,0,3,0,9,9.196835332356082,7.709828998486046,10.837547997653019,0.0
1778532957,15,POST,chat/short,0.000000,0.000000,0,0,0,0,0,0,0,0,0,0,0,2,0,10.343469002691563,16.814293499919586,10.343469002691563,23.28511799714761,0.0
1778532957,15,,Aggregated,0.600000,0.000000,14,14,14,14,14,14,14,14,14,14,14,61,0,16,16.491869900716264,7.709828998486046,40.62611600238597,0.0
1778532958,14,POST,chat/long,0.600000,0.000000,14,14,17,17,17,17,17,17,17,17,17,57,0,17,16.874023314780892,8.564969997678418,40.62611600238597,0.0
1778532958,14,POST,chat/medium,0.000000,0.000000,0,0,0,0,0,0,0,0,0,0,0,3,0,9,9.196835332356082,7.709828998486046,10.837547997653019,0.0
1778532958,14,POST,chat/short,0.000000,0.000000,0,0,0,0,0,0,0,0,0,0,0,2,0,10.343469002691563,16.814293499919586,10.343469002691563,23.28511799714761,0.0
1778532958,14,,Aggregated,0.600000,0.000000,14,14,17,17,17,17,17,17,17,17,17,62,0,16,16.50061970870029,7.709828998486046,40.62611600238597,0.0
1778532959,14,POST,chat/long,0.600000,0.000000,17,17,17,17,17,17,17,17,17,17,17,57,0,17,16.874023314780892,8.564969997678418,40.62611600238597,0.0
1778532959,14,POST,chat/medium,0.000000,0.000000,0,0,0,0,0,0,0,0,0,0,0,3,0,9,9.196835332356082,7.709828998486046,10.837547997653019,0.0
1778532959,14,POST,chat/short,0.000000,0.000000,0,0,0,0,0,0,0,0,0,0,0,2,0,10.343469002691563,16.814293499919586,10.343469002691563,23.28511799714761,0.0
1778532959,14,,Aggregated,0.600000,0.000000,17,17,17,17,17,17,17,17,17,17,17,62,0,16,16.50061970870029,7.709828998486046,40.62611600238597,0.0
1778532960,14,POST,chat/long,0.600000,0.000000,17,17,17,17,17,17,17,17,17,17,17,57,0,17,16.874023314780892,8.564969997678418,40.62611600238597,0.0
1778532960,14,POST,chat/medium,0.000000,0.000000,0,0,0,0,0,0,0,0,0,0,0,3,0,9,9.196835332356082,7.709828998486046,10.837547997653019,0.0
1778532960,14,POST,chat/short,0.000000,0.000000,0,0,0,0,0,0,0,0,0,0,0,2,0,10.343469002691563,16.814293499919586,10.343469002691563,23.28511799714761,0.0
1778532960,14,,Aggregated,0.600000,0.000000,17,17,17,17,17,17,17,17,17,17,17,62,0,16,16.50061970870029,7.709828998486046,40.62611600238597,0.0
1778532961,13,POST,chat/long,0.400000,0.000000,14,14,17,17,17,17,17,17,17,17,17,58,0,16,16.805844774855107,8.564969997678418,40.62611600238597,0.0
1778532961,13,POST,chat/medium,0.000000,0.000000,0,0,0,0,0,0,0,0,0,0,0,3,0,9,9.196835332356082,7.709828998486046,10.837547997653019,0.0
1778532961,13,POST,chat/short,0.000000,0.000000,0,0,0,0,0,0,0,0,0,0,0,2,0,10.343469002691563,16.814293499919586,10.343469002691563,23.28511799714761,0.0
1778532961,13,,Aggregated,0.400000,0.000000,14,14,17,17,17,17,17,17,17,17,17,63,0,16,16.443779205373076,7.709828998486046,40.62611600238597,0.0
1778532962,13,POST,chat/long,0.400000,0.000000,17,17,17,17,17,17,17,17,17,17,17,58,0,16,16.805844774855107,8.564969997678418,40.62611600238597,0.0
1778532962,13,POST,chat/medium,0.000000,0.000000,0,0,0,0,0,0,0,0,0,0,0,3,0,9,9.196835332356082,7.709828998486046,10.837547997653019,0.0
1778532962,13,POST,chat/short,0.000000,0.000000,0,0,0,0,0,0,0,0,0,0,0,2,0,10.343469002691563,16.814293499919586,10.343469002691563,23.28511799714761,0.0
1778532962,13,,Aggregated,0.400000,0.000000,17,17,17,17,17,17,17,17,17,17,17,63,0,16,16.443779205373076,7.709828998486046,40.62611600238597,0.0
1778532963,13,POST,chat/long,0.400000,0.000000,17,17,17,17,17,17,17,17,17,17,17,58,0,16,16.805844774855107,8.564969997678418,40.62611600238597,0.0
1778532963,13,POST,chat/medium,0.000000,0.000000,0,0,0,0,0,0,0,0,0,0,0,3,0,9,9.196835332356082,7.709828998486046,10.837547997653019,0.0
1778532963,13,POST,chat/short,0.000000,0.000000,0,0,0,0,0,0,0,0,0,0,0,2,0,10.343469002691563,16.814293499919586,10.343469002691563,23.28511799714761,0.0
1778532963,13,,Aggregated,0.400000,0.000000,17,17,17,17,17,17,17,17,17,17,17,63,0,16,16.443779205373076,7.709828998486046,40.62611600238597,0.0
1778532964,13,POST,chat/long,0.400000,0.000000,17,17,17,17,17,17,17,17,17,17,17,58,0,16,16.805844774855107,8.564969997678418,40.62611600238597,0.0
1778532964,13,POST,chat/medium,0.000000,0.000000,0,0,0,0,0,0,0,0,0,0,0,3,0,9,9.196835332356082,7.709828998486046,10.837547997653019,0.0
1778532964,13,POST,chat/short,0.000000,0.000000,0,0,0,0,0,0,0,0,0,0,0,2,0,10.343469002691563,16.814293499919586,10.343469002691563,23.28511799714761,0.0
1778532964,13,,Aggregated,0.400000,0.000000,17,17,17,17,17,17,17,17,17,17,17,63,0,16,16.443779205373076,7.709828998486046,40.62611600238597,0.0
1778532965,13,POST,chat/long,0.400000,0.000000,13,13,13,13,13,13,13,13,13,13,13,58,0,16,16.805844774855107,8.564969997678418,40.62611600238597,0.0
1778532965,13,POST,chat/medium,0.000000,0.000000,0,0,0,0,0,0,0,0,0,0,0,3,0,9,9.196835332356082,7.709828998486046,10.837547997653019,0.0
1778532965,13,POST,chat/short,0.000000,0.000000,0,0,0,0,0,0,0,0,0,0,0,2,0,10.343469002691563,16.814293499919586,10.343469002691563,23.28511799714761,0.0
1778532965,13,,Aggregated,0.400000,0.000000,13,13,13,13,13,13,13,13,13,13,13,63,0,16,16.443779205373076,7.709828998486046,40.62611600238597,0.0
1778532966,13,POST,chat/long,0.400000,0.000000,13,13,13,13,13,13,13,13,13,13,13,58,0,16,16.805844774855107,8.564969997678418,40.62611600238597,0.0
1778532966,13,POST,chat/medium,0.000000,0.000000,0,0,0,0,0,0,0,0,0,0,0,3,0,9,9.196835332356082,7.709828998486046,10.837547997653019,0.0
1778532966,13,POST,chat/short,0.000000,0.000000,0,0,0,0,0,0,0,0,0,0,0,2,0,10.343469002691563,16.814293499919586,10.343469002691563,23.28511799714761,0.0
1778532966,13,,Aggregated,0.400000,0.000000,13,13,13,13,13,13,13,13,13,13,13,63,0,16,16.443779205373076,7.709828998486046,40.62611600238597,0.0
1778532967,13,POST,chat/long,0.400000,0.000000,13,13,13,13,13,13,13,13,13,13,13,58,0,16,16.805844774855107,8.564969997678418,40.62611600238597,0.0
1778532967,13,POST,chat/medium,0.000000,0.000000,0,0,0,0,0,0,0,0,0,0,0,3,0,9,9.196835332356082,7.709828998486046,10.837547997653019,0.0
1778532967,13,POST,chat/short,0.000000,0.000000,0,0,0,0,0,0,0,0,0,0,0,2,0,10.343469002691563,16.814293499919586,10.343469002691563,23.28511799714761,0.0
1778532967,13,,Aggregated,0.400000,0.000000,13,13,13,13,13,13,13,13,13,13,13,63,0,16,16.443779205373076,7.709828998486046,40.62611600238597,0.0
1778532968,13,POST,chat/long,0.400000,0.000000,0,0,0,0,0,0,0,0,0,0,0,58,0,16,16.805844774855107,8.564969997678418,40.62611600238597,0.0
1778532968,13,POST,chat/medium,0.000000,0.000000,0,0,0,0,0,0,0,0,0,0,0,3,0,9,9.196835332356082,7.709828998486046,10.837547997653019,0.0
1778532968,13,POST,chat/short,0.000000,0.000000,0,0,0,0,0,0,0,0,0,0,0,2,0,10.343469002691563,16.814293499919586,10.343469002691563,23.28511799714761,0.0
1778532968,13,,Aggregated,0.400000,0.000000,0,0,0,0,0,0,0,0,0,0,0,63,0,16,16.443779205373076,7.709828998486046,40.62611600238597,0.0
1778532969,13,POST,chat/long,0.400000,0.000000,0,0,0,0,0,0,0,0,0,0,0,58,0,16,16.805844774855107,8.564969997678418,40.62611600238597,0.0
1778532969,13,POST,chat/medium,0.000000,0.000000,0,0,0,0,0,0,0,0,0,0,0,3,0,9,9.196835332356082,7.709828998486046,10.837547997653019,0.0
1778532969,13,POST,chat/short,0.000000,0.000000,0,0,0,0,0,0,0,0,0,0,0,2,0,10.343469002691563,16.814293499919586,10.343469002691563,23.28511799714761,0.0
1778532969,13,,Aggregated,0.400000,0.000000,0,0,0,0,0,0,0,0,0,0,0,63,0,16,16.443779205373076,7.709828998486046,40.62611600238597,0.0
1778532970,13,POST,chat/long,0.400000,0.000000,0,0,0,0,0,0,0,0,0,0,0,58,0,16,16.805844774855107,8.564969997678418,40.62611600238597,0.0
1778532970,13,POST,chat/medium,0.000000,0.000000,0,0,0,0,0,0,0,0,0,0,0,3,0,9,9.196835332356082,7.709828998486046,10.837547997653019,0.0
1778532970,13,POST,chat/short,0.000000,0.000000,0,0,0,0,0,0,0,0,0,0,0,2,0,10.343469002691563,16.814293499919586,10.343469002691563,23.28511799714761,0.0
1778532970,13,,Aggregated,0.400000,0.000000,0,0,0,0,0,0,0,0,0,0,0,63,0,16,16.443779205373076,7.709828998486046,40.62611600238597,0.0
1778532971,13,POST,chat/long,0.400000,0.000000,0,0,0,0,0,0,0,0,0,0,0,58,0,16,16.805844774855107,8.564969997678418,40.62611600238597,0.0
1778532971,13,POST,chat/medium,0.000000,0.000000,0,0,0,0,0,0,0,0,0,0,0,3,0,9,9.196835332356082,7.709828998486046,10.837547997653019,0.0
1778532971,13,POST,chat/short,0.000000,0.000000,0,0,0,0,0,0,0,0,0,0,0,2,0,10.343469002691563,16.814293499919586,10.343469002691563,23.28511799714761,0.0
1778532971,13,,Aggregated,0.400000,0.000000,0,0,0,0,0,0,0,0,0,0,0,63,0,16,16.443779205373076,7.709828998486046,40.62611600238597,0.0
1778532972,13,POST,chat/long,0.400000,0.000000,0,0,0,0,0,0,0,0,0,0,0,58,0,16,16.805844774855107,8.564969997678418,40.62611600238597,0.0
1778532972,13,POST,chat/medium,0.000000,0.000000,0,0,0,0,0,0,0,0,0,0,0,3,0,9,9.196835332356082,7.709828998486046,10.837547997653019,0.0
1778532972,13,POST,chat/short,0.000000,0.000000,0,0,0,0,0,0,0,0,0,0,0,2,0,10.343469002691563,16.814293499919586,10.343469002691563,23.28511799714761,0.0
1778532972,13,,Aggregated,0.400000,0.000000,0,0,0,0,0,0,0,0,0,0,0,63,0,16,16.443779205373076,7.709828998486046,40.62611600238597,0.0
1778532973,10,POST,chat/long,0.000000,0.000000,11,11,28,28,28,28,28,28,28,28,28,61,0,16,16.761065933440207,8.564969997678418,40.62611600238597,0.0
1778532973,10,POST,chat/medium,0.000000,0.000000,0,0,0,0,0,0,0,0,0,0,0,3,0,9,9.196835332356082,7.709828998486046,10.837547997653019,0.0
1778532973,10,POST,chat/short,0.000000,0.000000,0,0,0,0,0,0,0,0,0,0,0,2,0,10.343469002691563,16.814293499919586,10.343469002691563,23.28511799714761,0.0
1778532973,10,,Aggregated,0.000000,0.000000,11,11,28,28,28,28,28,28,28,28,28,66,0,16,16.418850226314547,7.709828998486046,40.62611600238597,0.0
1778532974,10,POST,chat/long,0.000000,0.000000,11,11,28,28,28,28,28,28,28,28,28,61,0,16,16.761065933440207,8.564969997678418,40.62611600238597,0.0
1778532974,10,POST,chat/medium,0.000000,0.000000,0,0,0,0,0,0,0,0,0,0,0,3,0,9,9.196835332356082,7.709828998486046,10.837547997653019,0.0
1778532974,10,POST,chat/short,0.000000,0.000000,0,0,0,0,0,0,0,0,0,0,0,2,0,10.343469002691563,16.814293499919586,10.343469002691563,23.28511799714761,0.0
1778532974,10,,Aggregated,0.000000,0.000000,11,11,28,28,28,28,28,28,28,28,28,66,0,16,16.418850226314547,7.709828998486046,40.62611600238597,0.0
1778532975,10,POST,chat/long,0.000000,0.000000,11,11,28,28,28,28,28,28,28,28,28,61,0,16,16.761065933440207,8.564969997678418,40.62611600238597,0.0
1778532975,10,POST,chat/medium,0.000000,0.000000,0,0,0,0,0,0,0,0,0,0,0,3,0,9,9.196835332356082,7.709828998486046,10.837547997653019,0.0
1778532975,10,POST,chat/short,0.000000,0.000000,0,0,0,0,0,0,0,0,0,0,0,2,0,10.343469002691563,16.814293499919586,10.343469002691563,23.28511799714761,0.0
1778532975,10,,Aggregated,0.000000,0.000000,11,11,28,28,28,28,28,28,28,28,28,66,0,16,16.418850226314547,7.709828998486046,40.62611600238597,0.0
1778532976,10,POST,chat/long,0.000000,0.000000,0,0,0,0,0,0,0,0,0,0,0,61,0,16,16.761065933440207,8.564969997678418,40.62611600238597,0.0
1778532976,10,POST,chat/medium,0.000000,0.000000,0,0,0,0,0,0,0,0,0,0,0,3,0,9,9.196835332356082,7.709828998486046,10.837547997653019,0.0
1778532976,10,POST,chat/short,0.000000,0.000000,0,0,0,0,0,0,0,0,0,0,0,2,0,10.343469002691563,16.814293499919586,10.343469002691563,23.28511799714761,0.0
1778532976,10,,Aggregated,0.000000,0.000000,0,0,0,0,0,0,0,0,0,0,0,66,0,16,16.418850226314547,7.709828998486046,40.62611600238597,0.0
1778532977,10,POST,chat/long,0.000000,0.000000,0,0,0,0,0,0,0,0,0,0,0,61,0,16,16.761065933440207,8.564969997678418,40.62611600238597,0.0
1778532977,10,POST,chat/medium,0.000000,0.000000,0,0,0,0,0,0,0,0,0,0,0,3,0,9,9.196835332356082,7.709828998486046,10.837547997653019,0.0
1778532977,10,POST,chat/short,0.000000,0.000000,0,0,0,0,0,0,0,0,0,0,0,2,0,10.343469002691563,16.814293499919586,10.343469002691563,23.28511799714761,0.0
1778532977,10,,Aggregated,0.000000,0.000000,0,0,0,0,0,0,0,0,0,0,0,66,0,16,16.418850226314547,7.709828998486046,40.62611600238597,0.0
1778532978,10,POST,chat/long,0.000000,0.000000,0,0,0,0,0,0,0,0,0,0,0,61,0,16,16.761065933440207,8.564969997678418,40.62611600238597,0.0
1778532978,10,POST,chat/medium,0.000000,0.000000,0,0,0,0,0,0,0,0,0,0,0,3,0,9,9.196835332356082,7.709828998486046,10.837547997653019,0.0
1778532978,10,POST,chat/short,0.000000,0.000000,0,0,0,0,0,0,0,0,0,0,0,2,0,10.343469002691563,16.814293499919586,10.343469002691563,23.28511799714761,0.0
1778532978,10,,Aggregated,0.000000,0.000000,0,0,0,0,0,0,0,0,0,0,0,66,0,16,16.418850226314547,7.709828998486046,40.62611600238597,0.0
1778532979,9,POST,chat/long,0.300000,0.000000,9,9,9,9,9,9,9,9,9,9,9,62,0,16,16.64037309573389,8.564969997678418,40.62611600238597,0.0
1778532979,9,POST,chat/medium,0.000000,0.000000,0,0,0,0,0,0,0,0,0,0,0,3,0,9,9.196835332356082,7.709828998486046,10.837547997653019,0.0
1778532979,9,POST,chat/short,0.000000,0.000000,0,0,0,0,0,0,0,0,0,0,0,2,0,10.343469002691563,16.814293499919586,10.343469002691563,23.28511799714761,0.0
1778532979,9,,Aggregated,0.300000,0.000000,9,9,9,9,9,9,9,9,9,9,9,67,0,16,16.312272013916544,7.709828998486046,40.62611600238597,0.0
1778532980,9,POST,chat/long,0.300000,0.000000,9,9,9,9,9,9,9,9,9,9,9,62,0,16,16.64037309573389,8.564969997678418,40.62611600238597,0.0
1778532980,9,POST,chat/medium,0.000000,0.000000,0,0,0,0,0,0,0,0,0,0,0,3,0,9,9.196835332356082,7.709828998486046,10.837547997653019,0.0
1778532980,9,POST,chat/short,0.000000,0.000000,0,0,0,0,0,0,0,0,0,0,0,2,0,10.343469002691563,16.814293499919586,10.343469002691563,23.28511799714761,0.0
1778532980,9,,Aggregated,0.300000,0.000000,9,9,9,9,9,9,9,9,9,9,9,67,0,16,16.312272013916544,7.709828998486046,40.62611600238597,0.0
1778532981,9,POST,chat/long,0.300000,0.000000,9,9,9,9,9,9,9,9,9,9,9,62,0,16,16.64037309573389,8.564969997678418,40.62611600238597,0.0
1778532981,9,POST,chat/medium,0.000000,0.000000,0,0,0,0,0,0,0,0,0,0,0,3,0,9,9.196835332356082,7.709828998486046,10.837547997653019,0.0
1778532981,9,POST,chat/short,0.000000,0.000000,0,0,0,0,0,0,0,0,0,0,0,2,0,10.343469002691563,16.814293499919586,10.343469002691563,23.28511799714761,0.0
1778532981,9,,Aggregated,0.300000,0.000000,9,9,9,9,9,9,9,9,9,9,9,67,0,16,16.312272013916544,7.709828998486046,40.62611600238597,0.0
1778532982,8,POST,chat/long,0.300000,0.000000,18,18,18,18,18,18,18,18,18,18,18,63,0,16,16.655256348178863,8.564969997678418,40.62611600238597,0.0
1778532982,8,POST,chat/medium,0.000000,0.000000,0,0,0,0,0,0,0,0,0,0,0,3,0,9,9.196835332356082,7.709828998486046,10.837547997653019,0.0
1778532982,8,POST,chat/short,0.000000,0.000000,0,0,0,0,0,0,0,0,0,0,0,2,0,10.343469002691563,16.814293499919586,10.343469002691563,23.28511799714761,0.0
1778532982,8,,Aggregated,0.300000,0.000000,18,18,18,18,18,18,18,18,18,18,18,68,0,16,16.330885925473172,7.709828998486046,40.62611600238597,0.0
1778532983,8,POST,chat/long,0.300000,0.000000,18,18,18,18,18,18,18,18,18,18,18,63,0,16,16.655256348178863,8.564969997678418,40.62611600238597,0.0
1778532983,8,POST,chat/medium,0.000000,0.000000,0,0,0,0,0,0,0,0,0,0,0,3,0,9,9.196835332356082,7.709828998486046,10.837547997653019,0.0
1778532983,8,POST,chat/short,0.000000,0.000000,0,0,0,0,0,0,0,0,0,0,0,2,0,10.343469002691563,16.814293499919586,10.343469002691563,23.28511799714761,0.0
1778532983,8,,Aggregated,0.300000,0.000000,18,18,18,18,18,18,18,18,18,18,18,68,0,16,16.330885925473172,7.709828998486046,40.62611600238597,0.0
1778532984,8,POST,chat/long,0.300000,0.000000,18,18,18,18,18,18,18,18,18,18,18,63,0,16,16.655256348178863,8.564969997678418,40.62611600238597,0.0
1778532984,8,POST,chat/medium,0.000000,0.000000,0,0,0,0,0,0,0,0,0,0,0,3,0,9,9.196835332356082,7.709828998486046,10.837547997653019,0.0
1778532984,8,POST,chat/short,0.000000,0.000000,0,0,0,0,0,0,0,0,0,0,0,2,0,10.343469002691563,16.814293499919586,10.343469002691563,23.28511799714761,0.0
1778532984,8,,Aggregated,0.300000,0.000000,18,18,18,18,18,18,18,18,18,18,18,68,0,16,16.330885925473172,7.709828998486046,40.62611600238597,0.0
1778532985,8,POST,chat/long,0.300000,0.000000,18,18,18,18,18,18,18,18,18,18,18,63,0,16,16.655256348178863,8.564969997678418,40.62611600238597,0.0
1778532985,8,POST,chat/medium,0.000000,0.000000,0,0,0,0,0,0,0,0,0,0,0,3,0,9,9.196835332356082,7.709828998486046,10.837547997653019,0.0
1778532985,8,POST,chat/short,0.000000,0.000000,0,0,0,0,0,0,0,0,0,0,0,2,0,10.343469002691563,16.814293499919586,10.343469002691563,23.28511799714761,0.0
1778532985,8,,Aggregated,0.300000,0.000000,18,18,18,18,18,18,18,18,18,18,18,68,0,16,16.330885925473172,7.709828998486046,40.62611600238597,0.0
1778532986,8,POST,chat/long,0.300000,0.000000,18,18,18,18,18,18,18,18,18,18,18,63,0,16,16.655256348178863,8.564969997678418,40.62611600238597,0.0
1778532986,8,POST,chat/medium,0.000000,0.000000,0,0,0,0,0,0,0,0,0,0,0,3,0,9,9.196835332356082,7.709828998486046,10.837547997653019,0.0
1778532986,8,POST,chat/short,0.000000,0.000000,0,0,0,0,0,0,0,0,0,0,0,2,0,10.343469002691563,16.814293499919586,10.343469002691563,23.28511799714761,0.0
1778532986,8,,Aggregated,0.300000,0.000000,18,18,18,18,18,18,18,18,18,18,18,68,0,16,16.330885925473172,7.709828998486046,40.62611600238597,0.0
1778532987,8,POST,chat/long,0.300000,0.000000,18,18,18,18,18,18,18,18,18,18,18,63,0,16,16.655256348178863,8.564969997678418,40.62611600238597,0.0
1778532987,8,POST,chat/medium,0.000000,0.000000,0,0,0,0,0,0,0,0,0,0,0,3,0,9,9.196835332356082,7.709828998486046,10.837547997653019,0.0
1778532987,8,POST,chat/short,0.000000,0.000000,0,0,0,0,0,0,0,0,0,0,0,2,0,10.343469002691563,16.814293499919586,10.343469002691563,23.28511799714761,0.0
1778532987,8,,Aggregated,0.300000,0.000000,18,18,18,18,18,18,18,18,18,18,18,68,0,16,16.330885925473172,7.709828998486046,40.62611600238597,0.0
1778532988,8,POST,chat/long,0.300000,0.000000,18,18,18,18,18,18,18,18,18,18,18,63,0,16,16.655256348178863,8.564969997678418,40.62611600238597,0.0
1778532988,8,POST,chat/medium,0.000000,0.000000,0,0,0,0,0,0,0,0,0,0,0,3,0,9,9.196835332356082,7.709828998486046,10.837547997653019,0.0
1778532988,8,POST,chat/short,0.000000,0.000000,0,0,0,0,0,0,0,0,0,0,0,2,0,10.343469002691563,16.814293499919586,10.343469002691563,23.28511799714761,0.0
1778532988,8,,Aggregated,0.300000,0.000000,18,18,18,18,18,18,18,18,18,18,18,68,0,16,16.330885925473172,7.709828998486046,40.62611600238597,0.0
1778532989,8,POST,chat/long,0.300000,0.000000,18,18,18,18,18,18,18,18,18,18,18,63,0,16,16.655256348178863,8.564969997678418,40.62611600238597,0.0
1778532989,8,POST,chat/medium,0.000000,0.000000,0,0,0,0,0,0,0,0,0,0,0,3,0,9,9.196835332356082,7.709828998486046,10.837547997653019,0.0
1778532989,8,POST,chat/short,0.000000,0.000000,0,0,0,0,0,0,0,0,0,0,0,2,0,10.343469002691563,16.814293499919586,10.343469002691563,23.28511799714761,0.0
1778532989,8,,Aggregated,0.300000,0.000000,18,18,18,18,18,18,18,18,18,18,18,68,0,16,16.330885925473172,7.709828998486046,40.62611600238597,0.0
1778532990,8,POST,chat/long,0.300000,0.000000,18,18,18,18,18,18,18,18,18,18,18,63,0,16,16.655256348178863,8.564969997678418,40.62611600238597,0.0
1778532990,8,POST,chat/medium,0.000000,0.000000,0,0,0,0,0,0,0,0,0,0,0,3,0,9,9.196835332356082,7.709828998486046,10.837547997653019,0.0
1778532990,8,POST,chat/short,0.000000,0.000000,0,0,0,0,0,0,0,0,0,0,0,2,0,10.343469002691563,16.814293499919586,10.343469002691563,23.28511799714761,0.0
1778532990,8,,Aggregated,0.300000,0.000000,18,18,18,18,18,18,18,18,18,18,18,68,0,16,16.330885925473172,7.709828998486046,40.62611600238597,0.0
1778532991,8,POST,chat/long,0.300000,0.000000,18,18,18,18,18,18,18,18,18,18,18,63,0,16,16.655256348178863,8.564969997678418,40.62611600238597,0.0
1778532991,8,POST,chat/medium,0.000000,0.000000,0,0,0,0,0,0,0,0,0,0,0,3,0,9,9.196835332356082,7.709828998486046,10.837547997653019,0.0
1778532991,8,POST,chat/short,0.000000,0.000000,0,0,0,0,0,0,0,0,0,0,0,2,0,10.343469002691563,16.814293499919586,10.343469002691563,23.28511799714761,0.0
1778532991,8,,Aggregated,0.300000,0.000000,18,18,18,18,18,18,18,18,18,18,18,68,0,16,16.330885925473172,7.709828998486046,40.62611600238597,0.0
1778532992,8,POST,chat/long,0.300000,0.000000,18,18,18,18,18,18,18,18,18,18,18,63,0,16,16.655256348178863,8.564969997678418,40.62611600238597,0.0
1778532992,8,POST,chat/medium,0.000000,0.000000,0,0,0,0,0,0,0,0,0,0,0,3,0,9,9.196835332356082,7.709828998486046,10.837547997653019,0.0
1778532992,8,POST,chat/short,0.000000,0.000000,0,0,0,0,0,0,0,0,0,0,0,2,0,10.343469002691563,16.814293499919586,10.343469002691563,23.28511799714761,0.0
1778532992,8,,Aggregated,0.300000,0.000000,18,18,18,18,18,18,18,18,18,18,18,68,0,16,16.330885925473172,7.709828998486046,40.62611600238597,0.0
1778532993,8,POST,chat/long,0.300000,0.000000,18,18,18,18,18,18,18,18,18,18,18,63,0,16,16.655256348178863,8.564969997678418,40.62611600238597,0.0
1778532993,8,POST,chat/medium,0.000000,0.000000,0,0,0,0,0,0,0,0,0,0,0,3,0,9,9.196835332356082,7.709828998486046,10.837547997653019,0.0
1778532993,8,POST,chat/short,0.000000,0.000000,0,0,0,0,0,0,0,0,0,0,0,2,0,10.343469002691563,16.814293499919586,10.343469002691563,23.28511799714761,0.0
1778532993,8,,Aggregated,0.300000,0.000000,18,18,18,18,18,18,18,18,18,18,18,68,0,16,16.330885925473172,7.709828998486046,40.62611600238597,0.0
1778532994,8,POST,chat/long,0.300000,0.000000,18,18,18,18,18,18,18,18,18,18,18,63,0,16,16.655256348178863,8.564969997678418,40.62611600238597,0.0
1778532994,8,POST,chat/medium,0.000000,0.000000,0,0,0,0,0,0,0,0,0,0,0,3,0,9,9.196835332356082,7.709828998486046,10.837547997653019,0.0
1778532994,8,POST,chat/short,0.000000,0.000000,0,0,0,0,0,0,0,0,0,0,0,2,0,10.343469002691563,16.814293499919586,10.343469002691563,23.28511799714761,0.0
1778532994,8,,Aggregated,0.300000,0.000000,18,18,18,18,18,18,18,18,18,18,18,68,0,16,16.330885925473172,7.709828998486046,40.62611600238597,0.0
1778532995,8,POST,chat/long,0.300000,0.000000,18,18,18,18,18,18,18,18,18,18,18,63,0,16,16.655256348178863,8.564969997678418,40.62611600238597,0.0
1778532995,8,POST,chat/medium,0.000000,0.000000,0,0,0,0,0,0,0,0,0,0,0,3,0,9,9.196835332356082,7.709828998486046,10.837547997653019,0.0
1778532995,8,POST,chat/short,0.000000,0.000000,0,0,0,0,0,0,0,0,0,0,0,2,0,10.343469002691563,16.814293499919586,10.343469002691563,23.28511799714761,0.0
1778532995,8,,Aggregated,0.300000,0.000000,18,18,18,18,18,18,18,18,18,18,18,68,0,16,16.330885925473172,7.709828998486046,40.62611600238597,0.0
1778532996,8,POST,chat/long,0.300000,0.000000,18,18,18,18,18,18,18,18,18,18,18,63,0,16,16.655256348178863,8.564969997678418,40.62611600238597,0.0
1778532996,8,POST,chat/medium,0.000000,0.000000,0,0,0,0,0,0,0,0,0,0,0,3,0,9,9.196835332356082,7.709828998486046,10.837547997653019,0.0
1778532996,8,POST,chat/short,0.000000,0.000000,0,0,0,0,0,0,0,0,0,0,0,2,0,10.343469002691563,16.814293499919586,10.343469002691563,23.28511799714761,0.0
1778532996,8,,Aggregated,0.300000,0.000000,18,18,18,18,18,18,18,18,18,18,18,68,0,16,16.330885925473172,7.709828998486046,40.62611600238597,0.0
1778532997,8,POST,chat/long,0.300000,0.000000,18,18,18,18,18,18,18,18,18,18,18,63,0,16,16.655256348178863,8.564969997678418,40.62611600238597,0.0
1778532997,8,POST,chat/medium,0.000000,0.000000,0,0,0,0,0,0,0,0,0,0,0,3,0,9,9.196835332356082,7.709828998486046,10.837547997653019,0.0
1778532997,8,POST,chat/short,0.000000,0.000000,0,0,0,0,0,0,0,0,0,0,0,2,0,10.343469002691563,16.814293499919586,10.343469002691563,23.28511799714761,0.0
1778532997,8,,Aggregated,0.300000,0.000000,18,18,18,18,18,18,18,18,18,18,18,68,0,16,16.330885925473172,7.709828998486046,40.62611600238597,0.0
1778532998,8,POST,chat/long,0.300000,0.000000,0,0,0,0,0,0,0,0,0,0,0,63,0,16,16.655256348178863,8.564969997678418,40.62611600238597,0.0
1778532998,8,POST,chat/medium,0.000000,0.000000,0,0,0,0,0,0,0,0,0,0,0,3,0,9,9.196835332356082,7.709828998486046,10.837547997653019,0.0
1778532998,8,POST,chat/short,0.000000,0.000000,0,0,0,0,0,0,0,0,0,0,0,2,0,10.343469002691563,16.814293499919586,10.343469002691563,23.28511799714761,0.0
1778532998,8,,Aggregated,0.300000,0.000000,0,0,0,0,0,0,0,0,0,0,0,68,0,16,16.330885925473172,7.709828998486046,40.62611600238597,0.0
1778532999,8,POST,chat/long,0.300000,0.000000,0,0,0,0,0,0,0,0,0,0,0,63,0,16,16.655256348178863,8.564969997678418,40.62611600238597,0.0
1778532999,8,POST,chat/medium,0.000000,0.000000,0,0,0,0,0,0,0,0,0,0,0,3,0,9,9.196835332356082,7.709828998486046,10.837547997653019,0.0
1778532999,8,POST,chat/short,0.000000,0.000000,0,0,0,0,0,0,0,0,0,0,0,2,0,10.343469002691563,16.814293499919586,10.343469002691563,23.28511799714761,0.0
1778532999,8,,Aggregated,0.300000,0.000000,0,0,0,0,0,0,0,0,0,0,0,68,0,16,16.330885925473172,7.709828998486046,40.62611600238597,0.0
1778533000,8,POST,chat/long,0.300000,0.000000,0,0,0,0,0,0,0,0,0,0,0,63,0,16,16.655256348178863,8.564969997678418,40.62611600238597,0.0
1778533000,8,POST,chat/medium,0.000000,0.000000,0,0,0,0,0,0,0,0,0,0,0,3,0,9,9.196835332356082,7.709828998486046,10.837547997653019,0.0
1778533000,8,POST,chat/short,0.000000,0.000000,0,0,0,0,0,0,0,0,0,0,0,2,0,10.343469002691563,16.814293499919586,10.343469002691563,23.28511799714761,0.0
1778533000,8,,Aggregated,0.300000,0.000000,0,0,0,0,0,0,0,0,0,0,0,68,0,16,16.330885925473172,7.709828998486046,40.62611600238597,0.0
1778533001,8,POST,chat/long,0.300000,0.000000,0,0,0,0,0,0,0,0,0,0,0,63,0,16,16.655256348178863,8.564969997678418,40.62611600238597,0.0
1778533001,8,POST,chat/medium,0.000000,0.000000,0,0,0,0,0,0,0,0,0,0,0,3,0,9,9.196835332356082,7.709828998486046,10.837547997653019,0.0
1778533001,8,POST,chat/short,0.000000,0.000000,0,0,0,0,0,0,0,0,0,0,0,2,0,10.343469002691563,16.814293499919586,10.343469002691563,23.28511799714761,0.0
1778533001,8,,Aggregated,0.300000,0.000000,0,0,0,0,0,0,0,0,0,0,0,68,0,16,16.330885925473172,7.709828998486046,40.62611600238597,0.0
1778533002,8,POST,chat/long,0.300000,0.000000,0,0,0,0,0,0,0,0,0,0,0,63,0,16,16.655256348178863,8.564969997678418,40.62611600238597,0.0
1778533002,8,POST,chat/medium,0.000000,0.000000,0,0,0,0,0,0,0,0,0,0,0,3,0,9,9.196835332356082,7.709828998486046,10.837547997653019,0.0
1778533002,8,POST,chat/short,0.000000,0.000000,0,0,0,0,0,0,0,0,0,0,0,2,0,10.343469002691563,16.814293499919586,10.343469002691563,23.28511799714761,0.0
1778533002,8,,Aggregated,0.300000,0.000000,0,0,0,0,0,0,0,0,0,0,0,68,0,16,16.330885925473172,7.709828998486046,40.62611600238597,0.0
1778533003,8,POST,chat/long,0.300000,0.000000,0,0,0,0,0,0,0,0,0,0,0,63,0,16,16.655256348178863,8.564969997678418,40.62611600238597,0.0
1778533003,8,POST,chat/medium,0.000000,0.000000,0,0,0,0,0,0,0,0,0,0,0,3,0,9,9.196835332356082,7.709828998486046,10.837547997653019,0.0
1778533003,8,POST,chat/short,0.000000,0.000000,0,0,0,0,0,0,0,0,0,0,0,2,0,10.343469002691563,16.814293499919586,10.343469002691563,23.28511799714761,0.0
1778533003,8,,Aggregated,0.300000,0.000000,0,0,0,0,0,0,0,0,0,0,0,68,0,16,16.330885925473172,7.709828998486046,40.62611600238597,0.0
1778533004,8,POST,chat/long,0.300000,0.000000,0,0,0,0,0,0,0,0,0,0,0,63,0,16,16.655256348178863,8.564969997678418,40.62611600238597,0.0
1778533004,8,POST,chat/medium,0.000000,0.000000,0,0,0,0,0,0,0,0,0,0,0,3,0,9,9.196835332356082,7.709828998486046,10.837547997653019,0.0
1778533004,8,POST,chat/short,0.000000,0.000000,0,0,0,0,0,0,0,0,0,0,0,2,0,10.343469002691563,16.814293499919586,10.343469002691563,23.28511799714761,0.0
1778533004,8,,Aggregated,0.300000,0.000000,0,0,0,0,0,0,0,0,0,0,0,68,0,16,16.330885925473172,7.709828998486046,40.62611600238597,0.0
1778533005,8,POST,chat/long,0.300000,0.000000,0,0,0,0,0,0,0,0,0,0,0,63,0,16,16.655256348178863,8.564969997678418,40.62611600238597,0.0
1778533005,8,POST,chat/medium,0.000000,0.000000,0,0,0,0,0,0,0,0,0,0,0,3,0,9,9.196835332356082,7.709828998486046,10.837547997653019,0.0
1778533005,8,POST,chat/short,0.000000,0.000000,0,0,0,0,0,0,0,0,0,0,0,2,0,10.343469002691563,16.814293499919586,10.343469002691563,23.28511799714761,0.0
1778533005,8,,Aggregated,0.300000,0.000000,0,0,0,0,0,0,0,0,0,0,0,68,0,16,16.330885925473172,7.709828998486046,40.62611600238597,0.0
1778533006,7,POST,chat/long,0.000000,0.000000,0,0,0,0,0,0,0,0,0,0,0,64,0,16,16.62827168649983,8.564969997678418,40.62611600238597,0.0
1778533006,7,POST,chat/medium,0.000000,0.000000,0,0,0,0,0,0,0,0,0,0,0,3,0,9,9.196835332356082,7.709828998486046,10.837547997653019,0.0
1778533006,7,POST,chat/short,0.000000,0.000000,0,0,0,0,0,0,0,0,0,0,0,2,0,10.343469002691563,16.814293499919586,10.343469002691563,23.28511799714761,0.0
1778533006,7,,Aggregated,0.000000,0.000000,0,0,0,0,0,0,0,0,0,0,0,69,0,16,16.31055769467966,7.709828998486046,40.62611600238597,0.0
1778533007,7,POST,chat/long,0.000000,0.000000,0,0,0,0,0,0,0,0,0,0,0,64,0,16,16.62827168649983,8.564969997678418,40.62611600238597,0.0
1778533007,7,POST,chat/medium,0.000000,0.000000,0,0,0,0,0,0,0,0,0,0,0,3,0,9,9.196835332356082,7.709828998486046,10.837547997653019,0.0
1778533007,7,POST,chat/short,0.000000,0.000000,0,0,0,0,0,0,0,0,0,0,0,2,0,10.343469002691563,16.814293499919586,10.343469002691563,23.28511799714761,0.0
1778533007,7,,Aggregated,0.000000,0.000000,0,0,0,0,0,0,0,0,0,0,0,69,0,16,16.31055769467966,7.709828998486046,40.62611600238597,0.0
1778533008,7,POST,chat/long,0.000000,0.000000,0,0,0,0,0,0,0,0,0,0,0,64,0,16,16.62827168649983,8.564969997678418,40.62611600238597,0.0
1778533008,7,POST,chat/medium,0.000000,0.000000,0,0,0,0,0,0,0,0,0,0,0,3,0,9,9.196835332356082,7.709828998486046,10.837547997653019,0.0
1778533008,7,POST,chat/short,0.000000,0.000000,0,0,0,0,0,0,0,0,0,0,0,2,0,10.343469002691563,16.814293499919586,10.343469002691563,23.28511799714761,0.0
1778533008,7,,Aggregated,0.000000,0.000000,0,0,0,0,0,0,0,0,0,0,0,69,0,16,16.31055769467966,7.709828998486046,40.62611600238597,0.0
1778533009,7,POST,chat/long,0.000000,0.000000,0,0,0,0,0,0,0,0,0,0,0,64,0,16,16.62827168649983,8.564969997678418,40.62611600238597,0.0
1778533009,7,POST,chat/medium,0.000000,0.000000,0,0,0,0,0,0,0,0,0,0,0,3,0,9,9.196835332356082,7.709828998486046,10.837547997653019,0.0
1778533009,7,POST,chat/short,0.000000,0.000000,0,0,0,0,0,0,0,0,0,0,0,2,0,10.343469002691563,16.814293499919586,10.343469002691563,23.28511799714761,0.0
1778533009,7,,Aggregated,0.000000,0.000000,0,0,0,0,0,0,0,0,0,0,0,69,0,16,16.31055769467966,7.709828998486046,40.62611600238597,0.0
1778533010,7,POST,chat/long,0.000000,0.000000,0,0,0,0,0,0,0,0,0,0,0,64,0,16,16.62827168649983,8.564969997678418,40.62611600238597,0.0
1778533010,7,POST,chat/medium,0.000000,0.000000,0,0,0,0,0,0,0,0,0,0,0,3,0,9,9.196835332356082,7.709828998486046,10.837547997653019,0.0
1778533010,7,POST,chat/short,0.000000,0.000000,0,0,0,0,0,0,0,0,0,0,0,2,0,10.343469002691563,16.814293499919586,10.343469002691563,23.28511799714761,0.0
1778533010,7,,Aggregated,0.000000,0.000000,0,0,0,0,0,0,0,0,0,0,0,69,0,16,16.31055769467966,7.709828998486046,40.62611600238597,0.0
1778533011,7,POST,chat/long,0.000000,0.000000,0,0,0,0,0,0,0,0,0,0,0,64,0,16,16.62827168649983,8.564969997678418,40.62611600238597,0.0
1778533011,7,POST,chat/medium,0.000000,0.000000,0,0,0,0,0,0,0,0,0,0,0,3,0,9,9.196835332356082,7.709828998486046,10.837547997653019,0.0
1778533011,7,POST,chat/short,0.000000,0.000000,0,0,0,0,0,0,0,0,0,0,0,2,0,10.343469002691563,16.814293499919586,10.343469002691563,23.28511799714761,0.0
1778533011,7,,Aggregated,0.000000,0.000000,0,0,0,0,0,0,0,0,0,0,0,69,0,16,16.31055769467966,7.709828998486046,40.62611600238597,0.0
1778533012,7,POST,chat/long,0.000000,0.000000,0,0,0,0,0,0,0,0,0,0,0,64,0,16,16.62827168649983,8.564969997678418,40.62611600238597,0.0
1778533012,7,POST,chat/medium,0.000000,0.000000,0,0,0,0,0,0,0,0,0,0,0,3,0,9,9.196835332356082,7.709828998486046,10.837547997653019,0.0
1778533012,7,POST,chat/short,0.000000,0.000000,0,0,0,0,0,0,0,0,0,0,0,2,0,10.343469002691563,16.814293499919586,10.343469002691563,23.28511799714761,0.0
1778533012,7,,Aggregated,0.000000,0.000000,0,0,0,0,0,0,0,0,0,0,0,69,0,16,16.31055769467966,7.709828998486046,40.62611600238597,0.0
1778533013,7,POST,chat/long,0.000000,0.000000,0,0,0,0,0,0,0,0,0,0,0,64,0,16,16.62827168649983,8.564969997678418,40.62611600238597,0.0
1778533013,7,POST,chat/medium,0.000000,0.000000,0,0,0,0,0,0,0,0,0,0,0,3,0,9,9.196835332356082,7.709828998486046,10.837547997653019,0.0
1778533013,7,POST,chat/short,0.000000,0.000000,0,0,0,0,0,0,0,0,0,0,0,2,0,10.343469002691563,16.814293499919586,10.343469002691563,23.28511799714761,0.0
1778533013,7,,Aggregated,0.000000,0.000000,0,0,0,0,0,0,0,0,0,0,0,69,0,16,16.31055769467966,7.709828998486046,40.62611600238597,0.0
1778533014,7,POST,chat/long,0.000000,0.000000,0,0,0,0,0,0,0,0,0,0,0,64,0,16,16.62827168649983,8.564969997678418,40.62611600238597,0.0
1778533014,7,POST,chat/medium,0.000000,0.000000,0,0,0,0,0,0,0,0,0,0,0,3,0,9,9.196835332356082,7.709828998486046,10.837547997653019,0.0
1778533014,7,POST,chat/short,0.000000,0.000000,0,0,0,0,0,0,0,0,0,0,0,2,0,10.343469002691563,16.814293499919586,10.343469002691563,23.28511799714761,0.0
1778533014,7,,Aggregated,0.000000,0.000000,0,0,0,0,0,0,0,0,0,0,0,69,0,16,16.31055769467966,7.709828998486046,40.62611600238597,0.0
1778533015,7,POST,chat/long,0.000000,0.000000,0,0,0,0,0,0,0,0,0,0,0,64,0,16,16.62827168649983,8.564969997678418,40.62611600238597,0.0
1778533015,7,POST,chat/medium,0.000000,0.000000,0,0,0,0,0,0,0,0,0,0,0,3,0,9,9.196835332356082,7.709828998486046,10.837547997653019,0.0
1778533015,7,POST,chat/short,0.000000,0.000000,0,0,0,0,0,0,0,0,0,0,0,2,0,10.343469002691563,16.814293499919586,10.343469002691563,23.28511799714761,0.0
1778533015,7,,Aggregated,0.000000,0.000000,0,0,0,0,0,0,0,0,0,0,0,69,0,16,16.31055769467966,7.709828998486046,40.62611600238597,0.0
1778533016,7,POST,chat/long,0.000000,0.000000,0,0,0,0,0,0,0,0,0,0,0,64,0,16,16.62827168649983,8.564969997678418,40.62611600238597,0.0
1778533016,7,POST,chat/medium,0.000000,0.000000,0,0,0,0,0,0,0,0,0,0,0,3,0,9,9.196835332356082,7.709828998486046,10.837547997653019,0.0
1778533016,7,POST,chat/short,0.000000,0.000000,0,0,0,0,0,0,0,0,0,0,0,2,0,10.343469002691563,16.814293499919586,10.343469002691563,23.28511799714761,0.0
1778533016,7,,Aggregated,0.000000,0.000000,0,0,0,0,0,0,0,0,0,0,0,69,0,16,16.31055769467966,7.709828998486046,40.62611600238597,0.0
1778533017,7,POST,chat/long,0.000000,0.000000,0,0,0,0,0,0,0,0,0,0,0,64,0,16,16.62827168649983,8.564969997678418,40.62611600238597,0.0
1778533017,7,POST,chat/medium,0.000000,0.000000,0,0,0,0,0,0,0,0,0,0,0,3,0,9,9.196835332356082,7.709828998486046,10.837547997653019,0.0
1778533017,7,POST,chat/short,0.000000,0.000000,0,0,0,0,0,0,0,0,0,0,0,2,0,10.343469002691563,16.814293499919586,10.343469002691563,23.28511799714761,0.0
1778533017,7,,Aggregated,0.000000,0.000000,0,0,0,0,0,0,0,0,0,0,0,69,0,16,16.31055769467966,7.709828998486046,40.62611600238597,0.0
1778533018,7,POST,chat/long,0.000000,0.000000,0,0,0,0,0,0,0,0,0,0,0,64,0,16,16.62827168649983,8.564969997678418,40.62611600238597,0.0
1778533018,7,POST,chat/medium,0.000000,0.000000,0,0,0,0,0,0,0,0,0,0,0,3,0,9,9.196835332356082,7.709828998486046,10.837547997653019,0.0
1778533018,7,POST,chat/short,0.000000,0.000000,0,0,0,0,0,0,0,0,0,0,0,2,0,10.343469002691563,16.814293499919586,10.343469002691563,23.28511799714761,0.0
1778533018,7,,Aggregated,0.000000,0.000000,0,0,0,0,0,0,0,0,0,0,0,69,0,16,16.31055769467966,7.709828998486046,40.62611600238597,0.0
1778533019,7,POST,chat/long,0.000000,0.000000,0,0,0,0,0,0,0,0,0,0,0,64,0,16,16.62827168649983,8.564969997678418,40.62611600238597,0.0
1778533019,7,POST,chat/medium,0.000000,0.000000,0,0,0,0,0,0,0,0,0,0,0,3,0,9,9.196835332356082,7.709828998486046,10.837547997653019,0.0
1778533019,7,POST,chat/short,0.000000,0.000000,0,0,0,0,0,0,0,0,0,0,0,2,0,10.343469002691563,16.814293499919586,10.343469002691563,23.28511799714761,0.0
1778533019,7,,Aggregated,0.000000,0.000000,0,0,0,0,0,0,0,0,0,0,0,69,0,16,16.31055769467966,7.709828998486046,40.62611600238597,0.0
1778533020,7,POST,chat/long,0.000000,0.000000,0,0,0,0,0,0,0,0,0,0,0,64,0,16,16.62827168649983,8.564969997678418,40.62611600238597,0.0
1778533020,7,POST,chat/medium,0.000000,0.000000,0,0,0,0,0,0,0,0,0,0,0,3,0,9,9.196835332356082,7.709828998486046,10.837547997653019,0.0
1778533020,7,POST,chat/short,0.000000,0.000000,0,0,0,0,0,0,0,0,0,0,0,2,0,10.343469002691563,16.814293499919586,10.343469002691563,23.28511799714761,0.0
1778533020,7,,Aggregated,0.000000,0.000000,0,0,0,0,0,0,0,0,0,0,0,69,0,16,16.31055769467966,7.709828998486046,40.62611600238597,0.0
1778533021,7,POST,chat/long,0.000000,0.000000,0,0,0,0,0,0,0,0,0,0,0,64,0,16,16.62827168649983,8.564969997678418,40.62611600238597,0.0
1778533021,7,POST,chat/medium,0.000000,0.000000,0,0,0,0,0,0,0,0,0,0,0,3,0,9,9.196835332356082,7.709828998486046,10.837547997653019,0.0
1778533021,7,POST,chat/short,0.000000,0.000000,0,0,0,0,0,0,0,0,0,0,0,2,0,10.343469002691563,16.814293499919586,10.343469002691563,23.28511799714761,0.0
1778533021,7,,Aggregated,0.000000,0.000000,0,0,0,0,0,0,0,0,0,0,0,69,0,16,16.31055769467966,7.709828998486046,40.62611600238597,0.0
1778533022,7,POST,chat/long,0.000000,0.000000,0,0,0,0,0,0,0,0,0,0,0,64,0,16,16.62827168649983,8.564969997678418,40.62611600238597,0.0
1778533022,7,POST,chat/medium,0.000000,0.000000,0,0,0,0,0,0,0,0,0,0,0,3,0,9,9.196835332356082,7.709828998486046,10.837547997653019,0.0
1778533022,7,POST,chat/short,0.000000,0.000000,0,0,0,0,0,0,0,0,0,0,0,2,0,10.343469002691563,16.814293499919586,10.343469002691563,23.28511799714761,0.0
1778533022,7,,Aggregated,0.000000,0.000000,0,0,0,0,0,0,0,0,0,0,0,69,0,16,16.31055769467966,7.709828998486046,40.62611600238597,0.0
1778533023,7,POST,chat/long,0.000000,0.000000,0,0,0,0,0,0,0,0,0,0,0,64,0,16,16.62827168649983,8.564969997678418,40.62611600238597,0.0
1778533023,7,POST,chat/medium,0.000000,0.000000,0,0,0,0,0,0,0,0,0,0,0,3,0,9,9.196835332356082,7.709828998486046,10.837547997653019,0.0
1778533023,7,POST,chat/short,0.000000,0.000000,0,0,0,0,0,0,0,0,0,0,0,2,0,10.343469002691563,16.814293499919586,10.343469002691563,23.28511799714761,0.0
1778533023,7,,Aggregated,0.000000,0.000000,0,0,0,0,0,0,0,0,0,0,0,69,0,16,16.31055769467966,7.709828998486046,40.62611600238597,0.0
1778533024,7,POST,chat/long,0.000000,0.000000,0,0,0,0,0,0,0,0,0,0,0,64,0,16,16.62827168649983,8.564969997678418,40.62611600238597,0.0
1778533024,7,POST,chat/medium,0.000000,0.000000,0,0,0,0,0,0,0,0,0,0,0,3,0,9,9.196835332356082,7.709828998486046,10.837547997653019,0.0
1778533024,7,POST,chat/short,0.000000,0.000000,0,0,0,0,0,0,0,0,0,0,0,2,0,10.343469002691563,16.814293499919586,10.343469002691563,23.28511799714761,0.0
1778533024,7,,Aggregated,0.000000,0.000000,0,0,0,0,0,0,0,0,0,0,0,69,0,16,16.31055769467966,7.709828998486046,40.62611600238597,0.0
1778533025,7,POST,chat/long,0.000000,0.000000,0,0,0,0,0,0,0,0,0,0,0,64,0,16,16.62827168649983,8.564969997678418,40.62611600238597,0.0
1778533025,7,POST,chat/medium,0.000000,0.000000,0,0,0,0,0,0,0,0,0,0,0,3,0,9,9.196835332356082,7.709828998486046,10.837547997653019,0.0
1778533025,7,POST,chat/short,0.000000,0.000000,0,0,0,0,0,0,0,0,0,0,0,2,0,10.343469002691563,16.814293499919586,10.343469002691563,23.28511799714761,0.0
1778533025,7,,Aggregated,0.000000,0.000000,0,0,0,0,0,0,0,0,0,0,0,69,0,16,16.31055769467966,7.709828998486046,40.62611600238597,0.0
1778533026,7,POST,chat/long,0.000000,0.000000,0,0,0,0,0,0,0,0,0,0,0,64,0,16,16.62827168649983,8.564969997678418,40.62611600238597,0.0
1778533026,7,POST,chat/medium,0.000000,0.000000,0,0,0,0,0,0,0,0,0,0,0,3,0,9,9.196835332356082,7.709828998486046,10.837547997653019,0.0
1778533026,7,POST,chat/short,0.000000,0.000000,0,0,0,0,0,0,0,0,0,0,0,2,0,10.343469002691563,16.814293499919586,10.343469002691563,23.28511799714761,0.0
1778533026,7,,Aggregated,0.000000,0.000000,0,0,0,0,0,0,0,0,0,0,0,69,0,16,16.31055769467966,7.709828998486046,40.62611600238597,0.0
1778533027,7,POST,chat/long,0.000000,0.000000,0,0,0,0,0,0,0,0,0,0,0,64,0,16,16.62827168649983,8.564969997678418,40.62611600238597,0.0
1778533027,7,POST,chat/medium,0.000000,0.000000,0,0,0,0,0,0,0,0,0,0,0,3,0,9,9.196835332356082,7.709828998486046,10.837547997653019,0.0
1778533027,7,POST,chat/short,0.000000,0.000000,0,0,0,0,0,0,0,0,0,0,0,2,0,10.343469002691563,16.814293499919586,10.343469002691563,23.28511799714761,0.0
1778533027,7,,Aggregated,0.000000,0.000000,0,0,0,0,0,0,0,0,0,0,0,69,0,16,16.31055769467966,7.709828998486046,40.62611600238597,0.0
1778533028,7,POST,chat/long,0.000000,0.000000,0,0,0,0,0,0,0,0,0,0,0,64,0,16,16.62827168649983,8.564969997678418,40.62611600238597,0.0
1778533028,7,POST,chat/medium,0.000000,0.000000,0,0,0,0,0,0,0,0,0,0,0,3,0,9,9.196835332356082,7.709828998486046,10.837547997653019,0.0
1778533028,7,POST,chat/short,0.000000,0.000000,0,0,0,0,0,0,0,0,0,0,0,2,0,10.343469002691563,16.814293499919586,10.343469002691563,23.28511799714761,0.0
1778533028,7,,Aggregated,0.000000,0.000000,0,0,0,0,0,0,0,0,0,0,0,69,0,16,16.31055769467966,7.709828998486046,40.62611600238597,0.0
1778533029,7,POST,chat/long,0.000000,0.000000,0,0,0,0,0,0,0,0,0,0,0,64,0,16,16.62827168649983,8.564969997678418,40.62611600238597,0.0
1778533029,7,POST,chat/medium,0.000000,0.000000,0,0,0,0,0,0,0,0,0,0,0,3,0,9,9.196835332356082,7.709828998486046,10.837547997653019,0.0
1778533029,7,POST,chat/short,0.000000,0.000000,0,0,0,0,0,0,0,0,0,0,0,2,0,10.343469002691563,16.814293499919586,10.343469002691563,23.28511799714761,0.0
1778533029,7,,Aggregated,0.000000,0.000000,0,0,0,0,0,0,0,0,0,0,0,69,0,16,16.31055769467966,7.709828998486046,40.62611600238597,0.0
1778533030,7,POST,chat/long,0.000000,0.000000,0,0,0,0,0,0,0,0,0,0,0,64,0,16,16.62827168649983,8.564969997678418,40.62611600238597,0.0
1778533030,7,POST,chat/medium,0.000000,0.000000,0,0,0,0,0,0,0,0,0,0,0,3,0,9,9.196835332356082,7.709828998486046,10.837547997653019,0.0
1778533030,7,POST,chat/short,0.000000,0.000000,0,0,0,0,0,0,0,0,0,0,0,2,0,10.343469002691563,16.814293499919586,10.343469002691563,23.28511799714761,0.0
1778533030,7,,Aggregated,0.000000,0.000000,0,0,0,0,0,0,0,0,0,0,0,69,0,16,16.31055769467966,7.709828998486046,40.62611600238597,0.0
1778533031,7,POST,chat/long,0.000000,0.000000,0,0,0,0,0,0,0,0,0,0,0,64,0,16,16.62827168649983,8.564969997678418,40.62611600238597,0.0
1778533031,7,POST,chat/medium,0.000000,0.000000,0,0,0,0,0,0,0,0,0,0,0,3,0,9,9.196835332356082,7.709828998486046,10.837547997653019,0.0
1778533031,7,POST,chat/short,0.000000,0.000000,0,0,0,0,0,0,0,0,0,0,0,2,0,10.343469002691563,16.814293499919586,10.343469002691563,23.28511799714761,0.0
1778533031,7,,Aggregated,0.000000,0.000000,0,0,0,0,0,0,0,0,0,0,0,69,0,16,16.31055769467966,7.709828998486046,40.62611600238597,0.0
1778533032,7,POST,chat/long,0.000000,0.000000,0,0,0,0,0,0,0,0,0,0,0,64,0,16,16.62827168649983,8.564969997678418,40.62611600238597,0.0
1778533032,7,POST,chat/medium,0.000000,0.000000,0,0,0,0,0,0,0,0,0,0,0,3,0,9,9.196835332356082,7.709828998486046,10.837547997653019,0.0
1778533032,7,POST,chat/short,0.000000,0.000000,0,0,0,0,0,0,0,0,0,0,0,2,0,10.343469002691563,16.814293499919586,10.343469002691563,23.28511799714761,0.0
1778533032,7,,Aggregated,0.000000,0.000000,0,0,0,0,0,0,0,0,0,0,0,69,0,16,16.31055769467966,7.709828998486046,40.62611600238597,0.0
1778533033,6,POST,chat/long,0.000000,0.000000,0,0,0,0,0,0,0,0,0,0,0,65,0,16,16.61353793751914,8.564969997678418,40.62611600238597,0.0
1778533033,6,POST,chat/medium,0.000000,0.000000,0,0,0,0,0,0,0,0,0,0,0,3,0,9,9.196835332356082,7.709828998486046,10.837547997653019,0.0
1778533033,6,POST,chat/short,0.000000,0.000000,0,0,0,0,0,0,0,0,0,0,0,2,0,10.343469002691563,16.814293499919586,10.343469002691563,23.28511799714761,0.0
1778533033,6,,Aggregated,0.000000,0.000000,0,0,0,0,0,0,0,0,0,0,0,70,0,16,16.301415127652167,7.709828998486046,40.62611600238597,0.0
1778533034,6,POST,chat/long,0.000000,0.000000,0,0,0,0,0,0,0,0,0,0,0,65,0,16,16.61353793751914,8.564969997678418,40.62611600238597,0.0
1778533034,6,POST,chat/medium,0.000000,0.000000,0,0,0,0,0,0,0,0,0,0,0,3,0,9,9.196835332356082,7.709828998486046,10.837547997653019,0.0
1778533034,6,POST,chat/short,0.000000,0.000000,0,0,0,0,0,0,0,0,0,0,0,2,0,10.343469002691563,16.814293499919586,10.343469002691563,23.28511799714761,0.0
1778533034,6,,Aggregated,0.000000,0.000000,0,0,0,0,0,0,0,0,0,0,0,70,0,16,16.301415127652167,7.709828998486046,40.62611600238597,0.0
1778533035,6,POST,chat/long,0.000000,0.000000,0,0,0,0,0,0,0,0,0,0,0,65,0,16,16.61353793751914,8.564969997678418,40.62611600238597,0.0
1778533035,6,POST,chat/medium,0.000000,0.000000,0,0,0,0,0,0,0,0,0,0,0,3,0,9,9.196835332356082,7.709828998486046,10.837547997653019,0.0
1778533035,6,POST,chat/short,0.000000,0.000000,0,0,0,0,0,0,0,0,0,0,0,2,0,10.343469002691563,16.814293499919586,10.343469002691563,23.28511799714761,0.0
1778533035,6,,Aggregated,0.000000,0.000000,0,0,0,0,0,0,0,0,0,0,0,70,0,16,16.301415127652167,7.709828998486046,40.62611600238597,0.0
1778533036,5,POST,chat/long,0.000000,0.000000,8,8,8,8,8,8,8,8,8,8,8,66,0,16,16.477924332403663,7.663039999897592,40.62611600238597,0.0
1778533036,5,POST,chat/medium,0.000000,0.000000,0,0,0,0,0,0,0,0,0,0,0,3,0,9,9.196835332356082,7.709828998486046,10.837547997653019,0.0
1778533036,5,POST,chat/short,0.000000,0.000000,0,0,0,0,0,0,0,0,0,0,0,2,0,10.343469002691563,16.814293499919586,10.343469002691563,23.28511799714761,0.0
1778533036,5,,Aggregated,0.000000,0.000000,8,8,8,8,8,8,8,8,8,8,8,71,0,16,16.179747872331678,7.663039999897592,40.62611600238597,0.0
1778533037,5,POST,chat/long,0.000000,0.000000,8,8,8,8,8,8,8,8,8,8,8,66,0,16,16.477924332403663,7.663039999897592,40.62611600238597,0.0
1778533037,5,POST,chat/medium,0.000000,0.000000,0,0,0,0,0,0,0,0,0,0,0,3,0,9,9.196835332356082,7.709828998486046,10.837547997653019,0.0
1778533037,5,POST,chat/short,0.000000,0.000000,0,0,0,0,0,0,0,0,0,0,0,2,0,10.343469002691563,16.814293499919586,10.343469002691563,23.28511799714761,0.0
1778533037,5,,Aggregated,0.000000,0.000000,8,8,8,8,8,8,8,8,8,8,8,71,0,16,16.179747872331678,7.663039999897592,40.62611600238597,0.0
1778533038,5,POST,chat/long,0.000000,0.000000,8,8,8,8,8,8,8,8,8,8,8,66,0,16,16.477924332403663,7.663039999897592,40.62611600238597,0.0
1778533038,5,POST,chat/medium,0.000000,0.000000,0,0,0,0,0,0,0,0,0,0,0,3,0,9,9.196835332356082,7.709828998486046,10.837547997653019,0.0
1778533038,5,POST,chat/short,0.000000,0.000000,0,0,0,0,0,0,0,0,0,0,0,2,0,10.343469002691563,16.814293499919586,10.343469002691563,23.28511799714761,0.0
1778533038,5,,Aggregated,0.000000,0.000000,8,8,8,8,8,8,8,8,8,8,8,71,0,16,16.179747872331678,7.663039999897592,40.62611600238597,0.0
1778533039,4,POST,chat/long,0.200000,0.000000,10,10,10,10,10,10,10,10,10,10,10,67,0,16,16.38457664082682,7.663039999897592,40.62611600238597,0.0
1778533039,4,POST,chat/medium,0.000000,0.000000,0,0,0,0,0,0,0,0,0,0,0,3,0,9,9.196835332356082,7.709828998486046,10.837547997653019,0.0
1778533039,4,POST,chat/short,0.000000,0.000000,0,0,0,0,0,0,0,0,0,0,0,2,0,10.343469002691563,16.814293499919586,10.343469002691563,23.28511799714761,0.0
1778533039,4,,Aggregated,0.200000,0.000000,10,10,10,10,10,10,10,10,10,10,10,72,0,16,16.09702399905978,7.663039999897592,40.62611600238597,0.0
1778533040,4,POST,chat/long,0.200000,0.000000,10,10,10,10,10,10,10,10,10,10,10,67,0,16,16.38457664082682,7.663039999897592,40.62611600238597,0.0
1778533040,4,POST,chat/medium,0.000000,0.000000,0,0,0,0,0,0,0,0,0,0,0,3,0,9,9.196835332356082,7.709828998486046,10.837547997653019,0.0
1778533040,4,POST,chat/short,0.000000,0.000000,0,0,0,0,0,0,0,0,0,0,0,2,0,10.343469002691563,16.814293499919586,10.343469002691563,23.28511799714761,0.0
1778533040,4,,Aggregated,0.200000,0.000000,10,10,10,10,10,10,10,10,10,10,10,72,0,16,16.09702399905978,7.663039999897592,40.62611600238597,0.0
1778533041,4,POST,chat/long,0.200000,0.000000,10,10,10,10,10,10,10,10,10,10,10,67,0,16,16.38457664082682,7.663039999897592,40.62611600238597,0.0
1778533041,4,POST,chat/medium,0.000000,0.000000,0,0,0,0,0,0,0,0,0,0,0,3,0,9,9.196835332356082,7.709828998486046,10.837547997653019,0.0
1778533041,4,POST,chat/short,0.000000,0.000000,0,0,0,0,0,0,0,0,0,0,0,2,0,10.343469002691563,16.814293499919586,10.343469002691563,23.28511799714761,0.0
1778533041,4,,Aggregated,0.200000,0.000000,10,10,10,10,10,10,10,10,10,10,10,72,0,16,16.09702399905978,7.663039999897592,40.62611600238597,0.0
1778533042,4,POST,chat/long,0.200000,0.000000,10,10,10,10,10,10,10,10,10,10,10,67,0,16,16.38457664082682,7.663039999897592,40.62611600238597,0.0
1778533042,4,POST,chat/medium,0.000000,0.000000,0,0,0,0,0,0,0,0,0,0,0,3,0,9,9.196835332356082,7.709828998486046,10.837547997653019,0.0
1778533042,4,POST,chat/short,0.000000,0.000000,0,0,0,0,0,0,0,0,0,0,0,2,0,10.343469002691563,16.814293499919586,10.343469002691563,23.28511799714761,0.0
1778533042,4,,Aggregated,0.200000,0.000000,10,10,10,10,10,10,10,10,10,10,10,72,0,16,16.09702399905978,7.663039999897592,40.62611600238597,0.0
1778533043,4,POST,chat/long,0.200000,0.000000,10,10,10,10,10,10,10,10,10,10,10,67,0,16,16.38457664082682,7.663039999897592,40.62611600238597,0.0
1778533043,4,POST,chat/medium,0.000000,0.000000,0,0,0,0,0,0,0,0,0,0,0,3,0,9,9.196835332356082,7.709828998486046,10.837547997653019,0.0
1778533043,4,POST,chat/short,0.000000,0.000000,0,0,0,0,0,0,0,0,0,0,0,2,0,10.343469002691563,16.814293499919586,10.343469002691563,23.28511799714761,0.0
1778533043,4,,Aggregated,0.200000,0.000000,10,10,10,10,10,10,10,10,10,10,10,72,0,16,16.09702399905978,7.663039999897592,40.62611600238597,0.0
1778533044,4,POST,chat/long,0.200000,0.000000,10,10,10,10,10,10,10,10,10,10,10,67,0,16,16.38457664082682,7.663039999897592,40.62611600238597,0.0
1778533044,4,POST,chat/medium,0.000000,0.000000,0,0,0,0,0,0,0,0,0,0,0,3,0,9,9.196835332356082,7.709828998486046,10.837547997653019,0.0
1778533044,4,POST,chat/short,0.000000,0.000000,0,0,0,0,0,0,0,0,0,0,0,2,0,10.343469002691563,16.814293499919586,10.343469002691563,23.28511799714761,0.0
1778533044,4,,Aggregated,0.200000,0.000000,10,10,10,10,10,10,10,10,10,10,10,72,0,16,16.09702399905978,7.663039999897592,40.62611600238597,0.0
1778533045,4,POST,chat/long,0.200000,0.000000,10,10,10,10,10,10,10,10,10,10,10,67,0,16,16.38457664082682,7.663039999897592,40.62611600238597,0.0
1778533045,4,POST,chat/medium,0.000000,0.000000,0,0,0,0,0,0,0,0,0,0,0,3,0,9,9.196835332356082,7.709828998486046,10.837547997653019,0.0
1778533045,4,POST,chat/short,0.000000,0.000000,0,0,0,0,0,0,0,0,0,0,0,2,0,10.343469002691563,16.814293499919586,10.343469002691563,23.28511799714761,0.0
1778533045,4,,Aggregated,0.200000,0.000000,10,10,10,10,10,10,10,10,10,10,10,72,0,16,16.09702399905978,7.663039999897592,40.62611600238597,0.0
1778533046,4,POST,chat/long,0.200000,0.000000,10,10,10,10,10,10,10,10,10,10,10,67,0,16,16.38457664082682,7.663039999897592,40.62611600238597,0.0
1778533046,4,POST,chat/medium,0.000000,0.000000,0,0,0,0,0,0,0,0,0,0,0,3,0,9,9.196835332356082,7.709828998486046,10.837547997653019,0.0
1778533046,4,POST,chat/short,0.000000,0.000000,0,0,0,0,0,0,0,0,0,0,0,2,0,10.343469002691563,16.814293499919586,10.343469002691563,23.28511799714761,0.0
1778533046,4,,Aggregated,0.200000,0.000000,10,10,10,10,10,10,10,10,10,10,10,72,0,16,16.09702399905978,7.663039999897592,40.62611600238597,0.0
1778533047,4,POST,chat/long,0.200000,0.000000,0,0,0,0,0,0,0,0,0,0,0,67,0,16,16.38457664082682,7.663039999897592,40.62611600238597,0.0
1778533047,4,POST,chat/medium,0.000000,0.000000,0,0,0,0,0,0,0,0,0,0,0,3,0,9,9.196835332356082,7.709828998486046,10.837547997653019,0.0
1778533047,4,POST,chat/short,0.000000,0.000000,0,0,0,0,0,0,0,0,0,0,0,2,0,10.343469002691563,16.814293499919586,10.343469002691563,23.28511799714761,0.0
1778533047,4,,Aggregated,0.200000,0.000000,0,0,0,0,0,0,0,0,0,0,0,72,0,16,16.09702399905978,7.663039999897592,40.62611600238597,0.0
1778533048,4,POST,chat/long,0.200000,0.000000,0,0,0,0,0,0,0,0,0,0,0,67,0,16,16.38457664082682,7.663039999897592,40.62611600238597,0.0
1778533048,4,POST,chat/medium,0.000000,0.000000,0,0,0,0,0,0,0,0,0,0,0,3,0,9,9.196835332356082,7.709828998486046,10.837547997653019,0.0
1778533048,4,POST,chat/short,0.000000,0.000000,0,0,0,0,0,0,0,0,0,0,0,2,0,10.343469002691563,16.814293499919586,10.343469002691563,23.28511799714761,0.0
1778533048,4,,Aggregated,0.200000,0.000000,0,0,0,0,0,0,0,0,0,0,0,72,0,16,16.09702399905978,7.663039999897592,40.62611600238597,0.0
1778533049,4,POST,chat/long,0.200000,0.000000,0,0,0,0,0,0,0,0,0,0,0,67,0,16,16.38457664082682,7.663039999897592,40.62611600238597,0.0
1778533049,4,POST,chat/medium,0.000000,0.000000,0,0,0,0,0,0,0,0,0,0,0,3,0,9,9.196835332356082,7.709828998486046,10.837547997653019,0.0
1778533049,4,POST,chat/short,0.000000,0.000000,0,0,0,0,0,0,0,0,0,0,0,2,0,10.343469002691563,16.814293499919586,10.343469002691563,23.28511799714761,0.0
1778533049,4,,Aggregated,0.200000,0.000000,0,0,0,0,0,0,0,0,0,0,0,72,0,16,16.09702399905978,7.663039999897592,40.62611600238597,0.0
1778533050,4,POST,chat/long,0.200000,0.000000,0,0,0,0,0,0,0,0,0,0,0,67,0,16,16.38457664082682,7.663039999897592,40.62611600238597,0.0
1778533050,4,POST,chat/medium,0.000000,0.000000,0,0,0,0,0,0,0,0,0,0,0,3,0,9,9.196835332356082,7.709828998486046,10.837547997653019,0.0
1778533050,4,POST,chat/short,0.000000,0.000000,0,0,0,0,0,0,0,0,0,0,0,2,0,10.343469002691563,16.814293499919586,10.343469002691563,23.28511799714761,0.0
1778533050,4,,Aggregated,0.200000,0.000000,0,0,0,0,0,0,0,0,0,0,0,72,0,16,16.09702399905978,7.663039999897592,40.62611600238597,0.0
1778533051,4,POST,chat/long,0.200000,0.000000,0,0,0,0,0,0,0,0,0,0,0,67,0,16,16.38457664082682,7.663039999897592,40.62611600238597,0.0
1778533051,4,POST,chat/medium,0.000000,0.000000,0,0,0,0,0,0,0,0,0,0,0,3,0,9,9.196835332356082,7.709828998486046,10.837547997653019,0.0
1778533051,4,POST,chat/short,0.000000,0.000000,0,0,0,0,0,0,0,0,0,0,0,2,0,10.343469002691563,16.814293499919586,10.343469002691563,23.28511799714761,0.0
1778533051,4,,Aggregated,0.200000,0.000000,0,0,0,0,0,0,0,0,0,0,0,72,0,16,16.09702399905978,7.663039999897592,40.62611600238597,0.0
1778533052,4,POST,chat/long,0.200000,0.000000,0,0,0,0,0,0,0,0,0,0,0,67,0,16,16.38457664082682,7.663039999897592,40.62611600238597,0.0
1778533052,4,POST,chat/medium,0.000000,0.000000,0,0,0,0,0,0,0,0,0,0,0,3,0,9,9.196835332356082,7.709828998486046,10.837547997653019,0.0
1778533052,4,POST,chat/short,0.000000,0.000000,0,0,0,0,0,0,0,0,0,0,0,2,0,10.343469002691563,16.814293499919586,10.343469002691563,23.28511799714761,0.0
1778533052,4,,Aggregated,0.200000,0.000000,0,0,0,0,0,0,0,0,0,0,0,72,0,16,16.09702399905978,7.663039999897592,40.62611600238597,0.0
1778533053,4,POST,chat/long,0.200000,0.000000,0,0,0,0,0,0,0,0,0,0,0,67,0,16,16.38457664082682,7.663039999897592,40.62611600238597,0.0
1778533053,4,POST,chat/medium,0.000000,0.000000,0,0,0,0,0,0,0,0,0,0,0,3,0,9,9.196835332356082,7.709828998486046,10.837547997653019,0.0
1778533053,4,POST,chat/short,0.000000,0.000000,0,0,0,0,0,0,0,0,0,0,0,2,0,10.343469002691563,16.814293499919586,10.343469002691563,23.28511799714761,0.0
1778533053,4,,Aggregated,0.200000,0.000000,0,0,0,0,0,0,0,0,0,0,0,72,0,16,16.09702399905978,7.663039999897592,40.62611600238597,0.0
1778533054,4,POST,chat/long,0.200000,0.000000,0,0,0,0,0,0,0,0,0,0,0,67,0,16,16.38457664082682,7.663039999897592,40.62611600238597,0.0
1778533054,4,POST,chat/medium,0.000000,0.000000,0,0,0,0,0,0,0,0,0,0,0,3,0,9,9.196835332356082,7.709828998486046,10.837547997653019,0.0
1778533054,4,POST,chat/short,0.000000,0.000000,0,0,0,0,0,0,0,0,0,0,0,2,0,10.343469002691563,16.814293499919586,10.343469002691563,23.28511799714761,0.0
1778533054,4,,Aggregated,0.200000,0.000000,0,0,0,0,0,0,0,0,0,0,0,72,0,16,16.09702399905978,7.663039999897592,40.62611600238597,0.0
1778533055,4,POST,chat/long,0.200000,0.000000,0,0,0,0,0,0,0,0,0,0,0,67,0,16,16.38457664082682,7.663039999897592,40.62611600238597,0.0
1778533055,4,POST,chat/medium,0.000000,0.000000,0,0,0,0,0,0,0,0,0,0,0,3,0,9,9.196835332356082,7.709828998486046,10.837547997653019,0.0
1778533055,4,POST,chat/short,0.000000,0.000000,0,0,0,0,0,0,0,0,0,0,0,2,0,10.343469002691563,16.814293499919586,10.343469002691563,23.28511799714761,0.0
1778533055,4,,Aggregated,0.200000,0.000000,0,0,0,0,0,0,0,0,0,0,0,72,0,16,16.09702399905978,7.663039999897592,40.62611600238597,0.0
1778533056,4,POST,chat/long,0.200000,0.000000,0,0,0,0,0,0,0,0,0,0,0,67,0,16,16.38457664082682,7.663039999897592,40.62611600238597,0.0
1778533056,4,POST,chat/medium,0.000000,0.000000,0,0,0,0,0,0,0,0,0,0,0,3,0,9,9.196835332356082,7.709828998486046,10.837547997653019,0.0
1778533056,4,POST,chat/short,0.000000,0.000000,0,0,0,0,0,0,0,0,0,0,0,2,0,10.343469002691563,16.814293499919586,10.343469002691563,23.28511799714761,0.0
1778533056,4,,Aggregated,0.200000,0.000000,0,0,0,0,0,0,0,0,0,0,0,72,0,16,16.09702399905978,7.663039999897592,40.62611600238597,0.0
1778533057,4,POST,chat/long,0.200000,0.000000,0,0,0,0,0,0,0,0,0,0,0,67,0,16,16.38457664082682,7.663039999897592,40.62611600238597,0.0
1778533057,4,POST,chat/medium,0.000000,0.000000,0,0,0,0,0,0,0,0,0,0,0,3,0,9,9.196835332356082,7.709828998486046,10.837547997653019,0.0
1778533057,4,POST,chat/short,0.000000,0.000000,0,0,0,0,0,0,0,0,0,0,0,2,0,10.343469002691563,16.814293499919586,10.343469002691563,23.28511799714761,0.0
1778533057,4,,Aggregated,0.200000,0.000000,0,0,0,0,0,0,0,0,0,0,0,72,0,16,16.09702399905978,7.663039999897592,40.62611600238597,0.0
1778533058,4,POST,chat/long,0.200000,0.000000,0,0,0,0,0,0,0,0,0,0,0,67,0,16,16.38457664082682,7.663039999897592,40.62611600238597,0.0
1778533058,4,POST,chat/medium,0.000000,0.000000,0,0,0,0,0,0,0,0,0,0,0,3,0,9,9.196835332356082,7.709828998486046,10.837547997653019,0.0
1778533058,4,POST,chat/short,0.000000,0.000000,0,0,0,0,0,0,0,0,0,0,0,2,0,10.343469002691563,16.814293499919586,10.343469002691563,23.28511799714761,0.0
1778533058,4,,Aggregated,0.200000,0.000000,0,0,0,0,0,0,0,0,0,0,0,72,0,16,16.09702399905978,7.663039999897592,40.62611600238597,0.0
1778533059,4,POST,chat/long,0.200000,0.000000,0,0,0,0,0,0,0,0,0,0,0,67,0,16,16.38457664082682,7.663039999897592,40.62611600238597,0.0
1778533059,4,POST,chat/medium,0.000000,0.000000,0,0,0,0,0,0,0,0,0,0,0,3,0,9,9.196835332356082,7.709828998486046,10.837547997653019,0.0
1778533059,4,POST,chat/short,0.000000,0.000000,0,0,0,0,0,0,0,0,0,0,0,2,0,10.343469002691563,16.814293499919586,10.343469002691563,23.28511799714761,0.0
1778533059,4,,Aggregated,0.200000,0.000000,0,0,0,0,0,0,0,0,0,0,0,72,0,16,16.09702399905978,7.663039999897592,40.62611600238597,0.0
1778533060,4,POST,chat/long,0.200000,0.000000,0,0,0,0,0,0,0,0,0,0,0,67,0,16,16.38457664082682,7.663039999897592,40.62611600238597,0.0
1778533060,4,POST,chat/medium,0.000000,0.000000,0,0,0,0,0,0,0,0,0,0,0,3,0,9,9.196835332356082,7.709828998486046,10.837547997653019,0.0
1778533060,4,POST,chat/short,0.000000,0.000000,0,0,0,0,0,0,0,0,0,0,0,2,0,10.343469002691563,16.814293499919586,10.343469002691563,23.28511799714761,0.0
1778533060,4,,Aggregated,0.200000,0.000000,0,0,0,0,0,0,0,0,0,0,0,72,0,16,16.09702399905978,7.663039999897592,40.62611600238597,0.0
1778533061,4,POST,chat/long,0.200000,0.000000,0,0,0,0,0,0,0,0,0,0,0,67,0,16,16.38457664082682,7.663039999897592,40.62611600238597,0.0
1778533061,4,POST,chat/medium,0.000000,0.000000,0,0,0,0,0,0,0,0,0,0,0,3,0,9,9.196835332356082,7.709828998486046,10.837547997653019,0.0
1778533061,4,POST,chat/short,0.000000,0.000000,0,0,0,0,0,0,0,0,0,0,0,2,0,10.343469002691563,16.814293499919586,10.343469002691563,23.28511799714761,0.0
1778533061,4,,Aggregated,0.200000,0.000000,0,0,0,0,0,0,0,0,0,0,0,72,0,16,16.09702399905978,7.663039999897592,40.62611600238597,0.0
1778533062,4,POST,chat/long,0.200000,0.000000,0,0,0,0,0,0,0,0,0,0,0,67,0,16,16.38457664082682,7.663039999897592,40.62611600238597,0.0
1778533062,4,POST,chat/medium,0.000000,0.000000,0,0,0,0,0,0,0,0,0,0,0,3,0,9,9.196835332356082,7.709828998486046,10.837547997653019,0.0
1778533062,4,POST,chat/short,0.000000,0.000000,0,0,0,0,0,0,0,0,0,0,0,2,0,10.343469002691563,16.814293499919586,10.343469002691563,23.28511799714761,0.0
1778533062,4,,Aggregated,0.200000,0.000000,0,0,0,0,0,0,0,0,0,0,0,72,0,16,16.09702399905978,7.663039999897592,40.62611600238597,0.0
1778533063,4,POST,chat/long,0.200000,0.000000,0,0,0,0,0,0,0,0,0,0,0,67,0,16,16.38457664082682,7.663039999897592,40.62611600238597,0.0
1778533063,4,POST,chat/medium,0.000000,0.000000,0,0,0,0,0,0,0,0,0,0,0,3,0,9,9.196835332356082,7.709828998486046,10.837547997653019,0.0
1778533063,4,POST,chat/short,0.000000,0.000000,0,0,0,0,0,0,0,0,0,0,0,2,0,10.343469002691563,16.814293499919586,10.343469002691563,23.28511799714761,0.0
1778533063,4,,Aggregated,0.200000,0.000000,0,0,0,0,0,0,0,0,0,0,0,72,0,16,16.09702399905978,7.663039999897592,40.62611600238597,0.0
1778533064,4,POST,chat/long,0.200000,0.000000,0,0,0,0,0,0,0,0,0,0,0,67,0,16,16.38457664082682,7.663039999897592,40.62611600238597,0.0
1778533064,4,POST,chat/medium,0.000000,0.000000,0,0,0,0,0,0,0,0,0,0,0,3,0,9,9.196835332356082,7.709828998486046,10.837547997653019,0.0
1778533064,4,POST,chat/short,0.000000,0.000000,0,0,0,0,0,0,0,0,0,0,0,2,0,10.343469002691563,16.814293499919586,10.343469002691563,23.28511799714761,0.0
1778533064,4,,Aggregated,0.200000,0.000000,0,0,0,0,0,0,0,0,0,0,0,72,0,16,16.09702399905978,7.663039999897592,40.62611600238597,0.0
1778533065,4,POST,chat/long,0.200000,0.000000,0,0,0,0,0,0,0,0,0,0,0,67,0,16,16.38457664082682,7.663039999897592,40.62611600238597,0.0
1778533065,4,POST,chat/medium,0.000000,0.000000,0,0,0,0,0,0,0,0,0,0,0,3,0,9,9.196835332356082,7.709828998486046,10.837547997653019,0.0
1778533065,4,POST,chat/short,0.000000,0.000000,0,0,0,0,0,0,0,0,0,0,0,2,0,10.343469002691563,16.814293499919586,10.343469002691563,23.28511799714761,0.0
1778533065,4,,Aggregated,0.200000,0.000000,0,0,0,0,0,0,0,0,0,0,0,72,0,16,16.09702399905978,7.663039999897592,40.62611600238597,0.0
1778533066,4,POST,chat/long,0.200000,0.000000,0,0,0,0,0,0,0,0,0,0,0,67,0,16,16.38457664082682,7.663039999897592,40.62611600238597,0.0
1778533066,4,POST,chat/medium,0.000000,0.000000,0,0,0,0,0,0,0,0,0,0,0,3,0,9,9.196835332356082,7.709828998486046,10.837547997653019,0.0
1778533066,4,POST,chat/short,0.000000,0.000000,0,0,0,0,0,0,0,0,0,0,0,2,0,10.343469002691563,16.814293499919586,10.343469002691563,23.28511799714761,0.0
1778533066,4,,Aggregated,0.200000,0.000000,0,0,0,0,0,0,0,0,0,0,0,72,0,16,16.09702399905978,7.663039999897592,40.62611600238597,0.0
1778533067,4,POST,chat/long,0.200000,0.000000,0,0,0,0,0,0,0,0,0,0,0,67,0,16,16.38457664082682,7.663039999897592,40.62611600238597,0.0
1778533067,4,POST,chat/medium,0.000000,0.000000,0,0,0,0,0,0,0,0,0,0,0,3,0,9,9.196835332356082,7.709828998486046,10.837547997653019,0.0
1778533067,4,POST,chat/short,0.000000,0.000000,0,0,0,0,0,0,0,0,0,0,0,2,0,10.343469002691563,16.814293499919586,10.343469002691563,23.28511799714761,0.0
1778533067,4,,Aggregated,0.200000,0.000000,0,0,0,0,0,0,0,0,0,0,0,72,0,16,16.09702399905978,7.663039999897592,40.62611600238597,0.0
1778533068,4,POST,chat/long,0.200000,0.000000,0,0,0,0,0,0,0,0,0,0,0,67,0,16,16.38457664082682,7.663039999897592,40.62611600238597,0.0
1778533068,4,POST,chat/medium,0.000000,0.000000,0,0,0,0,0,0,0,0,0,0,0,3,0,9,9.196835332356082,7.709828998486046,10.837547997653019,0.0
1778533068,4,POST,chat/short,0.000000,0.000000,0,0,0,0,0,0,0,0,0,0,0,2,0,10.343469002691563,16.814293499919586,10.343469002691563,23.28511799714761,0.0
1778533068,4,,Aggregated,0.200000,0.000000,0,0,0,0,0,0,0,0,0,0,0,72,0,16,16.09702399905978,7.663039999897592,40.62611600238597,0.0
1778533069,4,POST,chat/long,0.200000,0.000000,0,0,0,0,0,0,0,0,0,0,0,67,0,16,16.38457664082682,7.663039999897592,40.62611600238597,0.0
1778533069,4,POST,chat/medium,0.000000,0.000000,0,0,0,0,0,0,0,0,0,0,0,3,0,9,9.196835332356082,7.709828998486046,10.837547997653019,0.0
1778533069,4,POST,chat/short,0.000000,0.000000,0,0,0,0,0,0,0,0,0,0,0,2,0,10.343469002691563,16.814293499919586,10.343469002691563,23.28511799714761,0.0
1778533069,4,,Aggregated,0.200000,0.000000,0,0,0,0,0,0,0,0,0,0,0,72,0,16,16.09702399905978,7.663039999897592,40.62611600238597,0.0
1778533070,4,POST,chat/long,0.200000,0.000000,0,0,0,0,0,0,0,0,0,0,0,67,0,16,16.38457664082682,7.663039999897592,40.62611600238597,0.0
1778533070,4,POST,chat/medium,0.000000,0.000000,0,0,0,0,0,0,0,0,0,0,0,3,0,9,9.196835332356082,7.709828998486046,10.837547997653019,0.0
1778533070,4,POST,chat/short,0.000000,0.000000,0,0,0,0,0,0,0,0,0,0,0,2,0,10.343469002691563,16.814293499919586,10.343469002691563,23.28511799714761,0.0
1778533070,4,,Aggregated,0.200000,0.000000,0,0,0,0,0,0,0,0,0,0,0,72,0,16,16.09702399905978,7.663039999897592,40.62611600238597,0.0
1778533071,4,POST,chat/long,0.200000,0.000000,0,0,0,0,0,0,0,0,0,0,0,67,0,16,16.38457664082682,7.663039999897592,40.62611600238597,0.0
1778533071,4,POST,chat/medium,0.000000,0.000000,0,0,0,0,0,0,0,0,0,0,0,3,0,9,9.196835332356082,7.709828998486046,10.837547997653019,0.0
1778533071,4,POST,chat/short,0.000000,0.000000,0,0,0,0,0,0,0,0,0,0,0,2,0,10.343469002691563,16.814293499919586,10.343469002691563,23.28511799714761,0.0
1778533071,4,,Aggregated,0.200000,0.000000,0,0,0,0,0,0,0,0,0,0,0,72,0,16,16.09702399905978,7.663039999897592,40.62611600238597,0.0
1778533072,4,POST,chat/long,0.200000,0.000000,0,0,0,0,0,0,0,0,0,0,0,67,0,16,16.38457664082682,7.663039999897592,40.62611600238597,0.0
1778533072,4,POST,chat/medium,0.000000,0.000000,0,0,0,0,0,0,0,0,0,0,0,3,0,9,9.196835332356082,7.709828998486046,10.837547997653019,0.0
1778533072,4,POST,chat/short,0.000000,0.000000,0,0,0,0,0,0,0,0,0,0,0,2,0,10.343469002691563,16.814293499919586,10.343469002691563,23.28511799714761,0.0
1778533072,4,,Aggregated,0.200000,0.000000,0,0,0,0,0,0,0,0,0,0,0,72,0,16,16.09702399905978,7.663039999897592,40.62611600238597,0.0
1778533073,4,POST,chat/long,0.200000,0.000000,0,0,0,0,0,0,0,0,0,0,0,67,0,16,16.38457664082682,7.663039999897592,40.62611600238597,0.0
1778533073,4,POST,chat/medium,0.000000,0.000000,0,0,0,0,0,0,0,0,0,0,0,3,0,9,9.196835332356082,7.709828998486046,10.837547997653019,0.0
1778533073,4,POST,chat/short,0.000000,0.000000,0,0,0,0,0,0,0,0,0,0,0,2,0,10.343469002691563,16.814293499919586,10.343469002691563,23.28511799714761,0.0
1778533073,4,,Aggregated,0.200000,0.000000,0,0,0,0,0,0,0,0,0,0,0,72,0,16,16.09702399905978,7.663039999897592,40.62611600238597,0.0
1778533074,4,POST,chat/long,0.200000,0.000000,0,0,0,0,0,0,0,0,0,0,0,67,0,16,16.38457664082682,7.663039999897592,40.62611600238597,0.0
1778533074,4,POST,chat/medium,0.000000,0.000000,0,0,0,0,0,0,0,0,0,0,0,3,0,9,9.196835332356082,7.709828998486046,10.837547997653019,0.0
1778533074,4,POST,chat/short,0.000000,0.000000,0,0,0,0,0,0,0,0,0,0,0,2,0,10.343469002691563,16.814293499919586,10.343469002691563,23.28511799714761,0.0
1778533074,4,,Aggregated,0.200000,0.000000,0,0,0,0,0,0,0,0,0,0,0,72,0,16,16.09702399905978,7.663039999897592,40.62611600238597,0.0
1778533075,4,POST,chat/long,0.200000,0.000000,0,0,0,0,0,0,0,0,0,0,0,67,0,16,16.38457664082682,7.663039999897592,40.62611600238597,0.0
1778533075,4,POST,chat/medium,0.000000,0.000000,0,0,0,0,0,0,0,0,0,0,0,3,0,9,9.196835332356082,7.709828998486046,10.837547997653019,0.0
1778533075,4,POST,chat/short,0.000000,0.000000,0,0,0,0,0,0,0,0,0,0,0,2,0,10.343469002691563,16.814293499919586,10.343469002691563,23.28511799714761,0.0
1778533075,4,,Aggregated,0.200000,0.000000,0,0,0,0,0,0,0,0,0,0,0,72,0,16,16.09702399905978,7.663039999897592,40.62611600238597,0.0
1778533076,4,POST,chat/long,0.200000,0.000000,0,0,0,0,0,0,0,0,0,0,0,67,0,16,16.38457664082682,7.663039999897592,40.62611600238597,0.0
1778533076,4,POST,chat/medium,0.000000,0.000000,0,0,0,0,0,0,0,0,0,0,0,3,0,9,9.196835332356082,7.709828998486046,10.837547997653019,0.0
1778533076,4,POST,chat/short,0.000000,0.000000,0,0,0,0,0,0,0,0,0,0,0,2,0,10.343469002691563,16.814293499919586,10.343469002691563,23.28511799714761,0.0
1778533076,4,,Aggregated,0.200000,0.000000,0,0,0,0,0,0,0,0,0,0,0,72,0,16,16.09702399905978,7.663039999897592,40.62611600238597,0.0
1778533077,4,POST,chat/long,0.200000,0.000000,0,0,0,0,0,0,0,0,0,0,0,67,0,16,16.38457664082682,7.663039999897592,40.62611600238597,0.0
1778533077,4,POST,chat/medium,0.000000,0.000000,0,0,0,0,0,0,0,0,0,0,0,3,0,9,9.196835332356082,7.709828998486046,10.837547997653019,0.0
1778533077,4,POST,chat/short,0.000000,0.000000,0,0,0,0,0,0,0,0,0,0,0,2,0,10.343469002691563,16.814293499919586,10.343469002691563,23.28511799714761,0.0
1778533077,4,,Aggregated,0.200000,0.000000,0,0,0,0,0,0,0,0,0,0,0,72,0,16,16.09702399905978,7.663039999897592,40.62611600238597,0.0
1778533078,4,POST,chat/long,0.200000,0.000000,0,0,0,0,0,0,0,0,0,0,0,67,0,16,16.38457664082682,7.663039999897592,40.62611600238597,0.0
1778533078,4,POST,chat/medium,0.000000,0.000000,0,0,0,0,0,0,0,0,0,0,0,3,0,9,9.196835332356082,7.709828998486046,10.837547997653019,0.0
1778533078,4,POST,chat/short,0.000000,0.000000,0,0,0,0,0,0,0,0,0,0,0,2,0,10.343469002691563,16.814293499919586,10.343469002691563,23.28511799714761,0.0
1778533078,4,,Aggregated,0.200000,0.000000,0,0,0,0,0,0,0,0,0,0,0,72,0,16,16.09702399905978,7.663039999897592,40.62611600238597,0.0
1778533079,4,POST,chat/long,0.200000,0.000000,0,0,0,0,0,0,0,0,0,0,0,67,0,16,16.38457664082682,7.663039999897592,40.62611600238597,0.0
1778533079,4,POST,chat/medium,0.000000,0.000000,0,0,0,0,0,0,0,0,0,0,0,3,0,9,9.196835332356082,7.709828998486046,10.837547997653019,0.0
1778533079,4,POST,chat/short,0.000000,0.000000,0,0,0,0,0,0,0,0,0,0,0,2,0,10.343469002691563,16.814293499919586,10.343469002691563,23.28511799714761,0.0
1778533079,4,,Aggregated,0.200000,0.000000,0,0,0,0,0,0,0,0,0,0,0,72,0,16,16.09702399905978,7.663039999897592,40.62611600238597,0.0
1778533080,4,POST,chat/long,0.200000,0.000000,0,0,0,0,0,0,0,0,0,0,0,67,0,16,16.38457664082682,7.663039999897592,40.62611600238597,0.0
1778533080,4,POST,chat/medium,0.000000,0.000000,0,0,0,0,0,0,0,0,0,0,0,3,0,9,9.196835332356082,7.709828998486046,10.837547997653019,0.0
1778533080,4,POST,chat/short,0.000000,0.000000,0,0,0,0,0,0,0,0,0,0,0,2,0,10.343469002691563,16.814293499919586,10.343469002691563,23.28511799714761,0.0
1778533080,4,,Aggregated,0.200000,0.000000,0,0,0,0,0,0,0,0,0,0,0,72,0,16,16.09702399905978,7.663039999897592,40.62611600238597,0.0
1778533081,4,POST,chat/long,0.200000,0.000000,0,0,0,0,0,0,0,0,0,0,0,67,0,16,16.38457664082682,7.663039999897592,40.62611600238597,0.0
1778533081,4,POST,chat/medium,0.000000,0.000000,0,0,0,0,0,0,0,0,0,0,0,3,0,9,9.196835332356082,7.709828998486046,10.837547997653019,0.0
1778533081,4,POST,chat/short,0.000000,0.000000,0,0,0,0,0,0,0,0,0,0,0,2,0,10.343469002691563,16.814293499919586,10.343469002691563,23.28511799714761,0.0
1778533081,4,,Aggregated,0.200000,0.000000,0,0,0,0,0,0,0,0,0,0,0,72,0,16,16.09702399905978,7.663039999897592,40.62611600238597,0.0
1778533082,4,POST,chat/long,0.200000,0.000000,0,0,0,0,0,0,0,0,0,0,0,67,0,16,16.38457664082682,7.663039999897592,40.62611600238597,0.0
1778533082,4,POST,chat/medium,0.000000,0.000000,0,0,0,0,0,0,0,0,0,0,0,3,0,9,9.196835332356082,7.709828998486046,10.837547997653019,0.0
1778533082,4,POST,chat/short,0.000000,0.000000,0,0,0,0,0,0,0,0,0,0,0,2,0,10.343469002691563,16.814293499919586,10.343469002691563,23.28511799714761,0.0
1778533082,4,,Aggregated,0.200000,0.000000,0,0,0,0,0,0,0,0,0,0,0,72,0,16,16.09702399905978,7.663039999897592,40.62611600238597,0.0
1778533083,4,POST,chat/long,0.200000,0.000000,0,0,0,0,0,0,0,0,0,0,0,67,0,16,16.38457664082682,7.663039999897592,40.62611600238597,0.0
1778533083,4,POST,chat/medium,0.000000,0.000000,0,0,0,0,0,0,0,0,0,0,0,3,0,9,9.196835332356082,7.709828998486046,10.837547997653019,0.0
1778533083,4,POST,chat/short,0.000000,0.000000,0,0,0,0,0,0,0,0,0,0,0,2,0,10.343469002691563,16.814293499919586,10.343469002691563,23.28511799714761,0.0
1778533083,4,,Aggregated,0.200000,0.000000,0,0,0,0,0,0,0,0,0,0,0,72,0,16,16.09702399905978,7.663039999897592,40.62611600238597,0.0
1778533084,4,POST,chat/long,0.200000,0.000000,0,0,0,0,0,0,0,0,0,0,0,67,0,16,16.38457664082682,7.663039999897592,40.62611600238597,0.0
1778533084,4,POST,chat/medium,0.000000,0.000000,0,0,0,0,0,0,0,0,0,0,0,3,0,9,9.196835332356082,7.709828998486046,10.837547997653019,0.0
1778533084,4,POST,chat/short,0.000000,0.000000,0,0,0,0,0,0,0,0,0,0,0,2,0,10.343469002691563,16.814293499919586,10.343469002691563,23.28511799714761,0.0
1778533084,4,,Aggregated,0.200000,0.000000,0,0,0,0,0,0,0,0,0,0,0,72,0,16,16.09702399905978,7.663039999897592,40.62611600238597,0.0
1778533085,4,POST,chat/long,0.200000,0.000000,0,0,0,0,0,0,0,0,0,0,0,67,0,16,16.38457664082682,7.663039999897592,40.62611600238597,0.0
1778533085,4,POST,chat/medium,0.000000,0.000000,0,0,0,0,0,0,0,0,0,0,0,3,0,9,9.196835332356082,7.709828998486046,10.837547997653019,0.0
1778533085,4,POST,chat/short,0.000000,0.000000,0,0,0,0,0,0,0,0,0,0,0,2,0,10.343469002691563,16.814293499919586,10.343469002691563,23.28511799714761,0.0
1778533085,4,,Aggregated,0.200000,0.000000,0,0,0,0,0,0,0,0,0,0,0,72,0,16,16.09702399905978,7.663039999897592,40.62611600238597,0.0
1778533086,4,POST,chat/long,0.200000,0.000000,0,0,0,0,0,0,0,0,0,0,0,67,0,16,16.38457664082682,7.663039999897592,40.62611600238597,0.0
1778533086,4,POST,chat/medium,0.000000,0.000000,0,0,0,0,0,0,0,0,0,0,0,3,0,9,9.196835332356082,7.709828998486046,10.837547997653019,0.0
1778533086,4,POST,chat/short,0.000000,0.000000,0,0,0,0,0,0,0,0,0,0,0,2,0,10.343469002691563,16.814293499919586,10.343469002691563,23.28511799714761,0.0
1778533086,4,,Aggregated,0.200000,0.000000,0,0,0,0,0,0,0,0,0,0,0,72,0,16,16.09702399905978,7.663039999897592,40.62611600238597,0.0
1778533087,4,POST,chat/long,0.200000,0.000000,0,0,0,0,0,0,0,0,0,0,0,67,0,16,16.38457664082682,7.663039999897592,40.62611600238597,0.0
1778533087,4,POST,chat/medium,0.000000,0.000000,0,0,0,0,0,0,0,0,0,0,0,3,0,9,9.196835332356082,7.709828998486046,10.837547997653019,0.0
1778533087,4,POST,chat/short,0.000000,0.000000,0,0,0,0,0,0,0,0,0,0,0,2,0,10.343469002691563,16.814293499919586,10.343469002691563,23.28511799714761,0.0
1778533087,4,,Aggregated,0.200000,0.000000,0,0,0,0,0,0,0,0,0,0,0,72,0,16,16.09702399905978,7.663039999897592,40.62611600238597,0.0
1778533089,4,POST,chat/long,0.200000,0.000000,0,0,0,0,0,0,0,0,0,0,0,67,0,16,16.38457664082682,7.663039999897592,40.62611600238597,0.0
1778533089,4,POST,chat/medium,0.000000,0.000000,0,0,0,0,0,0,0,0,0,0,0,3,0,9,9.196835332356082,7.709828998486046,10.837547997653019,0.0
1778533089,4,POST,chat/short,0.000000,0.000000,0,0,0,0,0,0,0,0,0,0,0,2,0,10.343469002691563,16.814293499919586,10.343469002691563,23.28511799714761,0.0
1778533089,4,,Aggregated,0.200000,0.000000,0,0,0,0,0,0,0,0,0,0,0,72,0,16,16.09702399905978,7.663039999897592,40.62611600238597,0.0
1778533090,4,POST,chat/long,0.200000,0.000000,0,0,0,0,0,0,0,0,0,0,0,67,0,16,16.38457664082682,7.663039999897592,40.62611600238597,0.0
1778533090,4,POST,chat/medium,0.000000,0.000000,0,0,0,0,0,0,0,0,0,0,0,3,0,9,9.196835332356082,7.709828998486046,10.837547997653019,0.0
1778533090,4,POST,chat/short,0.000000,0.000000,0,0,0,0,0,0,0,0,0,0,0,2,0,10.343469002691563,16.814293499919586,10.343469002691563,23.28511799714761,0.0
1778533090,4,,Aggregated,0.200000,0.000000,0,0,0,0,0,0,0,0,0,0,0,72,0,16,16.09702399905978,7.663039999897592,40.62611600238597,0.0
1778533091,4,POST,chat/long,0.200000,0.000000,0,0,0,0,0,0,0,0,0,0,0,67,0,16,16.38457664082682,7.663039999897592,40.62611600238597,0.0
1778533091,4,POST,chat/medium,0.000000,0.000000,0,0,0,0,0,0,0,0,0,0,0,3,0,9,9.196835332356082,7.709828998486046,10.837547997653019,0.0
1778533091,4,POST,chat/short,0.000000,0.000000,0,0,0,0,0,0,0,0,0,0,0,2,0,10.343469002691563,16.814293499919586,10.343469002691563,23.28511799714761,0.0
1778533091,4,,Aggregated,0.200000,0.000000,0,0,0,0,0,0,0,0,0,0,0,72,0,16,16.09702399905978,7.663039999897592,40.62611600238597,0.0
1778533092,4,POST,chat/long,0.200000,0.000000,0,0,0,0,0,0,0,0,0,0,0,67,0,16,16.38457664082682,7.663039999897592,40.62611600238597,0.0
1778533092,4,POST,chat/medium,0.000000,0.000000,0,0,0,0,0,0,0,0,0,0,0,3,0,9,9.196835332356082,7.709828998486046,10.837547997653019,0.0
1778533092,4,POST,chat/short,0.000000,0.000000,0,0,0,0,0,0,0,0,0,0,0,2,0,10.343469002691563,16.814293499919586,10.343469002691563,23.28511799714761,0.0
1778533092,4,,Aggregated,0.200000,0.000000,0,0,0,0,0,0,0,0,0,0,0,72,0,16,16.09702399905978,7.663039999897592,40.62611600238597,0.0
1778533093,4,POST,chat/long,0.200000,0.000000,0,0,0,0,0,0,0,0,0,0,0,67,0,16,16.38457664082682,7.663039999897592,40.62611600238597,0.0
1778533093,4,POST,chat/medium,0.000000,0.000000,0,0,0,0,0,0,0,0,0,0,0,3,0,9,9.196835332356082,7.709828998486046,10.837547997653019,0.0
1778533093,4,POST,chat/short,0.000000,0.000000,0,0,0,0,0,0,0,0,0,0,0,2,0,10.343469002691563,16.814293499919586,10.343469002691563,23.28511799714761,0.0
1778533093,4,,Aggregated,0.200000,0.000000,0,0,0,0,0,0,0,0,0,0,0,72,0,16,16.09702399905978,7.663039999897592,40.62611600238597,0.0
1778533094,4,POST,chat/long,0.200000,0.000000,0,0,0,0,0,0,0,0,0,0,0,67,0,16,16.38457664082682,7.663039999897592,40.62611600238597,0.0
1778533094,4,POST,chat/medium,0.000000,0.000000,0,0,0,0,0,0,0,0,0,0,0,3,0,9,9.196835332356082,7.709828998486046,10.837547997653019,0.0
1778533094,4,POST,chat/short,0.000000,0.000000,0,0,0,0,0,0,0,0,0,0,0,2,0,10.343469002691563,16.814293499919586,10.343469002691563,23.28511799714761,0.0
1778533094,4,,Aggregated,0.200000,0.000000,0,0,0,0,0,0,0,0,0,0,0,72,0,16,16.09702399905978,7.663039999897592,40.62611600238597,0.0
1778533095,4,POST,chat/long,0.200000,0.000000,0,0,0,0,0,0,0,0,0,0,0,67,0,16,16.38457664082682,7.663039999897592,40.62611600238597,0.0
1778533095,4,POST,chat/medium,0.000000,0.000000,0,0,0,0,0,0,0,0,0,0,0,3,0,9,9.196835332356082,7.709828998486046,10.837547997653019,0.0
1778533095,4,POST,chat/short,0.000000,0.000000,0,0,0,0,0,0,0,0,0,0,0,2,0,10.343469002691563,16.814293499919586,10.343469002691563,23.28511799714761,0.0
1778533095,4,,Aggregated,0.200000,0.000000,0,0,0,0,0,0,0,0,0,0,0,72,0,16,16.09702399905978,7.663039999897592,40.62611600238597,0.0
1778533096,4,POST,chat/long,0.200000,0.000000,0,0,0,0,0,0,0,0,0,0,0,67,0,16,16.38457664082682,7.663039999897592,40.62611600238597,0.0
1778533096,4,POST,chat/medium,0.000000,0.000000,0,0,0,0,0,0,0,0,0,0,0,3,0,9,9.196835332356082,7.709828998486046,10.837547997653019,0.0
1778533096,4,POST,chat/short,0.000000,0.000000,0,0,0,0,0,0,0,0,0,0,0,2,0,10.343469002691563,16.814293499919586,10.343469002691563,23.28511799714761,0.0
1778533096,4,,Aggregated,0.200000,0.000000,0,0,0,0,0,0,0,0,0,0,0,72,0,16,16.09702399905978,7.663039999897592,40.62611600238597,0.0
1778533097,4,POST,chat/long,0.200000,0.000000,0,0,0,0,0,0,0,0,0,0,0,67,0,16,16.38457664082682,7.663039999897592,40.62611600238597,0.0
1778533097,4,POST,chat/medium,0.000000,0.000000,0,0,0,0,0,0,0,0,0,0,0,3,0,9,9.196835332356082,7.709828998486046,10.837547997653019,0.0
1778533097,4,POST,chat/short,0.000000,0.000000,0,0,0,0,0,0,0,0,0,0,0,2,0,10.343469002691563,16.814293499919586,10.343469002691563,23.28511799714761,0.0
1778533097,4,,Aggregated,0.200000,0.000000,0,0,0,0,0,0,0,0,0,0,0,72,0,16,16.09702399905978,7.663039999897592,40.62611600238597,0.0
1778533098,4,POST,chat/long,0.200000,0.000000,0,0,0,0,0,0,0,0,0,0,0,67,0,16,16.38457664082682,7.663039999897592,40.62611600238597,0.0
1778533098,4,POST,chat/medium,0.000000,0.000000,0,0,0,0,0,0,0,0,0,0,0,3,0,9,9.196835332356082,7.709828998486046,10.837547997653019,0.0
1778533098,4,POST,chat/short,0.000000,0.000000,0,0,0,0,0,0,0,0,0,0,0,2,0,10.343469002691563,16.814293499919586,10.343469002691563,23.28511799714761,0.0
1778533098,4,,Aggregated,0.200000,0.000000,0,0,0,0,0,0,0,0,0,0,0,72,0,16,16.09702399905978,7.663039999897592,40.62611600238597,0.0
1778533099,4,POST,chat/long,0.200000,0.000000,0,0,0,0,0,0,0,0,0,0,0,67,0,16,16.38457664082682,7.663039999897592,40.62611600238597,0.0
1778533099,4,POST,chat/medium,0.000000,0.000000,0,0,0,0,0,0,0,0,0,0,0,3,0,9,9.196835332356082,7.709828998486046,10.837547997653019,0.0
1778533099,4,POST,chat/short,0.000000,0.000000,0,0,0,0,0,0,0,0,0,0,0,2,0,10.343469002691563,16.814293499919586,10.343469002691563,23.28511799714761,0.0
1778533099,4,,Aggregated,0.200000,0.000000,0,0,0,0,0,0,0,0,0,0,0,72,0,16,16.09702399905978,7.663039999897592,40.62611600238597,0.0
1778533100,4,POST,chat/long,0.200000,0.000000,0,0,0,0,0,0,0,0,0,0,0,67,0,16,16.38457664082682,7.663039999897592,40.62611600238597,0.0
1778533100,4,POST,chat/medium,0.000000,0.000000,0,0,0,0,0,0,0,0,0,0,0,3,0,9,9.196835332356082,7.709828998486046,10.837547997653019,0.0
1778533100,4,POST,chat/short,0.000000,0.000000,0,0,0,0,0,0,0,0,0,0,0,2,0,10.343469002691563,16.814293499919586,10.343469002691563,23.28511799714761,0.0
1778533100,4,,Aggregated,0.200000,0.000000,0,0,0,0,0,0,0,0,0,0,0,72,0,16,16.09702399905978,7.663039999897592,40.62611600238597,0.0
1778533101,4,POST,chat/long,0.200000,0.000000,0,0,0,0,0,0,0,0,0,0,0,67,0,16,16.38457664082682,7.663039999897592,40.62611600238597,0.0
1778533101,4,POST,chat/medium,0.000000,0.000000,0,0,0,0,0,0,0,0,0,0,0,3,0,9,9.196835332356082,7.709828998486046,10.837547997653019,0.0
1778533101,4,POST,chat/short,0.000000,0.000000,0,0,0,0,0,0,0,0,0,0,0,2,0,10.343469002691563,16.814293499919586,10.343469002691563,23.28511799714761,0.0
1778533101,4,,Aggregated,0.200000,0.000000,0,0,0,0,0,0,0,0,0,0,0,72,0,16,16.09702399905978,7.663039999897592,40.62611600238597,0.0
1778533102,4,POST,chat/long,0.200000,0.000000,0,0,0,0,0,0,0,0,0,0,0,67,0,16,16.38457664082682,7.663039999897592,40.62611600238597,0.0
1778533102,4,POST,chat/medium,0.000000,0.000000,0,0,0,0,0,0,0,0,0,0,0,3,0,9,9.196835332356082,7.709828998486046,10.837547997653019,0.0
1778533102,4,POST,chat/short,0.000000,0.000000,0,0,0,0,0,0,0,0,0,0,0,2,0,10.343469002691563,16.814293499919586,10.343469002691563,23.28511799714761,0.0
1778533102,4,,Aggregated,0.200000,0.000000,0,0,0,0,0,0,0,0,0,0,0,72,0,16,16.09702399905978,7.663039999897592,40.62611600238597,0.0
1778533103,4,POST,chat/long,0.200000,0.000000,0,0,0,0,0,0,0,0,0,0,0,67,0,16,16.38457664082682,7.663039999897592,40.62611600238597,0.0
1778533103,4,POST,chat/medium,0.000000,0.000000,0,0,0,0,0,0,0,0,0,0,0,3,0,9,9.196835332356082,7.709828998486046,10.837547997653019,0.0
1778533103,4,POST,chat/short,0.000000,0.000000,0,0,0,0,0,0,0,0,0,0,0,2,0,10.343469002691563,16.814293499919586,10.343469002691563,23.28511799714761,0.0
1778533103,4,,Aggregated,0.200000,0.000000,0,0,0,0,0,0,0,0,0,0,0,72,0,16,16.09702399905978,7.663039999897592,40.62611600238597,0.0
1778533104,4,POST,chat/long,0.200000,0.000000,0,0,0,0,0,0,0,0,0,0,0,67,0,16,16.38457664082682,7.663039999897592,40.62611600238597,0.0
1778533104,4,POST,chat/medium,0.000000,0.000000,0,0,0,0,0,0,0,0,0,0,0,3,0,9,9.196835332356082,7.709828998486046,10.837547997653019,0.0
1778533104,4,POST,chat/short,0.000000,0.000000,0,0,0,0,0,0,0,0,0,0,0,2,0,10.343469002691563,16.814293499919586,10.343469002691563,23.28511799714761,0.0
1778533104,4,,Aggregated,0.200000,0.000000,0,0,0,0,0,0,0,0,0,0,0,72,0,16,16.09702399905978,7.663039999897592,40.62611600238597,0.0
1778533105,4,POST,chat/long,0.200000,0.000000,0,0,0,0,0,0,0,0,0,0,0,67,0,16,16.38457664082682,7.663039999897592,40.62611600238597,0.0
1778533105,4,POST,chat/medium,0.000000,0.000000,0,0,0,0,0,0,0,0,0,0,0,3,0,9,9.196835332356082,7.709828998486046,10.837547997653019,0.0
1778533105,4,POST,chat/short,0.000000,0.000000,0,0,0,0,0,0,0,0,0,0,0,2,0,10.343469002691563,16.814293499919586,10.343469002691563,23.28511799714761,0.0
1778533105,4,,Aggregated,0.200000,0.000000,0,0,0,0,0,0,0,0,0,0,0,72,0,16,16.09702399905978,7.663039999897592,40.62611600238597,0.0
1778533106,4,POST,chat/long,0.200000,0.000000,0,0,0,0,0,0,0,0,0,0,0,67,0,16,16.38457664082682,7.663039999897592,40.62611600238597,0.0
1778533106,4,POST,chat/medium,0.000000,0.000000,0,0,0,0,0,0,0,0,0,0,0,3,0,9,9.196835332356082,7.709828998486046,10.837547997653019,0.0
1778533106,4,POST,chat/short,0.000000,0.000000,0,0,0,0,0,0,0,0,0,0,0,2,0,10.343469002691563,16.814293499919586,10.343469002691563,23.28511799714761,0.0
1778533106,4,,Aggregated,0.200000,0.000000,0,0,0,0,0,0,0,0,0,0,0,72,0,16,16.09702399905978,7.663039999897592,40.62611600238597,0.0
1778533107,4,POST,chat/long,0.200000,0.000000,0,0,0,0,0,0,0,0,0,0,0,67,0,16,16.38457664082682,7.663039999897592,40.62611600238597,0.0
1778533107,4,POST,chat/medium,0.000000,0.000000,0,0,0,0,0,0,0,0,0,0,0,3,0,9,9.196835332356082,7.709828998486046,10.837547997653019,0.0
1778533107,4,POST,chat/short,0.000000,0.000000,0,0,0,0,0,0,0,0,0,0,0,2,0,10.343469002691563,16.814293499919586,10.343469002691563,23.28511799714761,0.0
1778533107,4,,Aggregated,0.200000,0.000000,0,0,0,0,0,0,0,0,0,0,0,72,0,16,16.09702399905978,7.663039999897592,40.62611600238597,0.0
1778533108,4,POST,chat/long,0.200000,0.000000,0,0,0,0,0,0,0,0,0,0,0,67,0,16,16.38457664082682,7.663039999897592,40.62611600238597,0.0
1778533108,4,POST,chat/medium,0.000000,0.000000,0,0,0,0,0,0,0,0,0,0,0,3,0,9,9.196835332356082,7.709828998486046,10.837547997653019,0.0
1778533108,4,POST,chat/short,0.000000,0.000000,0,0,0,0,0,0,0,0,0,0,0,2,0,10.343469002691563,16.814293499919586,10.343469002691563,23.28511799714761,0.0
1778533108,4,,Aggregated,0.200000,0.000000,0,0,0,0,0,0,0,0,0,0,0,72,0,16,16.09702399905978,7.663039999897592,40.62611600238597,0.0
1778533109,4,POST,chat/long,0.200000,0.000000,0,0,0,0,0,0,0,0,0,0,0,67,0,16,16.38457664082682,7.663039999897592,40.62611600238597,0.0
1778533109,4,POST,chat/medium,0.000000,0.000000,0,0,0,0,0,0,0,0,0,0,0,3,0,9,9.196835332356082,7.709828998486046,10.837547997653019,0.0
1778533109,4,POST,chat/short,0.000000,0.000000,0,0,0,0,0,0,0,0,0,0,0,2,0,10.343469002691563,16.814293499919586,10.343469002691563,23.28511799714761,0.0
1778533109,4,,Aggregated,0.200000,0.000000,0,0,0,0,0,0,0,0,0,0,0,72,0,16,16.09702399905978,7.663039999897592,40.62611600238597,0.0
1778533110,4,POST,chat/long,0.200000,0.000000,0,0,0,0,0,0,0,0,0,0,0,67,0,16,16.38457664082682,7.663039999897592,40.62611600238597,0.0
1778533110,4,POST,chat/medium,0.000000,0.000000,0,0,0,0,0,0,0,0,0,0,0,3,0,9,9.196835332356082,7.709828998486046,10.837547997653019,0.0
1778533110,4,POST,chat/short,0.000000,0.000000,0,0,0,0,0,0,0,0,0,0,0,2,0,10.343469002691563,16.814293499919586,10.343469002691563,23.28511799714761,0.0
1778533110,4,,Aggregated,0.200000,0.000000,0,0,0,0,0,0,0,0,0,0,0,72,0,16,16.09702399905978,7.663039999897592,40.62611600238597,0.0
1778533111,4,POST,chat/long,0.200000,0.000000,0,0,0,0,0,0,0,0,0,0,0,67,0,16,16.38457664082682,7.663039999897592,40.62611600238597,0.0
1778533111,4,POST,chat/medium,0.000000,0.000000,0,0,0,0,0,0,0,0,0,0,0,3,0,9,9.196835332356082,7.709828998486046,10.837547997653019,0.0
1778533111,4,POST,chat/short,0.000000,0.000000,0,0,0,0,0,0,0,0,0,0,0,2,0,10.343469002691563,16.814293499919586,10.343469002691563,23.28511799714761,0.0
1778533111,4,,Aggregated,0.200000,0.000000,0,0,0,0,0,0,0,0,0,0,0,72,0,16,16.09702399905978,7.663039999897592,40.62611600238597,0.0
1778533112,4,POST,chat/long,0.200000,0.000000,0,0,0,0,0,0,0,0,0,0,0,67,0,16,16.38457664082682,7.663039999897592,40.62611600238597,0.0
1778533112,4,POST,chat/medium,0.000000,0.000000,0,0,0,0,0,0,0,0,0,0,0,3,0,9,9.196835332356082,7.709828998486046,10.837547997653019,0.0
1778533112,4,POST,chat/short,0.000000,0.000000,0,0,0,0,0,0,0,0,0,0,0,2,0,10.343469002691563,16.814293499919586,10.343469002691563,23.28511799714761,0.0
1778533112,4,,Aggregated,0.200000,0.000000,0,0,0,0,0,0,0,0,0,0,0,72,0,16,16.09702399905978,7.663039999897592,40.62611600238597,0.0
1778533113,4,POST,chat/long,0.200000,0.000000,0,0,0,0,0,0,0,0,0,0,0,67,0,16,16.38457664082682,7.663039999897592,40.62611600238597,0.0
1778533113,4,POST,chat/medium,0.000000,0.000000,0,0,0,0,0,0,0,0,0,0,0,3,0,9,9.196835332356082,7.709828998486046,10.837547997653019,0.0
1778533113,4,POST,chat/short,0.000000,0.000000,0,0,0,0,0,0,0,0,0,0,0,2,0,10.343469002691563,16.814293499919586,10.343469002691563,23.28511799714761,0.0
1778533113,4,,Aggregated,0.200000,0.000000,0,0,0,0,0,0,0,0,0,0,0,72,0,16,16.09702399905978,7.663039999897592,40.62611600238597,0.0
1778533114,4,POST,chat/long,0.200000,0.000000,0,0,0,0,0,0,0,0,0,0,0,67,0,16,16.38457664082682,7.663039999897592,40.62611600238597,0.0
1778533114,4,POST,chat/medium,0.000000,0.000000,0,0,0,0,0,0,0,0,0,0,0,3,0,9,9.196835332356082,7.709828998486046,10.837547997653019,0.0
1778533114,4,POST,chat/short,0.000000,0.000000,0,0,0,0,0,0,0,0,0,0,0,2,0,10.343469002691563,16.814293499919586,10.343469002691563,23.28511799714761,0.0
1778533114,4,,Aggregated,0.200000,0.000000,0,0,0,0,0,0,0,0,0,0,0,72,0,16,16.09702399905978,7.663039999897592,40.62611600238597,0.0
1778533115,4,POST,chat/long,0.200000,0.000000,0,0,0,0,0,0,0,0,0,0,0,67,0,16,16.38457664082682,7.663039999897592,40.62611600238597,0.0
1778533115,4,POST,chat/medium,0.000000,0.000000,0,0,0,0,0,0,0,0,0,0,0,3,0,9,9.196835332356082,7.709828998486046,10.837547997653019,0.0
1778533115,4,POST,chat/short,0.000000,0.000000,0,0,0,0,0,0,0,0,0,0,0,2,0,10.343469002691563,16.814293499919586,10.343469002691563,23.28511799714761,0.0
1778533115,4,,Aggregated,0.200000,0.000000,0,0,0,0,0,0,0,0,0,0,0,72,0,16,16.09702399905978,7.663039999897592,40.62611600238597,0.0
1778533116,4,POST,chat/long,0.200000,0.000000,0,0,0,0,0,0,0,0,0,0,0,67,0,16,16.38457664082682,7.663039999897592,40.62611600238597,0.0
1778533116,4,POST,chat/medium,0.000000,0.000000,0,0,0,0,0,0,0,0,0,0,0,3,0,9,9.196835332356082,7.709828998486046,10.837547997653019,0.0
1778533116,4,POST,chat/short,0.000000,0.000000,0,0,0,0,0,0,0,0,0,0,0,2,0,10.343469002691563,16.814293499919586,10.343469002691563,23.28511799714761,0.0
1778533116,4,,Aggregated,0.200000,0.000000,0,0,0,0,0,0,0,0,0,0,0,72,0,16,16.09702399905978,7.663039999897592,40.62611600238597,0.0
1778533117,4,POST,chat/long,0.200000,0.000000,0,0,0,0,0,0,0,0,0,0,0,67,0,16,16.38457664082682,7.663039999897592,40.62611600238597,0.0
1778533117,4,POST,chat/medium,0.000000,0.000000,0,0,0,0,0,0,0,0,0,0,0,3,0,9,9.196835332356082,7.709828998486046,10.837547997653019,0.0
1778533117,4,POST,chat/short,0.000000,0.000000,0,0,0,0,0,0,0,0,0,0,0,2,0,10.343469002691563,16.814293499919586,10.343469002691563,23.28511799714761,0.0
1778533117,4,,Aggregated,0.200000,0.000000,0,0,0,0,0,0,0,0,0,0,0,72,0,16,16.09702399905978,7.663039999897592,40.62611600238597,0.0
1778533118,3,POST,chat/long,0.000000,0.000000,0,0,0,0,0,0,0,0,0,0,0,68,0,16,16.3113496166582,7.663039999897592,40.62611600238597,0.0
1778533118,3,POST,chat/medium,0.000000,0.000000,0,0,0,0,0,0,0,0,0,0,0,3,0,9,9.196835332356082,7.709828998486046,10.837547997653019,0.0
1778533118,3,POST,chat/short,0.000000,0.000000,0,0,0,0,0,0,0,0,0,0,0,2,0,10.343469002691563,16.814293499919586,10.343469002691563,23.28511799714761,0.0
1778533118,3,,Aggregated,0.000000,0.000000,0,0,0,0,0,0,0,0,0,0,0,73,0,16,16.032751601776237,7.663039999897592,40.62611600238597,0.0
1778533119,3,POST,chat/long,0.000000,0.000000,0,0,0,0,0,0,0,0,0,0,0,68,0,16,16.3113496166582,7.663039999897592,40.62611600238597,0.0
1778533119,3,POST,chat/medium,0.000000,0.000000,0,0,0,0,0,0,0,0,0,0,0,3,0,9,9.196835332356082,7.709828998486046,10.837547997653019,0.0
1778533119,3,POST,chat/short,0.000000,0.000000,0,0,0,0,0,0,0,0,0,0,0,2,0,10.343469002691563,16.814293499919586,10.343469002691563,23.28511799714761,0.0
1778533119,3,,Aggregated,0.000000,0.000000,0,0,0,0,0,0,0,0,0,0,0,73,0,16,16.032751601776237,7.663039999897592,40.62611600238597,0.0
1778533120,3,POST,chat/long,0.000000,0.000000,0,0,0,0,0,0,0,0,0,0,0,68,0,16,16.3113496166582,7.663039999897592,40.62611600238597,0.0
1778533120,3,POST,chat/medium,0.000000,0.000000,0,0,0,0,0,0,0,0,0,0,0,3,0,9,9.196835332356082,7.709828998486046,10.837547997653019,0.0
1778533120,3,POST,chat/short,0.000000,0.000000,0,0,0,0,0,0,0,0,0,0,0,2,0,10.343469002691563,16.814293499919586,10.343469002691563,23.28511799714761,0.0
1778533120,3,,Aggregated,0.000000,0.000000,0,0,0,0,0,0,0,0,0,0,0,73,0,16,16.032751601776237,7.663039999897592,40.62611600238597,0.0
1778533121,3,POST,chat/long,0.000000,0.000000,0,0,0,0,0,0,0,0,0,0,0,68,0,16,16.3113496166582,7.663039999897592,40.62611600238597,0.0
1778533121,3,POST,chat/medium,0.000000,0.000000,0,0,0,0,0,0,0,0,0,0,0,3,0,9,9.196835332356082,7.709828998486046,10.837547997653019,0.0
1778533121,3,POST,chat/short,0.000000,0.000000,0,0,0,0,0,0,0,0,0,0,0,2,0,10.343469002691563,16.814293499919586,10.343469002691563,23.28511799714761,0.0
1778533121,3,,Aggregated,0.000000,0.000000,0,0,0,0,0,0,0,0,0,0,0,73,0,16,16.032751601776237,7.663039999897592,40.62611600238597,0.0
1778533122,3,POST,chat/long,0.000000,0.000000,0,0,0,0,0,0,0,0,0,0,0,68,0,16,16.3113496166582,7.663039999897592,40.62611600238597,0.0
1778533122,3,POST,chat/medium,0.000000,0.000000,0,0,0,0,0,0,0,0,0,0,0,3,0,9,9.196835332356082,7.709828998486046,10.837547997653019,0.0
1778533122,3,POST,chat/short,0.000000,0.000000,0,0,0,0,0,0,0,0,0,0,0,2,0,10.343469002691563,16.814293499919586,10.343469002691563,23.28511799714761,0.0
1778533122,3,,Aggregated,0.000000,0.000000,0,0,0,0,0,0,0,0,0,0,0,73,0,16,16.032751601776237,7.663039999897592,40.62611600238597,0.0
1778533123,3,POST,chat/long,0.000000,0.000000,0,0,0,0,0,0,0,0,0,0,0,68,0,16,16.3113496166582,7.663039999897592,40.62611600238597,0.0
1778533123,3,POST,chat/medium,0.000000,0.000000,0,0,0,0,0,0,0,0,0,0,0,3,0,9,9.196835332356082,7.709828998486046,10.837547997653019,0.0
1778533123,3,POST,chat/short,0.000000,0.000000,0,0,0,0,0,0,0,0,0,0,0,2,0,10.343469002691563,16.814293499919586,10.343469002691563,23.28511799714761,0.0
1778533123,3,,Aggregated,0.000000,0.000000,0,0,0,0,0,0,0,0,0,0,0,73,0,16,16.032751601776237,7.663039999897592,40.62611600238597,0.0
1778533124,3,POST,chat/long,0.000000,0.000000,0,0,0,0,0,0,0,0,0,0,0,68,0,16,16.3113496166582,7.663039999897592,40.62611600238597,0.0
1778533124,3,POST,chat/medium,0.000000,0.000000,0,0,0,0,0,0,0,0,0,0,0,3,0,9,9.196835332356082,7.709828998486046,10.837547997653019,0.0
1778533124,3,POST,chat/short,0.000000,0.000000,0,0,0,0,0,0,0,0,0,0,0,2,0,10.343469002691563,16.814293499919586,10.343469002691563,23.28511799714761,0.0
1778533124,3,,Aggregated,0.000000,0.000000,0,0,0,0,0,0,0,0,0,0,0,73,0,16,16.032751601776237,7.663039999897592,40.62611600238597,0.0
1778533125,3,POST,chat/long,0.000000,0.000000,0,0,0,0,0,0,0,0,0,0,0,68,0,16,16.3113496166582,7.663039999897592,40.62611600238597,0.0
1778533125,3,POST,chat/medium,0.000000,0.000000,0,0,0,0,0,0,0,0,0,0,0,3,0,9,9.196835332356082,7.709828998486046,10.837547997653019,0.0
1778533125,3,POST,chat/short,0.000000,0.000000,0,0,0,0,0,0,0,0,0,0,0,2,0,10.343469002691563,16.814293499919586,10.343469002691563,23.28511799714761,0.0
1778533125,3,,Aggregated,0.000000,0.000000,0,0,0,0,0,0,0,0,0,0,0,73,0,16,16.032751601776237,7.663039999897592,40.62611600238597,0.0
1778533126,3,POST,chat/long,0.000000,0.000000,0,0,0,0,0,0,0,0,0,0,0,68,0,16,16.3113496166582,7.663039999897592,40.62611600238597,0.0
1778533126,3,POST,chat/medium,0.000000,0.000000,0,0,0,0,0,0,0,0,0,0,0,3,0,9,9.196835332356082,7.709828998486046,10.837547997653019,0.0
1778533126,3,POST,chat/short,0.000000,0.000000,0,0,0,0,0,0,0,0,0,0,0,2,0,10.343469002691563,16.814293499919586,10.343469002691563,23.28511799714761,0.0
1778533126,3,,Aggregated,0.000000,0.000000,0,0,0,0,0,0,0,0,0,0,0,73,0,16,16.032751601776237,7.663039999897592,40.62611600238597,0.0
1778533127,3,POST,chat/long,0.000000,0.000000,0,0,0,0,0,0,0,0,0,0,0,68,0,16,16.3113496166582,7.663039999897592,40.62611600238597,0.0
1778533127,3,POST,chat/medium,0.000000,0.000000,0,0,0,0,0,0,0,0,0,0,0,3,0,9,9.196835332356082,7.709828998486046,10.837547997653019,0.0
1778533127,3,POST,chat/short,0.000000,0.000000,0,0,0,0,0,0,0,0,0,0,0,2,0,10.343469002691563,16.814293499919586,10.343469002691563,23.28511799714761,0.0
1778533127,3,,Aggregated,0.000000,0.000000,0,0,0,0,0,0,0,0,0,0,0,73,0,16,16.032751601776237,7.663039999897592,40.62611600238597,0.0
1778533128,3,POST,chat/long,0.000000,0.000000,0,0,0,0,0,0,0,0,0,0,0,68,0,16,16.3113496166582,7.663039999897592,40.62611600238597,0.0
1778533128,3,POST,chat/medium,0.000000,0.000000,0,0,0,0,0,0,0,0,0,0,0,3,0,9,9.196835332356082,7.709828998486046,10.837547997653019,0.0
1778533128,3,POST,chat/short,0.000000,0.000000,0,0,0,0,0,0,0,0,0,0,0,2,0,10.343469002691563,16.814293499919586,10.343469002691563,23.28511799714761,0.0
1778533128,3,,Aggregated,0.000000,0.000000,0,0,0,0,0,0,0,0,0,0,0,73,0,16,16.032751601776237,7.663039999897592,40.62611600238597,0.0
1778533129,3,POST,chat/long,0.000000,0.000000,0,0,0,0,0,0,0,0,0,0,0,68,0,16,16.3113496166582,7.663039999897592,40.62611600238597,0.0
1778533129,3,POST,chat/medium,0.000000,0.000000,0,0,0,0,0,0,0,0,0,0,0,3,0,9,9.196835332356082,7.709828998486046,10.837547997653019,0.0
1778533129,3,POST,chat/short,0.000000,0.000000,0,0,0,0,0,0,0,0,0,0,0,2,0,10.343469002691563,16.814293499919586,10.343469002691563,23.28511799714761,0.0
1778533129,3,,Aggregated,0.000000,0.000000,0,0,0,0,0,0,0,0,0,0,0,73,0,16,16.032751601776237,7.663039999897592,40.62611600238597,0.0
1778533130,3,POST,chat/long,0.000000,0.000000,0,0,0,0,0,0,0,0,0,0,0,68,0,16,16.3113496166582,7.663039999897592,40.62611600238597,0.0
1778533130,3,POST,chat/medium,0.000000,0.000000,0,0,0,0,0,0,0,0,0,0,0,3,0,9,9.196835332356082,7.709828998486046,10.837547997653019,0.0
1778533130,3,POST,chat/short,0.000000,0.000000,0,0,0,0,0,0,0,0,0,0,0,2,0,10.343469002691563,16.814293499919586,10.343469002691563,23.28511799714761,0.0
1778533130,3,,Aggregated,0.000000,0.000000,0,0,0,0,0,0,0,0,0,0,0,73,0,16,16.032751601776237,7.663039999897592,40.62611600238597,0.0
1778533131,3,POST,chat/long,0.000000,0.000000,0,0,0,0,0,0,0,0,0,0,0,68,0,16,16.3113496166582,7.663039999897592,40.62611600238597,0.0
1778533131,3,POST,chat/medium,0.000000,0.000000,0,0,0,0,0,0,0,0,0,0,0,3,0,9,9.196835332356082,7.709828998486046,10.837547997653019,0.0
1778533131,3,POST,chat/short,0.000000,0.000000,0,0,0,0,0,0,0,0,0,0,0,2,0,10.343469002691563,16.814293499919586,10.343469002691563,23.28511799714761,0.0
1778533131,3,,Aggregated,0.000000,0.000000,0,0,0,0,0,0,0,0,0,0,0,73,0,16,16.032751601776237,7.663039999897592,40.62611600238597,0.0
1778533132,3,POST,chat/long,0.000000,0.000000,0,0,0,0,0,0,0,0,0,0,0,68,0,16,16.3113496166582,7.663039999897592,40.62611600238597,0.0
1778533132,3,POST,chat/medium,0.000000,0.000000,0,0,0,0,0,0,0,0,0,0,0,3,0,9,9.196835332356082,7.709828998486046,10.837547997653019,0.0
1778533132,3,POST,chat/short,0.000000,0.000000,0,0,0,0,0,0,0,0,0,0,0,2,0,10.343469002691563,16.814293499919586,10.343469002691563,23.28511799714761,0.0
1778533132,3,,Aggregated,0.000000,0.000000,0,0,0,0,0,0,0,0,0,0,0,73,0,16,16.032751601776237,7.663039999897592,40.62611600238597,0.0
1778533133,3,POST,chat/long,0.000000,0.000000,0,0,0,0,0,0,0,0,0,0,0,68,0,16,16.3113496166582,7.663039999897592,40.62611600238597,0.0
1778533133,3,POST,chat/medium,0.000000,0.000000,0,0,0,0,0,0,0,0,0,0,0,3,0,9,9.196835332356082,7.709828998486046,10.837547997653019,0.0
1778533133,3,POST,chat/short,0.000000,0.000000,0,0,0,0,0,0,0,0,0,0,0,2,0,10.343469002691563,16.814293499919586,10.343469002691563,23.28511799714761,0.0
1778533133,3,,Aggregated,0.000000,0.000000,0,0,0,0,0,0,0,0,0,0,0,73,0,16,16.032751601776237,7.663039999897592,40.62611600238597,0.0
1778533134,3,POST,chat/long,0.000000,0.000000,0,0,0,0,0,0,0,0,0,0,0,68,0,16,16.3113496166582,7.663039999897592,40.62611600238597,0.0
1778533134,3,POST,chat/medium,0.000000,0.000000,0,0,0,0,0,0,0,0,0,0,0,3,0,9,9.196835332356082,7.709828998486046,10.837547997653019,0.0
1778533134,3,POST,chat/short,0.000000,0.000000,0,0,0,0,0,0,0,0,0,0,0,2,0,10.343469002691563,16.814293499919586,10.343469002691563,23.28511799714761,0.0
1778533134,3,,Aggregated,0.000000,0.000000,0,0,0,0,0,0,0,0,0,0,0,73,0,16,16.032751601776237,7.663039999897592,40.62611600238597,0.0
1778533135,3,POST,chat/long,0.000000,0.000000,0,0,0,0,0,0,0,0,0,0,0,68,0,16,16.3113496166582,7.663039999897592,40.62611600238597,0.0
1778533135,3,POST,chat/medium,0.000000,0.000000,0,0,0,0,0,0,0,0,0,0,0,3,0,9,9.196835332356082,7.709828998486046,10.837547997653019,0.0
1778533135,3,POST,chat/short,0.000000,0.000000,0,0,0,0,0,0,0,0,0,0,0,2,0,10.343469002691563,16.814293499919586,10.343469002691563,23.28511799714761,0.0
1778533135,3,,Aggregated,0.000000,0.000000,0,0,0,0,0,0,0,0,0,0,0,73,0,16,16.032751601776237,7.663039999897592,40.62611600238597,0.0
1778533136,3,POST,chat/long,0.000000,0.000000,0,0,0,0,0,0,0,0,0,0,0,68,0,16,16.3113496166582,7.663039999897592,40.62611600238597,0.0
1778533136,3,POST,chat/medium,0.000000,0.000000,0,0,0,0,0,0,0,0,0,0,0,3,0,9,9.196835332356082,7.709828998486046,10.837547997653019,0.0
1778533136,3,POST,chat/short,0.000000,0.000000,0,0,0,0,0,0,0,0,0,0,0,2,0,10.343469002691563,16.814293499919586,10.343469002691563,23.28511799714761,0.0
1778533136,3,,Aggregated,0.000000,0.000000,0,0,0,0,0,0,0,0,0,0,0,73,0,16,16.032751601776237,7.663039999897592,40.62611600238597,0.0
1778533137,3,POST,chat/long,0.000000,0.000000,0,0,0,0,0,0,0,0,0,0,0,68,0,16,16.3113496166582,7.663039999897592,40.62611600238597,0.0
1778533137,3,POST,chat/medium,0.000000,0.000000,0,0,0,0,0,0,0,0,0,0,0,3,0,9,9.196835332356082,7.709828998486046,10.837547997653019,0.0
1778533137,3,POST,chat/short,0.000000,0.000000,0,0,0,0,0,0,0,0,0,0,0,2,0,10.343469002691563,16.814293499919586,10.343469002691563,23.28511799714761,0.0
1778533137,3,,Aggregated,0.000000,0.000000,0,0,0,0,0,0,0,0,0,0,0,73,0,16,16.032751601776237,7.663039999897592,40.62611600238597,0.0
1778533138,3,POST,chat/long,0.000000,0.000000,0,0,0,0,0,0,0,0,0,0,0,68,0,16,16.3113496166582,7.663039999897592,40.62611600238597,0.0
1778533138,3,POST,chat/medium,0.000000,0.000000,0,0,0,0,0,0,0,0,0,0,0,3,0,9,9.196835332356082,7.709828998486046,10.837547997653019,0.0
1778533138,3,POST,chat/short,0.000000,0.000000,0,0,0,0,0,0,0,0,0,0,0,2,0,10.343469002691563,16.814293499919586,10.343469002691563,23.28511799714761,0.0
1778533138,3,,Aggregated,0.000000,0.000000,0,0,0,0,0,0,0,0,0,0,0,73,0,16,16.032751601776237,7.663039999897592,40.62611600238597,0.0
1778533139,2,POST,chat/long,0.000000,0.000000,0,0,0,0,0,0,0,0,0,0,0,69,0,16,16.296449897577144,7.663039999897592,40.62611600238597,0.0
1778533139,2,POST,chat/medium,0.000000,0.000000,0,0,0,0,0,0,0,0,0,0,0,3,0,9,9.196835332356082,7.709828998486046,10.837547997653019,0.0
1778533139,2,POST,chat/short,0.000000,0.000000,0,0,0,0,0,0,0,0,0,0,0,2,0,10.343469002691563,16.814293499919586,10.343469002691563,23.28511799714761,0.0
1778533139,2,,Aggregated,0.000000,0.000000,0,0,0,0,0,0,0,0,0,0,0,74,0,15,16.02262345850987,7.663039999897592,40.62611600238597,0.0
1778533140,1,POST,chat/long,0.000000,0.000000,0,0,0,0,0,0,0,0,0,0,0,69,0,16,16.296449897577144,7.663039999897592,40.62611600238597,0.0
1778533140,1,POST,chat/medium,0.000000,0.000000,0,0,0,0,0,0,0,0,0,0,0,3,0,9,9.196835332356082,7.709828998486046,10.837547997653019,0.0
1778533140,1,POST,chat/short,0.000000,0.000000,0,0,0,0,0,0,0,0,0,0,0,2,0,10.343469002691563,16.814293499919586,10.343469002691563,23.28511799714761,0.0
1778533140,1,,Aggregated,0.000000,0.000000,0,0,0,0,0,0,0,0,0,0,0,74,0,15,16.02262345850987,7.663039999897592,40.62611600238597,0.0
1778533141,1,POST,chat/long,0.000000,0.000000,0,0,0,0,0,0,0,0,0,0,0,69,0,16,16.296449897577144,7.663039999897592,40.62611600238597,0.0
1778533141,1,POST,chat/medium,0.000000,0.000000,0,0,0,0,0,0,0,0,0,0,0,3,0,9,9.196835332356082,7.709828998486046,10.837547997653019,0.0
1778533141,1,POST,chat/short,0.000000,0.000000,0,0,0,0,0,0,0,0,0,0,0,2,0,10.343469002691563,16.814293499919586,10.343469002691563,23.28511799714761,0.0
1778533141,1,,Aggregated,0.000000,0.000000,0,0,0,0,0,0,0,0,0,0,0,74,0,15,16.02262345850987,7.663039999897592,40.62611600238597,0.0
1778533142,1,POST,chat/long,0.000000,0.000000,0,0,0,0,0,0,0,0,0,0,0,69,0,16,16.296449897577144,7.663039999897592,40.62611600238597,0.0
1778533142,1,POST,chat/medium,0.000000,0.000000,0,0,0,0,0,0,0,0,0,0,0,3,0,9,9.196835332356082,7.709828998486046,10.837547997653019,0.0
1778533142,1,POST,chat/short,0.000000,0.000000,0,0,0,0,0,0,0,0,0,0,0,2,0,10.343469002691563,16.814293499919586,10.343469002691563,23.28511799714761,0.0
1778533142,1,,Aggregated,0.000000,0.000000,0,0,0,0,0,0,0,0,0,0,0,74,0,15,16.02262345850987,7.663039999897592,40.62611600238597,0.0
1778533143,1,POST,chat/long,0.000000,0.000000,0,0,0,0,0,0,0,0,0,0,0,69,0,16,16.296449897577144,7.663039999897592,40.62611600238597,0.0
1778533143,1,POST,chat/medium,0.000000,0.000000,0,0,0,0,0,0,0,0,0,0,0,3,0,9,9.196835332356082,7.709828998486046,10.837547997653019,0.0
1778533143,1,POST,chat/short,0.000000,0.000000,0,0,0,0,0,0,0,0,0,0,0,2,0,10.343469002691563,16.814293499919586,10.343469002691563,23.28511799714761,0.0
1778533143,1,,Aggregated,0.000000,0.000000,0,0,0,0,0,0,0,0,0,0,0,74,0,15,16.02262345850987,7.663039999897592,40.62611600238597,0.0
1778533144,1,POST,chat/long,0.000000,0.000000,0,0,0,0,0,0,0,0,0,0,0,69,0,16,16.296449897577144,7.663039999897592,40.62611600238597,0.0
1778533144,1,POST,chat/medium,0.000000,0.000000,0,0,0,0,0,0,0,0,0,0,0,3,0,9,9.196835332356082,7.709828998486046,10.837547997653019,0.0
1778533144,1,POST,chat/short,0.000000,0.000000,0,0,0,0,0,0,0,0,0,0,0,2,0,10.343469002691563,16.814293499919586,10.343469002691563,23.28511799714761,0.0
1778533144,1,,Aggregated,0.000000,0.000000,0,0,0,0,0,0,0,0,0,0,0,74,0,15,16.02262345850987,7.663039999897592,40.62611600238597,0.0
1778533145,1,POST,chat/long,0.000000,0.000000,0,0,0,0,0,0,0,0,0,0,0,69,0,16,16.296449897577144,7.663039999897592,40.62611600238597,0.0
1778533145,1,POST,chat/medium,0.000000,0.000000,0,0,0,0,0,0,0,0,0,0,0,3,0,9,9.196835332356082,7.709828998486046,10.837547997653019,0.0
1778533145,1,POST,chat/short,0.000000,0.000000,0,0,0,0,0,0,0,0,0,0,0,2,0,10.343469002691563,16.814293499919586,10.343469002691563,23.28511799714761,0.0
1778533145,1,,Aggregated,0.000000,0.000000,0,0,0,0,0,0,0,0,0,0,0,74,0,15,16.02262345850987,7.663039999897592,40.62611600238597,0.0
1778533146,1,POST,chat/long,0.000000,0.000000,0,0,0,0,0,0,0,0,0,0,0,69,0,16,16.296449897577144,7.663039999897592,40.62611600238597,0.0
1778533146,1,POST,chat/medium,0.000000,0.000000,0,0,0,0,0,0,0,0,0,0,0,3,0,9,9.196835332356082,7.709828998486046,10.837547997653019,0.0
1778533146,1,POST,chat/short,0.000000,0.000000,0,0,0,0,0,0,0,0,0,0,0,2,0,10.343469002691563,16.814293499919586,10.343469002691563,23.28511799714761,0.0
1778533146,1,,Aggregated,0.000000,0.000000,0,0,0,0,0,0,0,0,0,0,0,74,0,15,16.02262345850987,7.663039999897592,40.62611600238597,0.0
1778533147,1,POST,chat/long,0.000000,0.000000,0,0,0,0,0,0,0,0,0,0,0,69,0,16,16.296449897577144,7.663039999897592,40.62611600238597,0.0
1778533147,1,POST,chat/medium,0.000000,0.000000,0,0,0,0,0,0,0,0,0,0,0,3,0,9,9.196835332356082,7.709828998486046,10.837547997653019,0.0
1778533147,1,POST,chat/short,0.000000,0.000000,0,0,0,0,0,0,0,0,0,0,0,2,0,10.343469002691563,16.814293499919586,10.343469002691563,23.28511799714761,0.0
1778533147,1,,Aggregated,0.000000,0.000000,0,0,0,0,0,0,0,0,0,0,0,74,0,15,16.02262345850987,7.663039999897592,40.62611600238597,0.0
1778533148,1,POST,chat/long,0.000000,0.000000,0,0,0,0,0,0,0,0,0,0,0,69,0,16,16.296449897577144,7.663039999897592,40.62611600238597,0.0
1778533148,1,POST,chat/medium,0.000000,0.000000,0,0,0,0,0,0,0,0,0,0,0,3,0,9,9.196835332356082,7.709828998486046,10.837547997653019,0.0
1778533148,1,POST,chat/short,0.000000,0.000000,0,0,0,0,0,0,0,0,0,0,0,2,0,10.343469002691563,16.814293499919586,10.343469002691563,23.28511799714761,0.0
1778533148,1,,Aggregated,0.000000,0.000000,0,0,0,0,0,0,0,0,0,0,0,74,0,15,16.02262345850987,7.663039999897592,40.62611600238597,0.0
1778533149,1,POST,chat/long,0.000000,0.000000,0,0,0,0,0,0,0,0,0,0,0,69,0,16,16.296449897577144,7.663039999897592,40.62611600238597,0.0
1778533149,1,POST,chat/medium,0.000000,0.000000,0,0,0,0,0,0,0,0,0,0,0,3,0,9,9.196835332356082,7.709828998486046,10.837547997653019,0.0
1778533149,1,POST,chat/short,0.000000,0.000000,0,0,0,0,0,0,0,0,0,0,0,2,0,10.343469002691563,16.814293499919586,10.343469002691563,23.28511799714761,0.0
1778533149,1,,Aggregated,0.000000,0.000000,0,0,0,0,0,0,0,0,0,0,0,74,0,15,16.02262345850987,7.663039999897592,40.62611600238597,0.0
1778533150,1,POST,chat/long,0.000000,0.000000,0,0,0,0,0,0,0,0,0,0,0,69,0,16,16.296449897577144,7.663039999897592,40.62611600238597,0.0
1778533150,1,POST,chat/medium,0.000000,0.000000,0,0,0,0,0,0,0,0,0,0,0,3,0,9,9.196835332356082,7.709828998486046,10.837547997653019,0.0
1778533150,1,POST,chat/short,0.000000,0.000000,0,0,0,0,0,0,0,0,0,0,0,2,0,10.343469002691563,16.814293499919586,10.343469002691563,23.28511799714761,0.0
1778533150,1,,Aggregated,0.000000,0.000000,0,0,0,0,0,0,0,0,0,0,0,74,0,15,16.02262345850987,7.663039999897592,40.62611600238597,0.0
1778533151,1,POST,chat/long,0.000000,0.000000,0,0,0,0,0,0,0,0,0,0,0,69,0,16,16.296449897577144,7.663039999897592,40.62611600238597,0.0
1778533151,1,POST,chat/medium,0.000000,0.000000,0,0,0,0,0,0,0,0,0,0,0,3,0,9,9.196835332356082,7.709828998486046,10.837547997653019,0.0
1778533151,1,POST,chat/short,0.000000,0.000000,0,0,0,0,0,0,0,0,0,0,0,2,0,10.343469002691563,16.814293499919586,10.343469002691563,23.28511799714761,0.0
1778533151,1,,Aggregated,0.000000,0.000000,0,0,0,0,0,0,0,0,0,0,0,74,0,15,16.02262345850987,7.663039999897592,40.62611600238597,0.0
1778533152,1,POST,chat/long,0.000000,0.000000,0,0,0,0,0,0,0,0,0,0,0,69,0,16,16.296449897577144,7.663039999897592,40.62611600238597,0.0
1778533152,1,POST,chat/medium,0.000000,0.000000,0,0,0,0,0,0,0,0,0,0,0,3,0,9,9.196835332356082,7.709828998486046,10.837547997653019,0.0
1778533152,1,POST,chat/short,0.000000,0.000000,0,0,0,0,0,0,0,0,0,0,0,2,0,10.343469002691563,16.814293499919586,10.343469002691563,23.28511799714761,0.0
1778533152,1,,Aggregated,0.000000,0.000000,0,0,0,0,0,0,0,0,0,0,0,74,0,15,16.02262345850987,7.663039999897592,40.62611600238597,0.0
1778533153,1,POST,chat/long,0.000000,0.000000,0,0,0,0,0,0,0,0,0,0,0,69,0,16,16.296449897577144,7.663039999897592,40.62611600238597,0.0
1778533153,1,POST,chat/medium,0.000000,0.000000,0,0,0,0,0,0,0,0,0,0,0,3,0,9,9.196835332356082,7.709828998486046,10.837547997653019,0.0
1778533153,1,POST,chat/short,0.000000,0.000000,0,0,0,0,0,0,0,0,0,0,0,2,0,10.343469002691563,16.814293499919586,10.343469002691563,23.28511799714761,0.0
1778533153,1,,Aggregated,0.000000,0.000000,0,0,0,0,0,0,0,0,0,0,0,74,0,15,16.02262345850987,7.663039999897592,40.62611600238597,0.0
1778533154,1,POST,chat/long,0.000000,0.000000,0,0,0,0,0,0,0,0,0,0,0,69,0,16,16.296449897577144,7.663039999897592,40.62611600238597,0.0
1778533154,1,POST,chat/medium,0.000000,0.000000,0,0,0,0,0,0,0,0,0,0,0,3,0,9,9.196835332356082,7.709828998486046,10.837547997653019,0.0
1778533154,1,POST,chat/short,0.000000,0.000000,0,0,0,0,0,0,0,0,0,0,0,2,0,10.343469002691563,16.814293499919586,10.343469002691563,23.28511799714761,0.0
1778533154,1,,Aggregated,0.000000,0.000000,0,0,0,0,0,0,0,0,0,0,0,74,0,15,16.02262345850987,7.663039999897592,40.62611600238597,0.0
1778533155,1,POST,chat/long,0.000000,0.000000,0,0,0,0,0,0,0,0,0,0,0,69,0,16,16.296449897577144,7.663039999897592,40.62611600238597,0.0
1778533155,1,POST,chat/medium,0.000000,0.000000,0,0,0,0,0,0,0,0,0,0,0,3,0,9,9.196835332356082,7.709828998486046,10.837547997653019,0.0
1778533155,1,POST,chat/short,0.000000,0.000000,0,0,0,0,0,0,0,0,0,0,0,2,0,10.343469002691563,16.814293499919586,10.343469002691563,23.28511799714761,0.0
1778533155,1,,Aggregated,0.000000,0.000000,0,0,0,0,0,0,0,0,0,0,0,74,0,15,16.02262345850987,7.663039999897592,40.62611600238597,0.0
1778533156,1,POST,chat/long,0.000000,0.000000,0,0,0,0,0,0,0,0,0,0,0,69,0,16,16.296449897577144,7.663039999897592,40.62611600238597,0.0
1778533156,1,POST,chat/medium,0.000000,0.000000,0,0,0,0,0,0,0,0,0,0,0,3,0,9,9.196835332356082,7.709828998486046,10.837547997653019,0.0
1778533156,1,POST,chat/short,0.000000,0.000000,0,0,0,0,0,0,0,0,0,0,0,2,0,10.343469002691563,16.814293499919586,10.343469002691563,23.28511799714761,0.0
1778533156,1,,Aggregated,0.000000,0.000000,0,0,0,0,0,0,0,0,0,0,0,74,0,15,16.02262345850987,7.663039999897592,40.62611600238597,0.0
1778533157,1,POST,chat/long,0.000000,0.000000,0,0,0,0,0,0,0,0,0,0,0,69,0,16,16.296449897577144,7.663039999897592,40.62611600238597,0.0
1778533157,1,POST,chat/medium,0.000000,0.000000,0,0,0,0,0,0,0,0,0,0,0,3,0,9,9.196835332356082,7.709828998486046,10.837547997653019,0.0
1778533157,1,POST,chat/short,0.000000,0.000000,0,0,0,0,0,0,0,0,0,0,0,2,0,10.343469002691563,16.814293499919586,10.343469002691563,23.28511799714761,0.0
1778533157,1,,Aggregated,0.000000,0.000000,0,0,0,0,0,0,0,0,0,0,0,74,0,15,16.02262345850987,7.663039999897592,40.62611600238597,0.0
1778533158,1,POST,chat/long,0.000000,0.000000,0,0,0,0,0,0,0,0,0,0,0,69,0,16,16.296449897577144,7.663039999897592,40.62611600238597,0.0
1778533158,1,POST,chat/medium,0.000000,0.000000,0,0,0,0,0,0,0,0,0,0,0,3,0,9,9.196835332356082,7.709828998486046,10.837547997653019,0.0
1778533158,1,POST,chat/short,0.000000,0.000000,0,0,0,0,0,0,0,0,0,0,0,2,0,10.343469002691563,16.814293499919586,10.343469002691563,23.28511799714761,0.0
1778533158,1,,Aggregated,0.000000,0.000000,0,0,0,0,0,0,0,0,0,0,0,74,0,15,16.02262345850987,7.663039999897592,40.62611600238597,0.0
1778533159,1,POST,chat/long,0.000000,0.000000,0,0,0,0,0,0,0,0,0,0,0,69,0,16,16.296449897577144,7.663039999897592,40.62611600238597,0.0
1778533159,1,POST,chat/medium,0.000000,0.000000,0,0,0,0,0,0,0,0,0,0,0,3,0,9,9.196835332356082,7.709828998486046,10.837547997653019,0.0
1778533159,1,POST,chat/short,0.000000,0.000000,0,0,0,0,0,0,0,0,0,0,0,2,0,10.343469002691563,16.814293499919586,10.343469002691563,23.28511799714761,0.0
1778533159,1,,Aggregated,0.000000,0.000000,0,0,0,0,0,0,0,0,0,0,0,74,0,15,16.02262345850987,7.663039999897592,40.62611600238597,0.0
1778533160,1,POST,chat/long,0.000000,0.000000,0,0,0,0,0,0,0,0,0,0,0,69,0,16,16.296449897577144,7.663039999897592,40.62611600238597,0.0
1778533160,1,POST,chat/medium,0.000000,0.000000,0,0,0,0,0,0,0,0,0,0,0,3,0,9,9.196835332356082,7.709828998486046,10.837547997653019,0.0
1778533160,1,POST,chat/short,0.000000,0.000000,0,0,0,0,0,0,0,0,0,0,0,2,0,10.343469002691563,16.814293499919586,10.343469002691563,23.28511799714761,0.0
1778533160,1,,Aggregated,0.000000,0.000000,0,0,0,0,0,0,0,0,0,0,0,74,0,15,16.02262345850987,7.663039999897592,40.62611600238597,0.0
1778533161,1,POST,chat/long,0.000000,0.000000,0,0,0,0,0,0,0,0,0,0,0,69,0,16,16.296449897577144,7.663039999897592,40.62611600238597,0.0
1778533161,1,POST,chat/medium,0.000000,0.000000,0,0,0,0,0,0,0,0,0,0,0,3,0,9,9.196835332356082,7.709828998486046,10.837547997653019,0.0
1778533161,1,POST,chat/short,0.000000,0.000000,0,0,0,0,0,0,0,0,0,0,0,2,0,10.343469002691563,16.814293499919586,10.343469002691563,23.28511799714761,0.0
1778533161,1,,Aggregated,0.000000,0.000000,0,0,0,0,0,0,0,0,0,0,0,74,0,15,16.02262345850987,7.663039999897592,40.62611600238597,0.0
1778533162,1,POST,chat/long,0.000000,0.000000,0,0,0,0,0,0,0,0,0,0,0,69,0,16,16.296449897577144,7.663039999897592,40.62611600238597,0.0
1778533162,1,POST,chat/medium,0.000000,0.000000,0,0,0,0,0,0,0,0,0,0,0,3,0,9,9.196835332356082,7.709828998486046,10.837547997653019,0.0
1778533162,1,POST,chat/short,0.000000,0.000000,0,0,0,0,0,0,0,0,0,0,0,2,0,10.343469002691563,16.814293499919586,10.343469002691563,23.28511799714761,0.0
1778533162,1,,Aggregated,0.000000,0.000000,0,0,0,0,0,0,0,0,0,0,0,74,0,15,16.02262345850987,7.663039999897592,40.62611600238597,0.0
1778533163,1,POST,chat/long,0.000000,0.000000,0,0,0,0,0,0,0,0,0,0,0,69,0,16,16.296449897577144,7.663039999897592,40.62611600238597,0.0
1778533163,1,POST,chat/medium,0.000000,0.000000,0,0,0,0,0,0,0,0,0,0,0,3,0,9,9.196835332356082,7.709828998486046,10.837547997653019,0.0
1778533163,1,POST,chat/short,0.000000,0.000000,0,0,0,0,0,0,0,0,0,0,0,2,0,10.343469002691563,16.814293499919586,10.343469002691563,23.28511799714761,0.0
1778533163,1,,Aggregated,0.000000,0.000000,0,0,0,0,0,0,0,0,0,0,0,74,0,15,16.02262345850987,7.663039999897592,40.62611600238597,0.0
1778533164,1,POST,chat/long,0.000000,0.000000,0,0,0,0,0,0,0,0,0,0,0,69,0,16,16.296449897577144,7.663039999897592,40.62611600238597,0.0
1778533164,1,POST,chat/medium,0.000000,0.000000,0,0,0,0,0,0,0,0,0,0,0,3,0,9,9.196835332356082,7.709828998486046,10.837547997653019,0.0
1778533164,1,POST,chat/short,0.000000,0.000000,0,0,0,0,0,0,0,0,0,0,0,2,0,10.343469002691563,16.814293499919586,10.343469002691563,23.28511799714761,0.0
1778533164,1,,Aggregated,0.000000,0.000000,0,0,0,0,0,0,0,0,0,0,0,74,0,15,16.02262345850987,7.663039999897592,40.62611600238597,0.0
1778533165,1,POST,chat/long,0.000000,0.000000,0,0,0,0,0,0,0,0,0,0,0,69,0,16,16.296449897577144,7.663039999897592,40.62611600238597,0.0
1778533165,1,POST,chat/medium,0.000000,0.000000,0,0,0,0,0,0,0,0,0,0,0,3,0,9,9.196835332356082,7.709828998486046,10.837547997653019,0.0
1778533165,1,POST,chat/short,0.000000,0.000000,0,0,0,0,0,0,0,0,0,0,0,2,0,10.343469002691563,16.814293499919586,10.343469002691563,23.28511799714761,0.0
1778533165,1,,Aggregated,0.000000,0.000000,0,0,0,0,0,0,0,0,0,0,0,74,0,15,16.02262345850987,7.663039999897592,40.62611600238597,0.0
1778533166,1,POST,chat/long,0.000000,0.000000,0,0,0,0,0,0,0,0,0,0,0,69,0,16,16.296449897577144,7.663039999897592,40.62611600238597,0.0
1778533166,1,POST,chat/medium,0.000000,0.000000,0,0,0,0,0,0,0,0,0,0,0,3,0,9,9.196835332356082,7.709828998486046,10.837547997653019,0.0
1778533166,1,POST,chat/short,0.000000,0.000000,0,0,0,0,0,0,0,0,0,0,0,2,0,10.343469002691563,16.814293499919586,10.343469002691563,23.28511799714761,0.0
1778533166,1,,Aggregated,0.000000,0.000000,0,0,0,0,0,0,0,0,0,0,0,74,0,15,16.02262345850987,7.663039999897592,40.62611600238597,0.0
1778533167,1,POST,chat/long,0.000000,0.000000,0,0,0,0,0,0,0,0,0,0,0,69,0,16,16.296449897577144,7.663039999897592,40.62611600238597,0.0
1778533167,1,POST,chat/medium,0.000000,0.000000,0,0,0,0,0,0,0,0,0,0,0,3,0,9,9.196835332356082,7.709828998486046,10.837547997653019,0.0
1778533167,1,POST,chat/short,0.000000,0.000000,0,0,0,0,0,0,0,0,0,0,0,2,0,10.343469002691563,16.814293499919586,10.343469002691563,23.28511799714761,0.0
1778533167,1,,Aggregated,0.000000,0.000000,0,0,0,0,0,0,0,0,0,0,0,74,0,15,16.02262345850987,7.663039999897592,40.62611600238597,0.0
1778533168,0,POST,chat/long,0.000000,0.000000,0,0,0,0,0,0,0,0,0,0,0,69,0,16,16.296449897577144,7.663039999897592,40.62611600238597,0.0
1778533168,0,POST,chat/medium,0.000000,0.000000,0,0,0,0,0,0,0,0,0,0,0,3,0,9,9.196835332356082,7.709828998486046,10.837547997653019,0.0
1778533168,0,POST,chat/short,0.000000,0.000000,0,0,0,0,0,0,0,0,0,0,0,2,0,10.343469002691563,16.814293499919586,10.343469002691563,23.28511799714761,0.0
1778533168,0,,Aggregated,0.000000,0.000000,0,0,0,0,0,0,0,0,0,0,0,74,0,15,16.02262345850987,7.663039999897592,40.62611600238597,0.0
1778533169,0,POST,chat/long,0.000000,0.000000,0,0,0,0,0,0,0,0,0,0,0,69,0,16,16.296449897577144,7.663039999897592,40.62611600238597,0.0
1778533169,0,POST,chat/medium,0.000000,0.000000,0,0,0,0,0,0,0,0,0,0,0,3,0,9,9.196835332356082,7.709828998486046,10.837547997653019,0.0
1778533169,0,POST,chat/short,0.000000,0.000000,0,0,0,0,0,0,0,0,0,0,0,2,0,10.343469002691563,16.814293499919586,10.343469002691563,23.28511799714761,0.0
1778533169,0,,Aggregated,0.000000,0.000000,0,0,0,0,0,0,0,0,0,0,0,74,0,15,16.02262345850987,7.663039999897592,40.62611600238597,0.0
1778533170,0,POST,chat/long,0.000000,0.000000,0,0,0,0,0,0,0,0,0,0,0,69,0,16,16.296449897577144,7.663039999897592,40.62611600238597,0.0
1778533170,0,POST,chat/medium,0.000000,0.000000,0,0,0,0,0,0,0,0,0,0,0,3,0,9,9.196835332356082,7.709828998486046,10.837547997653019,0.0
1778533170,0,POST,chat/short,0.000000,0.000000,0,0,0,0,0,0,0,0,0,0,0,2,0,10.343469002691563,16.814293499919586,10.343469002691563,23.28511799714761,0.0
1778533170,0,,Aggregated,0.000000,0.000000,0,0,0,0,0,0,0,0,0,0,0,74,0,15,16.02262345850987,7.663039999897592,40.62611600238597,0.0
1778533171,0,POST,chat/long,0.000000,0.000000,0,0,0,0,0,0,0,0,0,0,0,69,0,16,16.296449897577144,7.663039999897592,40.62611600238597,0.0
1778533171,0,POST,chat/medium,0.000000,0.000000,0,0,0,0,0,0,0,0,0,0,0,3,0,9,9.196835332356082,7.709828998486046,10.837547997653019,0.0
1778533171,0,POST,chat/short,0.000000,0.000000,0,0,0,0,0,0,0,0,0,0,0,2,0,10.343469002691563,16.814293499919586,10.343469002691563,23.28511799714761,0.0
1778533171,0,,Aggregated,0.000000,0.000000,0,0,0,0,0,0,0,0,0,0,0,74,0,15,16.02262345850987,7.663039999897592,40.62611600238597,0.0
1778533172,0,POST,chat/long,0.000000,0.000000,0,0,0,0,0,0,0,0,0,0,0,69,0,16,16.296449897577144,7.663039999897592,40.62611600238597,0.0
1778533172,0,POST,chat/medium,0.000000,0.000000,0,0,0,0,0,0,0,0,0,0,0,3,0,9,9.196835332356082,7.709828998486046,10.837547997653019,0.0
1778533172,0,POST,chat/short,0.000000,0.000000,0,0,0,0,0,0,0,0,0,0,0,2,0,10.343469002691563,16.814293499919586,10.343469002691563,23.28511799714761,0.0
1778533172,0,,Aggregated,0.000000,0.000000,0,0,0,0,0,0,0,0,0,0,0,74,0,15,16.02262345850987,7.663039999897592,40.62611600238597,0.0
1778533173,0,POST,chat/long,0.000000,0.000000,0,0,0,0,0,0,0,0,0,0,0,69,0,16,16.296449897577144,7.663039999897592,40.62611600238597,0.0
1778533173,0,POST,chat/medium,0.000000,0.000000,0,0,0,0,0,0,0,0,0,0,0,3,0,9,9.196835332356082,7.709828998486046,10.837547997653019,0.0
1778533173,0,POST,chat/short,0.000000,0.000000,0,0,0,0,0,0,0,0,0,0,0,2,0,10.343469002691563,16.814293499919586,10.343469002691563,23.28511799714761,0.0
1778533173,0,,Aggregated,0.000000,0.000000,0,0,0,0,0,0,0,0,0,0,0,74,0,15,16.02262345850987,7.663039999897592,40.62611600238597,0.0
1778533174,0,POST,chat/long,0.000000,0.000000,0,0,0,0,0,0,0,0,0,0,0,69,0,16,16.296449897577144,7.663039999897592,40.62611600238597,0.0
1778533174,0,POST,chat/medium,0.000000,0.000000,0,0,0,0,0,0,0,0,0,0,0,3,0,9,9.196835332356082,7.709828998486046,10.837547997653019,0.0
1778533174,0,POST,chat/short,0.000000,0.000000,0,0,0,0,0,0,0,0,0,0,0,2,0,10.343469002691563,16.814293499919586,10.343469002691563,23.28511799714761,0.0
1778533174,0,,Aggregated,0.000000,0.000000,0,0,0,0,0,0,0,0,0,0,0,74,0,15,16.02262345850987,7.663039999897592,40.62611600238597,0.0
1778533175,0,POST,chat/long,0.000000,0.000000,0,0,0,0,0,0,0,0,0,0,0,69,0,16,16.296449897577144,7.663039999897592,40.62611600238597,0.0
1778533175,0,POST,chat/medium,0.000000,0.000000,0,0,0,0,0,0,0,0,0,0,0,3,0,9,9.196835332356082,7.709828998486046,10.837547997653019,0.0
1778533175,0,POST,chat/short,0.000000,0.000000,0,0,0,0,0,0,0,0,0,0,0,2,0,10.343469002691563,16.814293499919586,10.343469002691563,23.28511799714761,0.0
1778533175,0,,Aggregated,0.000000,0.000000,0,0,0,0,0,0,0,0,0,0,0,74,0,15,16.02262345850987,7.663039999897592,40.62611600238597,0.0
1778533176,0,POST,chat/long,0.000000,0.000000,0,0,0,0,0,0,0,0,0,0,0,69,0,16,16.296449897577144,7.663039999897592,40.62611600238597,0.0
1778533176,0,POST,chat/medium,0.000000,0.000000,0,0,0,0,0,0,0,0,0,0,0,3,0,9,9.196835332356082,7.709828998486046,10.837547997653019,0.0
1778533176,0,POST,chat/short,0.000000,0.000000,0,0,0,0,0,0,0,0,0,0,0,2,0,10.343469002691563,16.814293499919586,10.343469002691563,23.28511799714761,0.0
1778533176,0,,Aggregated,0.000000,0.000000,0,0,0,0,0,0,0,0,0,0,0,74,0,15,16.02262345850987,7.663039999897592,40.62611600238597,0.0
1778533177,0,POST,chat/long,0.000000,0.000000,0,0,0,0,0,0,0,0,0,0,0,69,0,16,16.296449897577144,7.663039999897592,40.62611600238597,0.0
1778533177,0,POST,chat/medium,0.000000,0.000000,0,0,0,0,0,0,0,0,0,0,0,3,0,9,9.196835332356082,7.709828998486046,10.837547997653019,0.0
1778533177,0,POST,chat/short,0.000000,0.000000,0,0,0,0,0,0,0,0,0,0,0,2,0,10.343469002691563,16.814293499919586,10.343469002691563,23.28511799714761,0.0
1778533177,0,,Aggregated,0.000000,0.000000,0,0,0,0,0,0,0,0,0,0,0,74,0,15,16.02262345850987,7.663039999897592,40.62611600238597,0.0
1778533178,0,POST,chat/long,0.000000,0.000000,0,0,0,0,0,0,0,0,0,0,0,69,0,16,16.296449897577144,7.663039999897592,40.62611600238597,0.0
1778533178,0,POST,chat/medium,0.000000,0.000000,0,0,0,0,0,0,0,0,0,0,0,3,0,9,9.196835332356082,7.709828998486046,10.837547997653019,0.0
1778533178,0,POST,chat/short,0.000000,0.000000,0,0,0,0,0,0,0,0,0,0,0,2,0,10.343469002691563,16.814293499919586,10.343469002691563,23.28511799714761,0.0
1778533178,0,,Aggregated,0.000000,0.000000,0,0,0,0,0,0,0,0,0,0,0,74,0,15,16.02262345850987,7.663039999897592,40.62611600238597,0.0
1778533179,0,POST,chat/long,0.000000,0.000000,0,0,0,0,0,0,0,0,0,0,0,69,0,16,16.296449897577144,7.663039999897592,40.62611600238597,0.0
1778533179,0,POST,chat/medium,0.000000,0.000000,0,0,0,0,0,0,0,0,0,0,0,3,0,9,9.196835332356082,7.709828998486046,10.837547997653019,0.0
1778533179,0,POST,chat/short,0.000000,0.000000,0,0,0,0,0,0,0,0,0,0,0,2,0,10.343469002691563,16.814293499919586,10.343469002691563,23.28511799714761,0.0
1778533179,0,,Aggregated,0.000000,0.000000,0,0,0,0,0,0,0,0,0,0,0,74,0,15,16.02262345850987,7.663039999897592,40.62611600238597,0.0
1778533180,0,POST,chat/long,0.000000,0.000000,0,0,0,0,0,0,0,0,0,0,0,69,0,16,16.296449897577144,7.663039999897592,40.62611600238597,0.0
1778533180,0,POST,chat/medium,0.000000,0.000000,0,0,0,0,0,0,0,0,0,0,0,3,0,9,9.196835332356082,7.709828998486046,10.837547997653019,0.0
1778533180,0,POST,chat/short,0.000000,0.000000,0,0,0,0,0,0,0,0,0,0,0,2,0,10.343469002691563,16.814293499919586,10.343469002691563,23.28511799714761,0.0
1778533180,0,,Aggregated,0.000000,0.000000,0,0,0,0,0,0,0,0,0,0,0,74,0,15,16.02262345850987,7.663039999897592,40.62611600238597,0.0
1778533181,0,POST,chat/long,0.000000,0.000000,0,0,0,0,0,0,0,0,0,0,0,69,0,16,16.296449897577144,7.663039999897592,40.62611600238597,0.0
1778533181,0,POST,chat/medium,0.000000,0.000000,0,0,0,0,0,0,0,0,0,0,0,3,0,9,9.196835332356082,7.709828998486046,10.837547997653019,0.0
1778533181,0,POST,chat/short,0.000000,0.000000,0,0,0,0,0,0,0,0,0,0,0,2,0,10.343469002691563,16.814293499919586,10.343469002691563,23.28511799714761,0.0
1778533181,0,,Aggregated,0.000000,0.000000,0,0,0,0,0,0,0,0,0,0,0,74,0,15,16.02262345850987,7.663039999897592,40.62611600238597,0.0
1778533182,0,POST,chat/long,0.000000,0.000000,0,0,0,0,0,0,0,0,0,0,0,69,0,16,16.296449897577144,7.663039999897592,40.62611600238597,0.0
1778533182,0,POST,chat/medium,0.000000,0.000000,0,0,0,0,0,0,0,0,0,0,0,3,0,9,9.196835332356082,7.709828998486046,10.837547997653019,0.0
1778533182,0,POST,chat/short,0.000000,0.000000,0,0,0,0,0,0,0,0,0,0,0,2,0,10.343469002691563,16.814293499919586,10.343469002691563,23.28511799714761,0.0
1778533182,0,,Aggregated,0.000000,0.000000,0,0,0,0,0,0,0,0,0,0,0,74,0,15,16.02262345850987,7.663039999897592,40.62611600238597,0.0
1778533183,0,POST,chat/long,0.000000,0.000000,0,0,0,0,0,0,0,0,0,0,0,69,0,16,16.296449897577144,7.663039999897592,40.62611600238597,0.0
1778533183,0,POST,chat/medium,0.000000,0.000000,0,0,0,0,0,0,0,0,0,0,0,3,0,9,9.196835332356082,7.709828998486046,10.837547997653019,0.0
1778533183,0,POST,chat/short,0.000000,0.000000,0,0,0,0,0,0,0,0,0,0,0,2,0,10.343469002691563,16.814293499919586,10.343469002691563,23.28511799714761,0.0
1778533183,0,,Aggregated,0.000000,0.000000,0,0,0,0,0,0,0,0,0,0,0,74,0,15,16.02262345850987,7.663039999897592,40.62611600238597,0.0
1778533184,0,POST,chat/long,0.000000,0.000000,0,0,0,0,0,0,0,0,0,0,0,69,0,16,16.296449897577144,7.663039999897592,40.62611600238597,0.0
1778533184,0,POST,chat/medium,0.000000,0.000000,0,0,0,0,0,0,0,0,0,0,0,3,0,9,9.196835332356082,7.709828998486046,10.837547997653019,0.0
1778533184,0,POST,chat/short,0.000000,0.000000,0,0,0,0,0,0,0,0,0,0,0,2,0,10.343469002691563,16.814293499919586,10.343469002691563,23.28511799714761,0.0
1778533184,0,,Aggregated,0.000000,0.000000,0,0,0,0,0,0,0,0,0,0,0,74,0,15,16.02262345850987,7.663039999897592,40.62611600238597,0.0
1778533185,0,POST,chat/long,0.000000,0.000000,0,0,0,0,0,0,0,0,0,0,0,69,0,16,16.296449897577144,7.663039999897592,40.62611600238597,0.0
1778533185,0,POST,chat/medium,0.000000,0.000000,0,0,0,0,0,0,0,0,0,0,0,3,0,9,9.196835332356082,7.709828998486046,10.837547997653019,0.0
1778533185,0,POST,chat/short,0.000000,0.000000,0,0,0,0,0,0,0,0,0,0,0,2,0,10.343469002691563,16.814293499919586,10.343469002691563,23.28511799714761,0.0
1778533185,0,,Aggregated,0.000000,0.000000,0,0,0,0,0,0,0,0,0,0,0,74,0,15,16.02262345850987,7.663039999897592,40.62611600238597,0.0
1778533186,0,POST,chat/long,0.000000,0.000000,0,0,0,0,0,0,0,0,0,0,0,69,0,16,16.296449897577144,7.663039999897592,40.62611600238597,0.0
1778533186,0,POST,chat/medium,0.000000,0.000000,0,0,0,0,0,0,0,0,0,0,0,3,0,9,9.196835332356082,7.709828998486046,10.837547997653019,0.0
1778533186,0,POST,chat/short,0.000000,0.000000,0,0,0,0,0,0,0,0,0,0,0,2,0,10.343469002691563,16.814293499919586,10.343469002691563,23.28511799714761,0.0
1778533186,0,,Aggregated,0.000000,0.000000,0,0,0,0,0,0,0,0,0,0,0,74,0,15,16.02262345850987,7.663039999897592,40.62611600238597,0.0
1778533187,0,POST,chat/long,0.000000,0.000000,0,0,0,0,0,0,0,0,0,0,0,69,0,16,16.296449897577144,7.663039999897592,40.62611600238597,0.0
1778533187,0,POST,chat/medium,0.000000,0.000000,0,0,0,0,0,0,0,0,0,0,0,3,0,9,9.196835332356082,7.709828998486046,10.837547997653019,0.0
1778533187,0,POST,chat/short,0.000000,0.000000,0,0,0,0,0,0,0,0,0,0,0,2,0,10.343469002691563,16.814293499919586,10.343469002691563,23.28511799714761,0.0
1778533187,0,,Aggregated,0.000000,0.000000,0,0,0,0,0,0,0,0,0,0,0,74,0,15,16.02262345850987,7.663039999897592,40.62611600238597,0.0
1778533188,0,POST,chat/long,0.000000,0.000000,0,0,0,0,0,0,0,0,0,0,0,69,0,16,16.296449897577144,7.663039999897592,40.62611600238597,0.0
1778533188,0,POST,chat/medium,0.000000,0.000000,0,0,0,0,0,0,0,0,0,0,0,3,0,9,9.196835332356082,7.709828998486046,10.837547997653019,0.0
1778533188,0,POST,chat/short,0.000000,0.000000,0,0,0,0,0,0,0,0,0,0,0,2,0,10.343469002691563,16.814293499919586,10.343469002691563,23.28511799714761,0.0
1778533188,0,,Aggregated,0.000000,0.000000,0,0,0,0,0,0,0,0,0,0,0,74,0,15,16.02262345850987,7.663039999897592,40.62611600238597,0.0
1778533189,0,POST,chat/long,0.000000,0.000000,0,0,0,0,0,0,0,0,0,0,0,69,0,16,16.296449897577144,7.663039999897592,40.62611600238597,0.0
1778533189,0,POST,chat/medium,0.000000,0.000000,0,0,0,0,0,0,0,0,0,0,0,3,0,9,9.196835332356082,7.709828998486046,10.837547997653019,0.0
1778533189,0,POST,chat/short,0.000000,0.000000,0,0,0,0,0,0,0,0,0,0,0,2,0,10.343469002691563,16.814293499919586,10.343469002691563,23.28511799714761,0.0
1778533189,0,,Aggregated,0.000000,0.000000,0,0,0,0,0,0,0,0,0,0,0,74,0,15,16.02262345850987,7.663039999897592,40.62611600238597,0.0
1778533190,0,POST,chat/long,0.000000,0.000000,0,0,0,0,0,0,0,0,0,0,0,69,0,16,16.296449897577144,7.663039999897592,40.62611600238597,0.0
1778533190,0,POST,chat/medium,0.000000,0.000000,0,0,0,0,0,0,0,0,0,0,0,3,0,9,9.196835332356082,7.709828998486046,10.837547997653019,0.0
1778533190,0,POST,chat/short,0.000000,0.000000,0,0,0,0,0,0,0,0,0,0,0,2,0,10.343469002691563,16.814293499919586,10.343469002691563,23.28511799714761,0.0
1778533190,0,,Aggregated,0.000000,0.000000,0,0,0,0,0,0,0,0,0,0,0,74,0,15,16.02262345850987,7.663039999897592,40.62611600238597,0.0
1778533191,0,POST,chat/long,0.000000,0.000000,0,0,0,0,0,0,0,0,0,0,0,69,0,16,16.296449897577144,7.663039999897592,40.62611600238597,0.0
1778533191,0,POST,chat/medium,0.000000,0.000000,0,0,0,0,0,0,0,0,0,0,0,3,0,9,9.196835332356082,7.709828998486046,10.837547997653019,0.0
1778533191,0,POST,chat/short,0.000000,0.000000,0,0,0,0,0,0,0,0,0,0,0,2,0,10.343469002691563,16.814293499919586,10.343469002691563,23.28511799714761,0.0
1778533191,0,,Aggregated,0.000000,0.000000,0,0,0,0,0,0,0,0,0,0,0,74,0,15,16.02262345850987,7.663039999897592,40.62611600238597,0.0
1778533192,0,POST,chat/long,0.000000,0.000000,0,0,0,0,0,0,0,0,0,0,0,69,0,16,16.296449897577144,7.663039999897592,40.62611600238597,0.0
1778533192,0,POST,chat/medium,0.000000,0.000000,0,0,0,0,0,0,0,0,0,0,0,3,0,9,9.196835332356082,7.709828998486046,10.837547997653019,0.0
1778533192,0,POST,chat/short,0.000000,0.000000,0,0,0,0,0,0,0,0,0,0,0,2,0,10.343469002691563,16.814293499919586,10.343469002691563,23.28511799714761,0.0
1778533192,0,,Aggregated,0.000000,0.000000,0,0,0,0,0,0,0,0,0,0,0,74,0,15,16.02262345850987,7.663039999897592,40.62611600238597,0.0
1778533193,0,POST,chat/long,0.000000,0.000000,0,0,0,0,0,0,0,0,0,0,0,69,0,16,16.296449897577144,7.663039999897592,40.62611600238597,0.0
1778533193,0,POST,chat/medium,0.000000,0.000000,0,0,0,0,0,0,0,0,0,0,0,3,0,9,9.196835332356082,7.709828998486046,10.837547997653019,0.0
1778533193,0,POST,chat/short,0.000000,0.000000,0,0,0,0,0,0,0,0,0,0,0,2,0,10.343469002691563,16.814293499919586,10.343469002691563,23.28511799714761,0.0
1778533193,0,,Aggregated,0.000000,0.000000,0,0,0,0,0,0,0,0,0,0,0,74,0,15,16.02262345850987,7.663039999897592,40.62611600238597,0.0
1778533194,0,POST,chat/long,0.000000,0.000000,0,0,0,0,0,0,0,0,0,0,0,69,0,16,16.296449897577144,7.663039999897592,40.62611600238597,0.0
1778533194,0,POST,chat/medium,0.000000,0.000000,0,0,0,0,0,0,0,0,0,0,0,3,0,9,9.196835332356082,7.709828998486046,10.837547997653019,0.0
1778533194,0,POST,chat/short,0.000000,0.000000,0,0,0,0,0,0,0,0,0,0,0,2,0,10.343469002691563,16.814293499919586,10.343469002691563,23.28511799714761,0.0
1778533194,0,,Aggregated,0.000000,0.000000,0,0,0,0,0,0,0,0,0,0,0,74,0,15,16.02262345850987,7.663039999897592,40.62611600238597,0.0
1778533195,0,POST,chat/long,0.000000,0.000000,0,0,0,0,0,0,0,0,0,0,0,69,0,16,16.296449897577144,7.663039999897592,40.62611600238597,0.0
1778533195,0,POST,chat/medium,0.000000,0.000000,0,0,0,0,0,0,0,0,0,0,0,3,0,9,9.196835332356082,7.709828998486046,10.837547997653019,0.0
1778533195,0,POST,chat/short,0.000000,0.000000,0,0,0,0,0,0,0,0,0,0,0,2,0,10.343469002691563,16.814293499919586,10.343469002691563,23.28511799714761,0.0
1778533195,0,,Aggregated,0.000000,0.000000,0,0,0,0,0,0,0,0,0,0,0,74,0,15,16.02262345850987,7.663039999897592,40.62611600238597,0.0
1778533196,0,POST,chat/long,0.000000,0.000000,0,0,0,0,0,0,0,0,0,0,0,69,0,16,16.296449897577144,7.663039999897592,40.62611600238597,0.0
1778533196,0,POST,chat/medium,0.000000,0.000000,0,0,0,0,0,0,0,0,0,0,0,3,0,9,9.196835332356082,7.709828998486046,10.837547997653019,0.0
1778533196,0,POST,chat/short,0.000000,0.000000,0,0,0,0,0,0,0,0,0,0,0,2,0,10.343469002691563,16.814293499919586,10.343469002691563,23.28511799714761,0.0
1778533196,0,,Aggregated,0.000000,0.000000,0,0,0,0,0,0,0,0,0,0,0,74,0,15,16.02262345850987,7.663039999897592,40.62611600238597,0.0
1778533197,0,POST,chat/long,0.000000,0.000000,0,0,0,0,0,0,0,0,0,0,0,69,0,16,16.296449897577144,7.663039999897592,40.62611600238597,0.0
1778533197,0,POST,chat/medium,0.000000,0.000000,0,0,0,0,0,0,0,0,0,0,0,3,0,9,9.196835332356082,7.709828998486046,10.837547997653019,0.0
1778533197,0,POST,chat/short,0.000000,0.000000,0,0,0,0,0,0,0,0,0,0,0,2,0,10.343469002691563,16.814293499919586,10.343469002691563,23.28511799714761,0.0
1778533197,0,,Aggregated,0.000000,0.000000,0,0,0,0,0,0,0,0,0,0,0,74,0,15,16.02262345850987,7.663039999897592,40.62611600238597,0.0
1778533198,0,POST,chat/long,0.000000,0.000000,0,0,0,0,0,0,0,0,0,0,0,69,0,16,16.296449897577144,7.663039999897592,40.62611600238597,0.0
1778533198,0,POST,chat/medium,0.000000,0.000000,0,0,0,0,0,0,0,0,0,0,0,3,0,9,9.196835332356082,7.709828998486046,10.837547997653019,0.0
1778533198,0,POST,chat/short,0.000000,0.000000,0,0,0,0,0,0,0,0,0,0,0,2,0,10.343469002691563,16.814293499919586,10.343469002691563,23.28511799714761,0.0
1778533198,0,,Aggregated,0.000000,0.000000,0,0,0,0,0,0,0,0,0,0,0,74,0,15,16.02262345850987,7.663039999897592,40.62611600238597,0.0
1778533199,0,POST,chat/long,0.000000,0.000000,0,0,0,0,0,0,0,0,0,0,0,69,0,16,16.296449897577144,7.663039999897592,40.62611600238597,0.0
1778533199,0,POST,chat/medium,0.000000,0.000000,0,0,0,0,0,0,0,0,0,0,0,3,0,9,9.196835332356082,7.709828998486046,10.837547997653019,0.0
1778533199,0,POST,chat/short,0.000000,0.000000,0,0,0,0,0,0,0,0,0,0,0,2,0,10.343469002691563,16.814293499919586,10.343469002691563,23.28511799714761,0.0
1778533199,0,,Aggregated,0.000000,0.000000,0,0,0,0,0,0,0,0,0,0,0,74,0,15,16.02262345850987,7.663039999897592,40.62611600238597,0.0
1778533200,0,,Aggregated,0.000000,0.000000,N/A,N/A,N/A,N/A,N/A,N/A,N/A,N/A,N/A,N/A,N/A,0,0,0,0.0,0,0,0
1778533201,2,,Aggregated,0.000000,0.000000,N/A,N/A,N/A,N/A,N/A,N/A,N/A,N/A,N/A,N/A,N/A,0,0,0,0.0,0,0,0
1778533202,3,,Aggregated,0.000000,0.000000,N/A,N/A,N/A,N/A,N/A,N/A,N/A,N/A,N/A,N/A,N/A,0,0,0,0.0,0,0,0
1778533203,4,,Aggregated,0.000000,0.000000,N/A,N/A,N/A,N/A,N/A,N/A,N/A,N/A,N/A,N/A,N/A,0,0,0,0.0,0,0,0
1778533204,5,,Aggregated,0.000000,0.000000,N/A,N/A,N/A,N/A,N/A,N/A,N/A,N/A,N/A,N/A,N/A,0,0,0,0.0,0,0,0
1778533205,6,,Aggregated,0.000000,0.000000,N/A,N/A,N/A,N/A,N/A,N/A,N/A,N/A,N/A,N/A,N/A,0,0,0,0.0,0,0,0
1778533206,7,,Aggregated,0.000000,0.000000,N/A,N/A,N/A,N/A,N/A,N/A,N/A,N/A,N/A,N/A,N/A,0,0,0,0.0,0,0,0
1778533207,8,,Aggregated,0.000000,0.000000,N/A,N/A,N/A,N/A,N/A,N/A,N/A,N/A,N/A,N/A,N/A,0,0,0,0.0,0,0,0
1778533208,9,,Aggregated,0.000000,0.000000,N/A,N/A,N/A,N/A,N/A,N/A,N/A,N/A,N/A,N/A,N/A,0,0,0,0.0,0,0,0
1778533209,10,,Aggregated,0.000000,0.000000,N/A,N/A,N/A,N/A,N/A,N/A,N/A,N/A,N/A,N/A,N/A,0,0,0,0.0,0,0,0
1778533210,11,,Aggregated,0.000000,0.000000,N/A,N/A,N/A,N/A,N/A,N/A,N/A,N/A,N/A,N/A,N/A,0,0,0,0.0,0,0,0
1778533211,12,,Aggregated,0.000000,0.000000,N/A,N/A,N/A,N/A,N/A,N/A,N/A,N/A,N/A,N/A,N/A,0,0,0,0.0,0,0,0
1778533212,13,,Aggregated,0.000000,0.000000,N/A,N/A,N/A,N/A,N/A,N/A,N/A,N/A,N/A,N/A,N/A,0,0,0,0.0,0,0,0
1778533213,14,,Aggregated,0.000000,0.000000,N/A,N/A,N/A,N/A,N/A,N/A,N/A,N/A,N/A,N/A,N/A,0,0,0,0.0,0,0,0
1778533214,15,,Aggregated,0.000000,0.000000,N/A,N/A,N/A,N/A,N/A,N/A,N/A,N/A,N/A,N/A,N/A,0,0,0,0.0,0,0,0
1778533215,16,,Aggregated,0.000000,0.000000,N/A,N/A,N/A,N/A,N/A,N/A,N/A,N/A,N/A,N/A,N/A,0,0,0,0.0,0,0,0
1778533216,18,,Aggregated,0.000000,0.000000,N/A,N/A,N/A,N/A,N/A,N/A,N/A,N/A,N/A,N/A,N/A,0,0,0,0.0,0,0,0
1778533217,19,,Aggregated,0.000000,0.000000,N/A,N/A,N/A,N/A,N/A,N/A,N/A,N/A,N/A,N/A,N/A,0,0,0,0.0,0,0,0
1778533218,20,,Aggregated,0.000000,0.000000,N/A,N/A,N/A,N/A,N/A,N/A,N/A,N/A,N/A,N/A,N/A,0,0,0,0.0,0,0,0
1778533219,21,,Aggregated,0.000000,0.000000,N/A,N/A,N/A,N/A,N/A,N/A,N/A,N/A,N/A,N/A,N/A,0,0,0,0.0,0,0,0
1778533220,22,,Aggregated,0.000000,0.000000,N/A,N/A,N/A,N/A,N/A,N/A,N/A,N/A,N/A,N/A,N/A,0,0,0,0.0,0,0,0
1778533221,23,,Aggregated,0.000000,0.000000,N/A,N/A,N/A,N/A,N/A,N/A,N/A,N/A,N/A,N/A,N/A,0,0,0,0.0,0,0,0
1778533222,24,,Aggregated,0.000000,0.000000,N/A,N/A,N/A,N/A,N/A,N/A,N/A,N/A,N/A,N/A,N/A,0,0,0,0.0,0,0,0
1778533223,25,,Aggregated,0.000000,0.000000,N/A,N/A,N/A,N/A,N/A,N/A,N/A,N/A,N/A,N/A,N/A,0,0,0,0.0,0,0,0
1778533224,26,,Aggregated,0.000000,0.000000,N/A,N/A,N/A,N/A,N/A,N/A,N/A,N/A,N/A,N/A,N/A,0,0,0,0.0,0,0,0
1778533225,27,,Aggregated,0.000000,0.000000,N/A,N/A,N/A,N/A,N/A,N/A,N/A,N/A,N/A,N/A,N/A,0,0,0,0.0,0,0,0
1778533226,28,,Aggregated,0.000000,0.000000,N/A,N/A,N/A,N/A,N/A,N/A,N/A,N/A,N/A,N/A,N/A,0,0,0,0.0,0,0,0
1778533227,29,,Aggregated,0.000000,0.000000,N/A,N/A,N/A,N/A,N/A,N/A,N/A,N/A,N/A,N/A,N/A,0,0,0,0.0,0,0,0
1778533228,30,,Aggregated,0.000000,0.000000,N/A,N/A,N/A,N/A,N/A,N/A,N/A,N/A,N/A,N/A,N/A,0,0,0,0.0,0,0,0
1778533229,31,,Aggregated,0.000000,0.000000,N/A,N/A,N/A,N/A,N/A,N/A,N/A,N/A,N/A,N/A,N/A,0,0,0,0.0,0,0,0
1778533230,32,POST,chat/long,0.000000,0.000000,0,0,0,0,0,0,0,0,0,0,0,1,0,13.569748000008985,13.569748000008985,13.569748000008985,13.569748000008985,0.0
1778533230,32,,Aggregated,0.000000,0.000000,0,0,0,0,0,0,0,0,0,0,0,1,0,13.569748000008985,13.569748000008985,13.569748000008985,13.569748000008985,0.0
1778533231,34,POST,chat/long,0.000000,0.000000,0,0,0,0,0,0,0,0,0,0,0,1,0,13.569748000008985,13.569748000008985,13.569748000008985,13.569748000008985,0.0
1778533231,34,,Aggregated,0.000000,0.000000,0,0,0,0,0,0,0,0,0,0,0,1,0,13.569748000008985,13.569748000008985,13.569748000008985,13.569748000008985,0.0
1778533232,35,POST,chat/long,0.000000,0.000000,0,0,0,0,0,0,0,0,0,0,0,1,0,13.569748000008985,13.569748000008985,13.569748000008985,13.569748000008985,0.0
1778533232,35,,Aggregated,0.000000,0.000000,0,0,0,0,0,0,0,0,0,0,0,1,0,13.569748000008985,13.569748000008985,13.569748000008985,13.569748000008985,0.0
1778533233,36,POST,chat/long,0.000000,0.000000,0,0,0,0,0,0,0,0,0,0,0,1,0,13.569748000008985,13.569748000008985,13.569748000008985,13.569748000008985,0.0
1778533233,36,,Aggregated,0.000000,0.000000,0,0,0,0,0,0,0,0,0,0,0,1,0,13.569748000008985,13.569748000008985,13.569748000008985,13.569748000008985,0.0
1778533234,37,POST,chat/long,0.000000,0.000000,0,0,0,0,0,0,0,0,0,0,0,1,0,13.569748000008985,13.569748000008985,13.569748000008985,13.569748000008985,0.0
1778533234,37,,Aggregated,0.000000,0.000000,0,0,0,0,0,0,0,0,0,0,0,1,0,13.569748000008985,13.569748000008985,13.569748000008985,13.569748000008985,0.0
1778533235,38,POST,chat/long,0.000000,0.000000,0,0,0,0,0,0,0,0,0,0,0,1,0,13.569748000008985,13.569748000008985,13.569748000008985,13.569748000008985,0.0
1778533235,38,,Aggregated,0.000000,0.000000,0,0,0,0,0,0,0,0,0,0,0,1,0,13.569748000008985,13.569748000008985,13.569748000008985,13.569748000008985,0.0
1778533236,39,POST,chat/long,0.000000,0.000000,0,0,0,0,0,0,0,0,0,0,0,1,0,13.569748000008985,13.569748000008985,13.569748000008985,13.569748000008985,0.0
1778533236,39,,Aggregated,0.000000,0.000000,0,0,0,0,0,0,0,0,0,0,0,1,0,13.569748000008985,13.569748000008985,13.569748000008985,13.569748000008985,0.0
1778533237,40,POST,chat/long,0.000000,0.000000,0,0,0,0,0,0,0,0,0,0,0,1,0,13.569748000008985,13.569748000008985,13.569748000008985,13.569748000008985,0.0
1778533237,40,,Aggregated,0.000000,0.000000,0,0,0,0,0,0,0,0,0,0,0,1,0,13.569748000008985,13.569748000008985,13.569748000008985,13.569748000008985,0.0
1778533238,41,POST,chat/long,0.000000,0.000000,14,14,14,14,14,14,14,14,14,14,14,1,0,13.569748000008985,13.569748000008985,13.569748000008985,13.569748000008985,0.0
1778533238,41,,Aggregated,0.000000,0.000000,0,0,0,0,0,0,0,0,0,0,0,1,0,13.569748000008985,13.569748000008985,13.569748000008985,13.569748000008985,0.0
1778533239,42,POST,chat/long,0.000000,0.000000,14,14,14,14,14,14,14,14,14,14,14,1,0,13.569748000008985,13.569748000008985,13.569748000008985,13.569748000008985,0.0
1778533239,42,,Aggregated,0.000000,0.000000,0,0,0,0,0,0,0,0,0,0,0,1,0,13.569748000008985,13.569748000008985,13.569748000008985,13.569748000008985,0.0
1778533240,43,POST,chat/long,0.000000,0.000000,14,14,14,14,14,14,14,14,14,14,14,1,0,13.569748000008985,13.569748000008985,13.569748000008985,13.569748000008985,0.0
1778533240,43,,Aggregated,0.000000,0.000000,0,0,0,0,0,0,0,0,0,0,0,1,0,13.569748000008985,13.569748000008985,13.569748000008985,13.569748000008985,0.0
1778533241,44,POST,chat/long,0.100000,0.000000,14,14,14,14,14,14,14,14,14,14,14,2,0,13.855908000550698,13.712828000279842,13.569748000008985,13.855908000550698,0.0
1778533241,44,,Aggregated,0.100000,0.000000,14,14,14,14,14,14,14,14,14,14,14,2,0,13.855908000550698,13.712828000279842,13.569748000008985,13.855908000550698,0.0
1778533242,45,POST,chat/long,0.000000,0.000000,14,14,14,14,14,14,14,14,14,14,14,3,0,13.855908000550698,11.954664999696737,8.438338998530526,13.855908000550698,0.0
1778533242,45,,Aggregated,0.000000,0.000000,8,8,8,8,8,8,8,8,8,8,8,3,0,13.855908000550698,11.954664999696737,8.438338998530526,13.855908000550698,0.0
1778533243,46,POST,chat/long,0.000000,0.000000,14,14,14,14,14,14,14,14,14,14,14,3,0,13.855908000550698,11.954664999696737,8.438338998530526,13.855908000550698,0.0
1778533243,46,,Aggregated,0.000000,0.000000,8,8,8,8,8,8,8,8,8,8,8,3,0,13.855908000550698,11.954664999696737,8.438338998530526,13.855908000550698,0.0
1778533244,47,POST,chat/long,0.000000,0.000000,8,8,8,8,8,8,8,8,8,8,8,3,0,13.855908000550698,11.954664999696737,8.438338998530526,13.855908000550698,0.0
1778533244,47,,Aggregated,0.000000,0.000000,8,8,8,8,8,8,8,8,8,8,8,3,0,13.855908000550698,11.954664999696737,8.438338998530526,13.855908000550698,0.0
1778533245,48,POST,chat/long,0.000000,0.000000,8,8,8,8,8,8,8,8,8,8,8,3,0,13.855908000550698,11.954664999696737,8.438338998530526,13.855908000550698,0.0
1778533245,48,,Aggregated,0.000000,0.000000,8,8,8,8,8,8,8,8,8,8,8,3,0,13.855908000550698,11.954664999696737,8.438338998530526,13.855908000550698,0.0
1778533246,50,POST,chat/long,0.000000,0.000000,8,8,8,8,8,8,8,8,8,8,8,3,0,13.855908000550698,11.954664999696737,8.438338998530526,13.855908000550698,0.0
1778533246,50,,Aggregated,0.000000,0.000000,8,8,8,8,8,8,8,8,8,8,8,3,0,13.855908000550698,11.954664999696737,8.438338998530526,13.855908000550698,0.0
1778533247,51,POST,chat/long,0.000000,0.000000,8,8,8,8,8,8,8,8,8,8,8,3,0,13.855908000550698,11.954664999696737,8.438338998530526,13.855908000550698,0.0
1778533247,51,,Aggregated,0.000000,0.000000,8,8,8,8,8,8,8,8,8,8,8,3,0,13.855908000550698,11.954664999696737,8.438338998530526,13.855908000550698,0.0
1778533248,52,POST,chat/long,0.000000,0.000000,8,8,8,8,8,8,8,8,8,8,8,3,0,13.855908000550698,11.954664999696737,8.438338998530526,13.855908000550698,0.0
1778533248,52,,Aggregated,0.000000,0.000000,8,8,8,8,8,8,8,8,8,8,8,3,0,13.855908000550698,11.954664999696737,8.438338998530526,13.855908000550698,0.0
1778533249,53,POST,chat/long,0.000000,0.000000,0,0,0,0,0,0,0,0,0,0,0,3,0,13.855908000550698,11.954664999696737,8.438338998530526,13.855908000550698,0.0
1778533249,53,,Aggregated,0.000000,0.000000,0,0,0,0,0,0,0,0,0,0,0,3,0,13.855908000550698,11.954664999696737,8.438338998530526,13.855908000550698,0.0
1778533250,54,POST,chat/long,0.000000,0.000000,0,0,0,0,0,0,0,0,0,0,0,3,0,13.855908000550698,11.954664999696737,8.438338998530526,13.855908000550698,0.0
1778533250,54,,Aggregated,0.000000,0.000000,0,0,0,0,0,0,0,0,0,0,0,3,0,13.855908000550698,11.954664999696737,8.438338998530526,13.855908000550698,0.0
1778533251,55,POST,chat/long,0.000000,0.000000,0,0,0,0,0,0,0,0,0,0,0,3,0,13.855908000550698,11.954664999696737,8.438338998530526,13.855908000550698,0.0
1778533251,55,,Aggregated,0.000000,0.000000,0,0,0,0,0,0,0,0,0,0,0,3,0,13.855908000550698,11.954664999696737,8.438338998530526,13.855908000550698,0.0
1778533252,56,POST,chat/long,0.000000,0.000000,0,0,0,0,0,0,0,0,0,0,0,3,0,13.855908000550698,11.954664999696737,8.438338998530526,13.855908000550698,0.0
1778533252,56,,Aggregated,0.000000,0.000000,0,0,0,0,0,0,0,0,0,0,0,3,0,13.855908000550698,11.954664999696737,8.438338998530526,13.855908000550698,0.0
1778533253,57,POST,chat/long,0.000000,0.000000,0,0,0,0,0,0,0,0,0,0,0,3,0,13.855908000550698,11.954664999696737,8.438338998530526,13.855908000550698,0.0
1778533253,57,,Aggregated,0.000000,0.000000,0,0,0,0,0,0,0,0,0,0,0,3,0,13.855908000550698,11.954664999696737,8.438338998530526,13.855908000550698,0.0
1778533254,58,POST,chat/long,0.000000,0.000000,0,0,0,0,0,0,0,0,0,0,0,3,0,13.855908000550698,11.954664999696737,8.438338998530526,13.855908000550698,0.0
1778533254,58,,Aggregated,0.000000,0.000000,0,0,0,0,0,0,0,0,0,0,0,3,0,13.855908000550698,11.954664999696737,8.438338998530526,13.855908000550698,0.0
1778533255,59,POST,chat/long,0.000000,0.000000,0,0,0,0,0,0,0,0,0,0,0,3,0,13.855908000550698,11.954664999696737,8.438338998530526,13.855908000550698,0.0
1778533255,59,,Aggregated,0.000000,0.000000,0,0,0,0,0,0,0,0,0,0,0,3,0,13.855908000550698,11.954664999696737,8.438338998530526,13.855908000550698,0.0
1778533256,60,POST,chat/long,0.000000,0.000000,0,0,0,0,0,0,0,0,0,0,0,3,0,13.855908000550698,11.954664999696737,8.438338998530526,13.855908000550698,0.0
1778533256,60,,Aggregated,0.000000,0.000000,0,0,0,0,0,0,0,0,0,0,0,3,0,13.855908000550698,11.954664999696737,8.438338998530526,13.855908000550698,0.0
1778533257,61,POST,chat/long,0.000000,0.000000,0,0,0,0,0,0,0,0,0,0,0,3,0,13.855908000550698,11.954664999696737,8.438338998530526,13.855908000550698,0.0
1778533257,61,,Aggregated,0.000000,0.000000,0,0,0,0,0,0,0,0,0,0,0,3,0,13.855908000550698,11.954664999696737,8.438338998530526,13.855908000550698,0.0
1778533258,62,POST,chat/long,0.000000,0.000000,0,0,0,0,0,0,0,0,0,0,0,3,0,13.855908000550698,11.954664999696737,8.438338998530526,13.855908000550698,0.0
1778533258,62,,Aggregated,0.000000,0.000000,0,0,0,0,0,0,0,0,0,0,0,3,0,13.855908000550698,11.954664999696737,8.438338998530526,13.855908000550698,0.0
1778533259,63,POST,chat/long,0.000000,0.000000,0,0,0,0,0,0,0,0,0,0,0,3,0,13.855908000550698,11.954664999696737,8.438338998530526,13.855908000550698,0.0
1778533259,63,POST,chat/medium,0.000000,0.000000,0,0,0,0,0,0,0,0,0,0,0,1,0,9.108378995733801,9.108378995733801,9.108378995733801,9.108378995733801,0.0
1778533259,63,,Aggregated,0.000000,0.000000,0,0,0,0,0,0,0,0,0,0,0,4,0,9,11.243093498706003,8.438338998530526,13.855908000550698,0.0
1778533260,64,POST,chat/long,0.000000,0.000000,0,0,0,0,0,0,0,0,0,0,0,3,0,13.855908000550698,11.954664999696737,8.438338998530526,13.855908000550698,0.0
1778533260,64,POST,chat/medium,0.000000,0.000000,0,0,0,0,0,0,0,0,0,0,0,1,0,9.108378995733801,9.108378995733801,9.108378995733801,9.108378995733801,0.0
1778533260,64,,Aggregated,0.000000,0.000000,0,0,0,0,0,0,0,0,0,0,0,4,0,9,11.243093498706003,8.438338998530526,13.855908000550698,0.0
1778533261,64,POST,chat/long,0.000000,0.000000,0,0,0,0,0,0,0,0,0,0,0,3,0,13.855908000550698,11.954664999696737,8.438338998530526,13.855908000550698,0.0
1778533261,64,POST,chat/medium,0.000000,0.000000,0,0,0,0,0,0,0,0,0,0,0,1,0,9.108378995733801,9.108378995733801,9.108378995733801,9.108378995733801,0.0
1778533261,64,,Aggregated,0.000000,0.000000,0,0,0,0,0,0,0,0,0,0,0,4,0,9,11.243093498706003,8.438338998530526,13.855908000550698,0.0
1778533262,64,POST,chat/long,0.000000,0.000000,0,0,0,0,0,0,0,0,0,0,0,3,0,13.855908000550698,11.954664999696737,8.438338998530526,13.855908000550698,0.0
1778533262,64,POST,chat/medium,0.000000,0.000000,0,0,0,0,0,0,0,0,0,0,0,1,0,9.108378995733801,9.108378995733801,9.108378995733801,9.108378995733801,0.0
1778533262,64,,Aggregated,0.000000,0.000000,0,0,0,0,0,0,0,0,0,0,0,4,0,9,11.243093498706003,8.438338998530526,13.855908000550698,0.0
1778533263,64,POST,chat/long,0.000000,0.000000,0,0,0,0,0,0,0,0,0,0,0,3,0,13.855908000550698,11.954664999696737,8.438338998530526,13.855908000550698,0.0
1778533263,64,POST,chat/medium,0.000000,0.000000,0,0,0,0,0,0,0,0,0,0,0,1,0,9.108378995733801,9.108378995733801,9.108378995733801,9.108378995733801,0.0
1778533263,64,,Aggregated,0.000000,0.000000,0,0,0,0,0,0,0,0,0,0,0,4,0,9,11.243093498706003,8.438338998530526,13.855908000550698,0.0
1778533264,64,POST,chat/long,0.000000,0.000000,0,0,0,0,0,0,0,0,0,0,0,3,0,13.855908000550698,11.954664999696737,8.438338998530526,13.855908000550698,0.0
1778533264,64,POST,chat/medium,0.000000,0.000000,0,0,0,0,0,0,0,0,0,0,0,1,0,9.108378995733801,9.108378995733801,9.108378995733801,9.108378995733801,0.0
1778533264,64,,Aggregated,0.000000,0.000000,0,0,0,0,0,0,0,0,0,0,0,4,0,9,11.243093498706003,8.438338998530526,13.855908000550698,0.0
1778533265,64,POST,chat/long,0.000000,0.000000,0,0,0,0,0,0,0,0,0,0,0,3,0,13.855908000550698,11.954664999696737,8.438338998530526,13.855908000550698,0.0
1778533265,64,POST,chat/medium,0.000000,0.000000,0,0,0,0,0,0,0,0,0,0,0,1,0,9.108378995733801,9.108378995733801,9.108378995733801,9.108378995733801,0.0
1778533265,64,,Aggregated,0.000000,0.000000,0,0,0,0,0,0,0,0,0,0,0,4,0,9,11.243093498706003,8.438338998530526,13.855908000550698,0.0
1778533266,64,POST,chat/long,0.000000,0.000000,0,0,0,0,0,0,0,0,0,0,0,3,0,13.855908000550698,11.954664999696737,8.438338998530526,13.855908000550698,0.0
1778533266,64,POST,chat/medium,0.000000,0.000000,0,0,0,0,0,0,0,0,0,0,0,1,0,9.108378995733801,9.108378995733801,9.108378995733801,9.108378995733801,0.0
1778533266,64,,Aggregated,0.000000,0.000000,0,0,0,0,0,0,0,0,0,0,0,4,0,9,11.243093498706003,8.438338998530526,13.855908000550698,0.0
1778533267,64,POST,chat/long,0.000000,0.000000,0,0,0,0,0,0,0,0,0,0,0,3,0,13.855908000550698,11.954664999696737,8.438338998530526,13.855908000550698,0.0
1778533267,64,POST,chat/medium,0.000000,0.000000,0,0,0,0,0,0,0,0,0,0,0,1,0,9.108378995733801,9.108378995733801,9.108378995733801,9.108378995733801,0.0
1778533267,64,,Aggregated,0.000000,0.000000,0,0,0,0,0,0,0,0,0,0,0,4,0,9,11.243093498706003,8.438338998530526,13.855908000550698,0.0
1778533268,64,POST,chat/long,0.000000,0.000000,0,0,0,0,0,0,0,0,0,0,0,3,0,13.855908000550698,11.954664999696737,8.438338998530526,13.855908000550698,0.0
1778533268,64,POST,chat/medium,0.000000,0.000000,9,9,9,9,9,9,9,9,9,9,9,1,0,9.108378995733801,9.108378995733801,9.108378995733801,9.108378995733801,0.0
1778533268,64,,Aggregated,0.000000,0.000000,0,0,0,0,0,0,0,0,0,0,0,4,0,9,11.243093498706003,8.438338998530526,13.855908000550698,0.0
1778533269,64,POST,chat/long,0.000000,0.000000,0,0,0,0,0,0,0,0,0,0,0,3,0,13.855908000550698,11.954664999696737,8.438338998530526,13.855908000550698,0.0
1778533269,64,POST,chat/medium,0.000000,0.000000,9,9,9,9,9,9,9,9,9,9,9,1,0,9.108378995733801,9.108378995733801,9.108378995733801,9.108378995733801,0.0
1778533269,64,,Aggregated,0.000000,0.000000,0,0,0,0,0,0,0,0,0,0,0,4,0,9,11.243093498706003,8.438338998530526,13.855908000550698,0.0
1778533270,64,POST,chat/long,0.000000,0.000000,0,0,0,0,0,0,0,0,0,0,0,3,0,13.855908000550698,11.954664999696737,8.438338998530526,13.855908000550698,0.0
1778533270,64,POST,chat/medium,0.000000,0.000000,9,9,9,9,9,9,9,9,9,9,9,1,0,9.108378995733801,9.108378995733801,9.108378995733801,9.108378995733801,0.0
1778533270,64,,Aggregated,0.000000,0.000000,0,0,0,0,0,0,0,0,0,0,0,4,0,9,11.243093498706003,8.438338998530526,13.855908000550698,0.0
1778533271,64,POST,chat/long,0.000000,0.000000,0,0,0,0,0,0,0,0,0,0,0,3,0,13.855908000550698,11.954664999696737,8.438338998530526,13.855908000550698,0.0
1778533271,64,POST,chat/medium,0.000000,0.000000,9,9,9,9,9,9,9,9,9,9,9,1,0,9.108378995733801,9.108378995733801,9.108378995733801,9.108378995733801,0.0
1778533271,64,,Aggregated,0.000000,0.000000,0,0,0,0,0,0,0,0,0,0,0,4,0,9,11.243093498706003,8.438338998530526,13.855908000550698,0.0
1778533272,64,POST,chat/long,0.000000,0.000000,0,0,0,0,0,0,0,0,0,0,0,3,0,13.855908000550698,11.954664999696737,8.438338998530526,13.855908000550698,0.0
1778533272,64,POST,chat/medium,0.000000,0.000000,9,9,9,9,9,9,9,9,9,9,9,1,0,9.108378995733801,9.108378995733801,9.108378995733801,9.108378995733801,0.0
1778533272,64,,Aggregated,0.000000,0.000000,0,0,0,0,0,0,0,0,0,0,0,4,0,9,11.243093498706003,8.438338998530526,13.855908000550698,0.0
1778533273,64,POST,chat/long,0.000000,0.000000,0,0,0,0,0,0,0,0,0,0,0,3,0,13.855908000550698,11.954664999696737,8.438338998530526,13.855908000550698,0.0
1778533273,64,POST,chat/medium,0.000000,0.000000,9,9,9,9,9,9,9,9,9,9,9,1,0,9.108378995733801,9.108378995733801,9.108378995733801,9.108378995733801,0.0
1778533273,64,,Aggregated,0.000000,0.000000,0,0,0,0,0,0,0,0,0,0,0,4,0,9,11.243093498706003,8.438338998530526,13.855908000550698,0.0
1778533274,64,POST,chat/long,0.000000,0.000000,0,0,0,0,0,0,0,0,0,0,0,4,0,14,15.976948250681744,8.438338998530526,28.043798003636766,0.0
1778533274,64,POST,chat/medium,0.000000,0.000000,9,9,9,9,9,9,9,9,9,9,9,1,0,9.108378995733801,9.108378995733801,9.108378995733801,9.108378995733801,0.0
1778533274,64,,Aggregated,0.000000,0.000000,0,0,0,0,0,0,0,0,0,0,0,5,0,14,14.603234399692155,8.438338998530526,28.043798003636766,0.0
1778533275,64,POST,chat/long,0.000000,0.000000,0,0,0,0,0,0,0,0,0,0,0,4,0,14,15.976948250681744,8.438338998530526,28.043798003636766,0.0
1778533275,64,POST,chat/medium,0.000000,0.000000,9,9,9,9,9,9,9,9,9,9,9,1,0,9.108378995733801,9.108378995733801,9.108378995733801,9.108378995733801,0.0
1778533275,64,,Aggregated,0.000000,0.000000,0,0,0,0,0,0,0,0,0,0,0,5,0,14,14.603234399692155,8.438338998530526,28.043798003636766,0.0
1778533276,64,POST,chat/long,0.000000,0.000000,0,0,0,0,0,0,0,0,0,0,0,4,0,14,15.976948250681744,8.438338998530526,28.043798003636766,0.0
1778533276,64,POST,chat/medium,0.000000,0.000000,9,9,9,9,9,9,9,9,9,9,9,1,0,9.108378995733801,9.108378995733801,9.108378995733801,9.108378995733801,0.0
1778533276,64,,Aggregated,0.000000,0.000000,0,0,0,0,0,0,0,0,0,0,0,5,0,14,14.603234399692155,8.438338998530526,28.043798003636766,0.0
1778533277,64,POST,chat/long,0.100000,0.000000,22,22,22,22,22,22,22,22,22,22,22,5,0,14,17.120538001472596,8.438338998530526,28.043798003636766,0.0
1778533277,64,POST,chat/medium,0.000000,0.000000,0,0,0,0,0,0,0,0,0,0,0,1,0,9.108378995733801,9.108378995733801,9.108378995733801,9.108378995733801,0.0
1778533277,64,,Aggregated,0.100000,0.000000,22,22,22,22,22,22,22,22,22,22,22,6,0,14,15.785178167182798,8.438338998530526,28.043798003636766,0.0
1778533278,64,POST,chat/long,0.100000,0.000000,22,22,22,22,22,22,22,22,22,22,22,5,0,14,17.120538001472596,8.438338998530526,28.043798003636766,0.0
1778533278,64,POST,chat/medium,0.000000,0.000000,0,0,0,0,0,0,0,0,0,0,0,1,0,9.108378995733801,9.108378995733801,9.108378995733801,9.108378995733801,0.0
1778533278,64,,Aggregated,0.100000,0.000000,22,22,22,22,22,22,22,22,22,22,22,6,0,14,15.785178167182798,8.438338998530526,28.043798003636766,0.0
1778533279,64,POST,chat/long,0.100000,0.000000,22,22,22,22,22,22,22,22,22,22,22,5,0,14,17.120538001472596,8.438338998530526,28.043798003636766,0.0
1778533279,64,POST,chat/medium,0.000000,0.000000,0,0,0,0,0,0,0,0,0,0,0,1,0,9.108378995733801,9.108378995733801,9.108378995733801,9.108378995733801,0.0
1778533279,64,,Aggregated,0.100000,0.000000,22,22,22,22,22,22,22,22,22,22,22,6,0,14,15.785178167182798,8.438338998530526,28.043798003636766,0.0
1778533280,64,POST,chat/long,0.100000,0.000000,22,22,22,22,22,22,22,22,22,22,22,5,0,14,17.120538001472596,8.438338998530526,28.043798003636766,0.0
1778533280,64,POST,chat/medium,0.000000,0.000000,0,0,0,0,0,0,0,0,0,0,0,1,0,9.108378995733801,9.108378995733801,9.108378995733801,9.108378995733801,0.0
1778533280,64,,Aggregated,0.100000,0.000000,22,22,22,22,22,22,22,22,22,22,22,6,0,14,15.785178167182798,8.438338998530526,28.043798003636766,0.0
1778533281,64,POST,chat/long,0.200000,0.000000,22,22,22,22,22,22,22,22,22,22,22,6,0,14,16.72043133536742,8.438338998530526,28.043798003636766,0.0
1778533281,64,POST,chat/medium,0.000000,0.000000,0,0,0,0,0,0,0,0,0,0,0,1,0,9.108378995733801,9.108378995733801,9.108378995733801,9.108378995733801,0.0
1778533281,64,,Aggregated,0.200000,0.000000,22,22,22,22,22,22,22,22,22,22,22,7,0,14,15.63299528684833,8.438338998530526,28.043798003636766,0.0
1778533282,64,POST,chat/long,0.200000,0.000000,22,22,22,22,22,22,22,22,22,22,22,6,0,14,16.72043133536742,8.438338998530526,28.043798003636766,0.0
1778533282,64,POST,chat/medium,0.000000,0.000000,0,0,0,0,0,0,0,0,0,0,0,1,0,9.108378995733801,9.108378995733801,9.108378995733801,9.108378995733801,0.0
1778533282,64,,Aggregated,0.200000,0.000000,22,22,22,22,22,22,22,22,22,22,22,7,0,14,15.63299528684833,8.438338998530526,28.043798003636766,0.0
1778533283,64,POST,chat/long,0.200000,0.000000,22,22,22,22,22,22,22,22,22,22,22,6,0,14,16.72043133536742,8.438338998530526,28.043798003636766,0.0
1778533283,64,POST,chat/medium,0.000000,0.000000,0,0,0,0,0,0,0,0,0,0,0,1,0,9.108378995733801,9.108378995733801,9.108378995733801,9.108378995733801,0.0
1778533283,64,,Aggregated,0.200000,0.000000,22,22,22,22,22,22,22,22,22,22,22,7,0,14,15.63299528684833,8.438338998530526,28.043798003636766,0.0
1778533284,64,POST,chat/long,0.300000,0.000000,15,15,15,15,15,15,15,15,15,15,15,7,0,14,16.32909243094868,8.438338998530526,28.043798003636766,0.0
1778533284,64,POST,chat/medium,0.000000,0.000000,0,0,0,0,0,0,0,0,0,0,0,1,0,9.108378995733801,9.108378995733801,9.108378995733801,9.108378995733801,0.0
1778533284,64,,Aggregated,0.300000,0.000000,15,15,15,15,15,15,15,15,15,15,15,8,0,14,15.42650325154682,8.438338998530526,28.043798003636766,0.0
1778533285,64,POST,chat/long,0.300000,0.000000,15,15,15,15,15,15,15,15,15,15,15,7,0,14,16.32909243094868,8.438338998530526,28.043798003636766,0.0
1778533285,64,POST,chat/medium,0.000000,0.000000,0,0,0,0,0,0,0,0,0,0,0,1,0,9.108378995733801,9.108378995733801,9.108378995733801,9.108378995733801,0.0
1778533285,64,,Aggregated,0.300000,0.000000,15,15,15,15,15,15,15,15,15,15,15,8,0,14,15.42650325154682,8.438338998530526,28.043798003636766,0.0
1778533286,64,POST,chat/long,0.300000,0.000000,15,15,18,18,18,18,18,18,18,18,18,8,0,14,16.509490626958723,8.438338998530526,28.043798003636766,0.0
1778533286,64,POST,chat/medium,0.000000,0.000000,0,0,0,0,0,0,0,0,0,0,0,1,0,9.108378995733801,9.108378995733801,9.108378995733801,9.108378995733801,0.0
1778533286,64,,Aggregated,0.300000,0.000000,15,15,18,18,18,18,18,18,18,18,18,9,0,14,15.687144890155954,8.438338998530526,28.043798003636766,0.0
1778533287,64,POST,chat/long,0.300000,0.000000,15,15,18,18,18,18,18,18,18,18,18,8,0,14,16.509490626958723,8.438338998530526,28.043798003636766,0.0
1778533287,64,POST,chat/medium,0.000000,0.000000,0,0,0,0,0,0,0,0,0,0,0,1,0,9.108378995733801,9.108378995733801,9.108378995733801,9.108378995733801,0.0
1778533287,64,,Aggregated,0.300000,0.000000,15,15,18,18,18,18,18,18,18,18,18,9,0,14,15.687144890155954,8.438338998530526,28.043798003636766,0.0
1778533288,64,POST,chat/long,0.300000,0.000000,18,18,18,18,18,18,18,18,18,18,18,8,0,14,16.509490626958723,8.438338998530526,28.043798003636766,0.0
1778533288,64,POST,chat/medium,0.000000,0.000000,0,0,0,0,0,0,0,0,0,0,0,1,0,9.108378995733801,9.108378995733801,9.108378995733801,9.108378995733801,0.0
1778533288,64,,Aggregated,0.300000,0.000000,18,18,18,18,18,18,18,18,18,18,18,9,0,14,15.687144890155954,8.438338998530526,28.043798003636766,0.0
1778533289,64,POST,chat/long,0.300000,0.000000,18,18,18,18,18,18,18,18,18,18,18,8,0,14,16.509490626958723,8.438338998530526,28.043798003636766,0.0
1778533289,64,POST,chat/medium,0.000000,0.000000,0,0,0,0,0,0,0,0,0,0,0,1,0,9.108378995733801,9.108378995733801,9.108378995733801,9.108378995733801,0.0
1778533289,64,,Aggregated,0.300000,0.000000,18,18,18,18,18,18,18,18,18,18,18,9,0,14,15.687144890155954,8.438338998530526,28.043798003636766,0.0
1778533290,64,POST,chat/long,0.300000,0.000000,18,18,18,18,18,18,18,18,18,18,18,8,0,14,16.509490626958723,8.438338998530526,28.043798003636766,0.0
1778533290,64,POST,chat/medium,0.000000,0.000000,0,0,0,0,0,0,0,0,0,0,0,1,0,9.108378995733801,9.108378995733801,9.108378995733801,9.108378995733801,0.0
1778533290,64,,Aggregated,0.300000,0.000000,18,18,18,18,18,18,18,18,18,18,18,9,0,14,15.687144890155954,8.438338998530526,28.043798003636766,0.0
1778533291,64,POST,chat/long,0.300000,0.000000,18,18,18,18,18,18,18,18,18,18,18,8,0,14,16.509490626958723,8.438338998530526,28.043798003636766,0.0
1778533291,64,POST,chat/medium,0.000000,0.000000,0,0,0,0,0,0,0,0,0,0,0,1,0,9.108378995733801,9.108378995733801,9.108378995733801,9.108378995733801,0.0
1778533291,64,,Aggregated,0.300000,0.000000,18,18,18,18,18,18,18,18,18,18,18,9,0,14,15.687144890155954,8.438338998530526,28.043798003636766,0.0
1778533292,64,POST,chat/long,0.300000,0.000000,18,18,18,18,18,18,18,18,18,18,18,8,0,14,16.509490626958723,8.438338998530526,28.043798003636766,0.0
1778533292,64,POST,chat/medium,0.000000,0.000000,0,0,0,0,0,0,0,0,0,0,0,1,0,9.108378995733801,9.108378995733801,9.108378995733801,9.108378995733801,0.0
1778533292,64,,Aggregated,0.300000,0.000000,18,18,18,18,18,18,18,18,18,18,18,9,0,14,15.687144890155954,8.438338998530526,28.043798003636766,0.0
1778533293,64,POST,chat/long,0.300000,0.000000,19,19,19,19,19,19,19,19,19,19,19,9,0,15,16.733577001206058,8.438338998530526,28.043798003636766,0.0
1778533293,64,POST,chat/medium,0.000000,0.000000,0,0,0,0,0,0,0,0,0,0,0,1,0,9.108378995733801,9.108378995733801,9.108378995733801,9.108378995733801,0.0
1778533293,64,,Aggregated,0.300000,0.000000,19,19,19,19,19,19,19,19,19,19,19,10,0,14,15.971057200658834,8.438338998530526,28.043798003636766,0.0
1778533294,64,POST,chat/long,0.300000,0.000000,19,19,19,19,19,19,19,19,19,19,19,9,0,15,16.733577001206058,8.438338998530526,28.043798003636766,0.0
1778533294,64,POST,chat/medium,0.000000,0.000000,0,0,0,0,0,0,0,0,0,0,0,1,0,9.108378995733801,9.108378995733801,9.108378995733801,9.108378995733801,0.0
1778533294,64,,Aggregated,0.300000,0.000000,19,19,19,19,19,19,19,19,19,19,19,10,0,14,15.971057200658834,8.438338998530526,28.043798003636766,0.0
1778533295,64,POST,chat/long,0.300000,0.000000,19,19,19,19,19,19,19,19,19,19,19,9,0,15,16.733577001206058,8.438338998530526,28.043798003636766,0.0
1778533295,64,POST,chat/medium,0.000000,0.000000,0,0,0,0,0,0,0,0,0,0,0,1,0,9.108378995733801,9.108378995733801,9.108378995733801,9.108378995733801,0.0
1778533295,64,,Aggregated,0.300000,0.000000,19,19,19,19,19,19,19,19,19,19,19,10,0,14,15.971057200658834,8.438338998530526,28.043798003636766,0.0
1778533296,64,POST,chat/long,0.300000,0.000000,19,19,19,19,19,19,19,19,19,19,19,9,0,15,16.733577001206058,8.438338998530526,28.043798003636766,0.0
1778533296,64,POST,chat/medium,0.000000,0.000000,0,0,0,0,0,0,0,0,0,0,0,1,0,9.108378995733801,9.108378995733801,9.108378995733801,9.108378995733801,0.0
1778533296,64,,Aggregated,0.300000,0.000000,19,19,19,19,19,19,19,19,19,19,19,10,0,14,15.971057200658834,8.438338998530526,28.043798003636766,0.0
1778533297,64,POST,chat/long,0.300000,0.000000,19,19,19,19,19,19,19,19,19,19,19,9,0,15,16.733577001206058,8.438338998530526,28.043798003636766,0.0
1778533297,64,POST,chat/medium,0.000000,0.000000,0,0,0,0,0,0,0,0,0,0,0,1,0,9.108378995733801,9.108378995733801,9.108378995733801,9.108378995733801,0.0
1778533297,64,,Aggregated,0.300000,0.000000,19,19,19,19,19,19,19,19,19,19,19,10,0,14,15.971057200658834,8.438338998530526,28.043798003636766,0.0
1778533298,64,POST,chat/long,0.300000,0.000000,15,15,15,15,15,15,15,15,15,15,15,10,0,15,16.563451100955717,8.438338998530526,28.043798003636766,0.0
1778533298,64,POST,chat/medium,0.000000,0.000000,0,0,0,0,0,0,0,0,0,0,0,1,0,9.108378995733801,9.108378995733801,9.108378995733801,9.108378995733801,0.0
1778533298,64,,Aggregated,0.300000,0.000000,15,15,15,15,15,15,15,15,15,15,15,11,0,15,15.88571727320827,8.438338998530526,28.043798003636766,0.0
1778533299,64,POST,chat/long,0.100000,0.000000,21,21,21,21,21,21,21,21,21,21,21,11,0,15,16.9956680917742,8.438338998530526,28.043798003636766,0.0
1778533299,64,POST,chat/medium,0.000000,0.000000,0,0,0,0,0,0,0,0,0,0,0,1,0,9.108378995733801,9.108378995733801,9.108378995733801,9.108378995733801,0.0
1778533299,64,,Aggregated,0.100000,0.000000,21,21,21,21,21,21,21,21,21,21,21,12,0,15,16.3383940004375,8.438338998530526,28.043798003636766,0.0
1778533300,64,POST,chat/long,0.100000,0.000000,21,21,21,21,21,21,21,21,21,21,21,11,0,15,16.9956680917742,8.438338998530526,28.043798003636766,0.0
1778533300,64,POST,chat/medium,0.000000,0.000000,0,0,0,0,0,0,0,0,0,0,0,1,0,9.108378995733801,9.108378995733801,9.108378995733801,9.108378995733801,0.0
1778533300,64,,Aggregated,0.100000,0.000000,21,21,21,21,21,21,21,21,21,21,21,12,0,15,16.3383940004375,8.438338998530526,28.043798003636766,0.0
1778533301,64,POST,chat/long,0.100000,0.000000,21,21,21,21,21,21,21,21,21,21,21,11,0,15,16.9956680917742,8.438338998530526,28.043798003636766,0.0
1778533301,64,POST,chat/medium,0.000000,0.000000,0,0,0,0,0,0,0,0,0,0,0,1,0,9.108378995733801,9.108378995733801,9.108378995733801,9.108378995733801,0.0
1778533301,64,,Aggregated,0.100000,0.000000,21,21,21,21,21,21,21,21,21,21,21,12,0,15,16.3383940004375,8.438338998530526,28.043798003636766,0.0
1778533302,64,POST,chat/long,0.100000,0.000000,21,21,21,21,21,21,21,21,21,21,21,11,0,15,16.9956680917742,8.438338998530526,28.043798003636766,0.0
1778533302,64,POST,chat/medium,0.000000,0.000000,0,0,0,0,0,0,0,0,0,0,0,1,0,9.108378995733801,9.108378995733801,9.108378995733801,9.108378995733801,0.0
1778533302,64,,Aggregated,0.100000,0.000000,21,21,21,21,21,21,21,21,21,21,21,12,0,15,16.3383940004375,8.438338998530526,28.043798003636766,0.0
1778533303,64,POST,chat/long,0.100000,0.000000,21,21,21,21,21,21,21,21,21,21,21,11,0,15,16.9956680917742,8.438338998530526,28.043798003636766,0.0
1778533303,64,POST,chat/medium,0.000000,0.000000,0,0,0,0,0,0,0,0,0,0,0,1,0,9.108378995733801,9.108378995733801,9.108378995733801,9.108378995733801,0.0
1778533303,64,,Aggregated,0.100000,0.000000,21,21,21,21,21,21,21,21,21,21,21,12,0,15,16.3383940004375,8.438338998530526,28.043798003636766,0.0
1778533304,64,POST,chat/long,0.100000,0.000000,21,21,21,21,21,21,21,21,21,21,21,11,0,15,16.9956680917742,8.438338998530526,28.043798003636766,0.0
1778533304,64,POST,chat/medium,0.000000,0.000000,0,0,0,0,0,0,0,0,0,0,0,1,0,9.108378995733801,9.108378995733801,9.108378995733801,9.108378995733801,0.0
1778533304,64,,Aggregated,0.100000,0.000000,21,21,21,21,21,21,21,21,21,21,21,12,0,15,16.3383940004375,8.438338998530526,28.043798003636766,0.0
1778533305,64,POST,chat/long,0.100000,0.000000,21,21,21,21,21,21,21,21,21,21,21,11,0,15,16.9956680917742,8.438338998530526,28.043798003636766,0.0
1778533305,64,POST,chat/medium,0.000000,0.000000,0,0,0,0,0,0,0,0,0,0,0,1,0,9.108378995733801,9.108378995733801,9.108378995733801,9.108378995733801,0.0
1778533305,64,,Aggregated,0.100000,0.000000,21,21,21,21,21,21,21,21,21,21,21,12,0,15,16.3383940004375,8.438338998530526,28.043798003636766,0.0
1778533306,64,POST,chat/long,0.200000,0.000000,0,0,0,0,0,0,0,0,0,0,0,11,0,15,16.9956680917742,8.438338998530526,28.043798003636766,0.0
1778533306,64,POST,chat/medium,0.000000,0.000000,0,0,0,0,0,0,0,0,0,0,0,2,0,9.108378995733801,20.661653001297964,9.108378995733801,32.214927006862126,0.0
1778533306,64,,Aggregated,0.200000,0.000000,32,32,32,32,32,32,32,32,32,32,32,13,0,15,17.55966577016247,8.438338998530526,32.214927006862126,0.0
1778533307,64,POST,chat/long,0.200000,0.000000,0,0,0,0,0,0,0,0,0,0,0,11,0,15,16.9956680917742,8.438338998530526,28.043798003636766,0.0
1778533307,64,POST,chat/medium,0.000000,0.000000,0,0,0,0,0,0,0,0,0,0,0,2,0,9.108378995733801,20.661653001297964,9.108378995733801,32.214927006862126,0.0
1778533307,64,,Aggregated,0.200000,0.000000,32,32,32,32,32,32,32,32,32,32,32,13,0,15,17.55966577016247,8.438338998530526,32.214927006862126,0.0
1778533308,64,POST,chat/long,0.200000,0.000000,0,0,0,0,0,0,0,0,0,0,0,11,0,15,16.9956680917742,8.438338998530526,28.043798003636766,0.0
1778533308,64,POST,chat/medium,0.000000,0.000000,0,0,0,0,0,0,0,0,0,0,0,2,0,9.108378995733801,20.661653001297964,9.108378995733801,32.214927006862126,0.0
1778533308,64,,Aggregated,0.200000,0.000000,32,32,32,32,32,32,32,32,32,32,32,13,0,15,17.55966577016247,8.438338998530526,32.214927006862126,0.0
1778533309,64,POST,chat/long,0.100000,0.000000,14,14,14,14,14,14,14,14,14,14,14,13,0,15,16.25726592353133,8.438338998530526,28.043798003636766,0.0
1778533309,64,POST,chat/medium,0.100000,0.000000,0,0,0,0,0,0,0,0,0,0,0,2,0,9.108378995733801,20.661653001297964,9.108378995733801,32.214927006862126,0.0
1778533309,64,,Aggregated,0.200000,0.000000,14,14,32,32,32,32,32,32,32,32,32,15,0,15,16.844517533900216,8.438338998530526,32.214927006862126,0.0
1778533310,64,POST,chat/long,0.100000,0.000000,14,14,14,14,14,14,14,14,14,14,14,13,0,15,16.25726592353133,8.438338998530526,28.043798003636766,0.0
1778533310,64,POST,chat/medium,0.100000,0.000000,0,0,0,0,0,0,0,0,0,0,0,2,0,9.108378995733801,20.661653001297964,9.108378995733801,32.214927006862126,0.0
1778533310,64,,Aggregated,0.200000,0.000000,14,14,32,32,32,32,32,32,32,32,32,15,0,15,16.844517533900216,8.438338998530526,32.214927006862126,0.0
1778533311,64,POST,chat/long,0.100000,0.000000,14,14,14,14,14,14,14,14,14,14,14,13,0,15,16.25726592353133,8.438338998530526,28.043798003636766,0.0
1778533311,64,POST,chat/medium,0.100000,0.000000,0,0,0,0,0,0,0,0,0,0,0,2,0,9.108378995733801,20.661653001297964,9.108378995733801,32.214927006862126,0.0
1778533311,64,,Aggregated,0.200000,0.000000,14,14,14,14,14,14,14,14,14,14,14,15,0,15,16.844517533900216,8.438338998530526,32.214927006862126,0.0
1778533312,64,POST,chat/long,0.200000,0.000000,23,23,26,26,26,26,26,26,26,26,26,15,0,15,17.30573220071771,8.438338998530526,28.043798003636766,0.0
1778533312,64,POST,chat/medium,0.100000,0.000000,0,0,0,0,0,0,0,0,0,0,0,2,0,9.108378995733801,20.661653001297964,9.108378995733801,32.214927006862126,0.0
1778533312,64,,Aggregated,0.300000,0.000000,23,23,26,26,26,26,26,26,26,26,26,17,0,15,17.70054641255068,8.438338998530526,32.214927006862126,0.0
1778533313,64,POST,chat/long,0.200000,0.000000,26,26,26,26,26,26,26,26,26,26,26,15,0,15,17.30573220071771,8.438338998530526,28.043798003636766,0.0
1778533313,64,POST,chat/medium,0.100000,0.000000,0,0,0,0,0,0,0,0,0,0,0,2,0,9.108378995733801,20.661653001297964,9.108378995733801,32.214927006862126,0.0
1778533313,64,,Aggregated,0.300000,0.000000,23,23,26,26,26,26,26,26,26,26,26,17,0,15,17.70054641255068,8.438338998530526,32.214927006862126,0.0
1778533314,64,POST,chat/long,0.200000,0.000000,26,26,26,26,26,26,26,26,26,26,26,15,0,15,17.30573220071771,8.438338998530526,28.043798003636766,0.0
1778533314,64,POST,chat/medium,0.100000,0.000000,0,0,0,0,0,0,0,0,0,0,0,2,0,9.108378995733801,20.661653001297964,9.108378995733801,32.214927006862126,0.0
1778533314,64,,Aggregated,0.300000,0.000000,23,23,26,26,26,26,26,26,26,26,26,17,0,15,17.70054641255068,8.438338998530526,32.214927006862126,0.0
1778533315,64,POST,chat/long,0.300000,0.000000,23,23,26,26,26,26,26,26,26,26,26,16,0,15,17.518046313398372,8.438338998530526,28.043798003636766,0.0
1778533315,64,POST,chat/medium,0.100000,0.000000,0,0,0,0,0,0,0,0,0,0,0,2,0,9.108378995733801,20.661653001297964,9.108378995733801,32.214927006862126,0.0
1778533315,64,,Aggregated,0.400000,0.000000,21,23,23,26,26,26,26,26,26,26,26,18,0,15,17.867335945387214,8.438338998530526,32.214927006862126,0.0
1778533316,64,POST,chat/long,0.300000,0.000000,23,23,26,26,26,26,26,26,26,26,26,16,0,15,17.518046313398372,8.438338998530526,28.043798003636766,0.0
1778533316,64,POST,chat/medium,0.100000,0.000000,0,0,0,0,0,0,0,0,0,0,0,2,0,9.108378995733801,20.661653001297964,9.108378995733801,32.214927006862126,0.0
1778533316,64,,Aggregated,0.400000,0.000000,21,23,23,26,26,26,26,26,26,26,26,18,0,15,17.867335945387214,8.438338998530526,32.214927006862126,0.0
1778533317,64,POST,chat/long,0.300000,0.000000,23,23,26,26,26,26,26,26,26,26,26,16,0,15,17.518046313398372,8.438338998530526,28.043798003636766,0.0
1778533317,64,POST,chat/medium,0.100000,0.000000,0,0,0,0,0,0,0,0,0,0,0,2,0,9.108378995733801,20.661653001297964,9.108378995733801,32.214927006862126,0.0
1778533317,64,,Aggregated,0.400000,0.000000,23,23,26,26,26,26,26,26,26,26,26,18,0,15,17.867335945387214,8.438338998530526,32.214927006862126,0.0
1778533318,64,POST,chat/long,0.300000,0.000000,23,23,26,26,26,26,26,26,26,26,26,16,0,15,17.518046313398372,8.438338998530526,28.043798003636766,0.0
1778533318,64,POST,chat/medium,0.100000,0.000000,0,0,0,0,0,0,0,0,0,0,0,2,0,9.108378995733801,20.661653001297964,9.108378995733801,32.214927006862126,0.0
1778533318,64,,Aggregated,0.400000,0.000000,23,23,26,26,26,26,26,26,26,26,26,18,0,15,17.867335945387214,8.438338998530526,32.214927006862126,0.0
1778533319,64,POST,chat/long,0.300000,0.000000,23,23,26,26,26,26,26,26,26,26,26,16,0,15,17.518046313398372,8.438338998530526,28.043798003636766,0.0
1778533319,64,POST,chat/medium,0.100000,0.000000,0,0,0,0,0,0,0,0,0,0,0,2,0,9.108378995733801,20.661653001297964,9.108378995733801,32.214927006862126,0.0
1778533319,64,,Aggregated,0.400000,0.000000,23,23,26,26,26,26,26,26,26,26,26,18,0,15,17.867335945387214,8.438338998530526,32.214927006862126,0.0
1778533320,64,POST,chat/long,0.300000,0.000000,23,23,26,26,26,26,26,26,26,26,26,16,0,15,17.518046313398372,8.438338998530526,28.043798003636766,0.0
1778533320,64,POST,chat/medium,0.100000,0.000000,0,0,0,0,0,0,0,0,0,0,0,2,0,9.108378995733801,20.661653001297964,9.108378995733801,32.214927006862126,0.0
1778533320,64,,Aggregated,0.400000,0.000000,23,23,26,26,26,26,26,26,26,26,26,18,0,15,17.867335945387214,8.438338998530526,32.214927006862126,0.0
1778533321,64,POST,chat/long,0.300000,0.000000,21,21,21,21,21,21,21,21,21,21,21,16,0,15,17.518046313398372,8.438338998530526,28.043798003636766,0.0
1778533321,64,POST,chat/medium,0.100000,0.000000,0,0,0,0,0,0,0,0,0,0,0,2,0,9.108378995733801,20.661653001297964,9.108378995733801,32.214927006862126,0.0
1778533321,64,,Aggregated,0.400000,0.000000,21,21,21,21,21,21,21,21,21,21,21,18,0,15,17.867335945387214,8.438338998530526,32.214927006862126,0.0
1778533322,64,POST,chat/long,0.300000,0.000000,21,21,21,21,21,21,21,21,21,21,21,16,0,15,17.518046313398372,8.438338998530526,28.043798003636766,0.0
1778533322,64,POST,chat/medium,0.100000,0.000000,0,0,0,0,0,0,0,0,0,0,0,2,0,9.108378995733801,20.661653001297964,9.108378995733801,32.214927006862126,0.0
1778533322,64,,Aggregated,0.400000,0.000000,21,21,21,21,21,21,21,21,21,21,21,18,0,15,17.867335945387214,8.438338998530526,32.214927006862126,0.0
1778533323,64,POST,chat/long,0.300000,0.000000,21,21,21,21,21,21,21,21,21,21,21,16,0,15,17.518046313398372,8.438338998530526,28.043798003636766,0.0
1778533323,64,POST,chat/medium,0.100000,0.000000,0,0,0,0,0,0,0,0,0,0,0,2,0,9.108378995733801,20.661653001297964,9.108378995733801,32.214927006862126,0.0
1778533323,64,,Aggregated,0.400000,0.000000,21,21,21,21,21,21,21,21,21,21,21,18,0,15,17.867335945387214,8.438338998530526,32.214927006862126,0.0
1778533324,64,POST,chat/long,0.300000,0.000000,0,0,0,0,0,0,0,0,0,0,0,16,0,15,17.518046313398372,8.438338998530526,28.043798003636766,0.0
1778533324,64,POST,chat/medium,0.100000,0.000000,0,0,0,0,0,0,0,0,0,0,0,2,0,9.108378995733801,20.661653001297964,9.108378995733801,32.214927006862126,0.0
1778533324,64,,Aggregated,0.400000,0.000000,0,0,0,0,0,0,0,0,0,0,0,18,0,15,17.867335945387214,8.438338998530526,32.214927006862126,0.0
1778533325,64,POST,chat/long,0.300000,0.000000,0,0,0,0,0,0,0,0,0,0,0,16,0,15,17.518046313398372,8.438338998530526,28.043798003636766,0.0
1778533325,64,POST,chat/medium,0.100000,0.000000,0,0,0,0,0,0,0,0,0,0,0,2,0,9.108378995733801,20.661653001297964,9.108378995733801,32.214927006862126,0.0
1778533325,64,,Aggregated,0.400000,0.000000,0,0,0,0,0,0,0,0,0,0,0,18,0,15,17.867335945387214,8.438338998530526,32.214927006862126,0.0
1778533326,64,POST,chat/long,0.200000,0.000000,15,15,15,15,15,15,15,15,15,15,15,17,0,15,17.348554647897426,8.438338998530526,28.043798003636766,0.0
1778533326,64,POST,chat/medium,0.000000,0.000000,0,0,0,0,0,0,0,0,0,0,0,2,0,9.108378995733801,20.661653001297964,9.108378995733801,32.214927006862126,0.0
1778533326,64,,Aggregated,0.200000,0.000000,15,15,15,15,15,15,15,15,15,15,15,19,0,15,17.697301842992218,8.438338998530526,32.214927006862126,0.0
1778533327,64,POST,chat/long,0.100000,0.000000,15,15,15,15,15,15,15,15,15,15,15,18,0,15,17.216400389669516,8.438338998530526,28.043798003636766,0.0
1778533327,64,POST,chat/medium,0.000000,0.000000,0,0,0,0,0,0,0,0,0,0,0,2,0,9.108378995733801,20.661653001297964,9.108378995733801,32.214927006862126,0.0
1778533327,64,,Aggregated,0.100000,0.000000,15,15,15,15,15,15,15,15,15,15,15,20,0,15,17.56092565083236,8.438338998530526,32.214927006862126,0.0
1778533328,64,POST,chat/long,0.100000,0.000000,15,15,15,15,15,15,15,15,15,15,15,18,0,15,17.216400389669516,8.438338998530526,28.043798003636766,0.0
1778533328,64,POST,chat/medium,0.000000,0.000000,0,0,0,0,0,0,0,0,0,0,0,2,0,9.108378995733801,20.661653001297964,9.108378995733801,32.214927006862126,0.0
1778533328,64,,Aggregated,0.100000,0.000000,15,15,15,15,15,15,15,15,15,15,15,20,0,15,17.56092565083236,8.438338998530526,32.214927006862126,0.0
1778533329,64,POST,chat/long,0.100000,0.000000,15,15,15,15,15,15,15,15,15,15,15,18,0,15,17.216400389669516,8.438338998530526,28.043798003636766,0.0
1778533329,64,POST,chat/medium,0.000000,0.000000,0,0,0,0,0,0,0,0,0,0,0,2,0,9.108378995733801,20.661653001297964,9.108378995733801,32.214927006862126,0.0
1778533329,64,,Aggregated,0.100000,0.000000,15,15,15,15,15,15,15,15,15,15,15,20,0,15,17.56092565083236,8.438338998530526,32.214927006862126,0.0
1778533330,64,POST,chat/long,0.100000,0.000000,15,15,15,15,15,15,15,15,15,15,15,18,0,15,17.216400389669516,8.438338998530526,28.043798003636766,0.0
1778533330,64,POST,chat/medium,0.000000,0.000000,0,0,0,0,0,0,0,0,0,0,0,2,0,9.108378995733801,20.661653001297964,9.108378995733801,32.214927006862126,0.0
1778533330,64,,Aggregated,0.100000,0.000000,15,15,15,15,15,15,15,15,15,15,15,20,0,15,17.56092565083236,8.438338998530526,32.214927006862126,0.0
1778533331,64,POST,chat/long,0.100000,0.000000,15,15,15,15,15,15,15,15,15,15,15,18,0,15,17.216400389669516,8.438338998530526,28.043798003636766,0.0
1778533331,64,POST,chat/medium,0.000000,0.000000,0,0,0,0,0,0,0,0,0,0,0,2,0,9.108378995733801,20.661653001297964,9.108378995733801,32.214927006862126,0.0
1778533331,64,,Aggregated,0.100000,0.000000,15,15,15,15,15,15,15,15,15,15,15,20,0,15,17.56092565083236,8.438338998530526,32.214927006862126,0.0
1778533332,64,POST,chat/long,0.200000,0.000000,15,15,27,27,27,27,27,27,27,27,27,20,0,15,17.272738150859368,8.438338998530526,28.043798003636766,0.0
1778533332,64,POST,chat/medium,0.000000,0.000000,0,0,0,0,0,0,0,0,0,0,0,2,0,9.108378995733801,20.661653001297964,9.108378995733801,32.214927006862126,0.0
1778533332,64,,Aggregated,0.200000,0.000000,15,15,27,27,27,27,27,27,27,27,27,22,0,15,17.580821319081057,8.438338998530526,32.214927006862126,0.0
1778533333,64,POST,chat/long,0.200000,0.000000,16,16,27,27,27,27,27,27,27,27,27,21,0,15,17.214300048570813,8.438338998530526,28.043798003636766,0.0
1778533333,64,POST,chat/medium,0.000000,0.000000,0,0,0,0,0,0,0,0,0,0,0,2,0,9.108378995733801,20.661653001297964,9.108378995733801,32.214927006862126,0.0
1778533333,64,,Aggregated,0.200000,0.000000,16,16,27,27,27,27,27,27,27,27,27,23,0,15,17.514069870547086,8.438338998530526,32.214927006862126,0.0
1778533334,64,POST,chat/long,0.200000,0.000000,16,16,27,27,27,27,27,27,27,27,27,21,0,15,17.214300048570813,8.438338998530526,28.043798003636766,0.0
1778533334,64,POST,chat/medium,0.000000,0.000000,0,0,0,0,0,0,0,0,0,0,0,2,0,9.108378995733801,20.661653001297964,9.108378995733801,32.214927006862126,0.0
1778533334,64,,Aggregated,0.200000,0.000000,16,16,27,27,27,27,27,27,27,27,27,23,0,15,17.514069870547086,8.438338998530526,32.214927006862126,0.0
1778533335,64,POST,chat/long,0.200000,0.000000,16,16,27,27,27,27,27,27,27,27,27,21,0,15,17.214300048570813,8.438338998530526,28.043798003636766,0.0
1778533335,64,POST,chat/medium,0.000000,0.000000,0,0,0,0,0,0,0,0,0,0,0,2,0,9.108378995733801,20.661653001297964,9.108378995733801,32.214927006862126,0.0
1778533335,64,,Aggregated,0.200000,0.000000,16,16,27,27,27,27,27,27,27,27,27,23,0,15,17.514069870547086,8.438338998530526,32.214927006862126,0.0
1778533336,64,POST,chat/long,0.500000,0.000000,16,17,17,27,27,27,27,27,27,27,27,23,0,15,16.97018430549297,8.438338998530526,28.043798003636766,0.0
1778533336,64,POST,chat/medium,0.000000,0.000000,0,0,0,0,0,0,0,0,0,0,0,2,0,9.108378995733801,20.661653001297964,9.108378995733801,32.214927006862126,0.0
1778533336,64,,Aggregated,0.500000,0.000000,16,17,17,27,27,27,27,27,27,27,27,25,0,15,17.26550180115737,8.438338998530526,32.214927006862126,0.0
1778533337,64,POST,chat/long,0.500000,0.000000,16,17,17,27,27,27,27,27,27,27,27,23,0,15,16.97018430549297,8.438338998530526,28.043798003636766,0.0
1778533337,64,POST,chat/medium,0.000000,0.000000,0,0,0,0,0,0,0,0,0,0,0,2,0,9.108378995733801,20.661653001297964,9.108378995733801,32.214927006862126,0.0
1778533337,64,,Aggregated,0.500000,0.000000,16,17,17,27,27,27,27,27,27,27,27,25,0,15,17.26550180115737,8.438338998530526,32.214927006862126,0.0
1778533338,64,POST,chat/long,0.500000,0.000000,17,17,18,18,18,18,18,18,18,18,18,24,0,15,16.996511584390344,8.438338998530526,28.043798003636766,0.0
1778533338,64,POST,chat/medium,0.000000,0.000000,0,0,0,0,0,0,0,0,0,0,0,2,0,9.108378995733801,20.661653001297964,9.108378995733801,32.214927006862126,0.0
1778533338,64,,Aggregated,0.500000,0.000000,17,17,18,18,18,18,18,18,18,18,18,26,0,15,17.27844553953708,8.438338998530526,32.214927006862126,0.0
1778533339,64,POST,chat/long,0.600000,0.000000,17,17,18,18,19,19,19,19,19,19,19,26,0,15,16.83532634706353,8.438338998530526,28.043798003636766,0.0
1778533339,64,POST,chat/medium,0.000000,0.000000,0,0,0,0,0,0,0,0,0,0,0,2,0,9.108378995733801,20.661653001297964,9.108378995733801,32.214927006862126,0.0
1778533339,64,,Aggregated,0.600000,0.000000,17,17,18,18,19,19,19,19,19,19,19,28,0,15,17.10863539379456,8.438338998530526,32.214927006862126,0.0
1778533340,64,POST,chat/long,0.600000,0.000000,17,17,18,18,19,19,19,19,19,19,19,26,0,15,16.83532634706353,8.438338998530526,28.043798003636766,0.0
1778533340,64,POST,chat/medium,0.000000,0.000000,0,0,0,0,0,0,0,0,0,0,0,2,0,9.108378995733801,20.661653001297964,9.108378995733801,32.214927006862126,0.0
1778533340,64,,Aggregated,0.600000,0.000000,17,17,18,18,19,19,19,19,19,19,19,28,0,15,17.10863539379456,8.438338998530526,32.214927006862126,0.0
1778533341,64,POST,chat/long,0.600000,0.000000,17,17,18,18,19,19,19,19,19,19,19,27,0,16,16.813705704677247,8.438338998530526,28.043798003636766,0.0
1778533341,64,POST,chat/medium,0.000000,0.000000,0,0,0,0,0,0,0,0,0,0,0,2,0,9.108378995733801,20.661653001297964,9.108378995733801,32.214927006862126,0.0
1778533341,64,,Aggregated,0.600000,0.000000,17,17,18,18,19,19,19,19,19,19,19,29,0,16,17.07908138030626,8.438338998530526,32.214927006862126,0.0
1778533342,64,POST,chat/long,0.600000,0.000000,17,17,18,18,19,19,19,19,19,19,19,27,0,16,16.813705704677247,8.438338998530526,28.043798003636766,0.0
1778533342,64,POST,chat/medium,0.000000,0.000000,0,0,0,0,0,0,0,0,0,0,0,2,0,9.108378995733801,20.661653001297964,9.108378995733801,32.214927006862126,0.0
1778533342,64,,Aggregated,0.600000,0.000000,17,17,18,18,19,19,19,19,19,19,19,29,0,16,17.07908138030626,8.438338998530526,32.214927006862126,0.0
1778533343,64,POST,chat/long,0.600000,0.000000,18,18,19,19,19,19,19,19,19,19,19,27,0,16,16.813705704677247,8.438338998530526,28.043798003636766,0.0
1778533343,64,POST,chat/medium,0.000000,0.000000,0,0,0,0,0,0,0,0,0,0,0,2,0,9.108378995733801,20.661653001297964,9.108378995733801,32.214927006862126,0.0
1778533343,64,,Aggregated,0.600000,0.000000,18,18,19,19,19,19,19,19,19,19,19,29,0,16,17.07908138030626,8.438338998530526,32.214927006862126,0.0
1778533344,64,POST,chat/long,0.600000,0.000000,18,18,19,19,19,19,19,19,19,19,19,27,0,16,16.813705704677247,8.438338998530526,28.043798003636766,0.0
1778533344,64,POST,chat/medium,0.000000,0.000000,0,0,0,0,0,0,0,0,0,0,0,2,0,9.108378995733801,20.661653001297964,9.108378995733801,32.214927006862126,0.0
1778533344,64,,Aggregated,0.600000,0.000000,18,18,19,19,19,19,19,19,19,19,19,29,0,16,17.07908138030626,8.438338998530526,32.214927006862126,0.0
1778533345,64,POST,chat/long,0.700000,0.000000,16,18,18,19,19,19,19,19,19,19,19,28,0,16,16.781110822194023,8.438338998530526,28.043798003636766,0.0
1778533345,64,POST,chat/medium,0.000000,0.000000,0,0,0,0,0,0,0,0,0,0,0,2,0,9.108378995733801,20.661653001297964,9.108378995733801,32.214927006862126,0.0
1778533345,64,,Aggregated,0.700000,0.000000,16,18,18,19,19,19,19,19,19,19,19,30,0,16,17.039813634134287,8.438338998530526,32.214927006862126,0.0
1778533346,64,POST,chat/long,0.700000,0.000000,16,18,18,19,19,19,19,19,19,19,19,28,0,16,16.781110822194023,8.438338998530526,28.043798003636766,0.0
1778533346,64,POST,chat/medium,0.000000,0.000000,0,0,0,0,0,0,0,0,0,0,0,2,0,9.108378995733801,20.661653001297964,9.108378995733801,32.214927006862126,0.0
1778533346,64,,Aggregated,0.700000,0.000000,16,18,18,19,19,19,19,19,19,19,19,30,0,16,17.039813634134287,8.438338998530526,32.214927006862126,0.0
1778533347,64,POST,chat/long,0.700000,0.000000,16,16,16,16,16,16,16,16,16,16,16,28,0,16,16.781110822194023,8.438338998530526,28.043798003636766,0.0
1778533347,64,POST,chat/medium,0.000000,0.000000,0,0,0,0,0,0,0,0,0,0,0,2,0,9.108378995733801,20.661653001297964,9.108378995733801,32.214927006862126,0.0
1778533347,64,,Aggregated,0.700000,0.000000,16,16,16,16,16,16,16,16,16,16,16,30,0,16,17.039813634134287,8.438338998530526,32.214927006862126,0.0
1778533348,64,POST,chat/long,0.700000,0.000000,16,16,16,16,16,16,16,16,16,16,16,28,0,16,16.781110822194023,8.438338998530526,28.043798003636766,0.0
1778533348,64,POST,chat/medium,0.000000,0.000000,0,0,0,0,0,0,0,0,0,0,0,2,0,9.108378995733801,20.661653001297964,9.108378995733801,32.214927006862126,0.0
1778533348,64,,Aggregated,0.700000,0.000000,16,16,16,16,16,16,16,16,16,16,16,30,0,16,17.039813634134287,8.438338998530526,32.214927006862126,0.0
1778533349,64,POST,chat/long,0.400000,0.000000,16,16,24,24,24,24,24,24,24,24,24,29,0,16,17.017351069782684,8.438338998530526,28.043798003636766,0.0
1778533349,64,POST,chat/medium,0.000000,0.000000,0,0,0,0,0,0,0,0,0,0,0,2,0,9.108378995733801,20.661653001297964,9.108378995733801,32.214927006862126,0.0
1778533349,64,,Aggregated,0.400000,0.000000,16,16,24,24,24,24,24,24,24,24,24,31,0,16,17.25246732342883,8.438338998530526,32.214927006862126,0.0
1778533350,64,POST,chat/long,0.400000,0.000000,16,16,24,24,24,24,24,24,24,24,24,29,0,16,17.017351069782684,8.438338998530526,28.043798003636766,0.0
1778533350,64,POST,chat/medium,0.000000,0.000000,0,0,0,0,0,0,0,0,0,0,0,2,0,9.108378995733801,20.661653001297964,9.108378995733801,32.214927006862126,0.0
1778533350,64,,Aggregated,0.400000,0.000000,16,16,24,24,24,24,24,24,24,24,24,31,0,16,17.25246732342883,8.438338998530526,32.214927006862126,0.0
1778533351,64,POST,chat/long,0.400000,0.000000,16,16,16,24,24,24,24,24,24,24,24,31,0,16,16.701438000910134,8.438338998530526,28.043798003636766,0.0
1778533351,64,POST,chat/medium,0.000000,0.000000,0,0,0,0,0,0,0,0,0,0,0,2,0,9.108378995733801,20.661653001297964,9.108378995733801,32.214927006862126,0.0
1778533351,64,,Aggregated,0.400000,0.000000,16,16,16,24,24,24,24,24,24,24,24,33,0,16,16.94145103123667,8.438338998530526,32.214927006862126,0.0
1778533352,64,POST,chat/long,0.400000,0.000000,12,12,24,24,24,24,24,24,24,24,24,31,0,16,16.701438000910134,8.438338998530526,28.043798003636766,0.0
1778533352,64,POST,chat/medium,0.000000,0.000000,0,0,0,0,0,0,0,0,0,0,0,2,0,9.108378995733801,20.661653001297964,9.108378995733801,32.214927006862126,0.0
1778533352,64,,Aggregated,0.400000,0.000000,12,12,24,24,24,24,24,24,24,24,24,33,0,16,16.94145103123667,8.438338998530526,32.214927006862126,0.0
1778533353,64,POST,chat/long,0.400000,0.000000,12,12,24,24,24,24,24,24,24,24,24,31,0,16,16.701438000910134,8.438338998530526,28.043798003636766,0.0
1778533353,64,POST,chat/medium,0.000000,0.000000,0,0,0,0,0,0,0,0,0,0,0,2,0,9.108378995733801,20.661653001297964,9.108378995733801,32.214927006862126,0.0
1778533353,64,,Aggregated,0.400000,0.000000,12,12,24,24,24,24,24,24,24,24,24,33,0,16,16.94145103123667,8.438338998530526,32.214927006862126,0.0
1778533354,64,POST,chat/long,0.500000,0.000000,19,19,24,24,24,24,24,24,24,24,24,32,0,16,16.763406750897047,8.438338998530526,28.043798003636766,0.0
1778533354,64,POST,chat/medium,0.000000,0.000000,0,0,0,0,0,0,0,0,0,0,0,2,0,9.108378995733801,20.661653001297964,9.108378995733801,32.214927006862126,0.0
1778533354,64,,Aggregated,0.500000,0.000000,19,19,24,24,24,24,24,24,24,24,24,34,0,16,16.992715353861808,8.438338998530526,32.214927006862126,0.0
1778533355,64,POST,chat/long,0.500000,0.000000,19,19,24,24,24,24,24,24,24,24,24,32,0,16,16.763406750897047,8.438338998530526,28.043798003636766,0.0
1778533355,64,POST,chat/medium,0.000000,0.000000,0,0,0,0,0,0,0,0,0,0,0,2,0,9.108378995733801,20.661653001297964,9.108378995733801,32.214927006862126,0.0
1778533355,64,,Aggregated,0.500000,0.000000,19,19,24,24,24,24,24,24,24,24,24,34,0,16,16.992715353861808,8.438338998530526,32.214927006862126,0.0
1778533356,64,POST,chat/long,0.500000,0.000000,12,12,19,19,19,19,19,19,19,19,19,32,0,16,16.763406750897047,8.438338998530526,28.043798003636766,0.0
1778533356,64,POST,chat/medium,0.000000,0.000000,0,0,0,0,0,0,0,0,0,0,0,2,0,9.108378995733801,20.661653001297964,9.108378995733801,32.214927006862126,0.0
1778533356,64,,Aggregated,0.500000,0.000000,12,12,19,19,19,19,19,19,19,19,19,34,0,16,16.992715353861808,8.438338998530526,32.214927006862126,0.0
1778533357,64,POST,chat/long,0.500000,0.000000,12,12,19,19,19,19,19,19,19,19,19,32,0,16,16.763406750897047,8.438338998530526,28.043798003636766,0.0
1778533357,64,POST,chat/medium,0.000000,0.000000,0,0,0,0,0,0,0,0,0,0,0,2,0,9.108378995733801,20.661653001297964,9.108378995733801,32.214927006862126,0.0
1778533357,64,,Aggregated,0.500000,0.000000,12,12,19,19,19,19,19,19,19,19,19,34,0,16,16.992715353861808,8.438338998530526,32.214927006862126,0.0
1778533358,64,POST,chat/long,0.500000,0.000000,19,19,19,19,19,19,19,19,19,19,19,32,0,16,16.763406750897047,8.438338998530526,28.043798003636766,0.0
1778533358,64,POST,chat/medium,0.000000,0.000000,0,0,0,0,0,0,0,0,0,0,0,2,0,9.108378995733801,20.661653001297964,9.108378995733801,32.214927006862126,0.0
1778533358,64,,Aggregated,0.500000,0.000000,19,19,19,19,19,19,19,19,19,19,19,34,0,16,16.992715353861808,8.438338998530526,32.214927006862126,0.0
1778533359,64,POST,chat/long,0.500000,0.000000,19,19,19,19,19,19,19,19,19,19,19,32,0,16,16.763406750897047,8.438338998530526,28.043798003636766,0.0
1778533359,64,POST,chat/medium,0.000000,0.000000,0,0,0,0,0,0,0,0,0,0,0,2,0,9.108378995733801,20.661653001297964,9.108378995733801,32.214927006862126,0.0
1778533359,64,,Aggregated,0.500000,0.000000,19,19,19,19,19,19,19,19,19,19,19,34,0,16,16.992715353861808,8.438338998530526,32.214927006862126,0.0
1778533360,64,POST,chat/long,0.500000,0.000000,0,0,0,0,0,0,0,0,0,0,0,32,0,16,16.763406750897047,8.438338998530526,28.043798003636766,0.0
1778533360,64,POST,chat/medium,0.000000,0.000000,0,0,0,0,0,0,0,0,0,0,0,2,0,9.108378995733801,20.661653001297964,9.108378995733801,32.214927006862126,0.0
1778533360,64,,Aggregated,0.500000,0.000000,0,0,0,0,0,0,0,0,0,0,0,34,0,16,16.992715353861808,8.438338998530526,32.214927006862126,0.0
1778533361,64,POST,chat/long,0.500000,0.000000,0,0,0,0,0,0,0,0,0,0,0,32,0,16,16.763406750897047,8.438338998530526,28.043798003636766,0.0
1778533361,64,POST,chat/medium,0.000000,0.000000,0,0,0,0,0,0,0,0,0,0,0,2,0,9.108378995733801,20.661653001297964,9.108378995733801,32.214927006862126,0.0
1778533361,64,,Aggregated,0.500000,0.000000,0,0,0,0,0,0,0,0,0,0,0,34,0,16,16.992715353861808,8.438338998530526,32.214927006862126,0.0
1778533362,64,POST,chat/long,0.500000,0.000000,0,0,0,0,0,0,0,0,0,0,0,32,0,16,16.763406750897047,8.438338998530526,28.043798003636766,0.0
1778533362,64,POST,chat/medium,0.000000,0.000000,0,0,0,0,0,0,0,0,0,0,0,2,0,9.108378995733801,20.661653001297964,9.108378995733801,32.214927006862126,0.0
1778533362,64,,Aggregated,0.500000,0.000000,0,0,0,0,0,0,0,0,0,0,0,34,0,16,16.992715353861808,8.438338998530526,32.214927006862126,0.0
1778533363,64,POST,chat/long,0.100000,0.000000,25,25,25,25,25,25,25,25,25,25,25,34,0,16,16.812090677216048,8.438338998530526,28.043798003636766,0.0
1778533363,64,POST,chat/medium,0.000000,0.000000,0,0,0,0,0,0,0,0,0,0,0,2,0,9.108378995733801,20.661653001297964,9.108378995733801,32.214927006862126,0.0
1778533363,64,,Aggregated,0.100000,0.000000,25,25,25,25,25,25,25,25,25,25,25,36,0,16,17.025955250776153,8.438338998530526,32.214927006862126,0.0
1778533364,64,POST,chat/long,0.100000,0.000000,25,25,25,25,25,25,25,25,25,25,25,34,0,16,16.812090677216048,8.438338998530526,28.043798003636766,0.0
1778533364,64,POST,chat/medium,0.000000,0.000000,0,0,0,0,0,0,0,0,0,0,0,2,0,9.108378995733801,20.661653001297964,9.108378995733801,32.214927006862126,0.0
1778533364,64,,Aggregated,0.100000,0.000000,25,25,25,25,25,25,25,25,25,25,25,36,0,16,17.025955250776153,8.438338998530526,32.214927006862126,0.0
1778533365,64,POST,chat/long,0.100000,0.000000,25,25,25,25,25,25,25,25,25,25,25,34,0,16,16.812090677216048,8.438338998530526,28.043798003636766,0.0
1778533365,64,POST,chat/medium,0.000000,0.000000,0,0,0,0,0,0,0,0,0,0,0,2,0,9.108378995733801,20.661653001297964,9.108378995733801,32.214927006862126,0.0
1778533365,64,,Aggregated,0.100000,0.000000,25,25,25,25,25,25,25,25,25,25,25,36,0,16,17.025955250776153,8.438338998530526,32.214927006862126,0.0
1778533366,64,POST,chat/long,0.000000,0.000000,14,14,25,25,25,25,25,25,25,25,25,35,0,16,16.743566914893954,8.438338998530526,28.043798003636766,0.0
1778533366,64,POST,chat/medium,0.000000,0.000000,0,0,0,0,0,0,0,0,0,0,0,2,0,9.108378995733801,20.661653001297964,9.108378995733801,32.214927006862126,0.0
1778533366,64,,Aggregated,0.000000,0.000000,14,14,25,25,25,25,25,25,25,25,25,37,0,16,16.95535535199687,8.438338998530526,32.214927006862126,0.0
1778533367,64,POST,chat/long,0.000000,0.000000,14,14,14,14,14,14,14,14,14,14,14,35,0,16,16.743566914893954,8.438338998530526,28.043798003636766,0.0
1778533367,64,POST,chat/medium,0.000000,0.000000,0,0,0,0,0,0,0,0,0,0,0,2,0,9.108378995733801,20.661653001297964,9.108378995733801,32.214927006862126,0.0
1778533367,64,,Aggregated,0.000000,0.000000,14,14,14,14,14,14,14,14,14,14,14,37,0,16,16.95535535199687,8.438338998530526,32.214927006862126,0.0
1778533368,64,POST,chat/long,0.000000,0.000000,14,14,14,14,14,14,14,14,14,14,14,35,0,16,16.743566914893954,8.438338998530526,28.043798003636766,0.0
1778533368,64,POST,chat/medium,0.000000,0.000000,0,0,0,0,0,0,0,0,0,0,0,2,0,9.108378995733801,20.661653001297964,9.108378995733801,32.214927006862126,0.0
1778533368,64,,Aggregated,0.000000,0.000000,14,14,14,14,14,14,14,14,14,14,14,37,0,16,16.95535535199687,8.438338998530526,32.214927006862126,0.0
1778533369,64,POST,chat/long,0.000000,0.000000,14,14,14,14,14,14,14,14,14,14,14,35,0,16,16.743566914893954,8.438338998530526,28.043798003636766,0.0
1778533369,64,POST,chat/medium,0.000000,0.000000,0,0,0,0,0,0,0,0,0,0,0,2,0,9.108378995733801,20.661653001297964,9.108378995733801,32.214927006862126,0.0
1778533369,64,,Aggregated,0.000000,0.000000,14,14,14,14,14,14,14,14,14,14,14,37,0,16,16.95535535199687,8.438338998530526,32.214927006862126,0.0
1778533370,64,POST,chat/long,0.300000,0.000000,14,14,14,14,14,14,14,14,14,14,14,36,0,15,16.62774252832201,8.438338998530526,28.043798003636766,0.0
1778533370,64,POST,chat/medium,0.000000,0.000000,0,0,0,0,0,0,0,0,0,0,0,2,0,9.108378995733801,20.661653001297964,9.108378995733801,32.214927006862126,0.0
1778533370,64,,Aggregated,0.300000,0.000000,14,14,14,14,14,14,14,14,14,14,14,38,0,15,16.84005360584706,8.438338998530526,32.214927006862126,0.0
1778533371,64,POST,chat/long,0.300000,0.000000,14,14,14,14,14,14,14,14,14,14,14,36,0,15,16.62774252832201,8.438338998530526,28.043798003636766,0.0
1778533371,64,POST,chat/medium,0.000000,0.000000,0,0,0,0,0,0,0,0,0,0,0,2,0,9.108378995733801,20.661653001297964,9.108378995733801,32.214927006862126,0.0
1778533371,64,,Aggregated,0.300000,0.000000,14,14,14,14,14,14,14,14,14,14,14,38,0,15,16.84005360584706,8.438338998530526,32.214927006862126,0.0
1778533372,64,POST,chat/long,0.300000,0.000000,14,14,26,26,26,26,26,26,26,26,26,37,0,16,16.874299973416193,8.438338998530526,28.043798003636766,0.0
1778533372,64,POST,chat/medium,0.000000,0.000000,0,0,0,0,0,0,0,0,0,0,0,2,0,9.108378995733801,20.661653001297964,9.108378995733801,32.214927006862126,0.0
1778533372,64,,Aggregated,0.300000,0.000000,14,14,26,26,26,26,26,26,26,26,26,39,0,16,17.068523205615257,8.438338998530526,32.214927006862126,0.0
1778533373,64,POST,chat/long,0.300000,0.000000,14,14,26,26,26,26,26,26,26,26,26,37,0,16,16.874299973416193,8.438338998530526,28.043798003636766,0.0
1778533373,64,POST,chat/medium,0.000000,0.000000,0,0,0,0,0,0,0,0,0,0,0,2,0,9.108378995733801,20.661653001297964,9.108378995733801,32.214927006862126,0.0
1778533373,64,,Aggregated,0.300000,0.000000,14,14,26,26,26,26,26,26,26,26,26,39,0,16,17.068523205615257,8.438338998530526,32.214927006862126,0.0
1778533374,64,POST,chat/long,0.300000,0.000000,26,26,26,26,26,26,26,26,26,26,26,37,0,16,16.874299973416193,8.438338998530526,28.043798003636766,0.0
1778533374,64,POST,chat/medium,0.000000,0.000000,0,0,0,0,0,0,0,0,0,0,0,2,0,9.108378995733801,20.661653001297964,9.108378995733801,32.214927006862126,0.0
1778533374,64,,Aggregated,0.300000,0.000000,26,26,26,26,26,26,26,26,26,26,26,39,0,16,17.068523205615257,8.438338998530526,32.214927006862126,0.0
1778533375,64,POST,chat/long,0.400000,0.000000,17,17,26,26,26,26,26,26,26,26,26,38,0,16,16.86734994770009,8.438338998530526,28.043798003636766,0.0
1778533375,64,POST,chat/medium,0.000000,0.000000,0,0,0,0,0,0,0,0,0,0,0,2,0,9.108378995733801,20.661653001297964,9.108378995733801,32.214927006862126,0.0
1778533375,64,,Aggregated,0.400000,0.000000,17,17,26,26,26,26,26,26,26,26,26,40,0,16,17.057065100379987,8.438338998530526,32.214927006862126,0.0
1778533376,64,POST,chat/long,0.400000,0.000000,17,17,26,26,26,26,26,26,26,26,26,38,0,16,16.86734994770009,8.438338998530526,28.043798003636766,0.0
1778533376,64,POST,chat/medium,0.000000,0.000000,0,0,0,0,0,0,0,0,0,0,0,2,0,9.108378995733801,20.661653001297964,9.108378995733801,32.214927006862126,0.0
1778533376,64,,Aggregated,0.400000,0.000000,17,17,26,26,26,26,26,26,26,26,26,40,0,16,17.057065100379987,8.438338998530526,32.214927006862126,0.0
1778533377,64,POST,chat/long,0.400000,0.000000,26,26,26,26,26,26,26,26,26,26,26,38,0,16,16.86734994770009,8.438338998530526,28.043798003636766,0.0
1778533377,64,POST,chat/medium,0.000000,0.000000,0,0,0,0,0,0,0,0,0,0,0,2,0,9.108378995733801,20.661653001297964,9.108378995733801,32.214927006862126,0.0
1778533377,64,,Aggregated,0.400000,0.000000,26,26,26,26,26,26,26,26,26,26,26,40,0,16,17.057065100379987,8.438338998530526,32.214927006862126,0.0
1778533378,64,POST,chat/long,0.300000,0.000000,17,17,26,26,26,26,26,26,26,26,26,39,0,16,16.866375051717906,8.438338998530526,28.043798003636766,0.0
1778533378,64,POST,chat/medium,0.000000,0.000000,0,0,0,0,0,0,0,0,0,0,0,2,0,9.108378995733801,20.661653001297964,9.108378995733801,32.214927006862126,0.0
1778533378,64,,Aggregated,0.300000,0.000000,17,17,26,26,26,26,26,26,26,26,26,41,0,16,17.05151056145352,8.438338998530526,32.214927006862126,0.0
1778533379,64,POST,chat/long,0.300000,0.000000,21,21,26,26,26,26,26,26,26,26,26,40,0,16,16.96952812544623,8.438338998530526,28.043798003636766,0.0
1778533379,64,POST,chat/medium,0.000000,0.000000,0,0,0,0,0,0,0,0,0,0,0,2,0,9.108378995733801,20.661653001297964,9.108378995733801,32.214927006862126,0.0
1778533379,64,,Aggregated,0.300000,0.000000,21,21,26,26,26,26,26,26,26,26,26,42,0,16,17.145343595724885,8.438338998530526,32.214927006862126,0.0
1778533380,64,POST,chat/long,0.300000,0.000000,17,17,21,21,21,21,21,21,21,21,21,40,0,16,16.96952812544623,8.438338998530526,28.043798003636766,0.0
1778533380,64,POST,chat/medium,0.000000,0.000000,0,0,0,0,0,0,0,0,0,0,0,2,0,9.108378995733801,20.661653001297964,9.108378995733801,32.214927006862126,0.0
1778533380,64,,Aggregated,0.300000,0.000000,17,17,21,21,21,21,21,21,21,21,21,42,0,16,17.145343595724885,8.438338998530526,32.214927006862126,0.0
1778533381,64,POST,chat/long,0.400000,0.000000,17,17,21,21,21,21,21,21,21,21,21,41,0,16,16.774596927351055,8.438338998530526,28.043798003636766,0.0
1778533381,64,POST,chat/medium,0.000000,0.000000,0,0,0,0,0,0,0,0,0,0,0,2,0,9.108378995733801,20.661653001297964,9.108378995733801,32.214927006862126,0.0
1778533381,64,,Aggregated,0.400000,0.000000,17,17,21,21,21,21,21,21,21,21,21,43,0,16,16.95539023311603,8.438338998530526,32.214927006862126,0.0
1778533382,64,POST,chat/long,0.400000,0.000000,17,17,21,21,21,21,21,21,21,21,21,41,0,16,16.774596927351055,8.438338998530526,28.043798003636766,0.0
1778533382,64,POST,chat/medium,0.000000,0.000000,0,0,0,0,0,0,0,0,0,0,0,2,0,9.108378995733801,20.661653001297964,9.108378995733801,32.214927006862126,0.0
1778533382,64,,Aggregated,0.400000,0.000000,17,17,21,21,21,21,21,21,21,21,21,43,0,16,16.95539023311603,8.438338998530526,32.214927006862126,0.0
1778533383,64,POST,chat/long,0.400000,0.000000,17,17,21,21,21,21,21,21,21,21,21,41,0,16,16.774596927351055,8.438338998530526,28.043798003636766,0.0
1778533383,64,POST,chat/medium,0.000000,0.000000,0,0,0,0,0,0,0,0,0,0,0,2,0,9.108378995733801,20.661653001297964,9.108378995733801,32.214927006862126,0.0
1778533383,64,,Aggregated,0.400000,0.000000,17,17,21,21,21,21,21,21,21,21,21,43,0,16,16.95539023311603,8.438338998530526,32.214927006862126,0.0
1778533384,64,POST,chat/long,0.400000,0.000000,17,17,21,21,21,21,21,21,21,21,21,42,0,16,16.618493167091703,8.438338998530526,28.043798003636766,0.0
1778533384,64,POST,chat/medium,0.100000,0.000000,0,0,0,0,0,0,0,0,0,0,0,3,0,9,16.483475000616938,8.12711899925489,32.214927006862126,0.0
1778533384,64,,Aggregated,0.500000,0.000000,10,17,17,21,21,21,21,21,21,21,21,45,0,16,16.609491955993388,8.12711899925489,32.214927006862126,0.0
1778533385,64,POST,chat/long,0.400000,0.000000,21,21,21,21,21,21,21,21,21,21,21,43,0,16,16.710741907360877,8.438338998530526,28.043798003636766,0.0
1778533385,64,POST,chat/medium,0.100000,0.000000,0,0,0,0,0,0,0,0,0,0,0,3,0,9,16.483475000616938,8.12711899925489,32.214927006862126,0.0
1778533385,64,,Aggregated,0.500000,0.000000,10,21,21,21,21,21,21,21,21,21,21,46,0,16,16.69592015257323,8.12711899925489,32.214927006862126,0.0
1778533386,64,POST,chat/long,0.400000,0.000000,21,21,21,21,21,21,21,21,21,21,21,43,0,16,16.710741907360877,8.438338998530526,28.043798003636766,0.0
1778533386,64,POST,chat/medium,0.100000,0.000000,0,0,0,0,0,0,0,0,0,0,0,3,0,9,16.483475000616938,8.12711899925489,32.214927006862126,0.0
1778533386,64,,Aggregated,0.500000,0.000000,10,21,21,21,21,21,21,21,21,21,21,46,0,16,16.69592015257323,8.12711899925489,32.214927006862126,0.0
1778533387,64,POST,chat/long,0.400000,0.000000,16,21,21,21,21,21,21,21,21,21,21,44,0,16,16.692993204990422,8.438338998530526,28.043798003636766,0.0
1778533387,64,POST,chat/medium,0.100000,0.000000,0,0,0,0,0,0,0,0,0,0,0,3,0,9,16.483475000616938,8.12711899925489,32.214927006862126,0.0
1778533387,64,,Aggregated,0.500000,0.000000,16,16,21,21,21,21,21,21,21,21,21,47,0,16,16.679619702583604,8.12711899925489,32.214927006862126,0.0
1778533388,64,POST,chat/long,0.400000,0.000000,16,16,21,21,21,21,21,21,21,21,21,45,0,16,16.58711844486081,8.438338998530526,28.043798003636766,0.0
1778533388,64,POST,chat/medium,0.100000,0.000000,0,0,0,0,0,0,0,0,0,0,0,3,0,9,16.483475000616938,8.12711899925489,32.214927006862126,0.0
1778533388,64,,Aggregated,0.500000,0.000000,12,16,21,21,21,21,21,21,21,21,21,48,0,16,16.58064072959557,8.12711899925489,32.214927006862126,0.0
1778533389,64,POST,chat/long,0.400000,0.000000,16,16,21,21,21,21,21,21,21,21,21,45,0,16,16.58711844486081,8.438338998530526,28.043798003636766,0.0
1778533389,64,POST,chat/medium,0.100000,0.000000,0,0,0,0,0,0,0,0,0,0,0,3,0,9,16.483475000616938,8.12711899925489,32.214927006862126,0.0
1778533389,64,,Aggregated,0.500000,0.000000,12,16,16,21,21,21,21,21,21,21,21,48,0,16,16.58064072959557,8.12711899925489,32.214927006862126,0.0
1778533390,64,POST,chat/long,0.600000,0.000000,15,16,16,21,21,21,21,21,21,21,21,46,0,16,16.559276478643447,8.438338998530526,28.043798003636766,0.0
1778533390,64,POST,chat/medium,0.100000,0.000000,0,0,0,0,0,0,0,0,0,0,0,3,0,9,16.483475000616938,8.12711899925489,32.214927006862126,0.0
1778533390,64,,Aggregated,0.700000,0.000000,15,15,16,16,21,21,21,21,21,21,21,49,0,16,16.5546355718255,8.12711899925489,32.214927006862126,0.0
1778533391,64,POST,chat/long,0.600000,0.000000,15,16,16,21,21,21,21,21,21,21,21,46,0,16,16.559276478643447,8.438338998530526,28.043798003636766,0.0
1778533391,64,POST,chat/medium,0.100000,0.000000,0,0,0,0,0,0,0,0,0,0,0,3,0,9,16.483475000616938,8.12711899925489,32.214927006862126,0.0
1778533391,64,,Aggregated,0.700000,0.000000,15,15,16,16,21,21,21,21,21,21,21,49,0,16,16.5546355718255,8.12711899925489,32.214927006862126,0.0
1778533392,64,POST,chat/long,0.600000,0.000000,16,16,21,21,21,21,21,21,21,21,21,46,0,16,16.559276478643447,8.438338998530526,28.043798003636766,0.0
1778533392,64,POST,chat/medium,0.100000,0.000000,0,0,0,0,0,0,0,0,0,0,0,3,0,9,16.483475000616938,8.12711899925489,32.214927006862126,0.0
1778533392,64,,Aggregated,0.700000,0.000000,16,16,21,21,21,21,21,21,21,21,21,49,0,16,16.5546355718255,8.12711899925489,32.214927006862126,0.0
1778533393,64,POST,chat/long,0.500000,0.000000,15,16,16,21,21,21,21,21,21,21,21,47,0,16,16.403251638737547,8.438338998530526,28.043798003636766,0.0
1778533393,64,POST,chat/medium,0.100000,0.000000,0,0,0,0,0,0,0,0,0,0,0,3,0,9,16.483475000616938,8.12711899925489,32.214927006862126,0.0
1778533393,64,,Aggregated,0.600000,0.000000,15,16,16,21,21,21,21,21,21,21,21,50,0,15,16.40806504045031,8.12711899925489,32.214927006862126,0.0
1778533394,64,POST,chat/long,0.500000,0.000000,16,16,16,16,21,21,21,21,21,21,21,48,0,16,16.39211179205328,8.438338998530526,28.043798003636766,0.0
1778533394,64,POST,chat/medium,0.100000,0.000000,0,0,0,0,0,0,0,0,0,0,0,3,0,9,16.483475000616938,8.12711899925489,32.214927006862126,0.0
1778533394,64,,Aggregated,0.600000,0.000000,16,16,16,16,21,21,21,21,21,21,21,51,0,16,16.397486098439376,8.12711899925489,32.214927006862126,0.0
1778533395,64,POST,chat/long,0.500000,0.000000,16,16,16,16,21,21,21,21,21,21,21,48,0,16,16.39211179205328,8.438338998530526,28.043798003636766,0.0
1778533395,64,POST,chat/medium,0.100000,0.000000,0,0,0,0,0,0,0,0,0,0,0,3,0,9,16.483475000616938,8.12711899925489,32.214927006862126,0.0
1778533395,64,,Aggregated,0.600000,0.000000,16,16,16,16,21,21,21,21,21,21,21,51,0,16,16.397486098439376,8.12711899925489,32.214927006862126,0.0
1778533396,64,POST,chat/long,0.500000,0.000000,15,15,16,16,16,16,16,16,16,16,16,48,0,16,16.39211179205328,8.438338998530526,28.043798003636766,0.0
1778533396,64,POST,chat/medium,0.100000,0.000000,0,0,0,0,0,0,0,0,0,0,0,3,0,9,16.483475000616938,8.12711899925489,32.214927006862126,0.0
1778533396,64,,Aggregated,0.600000,0.000000,15,15,16,16,16,16,16,16,16,16,16,51,0,16,16.397486098439376,8.12711899925489,32.214927006862126,0.0
1778533397,64,POST,chat/long,0.600000,0.000000,16,16,20,20,20,20,20,20,20,20,20,49,0,16,16.463039265601058,8.438338998530526,28.043798003636766,0.0
1778533397,64,POST,chat/medium,0.000000,0.000000,0,0,0,0,0,0,0,0,0,0,0,3,0,9,16.483475000616938,8.12711899925489,32.214927006862126,0.0
1778533397,64,,Aggregated,0.600000,0.000000,16,16,20,20,20,20,20,20,20,20,20,52,0,16,16.464218250313515,8.12711899925489,32.214927006862126,0.0
1778533398,64,POST,chat/long,0.600000,0.000000,16,16,20,20,20,20,20,20,20,20,20,49,0,16,16.463039265601058,8.438338998530526,28.043798003636766,0.0
1778533398,64,POST,chat/medium,0.000000,0.000000,0,0,0,0,0,0,0,0,0,0,0,3,0,9,16.483475000616938,8.12711899925489,32.214927006862126,0.0
1778533398,64,,Aggregated,0.600000,0.000000,16,16,20,20,20,20,20,20,20,20,20,52,0,16,16.464218250313515,8.12711899925489,32.214927006862126,0.0
1778533399,64,POST,chat/long,0.600000,0.000000,16,16,20,20,20,20,20,20,20,20,20,49,0,16,16.463039265601058,8.438338998530526,28.043798003636766,0.0
1778533399,64,POST,chat/medium,0.000000,0.000000,0,0,0,0,0,0,0,0,0,0,0,3,0,9,16.483475000616938,8.12711899925489,32.214927006862126,0.0
1778533399,64,,Aggregated,0.600000,0.000000,16,16,20,20,20,20,20,20,20,20,20,52,0,16,16.464218250313515,8.12711899925489,32.214927006862126,0.0
1778533400,64,POST,chat/long,0.600000,0.000000,16,16,20,20,20,20,20,20,20,20,20,49,0,16,16.463039265601058,8.438338998530526,28.043798003636766,0.0
1778533400,64,POST,chat/medium,0.000000,0.000000,0,0,0,0,0,0,0,0,0,0,0,3,0,9,16.483475000616938,8.12711899925489,32.214927006862126,0.0
1778533400,64,,Aggregated,0.600000,0.000000,16,16,20,20,20,20,20,20,20,20,20,52,0,16,16.464218250313515,8.12711899925489,32.214927006862126,0.0
1778533401,64,POST,chat/long,0.600000,0.000000,20,20,20,20,20,20,20,20,20,20,20,49,0,16,16.463039265601058,8.438338998530526,28.043798003636766,0.0
1778533401,64,POST,chat/medium,0.000000,0.000000,0,0,0,0,0,0,0,0,0,0,0,3,0,9,16.483475000616938,8.12711899925489,32.214927006862126,0.0
1778533401,64,,Aggregated,0.600000,0.000000,20,20,20,20,20,20,20,20,20,20,20,52,0,16,16.464218250313515,8.12711899925489,32.214927006862126,0.0
1778533402,64,POST,chat/long,0.400000,0.000000,16,16,20,20,20,20,20,20,20,20,20,50,0,16,16.379146860417677,8.438338998530526,28.043798003636766,0.0
1778533402,64,POST,chat/medium,0.000000,0.000000,0,0,0,0,0,0,0,0,0,0,0,3,0,9,16.483475000616938,8.12711899925489,32.214927006862126,0.0
1778533402,64,,Aggregated,0.400000,0.000000,16,16,20,20,20,20,20,20,20,20,20,53,0,16,16.38505222684405,8.12711899925489,32.214927006862126,0.0
1778533403,64,POST,chat/long,0.400000,0.000000,16,16,20,20,20,20,20,20,20,20,20,50,0,16,16.379146860417677,8.438338998530526,28.043798003636766,0.0
1778533403,64,POST,chat/medium,0.000000,0.000000,0,0,0,0,0,0,0,0,0,0,0,3,0,9,16.483475000616938,8.12711899925489,32.214927006862126,0.0
1778533403,64,,Aggregated,0.400000,0.000000,16,16,20,20,20,20,20,20,20,20,20,53,0,16,16.38505222684405,8.12711899925489,32.214927006862126,0.0
1778533404,64,POST,chat/long,0.400000,0.000000,12,12,12,12,12,12,12,12,12,12,12,50,0,16,16.379146860417677,8.438338998530526,28.043798003636766,0.0
1778533404,64,POST,chat/medium,0.000000,0.000000,0,0,0,0,0,0,0,0,0,0,0,3,0,9,16.483475000616938,8.12711899925489,32.214927006862126,0.0
1778533404,64,,Aggregated,0.400000,0.000000,12,12,12,12,12,12,12,12,12,12,12,53,0,16,16.38505222684405,8.12711899925489,32.214927006862126,0.0
1778533405,64,POST,chat/long,0.400000,0.000000,12,12,12,12,12,12,12,12,12,12,12,50,0,16,16.379146860417677,8.438338998530526,28.043798003636766,0.0
1778533405,64,POST,chat/medium,0.000000,0.000000,0,0,0,0,0,0,0,0,0,0,0,3,0,9,16.483475000616938,8.12711899925489,32.214927006862126,0.0
1778533405,64,,Aggregated,0.400000,0.000000,12,12,12,12,12,12,12,12,12,12,12,53,0,16,16.38505222684405,8.12711899925489,32.214927006862126,0.0
1778533406,64,POST,chat/long,0.200000,0.000000,18,18,18,18,18,18,18,18,18,18,18,51,0,16,16.40305198088754,8.438338998530526,28.043798003636766,0.0
1778533406,64,POST,chat/medium,0.000000,0.000000,0,0,0,0,0,0,0,0,0,0,0,3,0,9,16.483475000616938,8.12711899925489,32.214927006862126,0.0
1778533406,64,,Aggregated,0.200000,0.000000,18,18,18,18,18,18,18,18,18,18,18,54,0,16,16.407519926428062,8.12711899925489,32.214927006862126,0.0
1778533407,64,POST,chat/long,0.200000,0.000000,18,18,18,18,18,18,18,18,18,18,18,51,0,16,16.40305198088754,8.438338998530526,28.043798003636766,0.0
1778533407,64,POST,chat/medium,0.000000,0.000000,0,0,0,0,0,0,0,0,0,0,0,3,0,9,16.483475000616938,8.12711899925489,32.214927006862126,0.0
1778533407,64,,Aggregated,0.200000,0.000000,18,18,18,18,18,18,18,18,18,18,18,54,0,16,16.407519926428062,8.12711899925489,32.214927006862126,0.0
1778533408,64,POST,chat/long,0.200000,0.000000,18,18,18,18,18,18,18,18,18,18,18,52,0,16,16.40459190443485,8.438338998530526,28.043798003636766,0.0
1778533408,64,POST,chat/medium,0.000000,0.000000,0,0,0,0,0,0,0,0,0,0,0,3,0,9,16.483475000616938,8.12711899925489,32.214927006862126,0.0
1778533408,64,,Aggregated,0.200000,0.000000,18,18,18,18,18,18,18,18,18,18,18,55,0,16,16.408894618772056,8.12711899925489,32.214927006862126,0.0
1778533409,64,POST,chat/long,0.200000,0.000000,16,16,18,18,18,18,18,18,18,18,18,53,0,16,16.28546524580946,8.438338998530526,28.043798003636766,0.0
1778533409,64,POST,chat/medium,0.000000,0.000000,0,0,0,0,0,0,0,0,0,0,0,3,0,9,16.483475000616938,8.12711899925489,32.214927006862126,0.0
1778533409,64,,Aggregated,0.200000,0.000000,16,16,18,18,18,18,18,18,18,18,18,56,0,16,16.296072911245574,8.12711899925489,32.214927006862126,0.0
1778533410,64,POST,chat/long,0.200000,0.000000,16,16,18,18,18,18,18,18,18,18,18,53,0,16,16.28546524580946,8.438338998530526,28.043798003636766,0.0
1778533410,64,POST,chat/medium,0.000000,0.000000,0,0,0,0,0,0,0,0,0,0,0,3,0,9,16.483475000616938,8.12711899925489,32.214927006862126,0.0
1778533410,64,,Aggregated,0.200000,0.000000,16,16,18,18,18,18,18,18,18,18,18,56,0,16,16.296072911245574,8.12711899925489,32.214927006862126,0.0
1778533411,64,POST,chat/long,0.200000,0.000000,16,16,18,18,18,18,18,18,18,18,18,53,0,16,16.28546524580946,8.438338998530526,28.043798003636766,0.0
1778533411,64,POST,chat/medium,0.000000,0.000000,0,0,0,0,0,0,0,0,0,0,0,3,0,9,16.483475000616938,8.12711899925489,32.214927006862126,0.0
1778533411,64,,Aggregated,0.200000,0.000000,16,16,18,18,18,18,18,18,18,18,18,56,0,16,16.296072911245574,8.12711899925489,32.214927006862126,0.0
1778533412,64,POST,chat/long,0.200000,0.000000,16,16,18,18,18,18,18,18,18,18,18,53,0,16,16.28546524580946,8.438338998530526,28.043798003636766,0.0
1778533412,64,POST,chat/medium,0.000000,0.000000,0,0,0,0,0,0,0,0,0,0,0,3,0,9,16.483475000616938,8.12711899925489,32.214927006862126,0.0
1778533412,64,,Aggregated,0.200000,0.000000,16,16,18,18,18,18,18,18,18,18,18,56,0,16,16.296072911245574,8.12711899925489,32.214927006862126,0.0
1778533413,64,POST,chat/long,0.200000,0.000000,16,16,18,18,18,18,18,18,18,18,18,53,0,16,16.28546524580946,8.438338998530526,28.043798003636766,0.0
1778533413,64,POST,chat/medium,0.000000,0.000000,0,0,0,0,0,0,0,0,0,0,0,3,0,9,16.483475000616938,8.12711899925489,32.214927006862126,0.0
1778533413,64,,Aggregated,0.200000,0.000000,16,16,18,18,18,18,18,18,18,18,18,56,0,16,16.296072911245574,8.12711899925489,32.214927006862126,0.0
1778533414,64,POST,chat/long,0.200000,0.000000,16,16,16,16,16,16,16,16,16,16,16,53,0,16,16.28546524580946,8.438338998530526,28.043798003636766,0.0
1778533414,64,POST,chat/medium,0.000000,0.000000,0,0,0,0,0,0,0,0,0,0,0,3,0,9,16.483475000616938,8.12711899925489,32.214927006862126,0.0
1778533414,64,,Aggregated,0.200000,0.000000,16,16,16,16,16,16,16,16,16,16,16,56,0,16,16.296072911245574,8.12711899925489,32.214927006862126,0.0
1778533415,64,POST,chat/long,0.200000,0.000000,16,16,16,16,16,16,16,16,16,16,16,53,0,16,16.28546524580946,8.438338998530526,28.043798003636766,0.0
1778533415,64,POST,chat/medium,0.000000,0.000000,0,0,0,0,0,0,0,0,0,0,0,3,0,9,16.483475000616938,8.12711899925489,32.214927006862126,0.0
1778533415,64,,Aggregated,0.200000,0.000000,16,16,16,16,16,16,16,16,16,16,16,56,0,16,16.296072911245574,8.12711899925489,32.214927006862126,0.0
1778533416,64,POST,chat/long,0.200000,0.000000,10,10,10,10,10,10,10,10,10,10,10,53,0,16,16.28546524580946,8.438338998530526,28.043798003636766,0.0
1778533416,64,POST,chat/medium,0.000000,0.000000,0,0,0,0,0,0,0,0,0,0,0,3,0,9,16.483475000616938,8.12711899925489,32.214927006862126,0.0
1778533416,64,,Aggregated,0.200000,0.000000,10,10,10,10,10,10,10,10,10,10,10,56,0,16,16.296072911245574,8.12711899925489,32.214927006862126,0.0
1778533417,64,POST,chat/long,0.300000,0.000000,16,16,16,16,16,16,16,16,16,16,16,54,0,16,16.286965111686623,8.438338998530526,28.043798003636766,0.0
1778533417,64,POST,chat/medium,0.000000,0.000000,0,0,0,0,0,0,0,0,0,0,0,3,0,9,16.483475000616938,8.12711899925489,32.214927006862126,0.0
1778533417,64,,Aggregated,0.300000,0.000000,16,16,16,16,16,16,16,16,16,16,16,57,0,16,16.2973077374198,8.12711899925489,32.214927006862126,0.0
1778533418,64,POST,chat/long,0.300000,0.000000,10,10,16,16,16,16,16,16,16,16,16,56,0,16,16.035333286189207,8.438338998530526,28.043798003636766,0.0
1778533418,64,POST,chat/medium,0.000000,0.000000,0,0,0,0,0,0,0,0,0,0,0,3,0,9,16.483475000616938,8.12711899925489,32.214927006862126,0.0
1778533418,64,,Aggregated,0.300000,0.000000,10,10,16,16,16,16,16,16,16,16,16,59,0,16,16.058120153024518,8.12711899925489,32.214927006862126,0.0
1778533419,64,POST,chat/long,0.300000,0.000000,10,10,16,16,16,16,16,16,16,16,16,56,0,16,16.035333286189207,8.438338998530526,28.043798003636766,0.0
1778533419,64,POST,chat/medium,0.000000,0.000000,0,0,0,0,0,0,0,0,0,0,0,3,0,9,16.483475000616938,8.12711899925489,32.214927006862126,0.0
1778533419,64,,Aggregated,0.300000,0.000000,10,10,16,16,16,16,16,16,16,16,16,59,0,16,16.058120153024518,8.12711899925489,32.214927006862126,0.0
1778533420,64,POST,chat/long,0.300000,0.000000,10,10,16,16,16,16,16,16,16,16,16,56,0,16,16.035333286189207,8.438338998530526,28.043798003636766,0.0
1778533420,64,POST,chat/medium,0.000000,0.000000,0,0,0,0,0,0,0,0,0,0,0,3,0,9,16.483475000616938,8.12711899925489,32.214927006862126,0.0
1778533420,64,,Aggregated,0.300000,0.000000,10,10,16,16,16,16,16,16,16,16,16,59,0,16,16.058120153024518,8.12711899925489,32.214927006862126,0.0
1778533421,64,POST,chat/long,0.300000,0.000000,10,10,16,16,16,16,16,16,16,16,16,56,0,16,16.035333286189207,8.438338998530526,28.043798003636766,0.0
1778533421,64,POST,chat/medium,0.000000,0.000000,0,0,0,0,0,0,0,0,0,0,0,3,0,9,16.483475000616938,8.12711899925489,32.214927006862126,0.0
1778533421,64,,Aggregated,0.300000,0.000000,10,10,16,16,16,16,16,16,16,16,16,59,0,16,16.058120153024518,8.12711899925489,32.214927006862126,0.0
1778533422,64,POST,chat/long,0.300000,0.000000,10,10,16,16,16,16,16,16,16,16,16,56,0,16,16.035333286189207,8.438338998530526,28.043798003636766,0.0
1778533422,64,POST,chat/medium,0.000000,0.000000,0,0,0,0,0,0,0,0,0,0,0,3,0,9,16.483475000616938,8.12711899925489,32.214927006862126,0.0
1778533422,64,,Aggregated,0.300000,0.000000,10,10,16,16,16,16,16,16,16,16,16,59,0,16,16.058120153024518,8.12711899925489,32.214927006862126,0.0
1778533423,64,POST,chat/long,0.300000,0.000000,10,10,10,10,10,10,10,10,10,10,10,56,0,16,16.035333286189207,8.438338998530526,28.043798003636766,0.0
1778533423,64,POST,chat/medium,0.000000,0.000000,0,0,0,0,0,0,0,0,0,0,0,3,0,9,16.483475000616938,8.12711899925489,32.214927006862126,0.0
1778533423,64,,Aggregated,0.300000,0.000000,10,10,10,10,10,10,10,10,10,10,10,59,0,16,16.058120153024518,8.12711899925489,32.214927006862126,0.0
1778533424,64,POST,chat/long,0.300000,0.000000,10,10,23,23,23,23,23,23,23,23,23,57,0,16,16.161931088151363,8.438338998530526,28.043798003636766,0.0
1778533424,64,POST,chat/medium,0.000000,0.000000,0,0,0,0,0,0,0,0,0,0,0,3,0,9,16.483475000616938,8.12711899925489,32.214927006862126,0.0
1778533424,64,,Aggregated,0.300000,0.000000,10,10,23,23,23,23,23,23,23,23,23,60,0,16,16.17800828377464,8.12711899925489,32.214927006862126,0.0
1778533425,64,POST,chat/long,0.300000,0.000000,10,10,23,23,23,23,23,23,23,23,23,57,0,16,16.161931088151363,8.438338998530526,28.043798003636766,0.0
1778533425,64,POST,chat/medium,0.000000,0.000000,0,0,0,0,0,0,0,0,0,0,0,3,0,9,16.483475000616938,8.12711899925489,32.214927006862126,0.0
1778533425,64,,Aggregated,0.300000,0.000000,10,10,23,23,23,23,23,23,23,23,23,60,0,16,16.17800828377464,8.12711899925489,32.214927006862126,0.0
1778533426,64,POST,chat/long,0.400000,0.000000,18,18,23,23,23,23,23,23,23,23,23,58,0,16,16.188038121040805,8.438338998530526,28.043798003636766,0.0
1778533426,64,POST,chat/medium,0.000000,0.000000,0,0,0,0,0,0,0,0,0,0,0,3,0,9,16.483475000616938,8.12711899925489,32.214927006862126,0.0
1778533426,64,,Aggregated,0.400000,0.000000,18,18,23,23,23,23,23,23,23,23,23,61,0,16,16.20256780364291,8.12711899925489,32.214927006862126,0.0
1778533427,64,POST,chat/long,0.400000,0.000000,10,18,18,23,23,23,23,23,23,23,23,59,0,16,16.06948067835173,8.438338998530526,28.043798003636766,0.0
1778533427,64,POST,chat/medium,0.000000,0.000000,0,0,0,0,0,0,0,0,0,0,0,3,0,9,16.483475000616938,8.12711899925489,32.214927006862126,0.0
1778533427,64,,Aggregated,0.400000,0.000000,10,18,18,23,23,23,23,23,23,23,23,62,0,16,16.089512661687145,8.12711899925489,32.214927006862126,0.0
1778533428,64,POST,chat/long,0.400000,0.000000,10,18,18,23,23,23,23,23,23,23,23,59,0,16,16.06948067835173,8.438338998530526,28.043798003636766,0.0
1778533428,64,POST,chat/medium,0.000000,0.000000,0,0,0,0,0,0,0,0,0,0,0,3,0,9,16.483475000616938,8.12711899925489,32.214927006862126,0.0
1778533428,64,,Aggregated,0.400000,0.000000,10,18,18,23,23,23,23,23,23,23,23,62,0,16,16.089512661687145,8.12711899925489,32.214927006862126,0.0
1778533429,64,POST,chat/long,0.400000,0.000000,10,18,18,23,23,23,23,23,23,23,23,59,0,16,16.06948067835173,8.438338998530526,28.043798003636766,0.0
1778533429,64,POST,chat/medium,0.000000,0.000000,0,0,0,0,0,0,0,0,0,0,0,3,0,9,16.483475000616938,8.12711899925489,32.214927006862126,0.0
1778533429,64,,Aggregated,0.400000,0.000000,10,18,18,23,23,23,23,23,23,23,23,62,0,16,16.089512661687145,8.12711899925489,32.214927006862126,0.0
1778533430,64,POST,chat/long,0.300000,0.000000,18,18,19,19,19,19,19,19,19,19,19,60,0,16,16.12020880044535,8.438338998530526,28.043798003636766,0.0
1778533430,64,POST,chat/medium,0.000000,0.000000,0,0,0,0,0,0,0,0,0,0,0,3,0,9,16.483475000616938,8.12711899925489,32.214927006862126,0.0
1778533430,64,,Aggregated,0.300000,0.000000,18,18,19,19,19,19,19,19,19,19,19,63,0,16,16.13750719092971,8.12711899925489,32.214927006862126,0.0
1778533431,64,POST,chat/long,0.300000,0.000000,18,18,19,19,19,19,19,19,19,19,19,60,0,16,16.12020880044535,8.438338998530526,28.043798003636766,0.0
1778533431,64,POST,chat/medium,0.000000,0.000000,0,0,0,0,0,0,0,0,0,0,0,3,0,9,16.483475000616938,8.12711899925489,32.214927006862126,0.0
1778533431,64,,Aggregated,0.300000,0.000000,18,18,19,19,19,19,19,19,19,19,19,63,0,16,16.13750719092971,8.12711899925489,32.214927006862126,0.0
1778533432,64,POST,chat/long,0.300000,0.000000,19,19,28,28,28,28,28,28,28,28,28,61,0,16,16.312984508613972,8.438338998530526,28.043798003636766,0.0
1778533432,64,POST,chat/medium,0.000000,0.000000,0,0,0,0,0,0,0,0,0,0,0,3,0,9,16.483475000616938,8.12711899925489,32.214927006862126,0.0
1778533432,64,,Aggregated,0.300000,0.000000,19,19,28,28,28,28,28,28,28,28,28,64,0,16,16.32097625042661,8.12711899925489,32.214927006862126,0.0
1778533433,64,POST,chat/long,0.300000,0.000000,19,19,28,28,28,28,28,28,28,28,28,61,0,16,16.312984508613972,8.438338998530526,28.043798003636766,0.0
1778533433,64,POST,chat/medium,0.000000,0.000000,0,0,0,0,0,0,0,0,0,0,0,3,0,9,16.483475000616938,8.12711899925489,32.214927006862126,0.0
1778533433,64,,Aggregated,0.300000,0.000000,19,19,28,28,28,28,28,28,28,28,28,64,0,16,16.32097625042661,8.12711899925489,32.214927006862126,0.0
1778533434,64,POST,chat/long,0.300000,0.000000,19,19,28,28,28,28,28,28,28,28,28,61,0,16,16.312984508613972,8.438338998530526,28.043798003636766,0.0
1778533434,64,POST,chat/medium,0.000000,0.000000,0,0,0,0,0,0,0,0,0,0,0,3,0,9,16.483475000616938,8.12711899925489,32.214927006862126,0.0
1778533434,64,,Aggregated,0.300000,0.000000,19,19,28,28,28,28,28,28,28,28,28,64,0,16,16.32097625042661,8.12711899925489,32.214927006862126,0.0
1778533435,64,POST,chat/long,0.300000,0.000000,19,19,28,28,28,28,28,28,28,28,28,61,0,16,16.312984508613972,8.438338998530526,28.043798003636766,0.0
1778533435,64,POST,chat/medium,0.000000,0.000000,0,0,0,0,0,0,0,0,0,0,0,3,0,9,16.483475000616938,8.12711899925489,32.214927006862126,0.0
1778533435,64,,Aggregated,0.300000,0.000000,19,19,28,28,28,28,28,28,28,28,28,64,0,16,16.32097625042661,8.12711899925489,32.214927006862126,0.0
1778533436,64,POST,chat/long,0.400000,0.000000,19,19,28,28,28,28,28,28,28,28,28,62,0,16,16.283209403721436,8.438338998530526,28.043798003636766,0.0
1778533436,64,POST,chat/medium,0.000000,0.000000,0,0,0,0,0,0,0,0,0,0,0,3,0,9,16.483475000616938,8.12711899925489,32.214927006862126,0.0
1778533436,64,,Aggregated,0.400000,0.000000,19,19,28,28,28,28,28,28,28,28,28,65,0,16,16.29245243127046,8.12711899925489,32.214927006862126,0.0
1778533437,64,POST,chat/long,0.400000,0.000000,19,19,28,28,28,28,28,28,28,28,28,62,0,16,16.283209403721436,8.438338998530526,28.043798003636766,0.0
1778533437,64,POST,chat/medium,0.000000,0.000000,0,0,0,0,0,0,0,0,0,0,0,3,0,9,16.483475000616938,8.12711899925489,32.214927006862126,0.0
1778533437,64,,Aggregated,0.400000,0.000000,19,19,28,28,28,28,28,28,28,28,28,65,0,16,16.29245243127046,8.12711899925489,32.214927006862126,0.0
1778533438,64,POST,chat/long,0.400000,0.000000,28,28,28,28,28,28,28,28,28,28,28,62,0,16,16.283209403721436,8.438338998530526,28.043798003636766,0.0
1778533438,64,POST,chat/medium,0.000000,0.000000,0,0,0,0,0,0,0,0,0,0,0,3,0,9,16.483475000616938,8.12711899925489,32.214927006862126,0.0
1778533438,64,,Aggregated,0.400000,0.000000,28,28,28,28,28,28,28,28,28,28,28,65,0,16,16.29245243127046,8.12711899925489,32.214927006862126,0.0
1778533439,64,POST,chat/long,0.300000,0.000000,14,14,28,28,28,28,28,28,28,28,28,63,0,16,16.247282889375967,8.438338998530526,28.043798003636766,0.0
1778533439,64,POST,chat/medium,0.000000,0.000000,0,0,0,0,0,0,0,0,0,0,0,3,0,9,16.483475000616938,8.12711899925489,32.214927006862126,0.0
1778533439,64,,Aggregated,0.300000,0.000000,14,14,28,28,28,28,28,28,28,28,28,66,0,16,16.258018894432375,8.12711899925489,32.214927006862126,0.0
1778533440,64,POST,chat/long,0.300000,0.000000,14,14,14,14,14,14,14,14,14,14,14,63,0,16,16.247282889375967,8.438338998530526,28.043798003636766,0.0
1778533440,64,POST,chat/medium,0.000000,0.000000,0,0,0,0,0,0,0,0,0,0,0,3,0,9,16.483475000616938,8.12711899925489,32.214927006862126,0.0
1778533440,64,,Aggregated,0.300000,0.000000,14,14,14,14,14,14,14,14,14,14,14,66,0,16,16.258018894432375,8.12711899925489,32.214927006862126,0.0
1778533441,64,POST,chat/long,0.300000,0.000000,14,14,20,20,20,20,20,20,20,20,20,64,0,16,16.3026756255249,8.438338998530526,28.043798003636766,0.0
1778533441,64,POST,chat/medium,0.000000,0.000000,0,0,0,0,0,0,0,0,0,0,0,3,0,9,16.483475000616938,8.12711899925489,32.214927006862126,0.0
1778533441,64,,Aggregated,0.300000,0.000000,14,14,20,20,20,20,20,20,20,20,20,67,0,16,16.310771119932003,8.12711899925489,32.214927006862126,0.0
1778533442,64,POST,chat/long,0.300000,0.000000,14,14,20,20,20,20,20,20,20,20,20,64,0,16,16.3026756255249,8.438338998530526,28.043798003636766,0.0
1778533442,64,POST,chat/medium,0.000000,0.000000,0,0,0,0,0,0,0,0,0,0,0,3,0,9,16.483475000616938,8.12711899925489,32.214927006862126,0.0
1778533442,64,,Aggregated,0.300000,0.000000,14,14,20,20,20,20,20,20,20,20,20,67,0,16,16.310771119932003,8.12711899925489,32.214927006862126,0.0
1778533443,64,POST,chat/long,0.300000,0.000000,14,14,20,20,20,20,20,20,20,20,20,64,0,16,16.3026756255249,8.438338998530526,28.043798003636766,0.0
1778533443,64,POST,chat/medium,0.000000,0.000000,0,0,0,0,0,0,0,0,0,0,0,3,0,9,16.483475000616938,8.12711899925489,32.214927006862126,0.0
1778533443,64,,Aggregated,0.300000,0.000000,14,14,20,20,20,20,20,20,20,20,20,67,0,16,16.310771119932003,8.12711899925489,32.214927006862126,0.0
1778533444,64,POST,chat/long,0.300000,0.000000,20,20,20,20,20,20,20,20,20,20,20,64,0,16,16.3026756255249,8.438338998530526,28.043798003636766,0.0
1778533444,64,POST,chat/medium,0.000000,0.000000,0,0,0,0,0,0,0,0,0,0,0,3,0,9,16.483475000616938,8.12711899925489,32.214927006862126,0.0
1778533444,64,,Aggregated,0.300000,0.000000,20,20,20,20,20,20,20,20,20,20,20,67,0,16,16.310771119932003,8.12711899925489,32.214927006862126,0.0
1778533445,64,POST,chat/long,0.300000,0.000000,20,20,20,20,20,20,20,20,20,20,20,64,0,16,16.3026756255249,8.438338998530526,28.043798003636766,0.0
1778533445,64,POST,chat/medium,0.000000,0.000000,0,0,0,0,0,0,0,0,0,0,0,3,0,9,16.483475000616938,8.12711899925489,32.214927006862126,0.0
1778533445,64,,Aggregated,0.300000,0.000000,20,20,20,20,20,20,20,20,20,20,20,67,0,16,16.310771119932003,8.12711899925489,32.214927006862126,0.0
1778533446,64,POST,chat/long,0.300000,0.000000,20,20,20,20,20,20,20,20,20,20,20,64,0,16,16.3026756255249,8.438338998530526,28.043798003636766,0.0
1778533446,64,POST,chat/medium,0.000000,0.000000,0,0,0,0,0,0,0,0,0,0,0,3,0,9,16.483475000616938,8.12711899925489,32.214927006862126,0.0
1778533446,64,,Aggregated,0.300000,0.000000,20,20,20,20,20,20,20,20,20,20,20,67,0,16,16.310771119932003,8.12711899925489,32.214927006862126,0.0
1778533447,64,POST,chat/long,0.300000,0.000000,20,20,20,20,20,20,20,20,20,20,20,64,0,16,16.3026756255249,8.438338998530526,28.043798003636766,0.0
1778533447,64,POST,chat/medium,0.000000,0.000000,0,0,0,0,0,0,0,0,0,0,0,3,0,9,16.483475000616938,8.12711899925489,32.214927006862126,0.0
1778533447,64,,Aggregated,0.300000,0.000000,20,20,20,20,20,20,20,20,20,20,20,67,0,16,16.310771119932003,8.12711899925489,32.214927006862126,0.0
1778533448,63,POST,chat/long,0.300000,0.000000,21,21,21,21,21,21,21,21,21,21,21,65,0,16,16.37513043130569,8.438338998530526,28.043798003636766,0.0
1778533448,63,POST,chat/medium,0.000000,0.000000,0,0,0,0,0,0,0,0,0,0,0,3,0,9,16.483475000616938,8.12711899925489,32.214927006862126,0.0
1778533448,63,,Aggregated,0.300000,0.000000,21,21,21,21,21,21,21,21,21,21,21,68,0,16,16.379910338775304,8.12711899925489,32.214927006862126,0.0
1778533449,63,POST,chat/long,0.300000,0.000000,21,21,21,21,21,21,21,21,21,21,21,65,0,16,16.37513043130569,8.438338998530526,28.043798003636766,0.0
1778533449,63,POST,chat/medium,0.000000,0.000000,0,0,0,0,0,0,0,0,0,0,0,3,0,9,16.483475000616938,8.12711899925489,32.214927006862126,0.0
1778533449,63,,Aggregated,0.300000,0.000000,21,21,21,21,21,21,21,21,21,21,21,68,0,16,16.379910338775304,8.12711899925489,32.214927006862126,0.0
1778533450,61,POST,chat/long,0.300000,0.000000,21,21,21,21,21,21,21,21,21,21,21,66,0,16,16.42789993991645,8.438338998530526,28.043798003636766,0.0
1778533450,61,POST,chat/medium,0.000000,0.000000,0,0,0,0,0,0,0,0,0,0,0,4,0,9,14.584798751457129,8.12711899925489,32.214927006862126,0.0
1778533450,61,,Aggregated,0.300000,0.000000,20,20,21,21,21,21,21,21,21,21,21,70,0,16,16.32257987200449,8.12711899925489,32.214927006862126,0.0
1778533451,61,POST,chat/long,0.300000,0.000000,21,21,21,21,21,21,21,21,21,21,21,66,0,16,16.42789993991645,8.438338998530526,28.043798003636766,0.0
1778533451,61,POST,chat/medium,0.000000,0.000000,0,0,0,0,0,0,0,0,0,0,0,4,0,9,14.584798751457129,8.12711899925489,32.214927006862126,0.0
1778533451,61,,Aggregated,0.300000,0.000000,20,20,21,21,21,21,21,21,21,21,21,70,0,16,16.32257987200449,8.12711899925489,32.214927006862126,0.0
1778533452,61,POST,chat/long,0.300000,0.000000,21,21,21,21,21,21,21,21,21,21,21,66,0,16,16.42789993991645,8.438338998530526,28.043798003636766,0.0
1778533452,61,POST,chat/medium,0.000000,0.000000,0,0,0,0,0,0,0,0,0,0,0,4,0,9,14.584798751457129,8.12711899925489,32.214927006862126,0.0
1778533452,61,,Aggregated,0.300000,0.000000,20,20,21,21,21,21,21,21,21,21,21,70,0,16,16.32257987200449,8.12711899925489,32.214927006862126,0.0
1778533453,61,POST,chat/long,0.300000,0.000000,20,20,20,20,20,20,20,20,20,20,20,66,0,16,16.42789993991645,8.438338998530526,28.043798003636766,0.0
1778533453,61,POST,chat/medium,0.000000,0.000000,0,0,0,0,0,0,0,0,0,0,0,4,0,9,14.584798751457129,8.12711899925489,32.214927006862126,0.0
1778533453,61,,Aggregated,0.300000,0.000000,20,20,20,20,20,20,20,20,20,20,20,70,0,16,16.32257987200449,8.12711899925489,32.214927006862126,0.0
1778533454,60,POST,chat/long,0.300000,0.000000,20,20,20,20,20,20,20,20,20,20,20,67,0,16,16.35182171692088,8.438338998530526,28.043798003636766,0.0
1778533454,60,POST,chat/medium,0.100000,0.000000,0,0,0,0,0,0,0,0,0,0,0,4,0,9,14.584798751457129,8.12711899925489,32.214927006862126,0.0
1778533454,60,,Aggregated,0.400000,0.000000,11,11,20,20,20,20,20,20,20,20,20,71,0,16,16.25227112731729,8.12711899925489,32.214927006862126,0.0
1778533455,60,POST,chat/long,0.300000,0.000000,20,20,20,20,20,20,20,20,20,20,20,67,0,16,16.35182171692088,8.438338998530526,28.043798003636766,0.0
1778533455,60,POST,chat/medium,0.100000,0.000000,0,0,0,0,0,0,0,0,0,0,0,4,0,9,14.584798751457129,8.12711899925489,32.214927006862126,0.0
1778533455,60,,Aggregated,0.400000,0.000000,11,11,20,20,20,20,20,20,20,20,20,71,0,16,16.25227112731729,8.12711899925489,32.214927006862126,0.0
1778533456,59,POST,chat/long,0.200000,0.000000,17,17,20,20,20,20,20,20,20,20,20,68,0,16,16.363687103448147,8.438338998530526,28.043798003636766,0.0
1778533456,59,POST,chat/medium,0.100000,0.000000,0,0,0,0,0,0,0,0,0,0,0,4,0,9,14.584798751457129,8.12711899925489,32.214927006862126,0.0
1778533456,59,,Aggregated,0.300000,0.000000,17,17,20,20,20,20,20,20,20,20,20,72,0,16,16.26485997278198,8.12711899925489,32.214927006862126,0.0
1778533457,59,POST,chat/long,0.200000,0.000000,17,17,17,17,17,17,17,17,17,17,17,68,0,16,16.363687103448147,8.438338998530526,28.043798003636766,0.0
1778533457,59,POST,chat/medium,0.100000,0.000000,0,0,0,0,0,0,0,0,0,0,0,4,0,9,14.584798751457129,8.12711899925489,32.214927006862126,0.0
1778533457,59,,Aggregated,0.300000,0.000000,17,17,20,20,20,20,20,20,20,20,20,72,0,16,16.26485997278198,8.12711899925489,32.214927006862126,0.0
1778533458,59,POST,chat/long,0.200000,0.000000,17,17,17,17,17,17,17,17,17,17,17,68,0,16,16.363687103448147,8.438338998530526,28.043798003636766,0.0
1778533458,59,POST,chat/medium,0.100000,0.000000,0,0,0,0,0,0,0,0,0,0,0,4,0,9,14.584798751457129,8.12711899925489,32.214927006862126,0.0
1778533458,59,,Aggregated,0.300000,0.000000,17,17,17,17,17,17,17,17,17,17,17,72,0,16,16.26485997278198,8.12711899925489,32.214927006862126,0.0
1778533459,57,POST,chat/long,0.300000,0.000000,17,17,18,18,18,18,18,18,18,18,18,69,0,16,16.38742566717775,8.438338998530526,28.043798003636766,0.0
1778533459,57,POST,chat/medium,0.100000,0.000000,10,10,10,10,10,10,10,10,10,10,10,5,0,9,13.568994801607914,8.12711899925489,32.214927006862126,0.0
1778533459,57,,Aggregated,0.400000,0.000000,17,17,18,18,18,18,18,18,18,18,18,74,0,16,16.196991149233842,8.12711899925489,32.214927006862126,0.0
1778533460,56,POST,chat/long,0.300000,0.000000,17,17,18,18,18,18,18,18,18,18,18,70,0,16,16.32168100051266,8.438338998530526,28.043798003636766,0.0
1778533460,56,POST,chat/medium,0.100000,0.000000,10,10,10,10,10,10,10,10,10,10,10,5,0,9,13.568994801607914,8.12711899925489,32.214927006862126,0.0
1778533460,56,,Aggregated,0.400000,0.000000,12,17,17,18,18,18,18,18,18,18,18,75,0,16,16.13816858725234,8.12711899925489,32.214927006862126,0.0
1778533461,56,POST,chat/long,0.300000,0.000000,17,17,18,18,18,18,18,18,18,18,18,70,0,16,16.32168100051266,8.438338998530526,28.043798003636766,0.0
1778533461,56,POST,chat/medium,0.100000,0.000000,10,10,10,10,10,10,10,10,10,10,10,5,0,9,13.568994801607914,8.12711899925489,32.214927006862126,0.0
1778533461,56,,Aggregated,0.400000,0.000000,17,17,18,18,18,18,18,18,18,18,18,75,0,16,16.13816858725234,8.12711899925489,32.214927006862126,0.0
1778533462,56,POST,chat/long,0.300000,0.000000,17,17,18,18,18,18,18,18,18,18,18,70,0,16,16.32168100051266,8.438338998530526,28.043798003636766,0.0
1778533462,56,POST,chat/medium,0.100000,0.000000,10,10,10,10,10,10,10,10,10,10,10,5,0,9,13.568994801607914,8.12711899925489,32.214927006862126,0.0
1778533462,56,,Aggregated,0.400000,0.000000,17,17,18,18,18,18,18,18,18,18,18,75,0,16,16.13816858725234,8.12711899925489,32.214927006862126,0.0
1778533463,55,POST,chat/long,0.400000,0.000000,12,12,18,18,18,18,18,18,18,18,18,71,0,16,16.25096195821755,8.438338998530526,28.043798003636766,0.0
1778533463,55,POST,chat/medium,0.100000,0.000000,10,10,10,10,10,10,10,10,10,10,10,5,0,9,13.568994801607914,8.12711899925489,32.214927006862126,0.0
1778533463,55,,Aggregated,0.500000,0.000000,12,12,18,18,18,18,18,18,18,18,18,76,0,16,16.074516750545865,8.12711899925489,32.214927006862126,0.0
1778533464,55,POST,chat/long,0.400000,0.000000,12,12,18,18,18,18,18,18,18,18,18,71,0,16,16.25096195821755,8.438338998530526,28.043798003636766,0.0
1778533464,55,POST,chat/medium,0.100000,0.000000,0,0,0,0,0,0,0,0,0,0,0,5,0,9,13.568994801607914,8.12711899925489,32.214927006862126,0.0
1778533464,55,,Aggregated,0.500000,0.000000,12,12,18,18,18,18,18,18,18,18,18,76,0,16,16.074516750545865,8.12711899925489,32.214927006862126,0.0
1778533465,55,POST,chat/long,0.400000,0.000000,12,12,18,18,18,18,18,18,18,18,18,71,0,16,16.25096195821755,8.438338998530526,28.043798003636766,0.0
1778533465,55,POST,chat/medium,0.100000,0.000000,0,0,0,0,0,0,0,0,0,0,0,5,0,9,13.568994801607914,8.12711899925489,32.214927006862126,0.0
1778533465,55,,Aggregated,0.500000,0.000000,12,12,18,18,18,18,18,18,18,18,18,76,0,16,16.074516750545865,8.12711899925489,32.214927006862126,0.0
1778533466,55,POST,chat/long,0.400000,0.000000,12,12,12,12,12,12,12,12,12,12,12,71,0,16,16.25096195821755,8.438338998530526,28.043798003636766,0.0
1778533466,55,POST,chat/medium,0.100000,0.000000,0,0,0,0,0,0,0,0,0,0,0,5,0,9,13.568994801607914,8.12711899925489,32.214927006862126,0.0
1778533466,55,,Aggregated,0.500000,0.000000,12,12,12,12,12,12,12,12,12,12,12,76,0,16,16.074516750545865,8.12711899925489,32.214927006862126,0.0
1778533467,55,POST,chat/long,0.400000,0.000000,12,12,12,12,12,12,12,12,12,12,12,71,0,16,16.25096195821755,8.438338998530526,28.043798003636766,0.0
1778533467,55,POST,chat/medium,0.100000,0.000000,0,0,0,0,0,0,0,0,0,0,0,5,0,9,13.568994801607914,8.12711899925489,32.214927006862126,0.0
1778533467,55,,Aggregated,0.500000,0.000000,12,12,12,12,12,12,12,12,12,12,12,76,0,16,16.074516750545865,8.12711899925489,32.214927006862126,0.0
1778533468,54,POST,chat/long,0.300000,0.000000,12,12,19,19,19,19,19,19,19,19,19,72,0,16,16.294753431086267,8.438338998530526,28.043798003636766,0.0
1778533468,54,POST,chat/medium,0.100000,0.000000,0,0,0,0,0,0,0,0,0,0,0,5,0,9,13.568994801607914,8.12711899925489,32.214927006862126,0.0
1778533468,54,,Aggregated,0.400000,0.000000,12,12,19,19,19,19,19,19,19,19,19,77,0,16,16.117756117483776,8.12711899925489,32.214927006862126,0.0
1778533469,54,POST,chat/long,0.300000,0.000000,19,19,19,19,19,19,19,19,19,19,19,72,0,16,16.294753431086267,8.438338998530526,28.043798003636766,0.0
1778533469,54,POST,chat/medium,0.100000,0.000000,0,0,0,0,0,0,0,0,0,0,0,5,0,9,13.568994801607914,8.12711899925489,32.214927006862126,0.0
1778533469,54,,Aggregated,0.400000,0.000000,19,19,19,19,19,19,19,19,19,19,19,77,0,16,16.117756117483776,8.12711899925489,32.214927006862126,0.0
1778533470,54,POST,chat/long,0.300000,0.000000,19,19,19,19,19,19,19,19,19,19,19,72,0,16,16.294753431086267,8.438338998530526,28.043798003636766,0.0
1778533470,54,POST,chat/medium,0.100000,0.000000,0,0,0,0,0,0,0,0,0,0,0,5,0,9,13.568994801607914,8.12711899925489,32.214927006862126,0.0
1778533470,54,,Aggregated,0.400000,0.000000,19,19,19,19,19,19,19,19,19,19,19,77,0,16,16.117756117483776,8.12711899925489,32.214927006862126,0.0
1778533471,52,POST,chat/long,0.400000,0.000000,16,16,19,19,19,19,19,19,19,19,19,74,0,16,16.181105324731845,8.438338998530526,28.043798003636766,0.0
1778533471,52,POST,chat/medium,0.000000,0.000000,0,0,0,0,0,0,0,0,0,0,0,5,0,9,13.568994801607914,8.12711899925489,32.214927006862126,0.0
1778533471,52,,Aggregated,0.400000,0.000000,16,16,19,19,19,19,19,19,19,19,19,79,0,16,16.015781873901215,8.12711899925489,32.214927006862126,0.0
1778533472,52,POST,chat/long,0.400000,0.000000,16,16,19,19,19,19,19,19,19,19,19,74,0,16,16.181105324731845,8.438338998530526,28.043798003636766,0.0
1778533472,52,POST,chat/medium,0.000000,0.000000,0,0,0,0,0,0,0,0,0,0,0,5,0,9,13.568994801607914,8.12711899925489,32.214927006862126,0.0
1778533472,52,,Aggregated,0.400000,0.000000,16,16,19,19,19,19,19,19,19,19,19,79,0,16,16.015781873901215,8.12711899925489,32.214927006862126,0.0
1778533473,52,POST,chat/long,0.400000,0.000000,16,16,19,19,19,19,19,19,19,19,19,74,0,16,16.181105324731845,8.438338998530526,28.043798003636766,0.0
1778533473,52,POST,chat/medium,0.000000,0.000000,0,0,0,0,0,0,0,0,0,0,0,5,0,9,13.568994801607914,8.12711899925489,32.214927006862126,0.0
1778533473,52,,Aggregated,0.400000,0.000000,16,16,19,19,19,19,19,19,19,19,19,79,0,16,16.015781873901215,8.12711899925489,32.214927006862126,0.0
1778533474,51,POST,chat/long,0.400000,0.000000,19,19,20,20,20,20,20,20,20,20,20,75,0,16,16.22729029370627,8.438338998530526,28.043798003636766,0.0
1778533474,51,POST,chat/medium,0.000000,0.000000,0,0,0,0,0,0,0,0,0,0,0,5,0,9,13.568994801607914,8.12711899925489,32.214927006862126,0.0
1778533474,51,,Aggregated,0.400000,0.000000,19,19,20,20,20,20,20,20,20,20,20,80,0,16,16.061146825450123,8.12711899925489,32.214927006862126,0.0
1778533475,50,POST,chat/long,0.400000,0.000000,16,16,20,20,20,20,20,20,20,20,20,75,0,16,16.22729029370627,8.438338998530526,28.043798003636766,0.0
1778533475,50,POST,chat/medium,0.000000,0.000000,8,8,8,8,8,8,8,8,8,8,8,6,0,9,12.712027334297696,8.12711899925489,32.214927006862126,0.0
1778533475,50,,Aggregated,0.400000,0.000000,16,16,20,20,20,20,20,20,20,20,20,81,0,16,15.96690044486119,8.12711899925489,32.214927006862126,0.0
1778533476,50,POST,chat/long,0.400000,0.000000,16,16,20,20,20,20,20,20,20,20,20,75,0,16,16.22729029370627,8.438338998530526,28.043798003636766,0.0
1778533476,50,POST,chat/medium,0.000000,0.000000,0,0,0,0,0,0,0,0,0,0,0,6,0,9,12.712027334297696,8.12711899925489,32.214927006862126,0.0
1778533476,50,,Aggregated,0.400000,0.000000,16,16,20,20,20,20,20,20,20,20,20,81,0,16,15.96690044486119,8.12711899925489,32.214927006862126,0.0
1778533477,49,POST,chat/long,0.400000,0.000000,16,16,20,20,20,20,20,20,20,20,20,76,0,16,16.1498969872283,8.438338998530526,28.043798003636766,0.0
1778533477,49,POST,chat/medium,0.100000,0.000000,0,0,0,0,0,0,0,0,0,0,0,6,0,9,12.712027334297696,8.12711899925489,32.214927006862126,0.0
1778533477,49,,Aggregated,0.500000,0.000000,10,16,16,20,20,20,20,20,20,20,20,82,0,16,15.898345549208987,8.12711899925489,32.214927006862126,0.0
1778533478,49,POST,chat/long,0.400000,0.000000,16,16,20,20,20,20,20,20,20,20,20,76,0,16,16.1498969872283,8.438338998530526,28.043798003636766,0.0
1778533478,49,POST,chat/medium,0.100000,0.000000,0,0,0,0,0,0,0,0,0,0,0,6,0,9,12.712027334297696,8.12711899925489,32.214927006862126,0.0
1778533478,49,,Aggregated,0.500000,0.000000,10,16,16,20,20,20,20,20,20,20,20,82,0,16,15.898345549208987,8.12711899925489,32.214927006862126,0.0
1778533479,49,POST,chat/long,0.400000,0.000000,20,20,20,20,20,20,20,20,20,20,20,76,0,16,16.1498969872283,8.438338998530526,28.043798003636766,0.0
1778533479,49,POST,chat/medium,0.100000,0.000000,0,0,0,0,0,0,0,0,0,0,0,6,0,9,12.712027334297696,8.12711899925489,32.214927006862126,0.0
1778533479,49,,Aggregated,0.500000,0.000000,10,10,20,20,20,20,20,20,20,20,20,82,0,16,15.898345549208987,8.12711899925489,32.214927006862126,0.0
1778533480,49,POST,chat/long,0.400000,0.000000,20,20,20,20,20,20,20,20,20,20,20,76,0,16,16.1498969872283,8.438338998530526,28.043798003636766,0.0
1778533480,49,POST,chat/medium,0.100000,0.000000,0,0,0,0,0,0,0,0,0,0,0,6,0,9,12.712027334297696,8.12711899925489,32.214927006862126,0.0
1778533480,49,,Aggregated,0.500000,0.000000,10,10,20,20,20,20,20,20,20,20,20,82,0,16,15.898345549208987,8.12711899925489,32.214927006862126,0.0
1778533481,48,POST,chat/long,0.400000,0.000000,20,20,20,20,20,20,20,20,20,20,20,76,0,16,16.1498969872283,8.438338998530526,28.043798003636766,0.0
1778533481,48,POST,chat/medium,0.100000,0.000000,9,9,9,9,9,9,9,9,9,9,9,7,0,9,12.16360771442331,8.12711899925489,32.214927006862126,0.0
1778533481,48,,Aggregated,0.500000,0.000000,10,10,20,20,20,20,20,20,20,20,20,83,0,16,15.813703916027878,8.12711899925489,32.214927006862126,0.0
1778533482,48,POST,chat/long,0.400000,0.000000,10,10,10,10,10,10,10,10,10,10,10,76,0,16,16.1498969872283,8.438338998530526,28.043798003636766,0.0
1778533482,48,POST,chat/medium,0.100000,0.000000,9,9,9,9,9,9,9,9,9,9,9,7,0,9,12.16360771442331,8.12711899925489,32.214927006862126,0.0
1778533482,48,,Aggregated,0.500000,0.000000,9,9,10,10,10,10,10,10,10,10,10,83,0,16,15.813703916027878,8.12711899925489,32.214927006862126,0.0
1778533483,48,POST,chat/long,0.400000,0.000000,10,10,10,10,10,10,10,10,10,10,10,76,0,16,16.1498969872283,8.438338998530526,28.043798003636766,0.0
1778533483,48,POST,chat/medium,0.100000,0.000000,9,9,9,9,9,9,9,9,9,9,9,7,0,9,12.16360771442331,8.12711899925489,32.214927006862126,0.0
1778533483,48,,Aggregated,0.500000,0.000000,9,9,10,10,10,10,10,10,10,10,10,83,0,16,15.813703916027878,8.12711899925489,32.214927006862126,0.0
1778533484,46,POST,chat/long,0.200000,0.000000,10,10,17,17,17,17,17,17,17,17,17,78,0,16,16.078094859366477,8.438338998530526,28.043798003636766,0.0
1778533484,46,POST,chat/medium,0.200000,0.000000,9,9,9,9,9,9,9,9,9,9,9,7,0,9,12.16360771442331,8.12711899925489,32.214927006862126,0.0
1778533484,46,,Aggregated,0.400000,0.000000,10,10,10,17,17,17,17,17,17,17,17,85,0,16,15.755725329782923,8.12711899925489,32.214927006862126,0.0
1778533485,46,POST,chat/long,0.200000,0.000000,17,17,17,17,17,17,17,17,17,17,17,78,0,16,16.078094859366477,8.438338998530526,28.043798003636766,0.0
1778533485,46,POST,chat/medium,0.200000,0.000000,9,9,9,9,9,9,9,9,9,9,9,7,0,9,12.16360771442331,8.12711899925489,32.214927006862126,0.0
1778533485,46,,Aggregated,0.400000,0.000000,10,10,17,17,17,17,17,17,17,17,17,85,0,16,15.755725329782923,8.12711899925489,32.214927006862126,0.0
1778533486,45,POST,chat/long,0.300000,0.000000,10,10,17,17,17,17,17,17,17,17,17,79,0,16,15.979277063695319,8.27148900134489,28.043798003636766,0.0
1778533486,45,POST,chat/medium,0.200000,0.000000,9,9,9,9,9,9,9,9,9,9,9,7,0,9,12.16360771442331,8.12711899925489,32.214927006862126,0.0
1778533486,45,,Aggregated,0.500000,0.000000,10,10,17,17,17,17,17,17,17,17,17,86,0,15,15.668699325963876,8.12711899925489,32.214927006862126,0.0
1778533487,45,POST,chat/long,0.300000,0.000000,10,10,17,17,17,17,17,17,17,17,17,79,0,16,15.979277063695319,8.27148900134489,28.043798003636766,0.0
1778533487,45,POST,chat/medium,0.200000,0.000000,0,0,0,0,0,0,0,0,0,0,0,7,0,9,12.16360771442331,8.12711899925489,32.214927006862126,0.0
1778533487,45,,Aggregated,0.500000,0.000000,10,10,17,17,17,17,17,17,17,17,17,86,0,15,15.668699325963876,8.12711899925489,32.214927006862126,0.0
1778533488,45,POST,chat/long,0.300000,0.000000,10,10,17,17,17,17,17,17,17,17,17,79,0,16,15.979277063695319,8.27148900134489,28.043798003636766,0.0
1778533488,45,POST,chat/medium,0.200000,0.000000,0,0,0,0,0,0,0,0,0,0,0,7,0,9,12.16360771442331,8.12711899925489,32.214927006862126,0.0
1778533488,45,,Aggregated,0.500000,0.000000,10,10,17,17,17,17,17,17,17,17,17,86,0,15,15.668699325963876,8.12711899925489,32.214927006862126,0.0
1778533489,45,POST,chat/long,0.300000,0.000000,10,10,17,17,17,17,17,17,17,17,17,79,0,16,15.979277063695319,8.27148900134489,28.043798003636766,0.0
1778533489,45,POST,chat/medium,0.200000,0.000000,0,0,0,0,0,0,0,0,0,0,0,7,0,9,12.16360771442331,8.12711899925489,32.214927006862126,0.0
1778533489,45,,Aggregated,0.500000,0.000000,10,10,17,17,17,17,17,17,17,17,17,86,0,15,15.668699325963876,8.12711899925489,32.214927006862126,0.0
1778533490,45,POST,chat/long,0.300000,0.000000,8,8,8,8,8,8,8,8,8,8,8,79,0,16,15.979277063695319,8.27148900134489,28.043798003636766,0.0
1778533490,45,POST,chat/medium,0.200000,0.000000,0,0,0,0,0,0,0,0,0,0,0,7,0,9,12.16360771442331,8.12711899925489,32.214927006862126,0.0
1778533490,45,,Aggregated,0.500000,0.000000,10,10,17,17,17,17,17,17,17,17,17,86,0,15,15.668699325963876,8.12711899925489,32.214927006862126,0.0
1778533491,45,POST,chat/long,0.300000,0.000000,8,8,8,8,8,8,8,8,8,8,8,79,0,16,15.979277063695319,8.27148900134489,28.043798003636766,0.0
1778533491,45,POST,chat/medium,0.200000,0.000000,0,0,0,0,0,0,0,0,0,0,0,7,0,9,12.16360771442331,8.12711899925489,32.214927006862126,0.0
1778533491,45,,Aggregated,0.500000,0.000000,10,10,17,17,17,17,17,17,17,17,17,86,0,15,15.668699325963876,8.12711899925489,32.214927006862126,0.0
1778533492,45,POST,chat/long,0.300000,0.000000,8,8,8,8,8,8,8,8,8,8,8,79,0,16,15.979277063695319,8.27148900134489,28.043798003636766,0.0
1778533492,45,POST,chat/medium,0.200000,0.000000,0,0,0,0,0,0,0,0,0,0,0,7,0,9,12.16360771442331,8.12711899925489,32.214927006862126,0.0
1778533492,45,,Aggregated,0.500000,0.000000,8,8,8,8,8,8,8,8,8,8,8,86,0,15,15.668699325963876,8.12711899925489,32.214927006862126,0.0
1778533493,44,POST,chat/long,0.300000,0.000000,17,17,17,17,17,17,17,17,17,17,17,80,0,16,15.989745700335334,8.27148900134489,28.043798003636766,0.0
1778533493,44,POST,chat/medium,0.000000,0.000000,0,0,0,0,0,0,0,0,0,0,0,7,0,9,12.16360771442331,8.12711899925489,32.214927006862126,0.0
1778533493,44,,Aggregated,0.300000,0.000000,17,17,17,17,17,17,17,17,17,17,17,87,0,16,15.681895517560804,8.12711899925489,32.214927006862126,0.0
1778533494,44,POST,chat/long,0.300000,0.000000,17,17,17,17,17,17,17,17,17,17,17,80,0,16,15.989745700335334,8.27148900134489,28.043798003636766,0.0
1778533494,44,POST,chat/medium,0.000000,0.000000,0,0,0,0,0,0,0,0,0,0,0,7,0,9,12.16360771442331,8.12711899925489,32.214927006862126,0.0
1778533494,44,,Aggregated,0.300000,0.000000,17,17,17,17,17,17,17,17,17,17,17,87,0,16,15.681895517560804,8.12711899925489,32.214927006862126,0.0
1778533495,43,POST,chat/long,0.200000,0.000000,33,33,33,33,33,33,33,33,33,33,33,81,0,16,16.19363459300345,8.27148900134489,32.50474600645248,0.0
1778533495,43,POST,chat/medium,0.000000,0.000000,0,0,0,0,0,0,0,0,0,0,0,7,0,9,12.16360771442331,8.12711899925489,32.214927006862126,0.0
1778533495,43,,Aggregated,0.200000,0.000000,33,33,33,33,33,33,33,33,33,33,33,88,0,16,15.873064273116391,8.12711899925489,32.50474600645248,0.0
1778533496,43,POST,chat/long,0.200000,0.000000,33,33,33,33,33,33,33,33,33,33,33,81,0,16,16.19363459300345,8.27148900134489,32.50474600645248,0.0
1778533496,43,POST,chat/medium,0.000000,0.000000,0,0,0,0,0,0,0,0,0,0,0,7,0,9,12.16360771442331,8.12711899925489,32.214927006862126,0.0
1778533496,43,,Aggregated,0.200000,0.000000,33,33,33,33,33,33,33,33,33,33,33,88,0,16,15.873064273116391,8.12711899925489,32.50474600645248,0.0
1778533497,43,POST,chat/long,0.200000,0.000000,33,33,33,33,33,33,33,33,33,33,33,81,0,16,16.19363459300345,8.27148900134489,32.50474600645248,0.0
1778533497,43,POST,chat/medium,0.000000,0.000000,0,0,0,0,0,0,0,0,0,0,0,7,0,9,12.16360771442331,8.12711899925489,32.214927006862126,0.0
1778533497,43,,Aggregated,0.200000,0.000000,33,33,33,33,33,33,33,33,33,33,33,88,0,16,15.873064273116391,8.12711899925489,32.50474600645248,0.0
1778533498,41,POST,chat/long,0.300000,0.000000,29,29,33,33,33,33,33,33,33,33,33,83,0,16,16.25563262689,8.27148900134489,32.50474600645248,0.0
1778533498,41,POST,chat/medium,0.000000,0.000000,0,0,0,0,0,0,0,0,0,0,0,7,0,9,12.16360771442331,8.12711899925489,32.214927006862126,0.0
1778533498,41,,Aggregated,0.300000,0.000000,29,29,33,33,33,33,33,33,33,33,33,90,0,16,15.937364022587039,8.12711899925489,32.50474600645248,0.0
1778533499,40,POST,chat/long,0.200000,0.000000,17,29,29,33,33,33,33,33,33,33,33,84,0,16,16.21522792889404,8.27148900134489,32.50474600645248,0.0
1778533499,40,POST,chat/medium,0.000000,0.000000,0,0,0,0,0,0,0,0,0,0,0,7,0,9,12.16360771442331,8.12711899925489,32.214927006862126,0.0
1778533499,40,,Aggregated,0.200000,0.000000,17,29,29,33,33,33,33,33,33,33,33,91,0,16,15.903564835473215,8.12711899925489,32.50474600645248,0.0
1778533500,40,POST,chat/long,0.200000,0.000000,29,29,33,33,33,33,33,33,33,33,33,84,0,16,16.21522792889404,8.27148900134489,32.50474600645248,0.0
1778533500,40,POST,chat/medium,0.000000,0.000000,0,0,0,0,0,0,0,0,0,0,0,7,0,9,12.16360771442331,8.12711899925489,32.214927006862126,0.0
1778533500,40,,Aggregated,0.200000,0.000000,29,29,33,33,33,33,33,33,33,33,33,91,0,16,15.903564835473215,8.12711899925489,32.50474600645248,0.0
1778533501,40,POST,chat/long,0.200000,0.000000,29,29,33,33,33,33,33,33,33,33,33,84,0,16,16.21522792889404,8.27148900134489,32.50474600645248,0.0
1778533501,40,POST,chat/medium,0.000000,0.000000,0,0,0,0,0,0,0,0,0,0,0,7,0,9,12.16360771442331,8.12711899925489,32.214927006862126,0.0
1778533501,40,,Aggregated,0.200000,0.000000,29,29,33,33,33,33,33,33,33,33,33,91,0,16,15.903564835473215,8.12711899925489,32.50474600645248,0.0
1778533502,40,POST,chat/long,0.200000,0.000000,29,29,33,33,33,33,33,33,33,33,33,84,0,16,16.21522792889404,8.27148900134489,32.50474600645248,0.0
1778533502,40,POST,chat/medium,0.000000,0.000000,0,0,0,0,0,0,0,0,0,0,0,7,0,9,12.16360771442331,8.12711899925489,32.214927006862126,0.0
1778533502,40,,Aggregated,0.200000,0.000000,29,29,33,33,33,33,33,33,33,33,33,91,0,16,15.903564835473215,8.12711899925489,32.50474600645248,0.0
1778533503,40,POST,chat/long,0.200000,0.000000,29,29,33,33,33,33,33,33,33,33,33,84,0,16,16.21522792889404,8.27148900134489,32.50474600645248,0.0
1778533503,40,POST,chat/medium,0.000000,0.000000,0,0,0,0,0,0,0,0,0,0,0,7,0,9,12.16360771442331,8.12711899925489,32.214927006862126,0.0
1778533503,40,,Aggregated,0.200000,0.000000,29,29,33,33,33,33,33,33,33,33,33,91,0,16,15.903564835473215,8.12711899925489,32.50474600645248,0.0
1778533504,39,POST,chat/long,0.500000,0.000000,29,29,33,33,33,33,33,33,33,33,33,85,0,16,16.412842506200406,8.27148900134489,33.012466999934986,0.0
1778533504,39,POST,chat/medium,0.000000,0.000000,0,0,0,0,0,0,0,0,0,0,0,7,0,9,12.16360771442331,8.12711899925489,32.214927006862126,0.0
1778533504,39,,Aggregated,0.500000,0.000000,29,29,33,33,33,33,33,33,33,33,33,92,0,16,16.0895311633478,8.12711899925489,33.012466999934986,0.0
1778533505,39,POST,chat/long,0.500000,0.000000,29,29,33,33,33,33,33,33,33,33,33,85,0,16,16.412842506200406,8.27148900134489,33.012466999934986,0.0
1778533505,39,POST,chat/medium,0.000000,0.000000,0,0,0,0,0,0,0,0,0,0,0,7,0,9,12.16360771442331,8.12711899925489,32.214927006862126,0.0
1778533505,39,,Aggregated,0.500000,0.000000,29,29,33,33,33,33,33,33,33,33,33,92,0,16,16.0895311633478,8.12711899925489,33.012466999934986,0.0
1778533506,39,POST,chat/long,0.500000,0.000000,33,33,33,33,33,33,33,33,33,33,33,85,0,16,16.412842506200406,8.27148900134489,33.012466999934986,0.0
1778533506,39,POST,chat/medium,0.000000,0.000000,0,0,0,0,0,0,0,0,0,0,0,7,0,9,12.16360771442331,8.12711899925489,32.214927006862126,0.0
1778533506,39,,Aggregated,0.500000,0.000000,33,33,33,33,33,33,33,33,33,33,33,92,0,16,16.0895311633478,8.12711899925489,33.012466999934986,0.0
1778533507,39,POST,chat/long,0.500000,0.000000,33,33,33,33,33,33,33,33,33,33,33,85,0,16,16.412842506200406,8.27148900134489,33.012466999934986,0.0
1778533507,39,POST,chat/medium,0.000000,0.000000,0,0,0,0,0,0,0,0,0,0,0,7,0,9,12.16360771442331,8.12711899925489,32.214927006862126,0.0
1778533507,39,,Aggregated,0.500000,0.000000,33,33,33,33,33,33,33,33,33,33,33,92,0,16,16.0895311633478,8.12711899925489,33.012466999934986,0.0
1778533508,39,POST,chat/long,0.500000,0.000000,33,33,33,33,33,33,33,33,33,33,33,85,0,16,16.412842506200406,8.27148900134489,33.012466999934986,0.0
1778533508,39,POST,chat/medium,0.000000,0.000000,0,0,0,0,0,0,0,0,0,0,0,7,0,9,12.16360771442331,8.12711899925489,32.214927006862126,0.0
1778533508,39,,Aggregated,0.500000,0.000000,33,33,33,33,33,33,33,33,33,33,33,92,0,16,16.0895311633478,8.12711899925489,33.012466999934986,0.0
1778533509,39,POST,chat/long,0.500000,0.000000,33,33,33,33,33,33,33,33,33,33,33,85,0,16,16.412842506200406,8.27148900134489,33.012466999934986,0.0
1778533509,39,POST,chat/medium,0.000000,0.000000,0,0,0,0,0,0,0,0,0,0,0,7,0,9,12.16360771442331,8.12711899925489,32.214927006862126,0.0
1778533509,39,,Aggregated,0.500000,0.000000,33,33,33,33,33,33,33,33,33,33,33,92,0,16,16.0895311633478,8.12711899925489,33.012466999934986,0.0
1778533510,39,POST,chat/long,0.500000,0.000000,33,33,33,33,33,33,33,33,33,33,33,85,0,16,16.412842506200406,8.27148900134489,33.012466999934986,0.0
1778533510,39,POST,chat/medium,0.000000,0.000000,0,0,0,0,0,0,0,0,0,0,0,7,0,9,12.16360771442331,8.12711899925489,32.214927006862126,0.0
1778533510,39,,Aggregated,0.500000,0.000000,33,33,33,33,33,33,33,33,33,33,33,92,0,16,16.0895311633478,8.12711899925489,33.012466999934986,0.0
1778533511,39,POST,chat/long,0.500000,0.000000,0,0,0,0,0,0,0,0,0,0,0,85,0,16,16.412842506200406,8.27148900134489,33.012466999934986,0.0
1778533511,39,POST,chat/medium,0.000000,0.000000,0,0,0,0,0,0,0,0,0,0,0,7,0,9,12.16360771442331,8.12711899925489,32.214927006862126,0.0
1778533511,39,,Aggregated,0.500000,0.000000,0,0,0,0,0,0,0,0,0,0,0,92,0,16,16.0895311633478,8.12711899925489,33.012466999934986,0.0
1778533512,39,POST,chat/long,0.500000,0.000000,0,0,0,0,0,0,0,0,0,0,0,85,0,16,16.412842506200406,8.27148900134489,33.012466999934986,0.0
1778533512,39,POST,chat/medium,0.000000,0.000000,0,0,0,0,0,0,0,0,0,0,0,7,0,9,12.16360771442331,8.12711899925489,32.214927006862126,0.0
1778533512,39,,Aggregated,0.500000,0.000000,0,0,0,0,0,0,0,0,0,0,0,92,0,16,16.0895311633478,8.12711899925489,33.012466999934986,0.0
1778533513,39,POST,chat/long,0.500000,0.000000,0,0,0,0,0,0,0,0,0,0,0,85,0,16,16.412842506200406,8.27148900134489,33.012466999934986,0.0
1778533513,39,POST,chat/medium,0.000000,0.000000,0,0,0,0,0,0,0,0,0,0,0,7,0,9,12.16360771442331,8.12711899925489,32.214927006862126,0.0
1778533513,39,,Aggregated,0.500000,0.000000,0,0,0,0,0,0,0,0,0,0,0,92,0,16,16.0895311633478,8.12711899925489,33.012466999934986,0.0
1778533514,39,POST,chat/long,0.500000,0.000000,0,0,0,0,0,0,0,0,0,0,0,85,0,16,16.412842506200406,8.27148900134489,33.012466999934986,0.0
1778533514,39,POST,chat/medium,0.000000,0.000000,0,0,0,0,0,0,0,0,0,0,0,7,0,9,12.16360771442331,8.12711899925489,32.214927006862126,0.0
1778533514,39,,Aggregated,0.500000,0.000000,0,0,0,0,0,0,0,0,0,0,0,92,0,16,16.0895311633478,8.12711899925489,33.012466999934986,0.0
1778533515,39,POST,chat/long,0.500000,0.000000,0,0,0,0,0,0,0,0,0,0,0,85,0,16,16.412842506200406,8.27148900134489,33.012466999934986,0.0
1778533515,39,POST,chat/medium,0.000000,0.000000,0,0,0,0,0,0,0,0,0,0,0,7,0,9,12.16360771442331,8.12711899925489,32.214927006862126,0.0
1778533515,39,,Aggregated,0.500000,0.000000,0,0,0,0,0,0,0,0,0,0,0,92,0,16,16.0895311633478,8.12711899925489,33.012466999934986,0.0
1778533516,38,POST,chat/long,0.100000,0.000000,20,20,20,20,20,20,20,20,20,20,20,86,0,16,16.453441407235047,8.27148900134489,33.012466999934986,0.0
1778533516,38,POST,chat/medium,0.000000,0.000000,0,0,0,0,0,0,0,0,0,0,0,7,0,9,12.16360771442331,8.12711899925489,32.214927006862126,0.0
1778533516,38,,Aggregated,0.100000,0.000000,20,20,20,20,20,20,20,20,20,20,20,93,0,16,16.13055069917395,8.12711899925489,33.012466999934986,0.0
1778533517,37,POST,chat/long,0.000000,0.000000,20,20,20,20,20,20,20,20,20,20,20,87,0,16,16.434010000241756,8.27148900134489,33.012466999934986,0.0
1778533517,37,POST,chat/medium,0.000000,0.000000,0,0,0,0,0,0,0,0,0,0,0,7,0,9,12.16360771442331,8.12711899925489,32.214927006862126,0.0
1778533517,37,,Aggregated,0.000000,0.000000,20,20,20,20,20,20,20,20,20,20,20,94,0,16,16.116001319382935,8.12711899925489,33.012466999934986,0.0
1778533518,37,POST,chat/long,0.000000,0.000000,20,20,20,20,20,20,20,20,20,20,20,87,0,16,16.434010000241756,8.27148900134489,33.012466999934986,0.0
1778533518,37,POST,chat/medium,0.000000,0.000000,0,0,0,0,0,0,0,0,0,0,0,7,0,9,12.16360771442331,8.12711899925489,32.214927006862126,0.0
1778533518,37,,Aggregated,0.000000,0.000000,20,20,20,20,20,20,20,20,20,20,20,94,0,16,16.116001319382935,8.12711899925489,33.012466999934986,0.0
1778533519,36,POST,chat/long,0.200000,0.000000,15,15,15,15,15,15,15,15,15,15,15,88,0,16,16.380408625247416,8.27148900134489,33.012466999934986,0.0
1778533519,36,POST,chat/medium,0.000000,0.000000,0,0,0,0,0,0,0,0,0,0,0,7,0,9,12.16360771442331,8.12711899925489,32.214927006862126,0.0
1778533519,36,,Aggregated,0.200000,0.000000,15,15,15,15,15,15,15,15,15,15,15,95,0,16,16.069696979186695,8.12711899925489,33.012466999934986,0.0
1778533520,36,POST,chat/long,0.200000,0.000000,15,15,15,15,15,15,15,15,15,15,15,88,0,16,16.380408625247416,8.27148900134489,33.012466999934986,0.0
1778533520,36,POST,chat/medium,0.000000,0.000000,0,0,0,0,0,0,0,0,0,0,0,7,0,9,12.16360771442331,8.12711899925489,32.214927006862126,0.0
1778533520,36,,Aggregated,0.200000,0.000000,15,15,15,15,15,15,15,15,15,15,15,95,0,16,16.069696979186695,8.12711899925489,33.012466999934986,0.0
1778533521,36,POST,chat/long,0.200000,0.000000,15,15,15,15,15,15,15,15,15,15,15,88,0,16,16.380408625247416,8.27148900134489,33.012466999934986,0.0
1778533521,36,POST,chat/medium,0.000000,0.000000,0,0,0,0,0,0,0,0,0,0,0,7,0,9,12.16360771442331,8.12711899925489,32.214927006862126,0.0
1778533521,36,,Aggregated,0.200000,0.000000,15,15,15,15,15,15,15,15,15,15,15,95,0,16,16.069696979186695,8.12711899925489,33.012466999934986,0.0
1778533522,36,POST,chat/long,0.200000,0.000000,15,15,15,15,15,15,15,15,15,15,15,88,0,16,16.380408625247416,8.27148900134489,33.012466999934986,0.0
1778533522,36,POST,chat/medium,0.000000,0.000000,0,0,0,0,0,0,0,0,0,0,0,7,0,9,12.16360771442331,8.12711899925489,32.214927006862126,0.0
1778533522,36,,Aggregated,0.200000,0.000000,15,15,15,15,15,15,15,15,15,15,15,95,0,16,16.069696979186695,8.12711899925489,33.012466999934986,0.0
1778533523,35,POST,chat/long,0.300000,0.000000,15,15,15,15,15,15,15,15,15,15,15,89,0,16,16.369808842938163,8.27148900134489,33.012466999934986,0.0
1778533523,35,POST,chat/medium,0.000000,0.000000,0,0,0,0,0,0,0,0,0,0,0,7,0,9,12.16360771442331,8.12711899925489,32.214927006862126,0.0
1778533523,35,,Aggregated,0.300000,0.000000,15,15,15,15,15,15,15,15,15,15,15,96,0,15,16.06310667731729,8.12711899925489,33.012466999934986,0.0
1778533524,35,POST,chat/long,0.300000,0.000000,15,15,15,15,15,15,15,15,15,15,15,89,0,16,16.369808842938163,8.27148900134489,33.012466999934986,0.0
1778533524,35,POST,chat/medium,0.000000,0.000000,0,0,0,0,0,0,0,0,0,0,0,7,0,9,12.16360771442331,8.12711899925489,32.214927006862126,0.0
1778533524,35,,Aggregated,0.300000,0.000000,15,15,15,15,15,15,15,15,15,15,15,96,0,15,16.06310667731729,8.12711899925489,33.012466999934986,0.0
1778533525,35,POST,chat/long,0.300000,0.000000,15,15,15,15,15,15,15,15,15,15,15,89,0,16,16.369808842938163,8.27148900134489,33.012466999934986,0.0
1778533525,35,POST,chat/medium,0.000000,0.000000,0,0,0,0,0,0,0,0,0,0,0,7,0,9,12.16360771442331,8.12711899925489,32.214927006862126,0.0
1778533525,35,,Aggregated,0.300000,0.000000,15,15,15,15,15,15,15,15,15,15,15,96,0,15,16.06310667731729,8.12711899925489,33.012466999934986,0.0
1778533526,35,POST,chat/long,0.300000,0.000000,15,15,15,15,15,15,15,15,15,15,15,89,0,16,16.369808842938163,8.27148900134489,33.012466999934986,0.0
1778533526,35,POST,chat/medium,0.000000,0.000000,0,0,0,0,0,0,0,0,0,0,0,7,0,9,12.16360771442331,8.12711899925489,32.214927006862126,0.0
1778533526,35,,Aggregated,0.300000,0.000000,15,15,15,15,15,15,15,15,15,15,15,96,0,15,16.06310667731729,8.12711899925489,33.012466999934986,0.0
1778533527,35,POST,chat/long,0.300000,0.000000,15,15,15,15,15,15,15,15,15,15,15,89,0,16,16.369808842938163,8.27148900134489,33.012466999934986,0.0
1778533527,35,POST,chat/medium,0.000000,0.000000,0,0,0,0,0,0,0,0,0,0,0,7,0,9,12.16360771442331,8.12711899925489,32.214927006862126,0.0
1778533527,35,,Aggregated,0.300000,0.000000,15,15,15,15,15,15,15,15,15,15,15,96,0,15,16.06310667731729,8.12711899925489,33.012466999934986,0.0
1778533528,35,POST,chat/long,0.300000,0.000000,15,15,15,15,15,15,15,15,15,15,15,89,0,16,16.369808842938163,8.27148900134489,33.012466999934986,0.0
1778533528,35,POST,chat/medium,0.000000,0.000000,0,0,0,0,0,0,0,0,0,0,0,7,0,9,12.16360771442331,8.12711899925489,32.214927006862126,0.0
1778533528,35,,Aggregated,0.300000,0.000000,15,15,15,15,15,15,15,15,15,15,15,96,0,15,16.06310667731729,8.12711899925489,33.012466999934986,0.0
1778533529,34,POST,chat/long,0.300000,0.000000,18,18,18,18,18,18,18,18,18,18,18,90,0,16,16.384549400229137,8.27148900134489,33.012466999934986,0.0
1778533529,34,POST,chat/medium,0.000000,0.000000,0,0,0,0,0,0,0,0,0,0,0,7,0,9,12.16360771442331,8.12711899925489,32.214927006862126,0.0
1778533529,34,,Aggregated,0.300000,0.000000,18,18,18,18,18,18,18,18,18,18,18,97,0,16,16.079945361047272,8.12711899925489,33.012466999934986,0.0
1778533530,34,POST,chat/long,0.300000,0.000000,18,18,18,18,18,18,18,18,18,18,18,90,0,16,16.384549400229137,8.27148900134489,33.012466999934986,0.0
1778533530,34,POST,chat/medium,0.000000,0.000000,0,0,0,0,0,0,0,0,0,0,0,7,0,9,12.16360771442331,8.12711899925489,32.214927006862126,0.0
1778533530,34,,Aggregated,0.300000,0.000000,18,18,18,18,18,18,18,18,18,18,18,97,0,16,16.079945361047272,8.12711899925489,33.012466999934986,0.0
1778533531,33,POST,chat/long,0.200000,0.000000,18,18,18,18,18,18,18,18,18,18,18,91,0,16,16.38034082446081,8.27148900134489,33.012466999934986,0.0
1778533531,33,POST,chat/medium,0.000000,0.000000,0,0,0,0,0,0,0,0,0,0,0,7,0,9,12.16360771442331,8.12711899925489,32.214927006862126,0.0
1778533531,33,,Aggregated,0.200000,0.000000,18,18,18,18,18,18,18,18,18,18,18,98,0,16,16.079145602315275,8.12711899925489,33.012466999934986,0.0
1778533532,33,POST,chat/long,0.200000,0.000000,18,18,18,18,18,18,18,18,18,18,18,91,0,16,16.38034082446081,8.27148900134489,33.012466999934986,0.0
1778533532,33,POST,chat/medium,0.000000,0.000000,0,0,0,0,0,0,0,0,0,0,0,7,0,9,12.16360771442331,8.12711899925489,32.214927006862126,0.0
1778533532,33,,Aggregated,0.200000,0.000000,18,18,18,18,18,18,18,18,18,18,18,98,0,16,16.079145602315275,8.12711899925489,33.012466999934986,0.0
1778533533,33,POST,chat/long,0.200000,0.000000,18,18,18,18,18,18,18,18,18,18,18,91,0,16,16.38034082446081,8.27148900134489,33.012466999934986,0.0
1778533533,33,POST,chat/medium,0.000000,0.000000,0,0,0,0,0,0,0,0,0,0,0,7,0,9,12.16360771442331,8.12711899925489,32.214927006862126,0.0
1778533533,33,,Aggregated,0.200000,0.000000,18,18,18,18,18,18,18,18,18,18,18,98,0,16,16.079145602315275,8.12711899925489,33.012466999934986,0.0
1778533534,33,POST,chat/long,0.200000,0.000000,18,18,18,18,18,18,18,18,18,18,18,91,0,16,16.38034082446081,8.27148900134489,33.012466999934986,0.0
1778533534,33,POST,chat/medium,0.000000,0.000000,0,0,0,0,0,0,0,0,0,0,0,7,0,9,12.16360771442331,8.12711899925489,32.214927006862126,0.0
1778533534,33,,Aggregated,0.200000,0.000000,18,18,18,18,18,18,18,18,18,18,18,98,0,16,16.079145602315275,8.12711899925489,33.012466999934986,0.0
1778533535,33,POST,chat/long,0.200000,0.000000,18,18,18,18,18,18,18,18,18,18,18,91,0,16,16.38034082446081,8.27148900134489,33.012466999934986,0.0
1778533535,33,POST,chat/medium,0.000000,0.000000,0,0,0,0,0,0,0,0,0,0,0,7,0,9,12.16360771442331,8.12711899925489,32.214927006862126,0.0
1778533535,33,,Aggregated,0.200000,0.000000,18,18,18,18,18,18,18,18,18,18,18,98,0,16,16.079145602315275,8.12711899925489,33.012466999934986,0.0
1778533536,33,POST,chat/long,0.200000,0.000000,16,16,16,16,16,16,16,16,16,16,16,91,0,16,16.38034082446081,8.27148900134489,33.012466999934986,0.0
1778533536,33,POST,chat/medium,0.000000,0.000000,0,0,0,0,0,0,0,0,0,0,0,7,0,9,12.16360771442331,8.12711899925489,32.214927006862126,0.0
1778533536,33,,Aggregated,0.200000,0.000000,16,16,16,16,16,16,16,16,16,16,16,98,0,16,16.079145602315275,8.12711899925489,33.012466999934986,0.0
1778533537,33,POST,chat/long,0.200000,0.000000,16,16,16,16,16,16,16,16,16,16,16,91,0,16,16.38034082446081,8.27148900134489,33.012466999934986,0.0
1778533537,33,POST,chat/medium,0.000000,0.000000,0,0,0,0,0,0,0,0,0,0,0,7,0,9,12.16360771442331,8.12711899925489,32.214927006862126,0.0
1778533537,33,,Aggregated,0.200000,0.000000,16,16,16,16,16,16,16,16,16,16,16,98,0,16,16.079145602315275,8.12711899925489,33.012466999934986,0.0
1778533538,32,POST,chat/long,0.200000,0.000000,16,16,16,16,16,16,16,16,16,16,16,92,0,16,16.37385450031497,8.27148900134489,33.012466999934986,0.0
1778533538,32,POST,chat/medium,0.000000,0.000000,0,0,0,0,0,0,0,0,0,0,0,7,0,9,12.16360771442331,8.12711899925489,32.214927006862126,0.0
1778533538,32,,Aggregated,0.200000,0.000000,16,16,16,16,16,16,16,16,16,16,16,99,0,16,16.07616028313071,8.12711899925489,33.012466999934986,0.0
1778533539,32,POST,chat/long,0.200000,0.000000,16,16,16,16,16,16,16,16,16,16,16,92,0,16,16.37385450031497,8.27148900134489,33.012466999934986,0.0
1778533539,32,POST,chat/medium,0.000000,0.000000,0,0,0,0,0,0,0,0,0,0,0,7,0,9,12.16360771442331,8.12711899925489,32.214927006862126,0.0
1778533539,32,,Aggregated,0.200000,0.000000,16,16,16,16,16,16,16,16,16,16,16,99,0,16,16.07616028313071,8.12711899925489,33.012466999934986,0.0
1778533540,32,POST,chat/long,0.200000,0.000000,16,16,16,16,16,16,16,16,16,16,16,92,0,16,16.37385450031497,8.27148900134489,33.012466999934986,0.0
1778533540,32,POST,chat/medium,0.000000,0.000000,0,0,0,0,0,0,0,0,0,0,0,7,0,9,12.16360771442331,8.12711899925489,32.214927006862126,0.0
1778533540,32,,Aggregated,0.200000,0.000000,16,16,16,16,16,16,16,16,16,16,16,99,0,16,16.07616028313071,8.12711899925489,33.012466999934986,0.0
1778533541,32,POST,chat/long,0.200000,0.000000,16,16,16,16,16,16,16,16,16,16,16,92,0,16,16.37385450031497,8.27148900134489,33.012466999934986,0.0
1778533541,32,POST,chat/medium,0.000000,0.000000,0,0,0,0,0,0,0,0,0,0,0,7,0,9,12.16360771442331,8.12711899925489,32.214927006862126,0.0
1778533541,32,,Aggregated,0.200000,0.000000,16,16,16,16,16,16,16,16,16,16,16,99,0,16,16.07616028313071,8.12711899925489,33.012466999934986,0.0
1778533542,32,POST,chat/long,0.200000,0.000000,16,16,16,16,16,16,16,16,16,16,16,92,0,16,16.37385450031497,8.27148900134489,33.012466999934986,0.0
1778533542,32,POST,chat/medium,0.000000,0.000000,0,0,0,0,0,0,0,0,0,0,0,7,0,9,12.16360771442331,8.12711899925489,32.214927006862126,0.0
1778533542,32,,Aggregated,0.200000,0.000000,16,16,16,16,16,16,16,16,16,16,16,99,0,16,16.07616028313071,8.12711899925489,33.012466999934986,0.0
1778533543,32,POST,chat/long,0.200000,0.000000,16,16,16,16,16,16,16,16,16,16,16,92,0,16,16.37385450031497,8.27148900134489,33.012466999934986,0.0
1778533543,32,POST,chat/medium,0.000000,0.000000,0,0,0,0,0,0,0,0,0,0,0,7,0,9,12.16360771442331,8.12711899925489,32.214927006862126,0.0
1778533543,32,,Aggregated,0.200000,0.000000,16,16,16,16,16,16,16,16,16,16,16,99,0,16,16.07616028313071,8.12711899925489,33.012466999934986,0.0
1778533544,32,POST,chat/long,0.200000,0.000000,0,0,0,0,0,0,0,0,0,0,0,92,0,16,16.37385450031497,8.27148900134489,33.012466999934986,0.0
1778533544,32,POST,chat/medium,0.000000,0.000000,0,0,0,0,0,0,0,0,0,0,0,7,0,9,12.16360771442331,8.12711899925489,32.214927006862126,0.0
1778533544,32,,Aggregated,0.200000,0.000000,0,0,0,0,0,0,0,0,0,0,0,99,0,16,16.07616028313071,8.12711899925489,33.012466999934986,0.0
1778533545,32,POST,chat/long,0.200000,0.000000,0,0,0,0,0,0,0,0,0,0,0,92,0,16,16.37385450031497,8.27148900134489,33.012466999934986,0.0
1778533545,32,POST,chat/medium,0.000000,0.000000,0,0,0,0,0,0,0,0,0,0,0,7,0,9,12.16360771442331,8.12711899925489,32.214927006862126,0.0
1778533545,32,,Aggregated,0.200000,0.000000,0,0,0,0,0,0,0,0,0,0,0,99,0,16,16.07616028313071,8.12711899925489,33.012466999934986,0.0
1778533546,32,POST,chat/long,0.200000,0.000000,0,0,0,0,0,0,0,0,0,0,0,92,0,16,16.37385450031497,8.27148900134489,33.012466999934986,0.0
1778533546,32,POST,chat/medium,0.000000,0.000000,0,0,0,0,0,0,0,0,0,0,0,7,0,9,12.16360771442331,8.12711899925489,32.214927006862126,0.0
1778533546,32,,Aggregated,0.200000,0.000000,0,0,0,0,0,0,0,0,0,0,0,99,0,16,16.07616028313071,8.12711899925489,33.012466999934986,0.0
1778533547,31,POST,chat/long,0.100000,0.000000,0,0,0,0,0,0,0,0,0,0,0,92,0,16,16.37385450031497,8.27148900134489,33.012466999934986,0.0
1778533547,31,POST,chat/medium,0.000000,0.000000,0,0,0,0,0,0,0,0,0,0,0,8,0,9,12.128270375797001,8.12711899925489,32.214927006862126,0.0
1778533547,31,,Aggregated,0.100000,0.000000,12,12,12,12,12,12,12,12,12,12,12,100,0,16,16.034207770353532,8.12711899925489,33.012466999934986,0.0
1778533548,31,POST,chat/long,0.100000,0.000000,0,0,0,0,0,0,0,0,0,0,0,92,0,16,16.37385450031497,8.27148900134489,33.012466999934986,0.0
1778533548,31,POST,chat/medium,0.000000,0.000000,0,0,0,0,0,0,0,0,0,0,0,8,0,9,12.128270375797001,8.12711899925489,32.214927006862126,0.0
1778533548,31,,Aggregated,0.100000,0.000000,12,12,12,12,12,12,12,12,12,12,12,100,0,16,16.034207770353532,8.12711899925489,33.012466999934986,0.0
1778533549,30,POST,chat/long,0.100000,0.000000,17,17,17,17,17,17,17,17,17,17,17,93,0,16,16.378134645453418,8.27148900134489,33.012466999934986,0.0
1778533549,30,POST,chat/medium,0.100000,0.000000,0,0,0,0,0,0,0,0,0,0,0,8,0,9,12.128270375797001,8.12711899925489,32.214927006862126,0.0
1778533549,30,,Aggregated,0.200000,0.000000,17,17,17,17,17,17,17,17,17,17,17,101,0,16,16.041511733005386,8.12711899925489,33.012466999934986,0.0
1778533550,30,POST,chat/long,0.100000,0.000000,17,17,17,17,17,17,17,17,17,17,17,93,0,16,16.378134645453418,8.27148900134489,33.012466999934986,0.0
1778533550,30,POST,chat/medium,0.100000,0.000000,0,0,0,0,0,0,0,0,0,0,0,8,0,9,12.128270375797001,8.12711899925489,32.214927006862126,0.0
1778533550,30,,Aggregated,0.200000,0.000000,17,17,17,17,17,17,17,17,17,17,17,101,0,16,16.041511733005386,8.12711899925489,33.012466999934986,0.0
1778533551,30,POST,chat/long,0.100000,0.000000,17,17,17,17,17,17,17,17,17,17,17,93,0,16,16.378134645453418,8.27148900134489,33.012466999934986,0.0
1778533551,30,POST,chat/medium,0.100000,0.000000,0,0,0,0,0,0,0,0,0,0,0,8,0,9,12.128270375797001,8.12711899925489,32.214927006862126,0.0
1778533551,30,,Aggregated,0.200000,0.000000,17,17,17,17,17,17,17,17,17,17,17,101,0,16,16.041511733005386,8.12711899925489,33.012466999934986,0.0
1778533552,29,POST,chat/long,0.100000,0.000000,17,17,17,17,17,17,17,17,17,17,17,94,0,16,16.377884149210814,8.27148900134489,33.012466999934986,0.0
1778533552,29,POST,chat/medium,0.100000,0.000000,0,0,0,0,0,0,0,0,0,0,0,8,0,9,12.128270375797001,8.12711899925489,32.214927006862126,0.0
1778533552,29,,Aggregated,0.200000,0.000000,17,17,17,17,17,17,17,17,17,17,17,102,0,16,16.044581108158752,8.12711899925489,33.012466999934986,0.0
1778533553,28,POST,chat/long,0.100000,0.000000,18,18,18,18,18,18,18,18,18,18,18,95,0,16,16.393391558162158,8.27148900134489,33.012466999934986,0.0
1778533553,28,POST,chat/medium,0.100000,0.000000,0,0,0,0,0,0,0,0,0,0,0,8,0,9,12.128270375797001,8.12711899925489,32.214927006862126,0.0
1778533553,28,,Aggregated,0.200000,0.000000,17,17,18,18,18,18,18,18,18,18,18,103,0,16,16.062120010017292,8.12711899925489,33.012466999934986,0.0
1778533554,28,POST,chat/long,0.100000,0.000000,18,18,18,18,18,18,18,18,18,18,18,95,0,16,16.393391558162158,8.27148900134489,33.012466999934986,0.0
1778533554,28,POST,chat/medium,0.100000,0.000000,0,0,0,0,0,0,0,0,0,0,0,8,0,9,12.128270375797001,8.12711899925489,32.214927006862126,0.0
1778533554,28,,Aggregated,0.200000,0.000000,17,17,18,18,18,18,18,18,18,18,18,103,0,16,16.062120010017292,8.12711899925489,33.012466999934986,0.0
1778533555,28,POST,chat/long,0.100000,0.000000,18,18,18,18,18,18,18,18,18,18,18,95,0,16,16.393391558162158,8.27148900134489,33.012466999934986,0.0
1778533555,28,POST,chat/medium,0.100000,0.000000,0,0,0,0,0,0,0,0,0,0,0,8,0,9,12.128270375797001,8.12711899925489,32.214927006862126,0.0
1778533555,28,,Aggregated,0.200000,0.000000,17,17,18,18,18,18,18,18,18,18,18,103,0,16,16.062120010017292,8.12711899925489,33.012466999934986,0.0
1778533556,28,POST,chat/long,0.100000,0.000000,18,18,18,18,18,18,18,18,18,18,18,95,0,16,16.393391558162158,8.27148900134489,33.012466999934986,0.0
1778533556,28,POST,chat/medium,0.100000,0.000000,0,0,0,0,0,0,0,0,0,0,0,8,0,9,12.128270375797001,8.12711899925489,32.214927006862126,0.0
1778533556,28,,Aggregated,0.200000,0.000000,18,18,18,18,18,18,18,18,18,18,18,103,0,16,16.062120010017292,8.12711899925489,33.012466999934986,0.0
1778533557,28,POST,chat/long,0.100000,0.000000,18,18,18,18,18,18,18,18,18,18,18,95,0,16,16.393391558162158,8.27148900134489,33.012466999934986,0.0
1778533557,28,POST,chat/medium,0.100000,0.000000,0,0,0,0,0,0,0,0,0,0,0,8,0,9,12.128270375797001,8.12711899925489,32.214927006862126,0.0
1778533557,28,,Aggregated,0.200000,0.000000,18,18,18,18,18,18,18,18,18,18,18,103,0,16,16.062120010017292,8.12711899925489,33.012466999934986,0.0
1778533558,26,POST,chat/long,0.300000,0.000000,17,17,18,18,18,18,18,18,18,18,18,97,0,16,16.363515103426067,8.27148900134489,33.012466999934986,0.0
1778533558,26,POST,chat/medium,0.000000,0.000000,0,0,0,0,0,0,0,0,0,0,0,8,0,9,12.128270375797001,8.12711899925489,32.214927006862126,0.0
1778533558,26,,Aggregated,0.300000,0.000000,17,17,18,18,18,18,18,18,18,18,18,105,0,16,16.040829790844803,8.12711899925489,33.012466999934986,0.0
1778533559,26,POST,chat/long,0.300000,0.000000,17,17,18,18,18,18,18,18,18,18,18,97,0,16,16.363515103426067,8.27148900134489,33.012466999934986,0.0
1778533559,26,POST,chat/medium,0.000000,0.000000,0,0,0,0,0,0,0,0,0,0,0,8,0,9,12.128270375797001,8.12711899925489,32.214927006862126,0.0
1778533559,26,,Aggregated,0.300000,0.000000,17,17,18,18,18,18,18,18,18,18,18,105,0,16,16.040829790844803,8.12711899925489,33.012466999934986,0.0
1778533560,26,POST,chat/long,0.300000,0.000000,17,17,18,18,18,18,18,18,18,18,18,97,0,16,16.363515103426067,8.27148900134489,33.012466999934986,0.0
1778533560,26,POST,chat/medium,0.000000,0.000000,0,0,0,0,0,0,0,0,0,0,0,8,0,9,12.128270375797001,8.12711899925489,32.214927006862126,0.0
1778533560,26,,Aggregated,0.300000,0.000000,17,17,18,18,18,18,18,18,18,18,18,105,0,16,16.040829790844803,8.12711899925489,33.012466999934986,0.0
1778533561,25,POST,chat/long,0.400000,0.000000,17,17,18,18,18,18,18,18,18,18,18,98,0,16,16.32682106155327,8.27148900134489,33.012466999934986,0.0
1778533561,25,POST,chat/medium,0.000000,0.000000,0,0,0,0,0,0,0,0,0,0,0,8,0,9,12.128270375797001,8.12711899925489,32.214927006862126,0.0
1778533561,25,,Aggregated,0.400000,0.000000,17,17,18,18,18,18,18,18,18,18,18,106,0,16,16.009949311684874,8.12711899925489,33.012466999934986,0.0
1778533562,25,POST,chat/long,0.400000,0.000000,17,17,18,18,18,18,18,18,18,18,18,98,0,16,16.32682106155327,8.27148900134489,33.012466999934986,0.0
1778533562,25,POST,chat/medium,0.000000,0.000000,0,0,0,0,0,0,0,0,0,0,0,8,0,9,12.128270375797001,8.12711899925489,32.214927006862126,0.0
1778533562,25,,Aggregated,0.400000,0.000000,17,17,18,18,18,18,18,18,18,18,18,106,0,16,16.009949311684874,8.12711899925489,33.012466999934986,0.0
1778533563,25,POST,chat/long,0.400000,0.000000,17,17,18,18,18,18,18,18,18,18,18,98,0,16,16.32682106155327,8.27148900134489,33.012466999934986,0.0
1778533563,25,POST,chat/medium,0.000000,0.000000,0,0,0,0,0,0,0,0,0,0,0,8,0,9,12.128270375797001,8.12711899925489,32.214927006862126,0.0
1778533563,25,,Aggregated,0.400000,0.000000,17,17,18,18,18,18,18,18,18,18,18,106,0,16,16.009949311684874,8.12711899925489,33.012466999934986,0.0
1778533564,25,POST,chat/long,0.400000,0.000000,17,17,18,18,18,18,18,18,18,18,18,98,0,16,16.32682106155327,8.27148900134489,33.012466999934986,0.0
1778533564,25,POST,chat/medium,0.000000,0.000000,0,0,0,0,0,0,0,0,0,0,0,8,0,9,12.128270375797001,8.12711899925489,32.214927006862126,0.0
1778533564,25,,Aggregated,0.400000,0.000000,17,17,18,18,18,18,18,18,18,18,18,106,0,16,16.009949311684874,8.12711899925489,33.012466999934986,0.0
1778533565,24,POST,chat/long,0.500000,0.000000,16,16,16,16,16,16,16,16,16,16,16,99,0,16,16.325555182126177,8.27148900134489,33.012466999934986,0.0
1778533565,24,POST,chat/medium,0.000000,0.000000,0,0,0,0,0,0,0,0,0,0,0,8,0,9,12.128270375797001,8.12711899925489,32.214927006862126,0.0
1778533565,24,,Aggregated,0.500000,0.000000,16,16,16,16,16,16,16,16,16,16,16,107,0,16,16.01173949567166,8.12711899925489,33.012466999934986,0.0
1778533566,24,POST,chat/long,0.500000,0.000000,16,16,16,16,16,16,16,16,16,16,16,99,0,16,16.325555182126177,8.27148900134489,33.012466999934986,0.0
1778533566,24,POST,chat/medium,0.000000,0.000000,0,0,0,0,0,0,0,0,0,0,0,8,0,9,12.128270375797001,8.12711899925489,32.214927006862126,0.0
1778533566,24,,Aggregated,0.500000,0.000000,16,16,16,16,16,16,16,16,16,16,16,107,0,16,16.01173949567166,8.12711899925489,33.012466999934986,0.0
1778533567,24,POST,chat/long,0.500000,0.000000,16,16,16,16,16,16,16,16,16,16,16,99,0,16,16.325555182126177,8.27148900134489,33.012466999934986,0.0
1778533567,24,POST,chat/medium,0.000000,0.000000,0,0,0,0,0,0,0,0,0,0,0,8,0,9,12.128270375797001,8.12711899925489,32.214927006862126,0.0
1778533567,24,,Aggregated,0.500000,0.000000,16,16,16,16,16,16,16,16,16,16,16,107,0,16,16.01173949567166,8.12711899925489,33.012466999934986,0.0
1778533568,24,POST,chat/long,0.500000,0.000000,16,16,16,16,16,16,16,16,16,16,16,99,0,16,16.325555182126177,8.27148900134489,33.012466999934986,0.0
1778533568,24,POST,chat/medium,0.000000,0.000000,0,0,0,0,0,0,0,0,0,0,0,8,0,9,12.128270375797001,8.12711899925489,32.214927006862126,0.0
1778533568,24,,Aggregated,0.500000,0.000000,16,16,16,16,16,16,16,16,16,16,16,107,0,16,16.01173949567166,8.12711899925489,33.012466999934986,0.0
1778533569,24,POST,chat/long,0.500000,0.000000,16,16,16,16,16,16,16,16,16,16,16,99,0,16,16.325555182126177,8.27148900134489,33.012466999934986,0.0
1778533569,24,POST,chat/medium,0.000000,0.000000,0,0,0,0,0,0,0,0,0,0,0,8,0,9,12.128270375797001,8.12711899925489,32.214927006862126,0.0
1778533569,24,,Aggregated,0.500000,0.000000,16,16,16,16,16,16,16,16,16,16,16,107,0,16,16.01173949567166,8.12711899925489,33.012466999934986,0.0
1778533570,24,POST,chat/long,0.500000,0.000000,16,16,16,16,16,16,16,16,16,16,16,99,0,16,16.325555182126177,8.27148900134489,33.012466999934986,0.0
1778533570,24,POST,chat/medium,0.000000,0.000000,0,0,0,0,0,0,0,0,0,0,0,8,0,9,12.128270375797001,8.12711899925489,32.214927006862126,0.0
1778533570,24,,Aggregated,0.500000,0.000000,16,16,16,16,16,16,16,16,16,16,16,107,0,16,16.01173949567166,8.12711899925489,33.012466999934986,0.0
1778533571,24,POST,chat/long,0.500000,0.000000,16,16,16,16,16,16,16,16,16,16,16,99,0,16,16.325555182126177,8.27148900134489,33.012466999934986,0.0
1778533571,24,POST,chat/medium,0.000000,0.000000,0,0,0,0,0,0,0,0,0,0,0,8,0,9,12.128270375797001,8.12711899925489,32.214927006862126,0.0
1778533571,24,,Aggregated,0.500000,0.000000,16,16,16,16,16,16,16,16,16,16,16,107,0,16,16.01173949567166,8.12711899925489,33.012466999934986,0.0
1778533572,24,POST,chat/long,0.500000,0.000000,0,0,0,0,0,0,0,0,0,0,0,99,0,16,16.325555182126177,8.27148900134489,33.012466999934986,0.0
1778533572,24,POST,chat/medium,0.000000,0.000000,0,0,0,0,0,0,0,0,0,0,0,8,0,9,12.128270375797001,8.12711899925489,32.214927006862126,0.0
1778533572,24,,Aggregated,0.500000,0.000000,0,0,0,0,0,0,0,0,0,0,0,107,0,16,16.01173949567166,8.12711899925489,33.012466999934986,0.0
1778533573,24,POST,chat/long,0.500000,0.000000,0,0,0,0,0,0,0,0,0,0,0,99,0,16,16.325555182126177,8.27148900134489,33.012466999934986,0.0
1778533573,24,POST,chat/medium,0.000000,0.000000,0,0,0,0,0,0,0,0,0,0,0,8,0,9,12.128270375797001,8.12711899925489,32.214927006862126,0.0
1778533573,24,,Aggregated,0.500000,0.000000,0,0,0,0,0,0,0,0,0,0,0,107,0,16,16.01173949567166,8.12711899925489,33.012466999934986,0.0
1778533574,23,POST,chat/long,0.200000,0.000000,9,9,9,9,9,9,9,9,9,9,9,100,0,16,16.24835252034245,8.27148900134489,33.012466999934986,0.0
1778533574,23,POST,chat/medium,0.000000,0.000000,0,0,0,0,0,0,0,0,0,0,0,8,0,9,12.128270375797001,8.12711899925489,32.214927006862126,0.0
1778533574,23,,Aggregated,0.200000,0.000000,9,9,9,9,9,9,9,9,9,9,9,108,0,16,15.943161250376122,8.12711899925489,33.012466999934986,0.0
1778533575,23,POST,chat/long,0.200000,0.000000,9,9,9,9,9,9,9,9,9,9,9,100,0,16,16.24835252034245,8.27148900134489,33.012466999934986,0.0
1778533575,23,POST,chat/medium,0.000000,0.000000,0,0,0,0,0,0,0,0,0,0,0,8,0,9,12.128270375797001,8.12711899925489,32.214927006862126,0.0
1778533575,23,,Aggregated,0.200000,0.000000,9,9,9,9,9,9,9,9,9,9,9,108,0,16,15.943161250376122,8.12711899925489,33.012466999934986,0.0
1778533576,23,POST,chat/long,0.200000,0.000000,9,9,9,9,9,9,9,9,9,9,9,100,0,16,16.24835252034245,8.27148900134489,33.012466999934986,0.0
1778533576,23,POST,chat/medium,0.000000,0.000000,0,0,0,0,0,0,0,0,0,0,0,8,0,9,12.128270375797001,8.12711899925489,32.214927006862126,0.0
1778533576,23,,Aggregated,0.200000,0.000000,9,9,9,9,9,9,9,9,9,9,9,108,0,16,15.943161250376122,8.12711899925489,33.012466999934986,0.0
1778533577,23,POST,chat/long,0.200000,0.000000,9,9,9,9,9,9,9,9,9,9,9,100,0,16,16.24835252034245,8.27148900134489,33.012466999934986,0.0
1778533577,23,POST,chat/medium,0.000000,0.000000,0,0,0,0,0,0,0,0,0,0,0,8,0,9,12.128270375797001,8.12711899925489,32.214927006862126,0.0
1778533577,23,,Aggregated,0.200000,0.000000,9,9,9,9,9,9,9,9,9,9,9,108,0,16,15.943161250376122,8.12711899925489,33.012466999934986,0.0
1778533578,23,POST,chat/long,0.200000,0.000000,0,0,0,0,0,0,0,0,0,0,0,100,0,16,16.24835252034245,8.27148900134489,33.012466999934986,0.0
1778533578,23,POST,chat/medium,0.000000,0.000000,0,0,0,0,0,0,0,0,0,0,0,8,0,9,12.128270375797001,8.12711899925489,32.214927006862126,0.0
1778533578,23,,Aggregated,0.200000,0.000000,0,0,0,0,0,0,0,0,0,0,0,108,0,16,15.943161250376122,8.12711899925489,33.012466999934986,0.0
1778533579,23,POST,chat/long,0.200000,0.000000,0,0,0,0,0,0,0,0,0,0,0,100,0,16,16.24835252034245,8.27148900134489,33.012466999934986,0.0
1778533579,23,POST,chat/medium,0.000000,0.000000,0,0,0,0,0,0,0,0,0,0,0,8,0,9,12.128270375797001,8.12711899925489,32.214927006862126,0.0
1778533579,23,,Aggregated,0.200000,0.000000,0,0,0,0,0,0,0,0,0,0,0,108,0,16,15.943161250376122,8.12711899925489,33.012466999934986,0.0
1778533580,21,POST,chat/long,0.100000,0.000000,16,16,16,16,16,16,16,16,16,16,16,102,0,16,16.235318235618145,8.27148900134489,33.012466999934986,0.0
1778533580,21,POST,chat/medium,0.000000,0.000000,0,0,0,0,0,0,0,0,0,0,0,8,0,9,12.128270375797001,8.12711899925489,32.214927006862126,0.0
1778533580,21,,Aggregated,0.100000,0.000000,16,16,16,16,16,16,16,16,16,16,16,110,0,16,15.93662384581297,8.12711899925489,33.012466999934986,0.0
1778533581,21,POST,chat/long,0.100000,0.000000,16,16,16,16,16,16,16,16,16,16,16,102,0,16,16.235318235618145,8.27148900134489,33.012466999934986,0.0
1778533581,21,POST,chat/medium,0.000000,0.000000,0,0,0,0,0,0,0,0,0,0,0,8,0,9,12.128270375797001,8.12711899925489,32.214927006862126,0.0
1778533581,21,,Aggregated,0.100000,0.000000,16,16,16,16,16,16,16,16,16,16,16,110,0,16,15.93662384581297,8.12711899925489,33.012466999934986,0.0
1778533582,21,POST,chat/long,0.100000,0.000000,16,16,16,16,16,16,16,16,16,16,16,102,0,16,16.235318235618145,8.27148900134489,33.012466999934986,0.0
1778533582,21,POST,chat/medium,0.000000,0.000000,0,0,0,0,0,0,0,0,0,0,0,8,0,9,12.128270375797001,8.12711899925489,32.214927006862126,0.0
1778533582,21,,Aggregated,0.100000,0.000000,16,16,16,16,16,16,16,16,16,16,16,110,0,16,15.93662384581297,8.12711899925489,33.012466999934986,0.0
1778533583,21,POST,chat/long,0.100000,0.000000,16,16,16,16,16,16,16,16,16,16,16,102,0,16,16.235318235618145,8.27148900134489,33.012466999934986,0.0
1778533583,21,POST,chat/medium,0.000000,0.000000,0,0,0,0,0,0,0,0,0,0,0,8,0,9,12.128270375797001,8.12711899925489,32.214927006862126,0.0
1778533583,21,,Aggregated,0.100000,0.000000,16,16,16,16,16,16,16,16,16,16,16,110,0,16,15.93662384581297,8.12711899925489,33.012466999934986,0.0
1778533584,21,POST,chat/long,0.100000,0.000000,16,16,16,16,16,16,16,16,16,16,16,102,0,16,16.235318235618145,8.27148900134489,33.012466999934986,0.0
1778533584,21,POST,chat/medium,0.000000,0.000000,0,0,0,0,0,0,0,0,0,0,0,8,0,9,12.128270375797001,8.12711899925489,32.214927006862126,0.0
1778533584,21,,Aggregated,0.100000,0.000000,16,16,16,16,16,16,16,16,16,16,16,110,0,16,15.93662384581297,8.12711899925489,33.012466999934986,0.0
1778533585,21,POST,chat/long,0.100000,0.000000,16,16,16,16,16,16,16,16,16,16,16,102,0,16,16.235318235618145,8.27148900134489,33.012466999934986,0.0
1778533585,21,POST,chat/medium,0.000000,0.000000,0,0,0,0,0,0,0,0,0,0,0,8,0,9,12.128270375797001,8.12711899925489,32.214927006862126,0.0
1778533585,21,,Aggregated,0.100000,0.000000,16,16,16,16,16,16,16,16,16,16,16,110,0,16,15.93662384581297,8.12711899925489,33.012466999934986,0.0
1778533586,19,POST,chat/long,0.200000,0.000000,25,25,25,25,25,25,25,25,25,25,25,104,0,16,16.23792218302137,8.2190190005349,33.012466999934986,0.0
1778533586,19,POST,chat/medium,0.000000,0.000000,0,0,0,0,0,0,0,0,0,0,0,8,0,9,12.128270375797001,8.12711899925489,32.214927006862126,0.0
1778533586,19,,Aggregated,0.200000,0.000000,25,25,25,25,25,25,25,25,25,25,25,112,0,16,15.944375625362486,8.12711899925489,33.012466999934986,0.0
1778533587,19,POST,chat/long,0.200000,0.000000,25,25,25,25,25,25,25,25,25,25,25,104,0,16,16.23792218302137,8.2190190005349,33.012466999934986,0.0
1778533587,19,POST,chat/medium,0.000000,0.000000,0,0,0,0,0,0,0,0,0,0,0,8,0,9,12.128270375797001,8.12711899925489,32.214927006862126,0.0
1778533587,19,,Aggregated,0.200000,0.000000,25,25,25,25,25,25,25,25,25,25,25,112,0,16,15.944375625362486,8.12711899925489,33.012466999934986,0.0
1778533588,18,POST,chat/long,0.200000,0.000000,25,25,29,29,29,29,29,29,29,29,29,105,0,16,16.358765466984117,8.2190190005349,33.012466999934986,0.0
1778533588,18,POST,chat/medium,0.000000,0.000000,0,0,0,0,0,0,0,0,0,0,0,8,0,9,12.128270375797001,8.12711899925489,32.214927006862126,0.0
1778533588,18,,Aggregated,0.200000,0.000000,25,25,29,29,29,29,29,29,29,29,29,113,0,16,16.059261389731933,8.12711899925489,33.012466999934986,0.0
1778533589,18,POST,chat/long,0.200000,0.000000,25,25,29,29,29,29,29,29,29,29,29,105,0,16,16.358765466984117,8.2190190005349,33.012466999934986,0.0
1778533589,18,POST,chat/medium,0.000000,0.000000,0,0,0,0,0,0,0,0,0,0,0,8,0,9,12.128270375797001,8.12711899925489,32.214927006862126,0.0
1778533589,18,,Aggregated,0.200000,0.000000,25,25,29,29,29,29,29,29,29,29,29,113,0,16,16.059261389731933,8.12711899925489,33.012466999934986,0.0
1778533590,18,POST,chat/long,0.200000,0.000000,25,25,29,29,29,29,29,29,29,29,29,105,0,16,16.358765466984117,8.2190190005349,33.012466999934986,0.0
1778533590,18,POST,chat/medium,0.000000,0.000000,0,0,0,0,0,0,0,0,0,0,0,8,0,9,12.128270375797001,8.12711899925489,32.214927006862126,0.0
1778533590,18,,Aggregated,0.200000,0.000000,25,25,29,29,29,29,29,29,29,29,29,113,0,16,16.059261389731933,8.12711899925489,33.012466999934986,0.0
1778533591,18,POST,chat/long,0.200000,0.000000,25,25,29,29,29,29,29,29,29,29,29,105,0,16,16.358765466984117,8.2190190005349,33.012466999934986,0.0
1778533591,18,POST,chat/medium,0.000000,0.000000,0,0,0,0,0,0,0,0,0,0,0,8,0,9,12.128270375797001,8.12711899925489,32.214927006862126,0.0
1778533591,18,,Aggregated,0.200000,0.000000,25,25,29,29,29,29,29,29,29,29,29,113,0,16,16.059261389731933,8.12711899925489,33.012466999934986,0.0
1778533592,16,POST,chat/long,0.400000,0.000000,25,25,29,29,29,29,29,29,29,29,29,106,0,16,16.37221539656924,8.2190190005349,33.012466999934986,0.0
1778533592,16,POST,chat/medium,0.000000,0.000000,0,0,0,0,0,0,0,0,0,0,0,9,0,9,11.957880222730132,8.12711899925489,32.214927006862126,0.0
1778533592,16,,Aggregated,0.400000,0.000000,18,25,25,29,29,29,29,29,29,29,29,115,0,16,16.026745687312264,8.12711899925489,33.012466999934986,0.0
1778533593,16,POST,chat/long,0.400000,0.000000,29,29,29,29,29,29,29,29,29,29,29,106,0,16,16.37221539656924,8.2190190005349,33.012466999934986,0.0
1778533593,16,POST,chat/medium,0.000000,0.000000,0,0,0,0,0,0,0,0,0,0,0,9,0,9,11.957880222730132,8.12711899925489,32.214927006862126,0.0
1778533593,16,,Aggregated,0.400000,0.000000,18,18,29,29,29,29,29,29,29,29,29,115,0,16,16.026745687312264,8.12711899925489,33.012466999934986,0.0
1778533594,15,POST,chat/long,0.400000,0.000000,18,18,29,29,29,29,29,29,29,29,29,107,0,16,16.392062336767296,8.2190190005349,33.012466999934986,0.0
1778533594,15,POST,chat/medium,0.000000,0.000000,0,0,0,0,0,0,0,0,0,0,0,9,0,9,11.957880222730132,8.12711899925489,32.214927006862126,0.0
1778533594,15,,Aggregated,0.400000,0.000000,18,18,29,29,29,29,29,29,29,29,29,116,0,16,16.04803096585062,8.12711899925489,33.012466999934986,0.0
1778533595,15,POST,chat/long,0.400000,0.000000,18,18,29,29,29,29,29,29,29,29,29,107,0,16,16.392062336767296,8.2190190005349,33.012466999934986,0.0
1778533595,15,POST,chat/medium,0.000000,0.000000,0,0,0,0,0,0,0,0,0,0,0,9,0,9,11.957880222730132,8.12711899925489,32.214927006862126,0.0
1778533595,15,,Aggregated,0.400000,0.000000,18,18,29,29,29,29,29,29,29,29,29,116,0,16,16.04803096585062,8.12711899925489,33.012466999934986,0.0
1778533596,15,POST,chat/long,0.400000,0.000000,18,18,18,18,18,18,18,18,18,18,18,107,0,16,16.392062336767296,8.2190190005349,33.012466999934986,0.0
1778533596,15,POST,chat/medium,0.000000,0.000000,0,0,0,0,0,0,0,0,0,0,0,9,0,9,11.957880222730132,8.12711899925489,32.214927006862126,0.0
1778533596,15,,Aggregated,0.400000,0.000000,18,18,18,18,18,18,18,18,18,18,18,116,0,16,16.04803096585062,8.12711899925489,33.012466999934986,0.0
1778533597,15,POST,chat/long,0.400000,0.000000,18,18,18,18,18,18,18,18,18,18,18,107,0,16,16.392062336767296,8.2190190005349,33.012466999934986,0.0
1778533597,15,POST,chat/medium,0.000000,0.000000,0,0,0,0,0,0,0,0,0,0,0,9,0,9,11.957880222730132,8.12711899925489,32.214927006862126,0.0
1778533597,15,,Aggregated,0.400000,0.000000,18,18,18,18,18,18,18,18,18,18,18,116,0,16,16.04803096585062,8.12711899925489,33.012466999934986,0.0
1778533598,15,POST,chat/long,0.400000,0.000000,18,18,18,18,18,18,18,18,18,18,18,107,0,16,16.392062336767296,8.2190190005349,33.012466999934986,0.0
1778533598,15,POST,chat/medium,0.000000,0.000000,0,0,0,0,0,0,0,0,0,0,0,9,0,9,11.957880222730132,8.12711899925489,32.214927006862126,0.0
1778533598,15,,Aggregated,0.400000,0.000000,18,18,18,18,18,18,18,18,18,18,18,116,0,16,16.04803096585062,8.12711899925489,33.012466999934986,0.0
1778533599,15,POST,chat/long,0.400000,0.000000,18,18,18,18,18,18,18,18,18,18,18,107,0,16,16.392062336767296,8.2190190005349,33.012466999934986,0.0
1778533599,15,POST,chat/medium,0.000000,0.000000,0,0,0,0,0,0,0,0,0,0,0,9,0,9,11.957880222730132,8.12711899925489,32.214927006862126,0.0
1778533599,15,,Aggregated,0.400000,0.000000,18,18,18,18,18,18,18,18,18,18,18,116,0,16,16.04803096585062,8.12711899925489,33.012466999934986,0.0
1778533600,15,POST,chat/long,0.400000,0.000000,18,18,18,18,18,18,18,18,18,18,18,107,0,16,16.392062336767296,8.2190190005349,33.012466999934986,0.0
1778533600,15,POST,chat/medium,0.000000,0.000000,0,0,0,0,0,0,0,0,0,0,0,9,0,9,11.957880222730132,8.12711899925489,32.214927006862126,0.0
1778533600,15,,Aggregated,0.400000,0.000000,18,18,18,18,18,18,18,18,18,18,18,116,0,16,16.04803096585062,8.12711899925489,33.012466999934986,0.0
1778533601,14,POST,chat/long,0.200000,0.000000,18,18,18,18,18,18,18,18,18,18,18,108,0,16,16.378862398495485,8.2190190005349,33.012466999934986,0.0
1778533601,14,POST,chat/medium,0.100000,0.000000,0,0,0,0,0,0,0,0,0,0,0,9,0,9,11.957880222730132,8.12711899925489,32.214927006862126,0.0
1778533601,14,,Aggregated,0.300000,0.000000,18,18,18,18,18,18,18,18,18,18,18,117,0,16,16.038786846513535,8.12711899925489,33.012466999934986,0.0
1778533602,14,POST,chat/long,0.200000,0.000000,15,15,15,15,15,15,15,15,15,15,15,108,0,16,16.378862398495485,8.2190190005349,33.012466999934986,0.0
1778533602,14,POST,chat/medium,0.100000,0.000000,0,0,0,0,0,0,0,0,0,0,0,9,0,9,11.957880222730132,8.12711899925489,32.214927006862126,0.0
1778533602,14,,Aggregated,0.300000,0.000000,15,15,15,15,15,15,15,15,15,15,15,117,0,16,16.038786846513535,8.12711899925489,33.012466999934986,0.0
1778533603,14,POST,chat/long,0.200000,0.000000,15,15,15,15,15,15,15,15,15,15,15,108,0,16,16.378862398495485,8.2190190005349,33.012466999934986,0.0
1778533603,14,POST,chat/medium,0.100000,0.000000,0,0,0,0,0,0,0,0,0,0,0,9,0,9,11.957880222730132,8.12711899925489,32.214927006862126,0.0
1778533603,14,,Aggregated,0.300000,0.000000,15,15,15,15,15,15,15,15,15,15,15,117,0,16,16.038786846513535,8.12711899925489,33.012466999934986,0.0
1778533604,14,POST,chat/long,0.200000,0.000000,15,15,15,15,15,15,15,15,15,15,15,108,0,16,16.378862398495485,8.2190190005349,33.012466999934986,0.0
1778533604,14,POST,chat/medium,0.100000,0.000000,0,0,0,0,0,0,0,0,0,0,0,9,0,9,11.957880222730132,8.12711899925489,32.214927006862126,0.0
1778533604,14,,Aggregated,0.300000,0.000000,15,15,15,15,15,15,15,15,15,15,15,117,0,16,16.038786846513535,8.12711899925489,33.012466999934986,0.0
1778533605,14,POST,chat/long,0.200000,0.000000,15,15,15,15,15,15,15,15,15,15,15,108,0,16,16.378862398495485,8.2190190005349,33.012466999934986,0.0
1778533605,14,POST,chat/medium,0.100000,0.000000,0,0,0,0,0,0,0,0,0,0,0,9,0,9,11.957880222730132,8.12711899925489,32.214927006862126,0.0
1778533605,14,,Aggregated,0.300000,0.000000,15,15,15,15,15,15,15,15,15,15,15,117,0,16,16.038786846513535,8.12711899925489,33.012466999934986,0.0
1778533606,14,POST,chat/long,0.200000,0.000000,15,15,15,15,15,15,15,15,15,15,15,108,0,16,16.378862398495485,8.2190190005349,33.012466999934986,0.0
1778533606,14,POST,chat/medium,0.100000,0.000000,0,0,0,0,0,0,0,0,0,0,0,9,0,9,11.957880222730132,8.12711899925489,32.214927006862126,0.0
1778533606,14,,Aggregated,0.300000,0.000000,15,15,15,15,15,15,15,15,15,15,15,117,0,16,16.038786846513535,8.12711899925489,33.012466999934986,0.0
1778533607,14,POST,chat/long,0.200000,0.000000,0,0,0,0,0,0,0,0,0,0,0,108,0,16,16.378862398495485,8.2190190005349,33.012466999934986,0.0
1778533607,14,POST,chat/medium,0.100000,0.000000,0,0,0,0,0,0,0,0,0,0,0,9,0,9,11.957880222730132,8.12711899925489,32.214927006862126,0.0
1778533607,14,,Aggregated,0.300000,0.000000,0,0,0,0,0,0,0,0,0,0,0,117,0,16,16.038786846513535,8.12711899925489,33.012466999934986,0.0
1778533608,14,POST,chat/long,0.200000,0.000000,0,0,0,0,0,0,0,0,0,0,0,108,0,16,16.378862398495485,8.2190190005349,33.012466999934986,0.0
1778533608,14,POST,chat/medium,0.100000,0.000000,0,0,0,0,0,0,0,0,0,0,0,9,0,9,11.957880222730132,8.12711899925489,32.214927006862126,0.0
1778533608,14,,Aggregated,0.300000,0.000000,0,0,0,0,0,0,0,0,0,0,0,117,0,16,16.038786846513535,8.12711899925489,33.012466999934986,0.0
1778533609,14,POST,chat/long,0.200000,0.000000,0,0,0,0,0,0,0,0,0,0,0,108,0,16,16.378862398495485,8.2190190005349,33.012466999934986,0.0
1778533609,14,POST,chat/medium,0.100000,0.000000,0,0,0,0,0,0,0,0,0,0,0,9,0,9,11.957880222730132,8.12711899925489,32.214927006862126,0.0
1778533609,14,,Aggregated,0.300000,0.000000,0,0,0,0,0,0,0,0,0,0,0,117,0,16,16.038786846513535,8.12711899925489,33.012466999934986,0.0
1778533610,14,POST,chat/long,0.200000,0.000000,0,0,0,0,0,0,0,0,0,0,0,108,0,16,16.378862398495485,8.2190190005349,33.012466999934986,0.0
1778533610,14,POST,chat/medium,0.100000,0.000000,0,0,0,0,0,0,0,0,0,0,0,9,0,9,11.957880222730132,8.12711899925489,32.214927006862126,0.0
1778533610,14,,Aggregated,0.300000,0.000000,0,0,0,0,0,0,0,0,0,0,0,117,0,16,16.038786846513535,8.12711899925489,33.012466999934986,0.0
1778533611,14,POST,chat/long,0.200000,0.000000,0,0,0,0,0,0,0,0,0,0,0,108,0,16,16.378862398495485,8.2190190005349,33.012466999934986,0.0
1778533611,14,POST,chat/medium,0.100000,0.000000,0,0,0,0,0,0,0,0,0,0,0,9,0,9,11.957880222730132,8.12711899925489,32.214927006862126,0.0
1778533611,14,,Aggregated,0.300000,0.000000,0,0,0,0,0,0,0,0,0,0,0,117,0,16,16.038786846513535,8.12711899925489,33.012466999934986,0.0
1778533612,13,POST,chat/long,0.100000,0.000000,16,16,16,16,16,16,16,16,16,16,16,109,0,16,16.371667688421972,8.2190190005349,33.012466999934986,0.0
1778533612,13,POST,chat/medium,0.000000,0.000000,0,0,0,0,0,0,0,0,0,0,0,9,0,9,11.957880222730132,8.12711899925489,32.214927006862126,0.0
1778533612,13,,Aggregated,0.100000,0.000000,16,16,16,16,16,16,16,16,16,16,16,118,0,16,16.035022881716664,8.12711899925489,33.012466999934986,0.0
1778533613,11,POST,chat/long,0.100000,0.000000,18,18,20,20,20,20,20,20,20,20,20,111,0,16,16.42210040567128,8.2190190005349,33.012466999934986,0.0
1778533613,11,POST,chat/medium,0.000000,0.000000,0,0,0,0,0,0,0,0,0,0,0,9,0,9,11.957880222730132,8.12711899925489,32.214927006862126,0.0
1778533613,11,,Aggregated,0.100000,0.000000,18,18,20,20,20,20,20,20,20,20,20,120,0,16,16.087283891950694,8.12711899925489,33.012466999934986,0.0
1778533614,11,POST,chat/long,0.100000,0.000000,18,18,20,20,20,20,20,20,20,20,20,111,0,16,16.42210040567128,8.2190190005349,33.012466999934986,0.0
1778533614,11,POST,chat/medium,0.000000,0.000000,0,0,0,0,0,0,0,0,0,0,0,9,0,9,11.957880222730132,8.12711899925489,32.214927006862126,0.0
1778533614,11,,Aggregated,0.100000,0.000000,18,18,20,20,20,20,20,20,20,20,20,120,0,16,16.087283891950694,8.12711899925489,33.012466999934986,0.0
1778533615,11,POST,chat/long,0.100000,0.000000,18,18,20,20,20,20,20,20,20,20,20,111,0,16,16.42210040567128,8.2190190005349,33.012466999934986,0.0
1778533615,11,POST,chat/medium,0.000000,0.000000,0,0,0,0,0,0,0,0,0,0,0,9,0,9,11.957880222730132,8.12711899925489,32.214927006862126,0.0
1778533615,11,,Aggregated,0.100000,0.000000,18,18,20,20,20,20,20,20,20,20,20,120,0,16,16.087283891950694,8.12711899925489,33.012466999934986,0.0
1778533616,11,POST,chat/long,0.100000,0.000000,18,18,20,20,20,20,20,20,20,20,20,111,0,16,16.42210040567128,8.2190190005349,33.012466999934986,0.0
1778533616,11,POST,chat/medium,0.000000,0.000000,0,0,0,0,0,0,0,0,0,0,0,9,0,9,11.957880222730132,8.12711899925489,32.214927006862126,0.0
1778533616,11,,Aggregated,0.100000,0.000000,18,18,20,20,20,20,20,20,20,20,20,120,0,16,16.087283891950694,8.12711899925489,33.012466999934986,0.0
1778533617,11,POST,chat/long,0.100000,0.000000,20,20,20,20,20,20,20,20,20,20,20,111,0,16,16.42210040567128,8.2190190005349,33.012466999934986,0.0
1778533617,11,POST,chat/medium,0.000000,0.000000,0,0,0,0,0,0,0,0,0,0,0,9,0,9,11.957880222730132,8.12711899925489,32.214927006862126,0.0
1778533617,11,,Aggregated,0.100000,0.000000,20,20,20,20,20,20,20,20,20,20,20,120,0,16,16.087283891950694,8.12711899925489,33.012466999934986,0.0
1778533618,10,POST,chat/long,0.300000,0.000000,18,18,20,20,20,20,20,20,20,20,20,112,0,16,16.382656107387966,8.2190190005349,33.012466999934986,0.0
1778533618,10,POST,chat/medium,0.000000,0.000000,0,0,0,0,0,0,0,0,0,0,0,9,0,9,11.957880222730132,8.12711899925489,32.214927006862126,0.0
1778533618,10,,Aggregated,0.300000,0.000000,18,18,20,20,20,20,20,20,20,20,20,121,0,16,16.0535405457192,8.12711899925489,33.012466999934986,0.0
1778533619,10,POST,chat/long,0.300000,0.000000,18,18,20,20,20,20,20,20,20,20,20,112,0,16,16.382656107387966,8.2190190005349,33.012466999934986,0.0
1778533619,10,POST,chat/medium,0.000000,0.000000,0,0,0,0,0,0,0,0,0,0,0,9,0,9,11.957880222730132,8.12711899925489,32.214927006862126,0.0
1778533619,10,,Aggregated,0.300000,0.000000,18,18,20,20,20,20,20,20,20,20,20,121,0,16,16.0535405457192,8.12711899925489,33.012466999934986,0.0
1778533620,10,POST,chat/long,0.300000,0.000000,18,18,20,20,20,20,20,20,20,20,20,112,0,16,16.382656107387966,8.2190190005349,33.012466999934986,0.0
1778533620,10,POST,chat/medium,0.000000,0.000000,0,0,0,0,0,0,0,0,0,0,0,9,0,9,11.957880222730132,8.12711899925489,32.214927006862126,0.0
1778533620,10,,Aggregated,0.300000,0.000000,18,18,20,20,20,20,20,20,20,20,20,121,0,16,16.0535405457192,8.12711899925489,33.012466999934986,0.0
1778533621,10,POST,chat/long,0.300000,0.000000,18,18,20,20,20,20,20,20,20,20,20,112,0,16,16.382656107387966,8.2190190005349,33.012466999934986,0.0
1778533621,10,POST,chat/medium,0.000000,0.000000,0,0,0,0,0,0,0,0,0,0,0,9,0,9,11.957880222730132,8.12711899925489,32.214927006862126,0.0
1778533621,10,,Aggregated,0.300000,0.000000,18,18,20,20,20,20,20,20,20,20,20,121,0,16,16.0535405457192,8.12711899925489,33.012466999934986,0.0
1778533622,10,POST,chat/long,0.300000,0.000000,18,18,20,20,20,20,20,20,20,20,20,112,0,16,16.382656107387966,8.2190190005349,33.012466999934986,0.0
1778533622,10,POST,chat/medium,0.000000,0.000000,0,0,0,0,0,0,0,0,0,0,0,9,0,9,11.957880222730132,8.12711899925489,32.214927006862126,0.0
1778533622,10,,Aggregated,0.300000,0.000000,18,18,20,20,20,20,20,20,20,20,20,121,0,16,16.0535405457192,8.12711899925489,33.012466999934986,0.0
1778533623,10,POST,chat/long,0.300000,0.000000,18,18,20,20,20,20,20,20,20,20,20,112,0,16,16.382656107387966,8.2190190005349,33.012466999934986,0.0
1778533623,10,POST,chat/medium,0.000000,0.000000,0,0,0,0,0,0,0,0,0,0,0,9,0,9,11.957880222730132,8.12711899925489,32.214927006862126,0.0
1778533623,10,,Aggregated,0.300000,0.000000,18,18,20,20,20,20,20,20,20,20,20,121,0,16,16.0535405457192,8.12711899925489,33.012466999934986,0.0
1778533624,10,POST,chat/long,0.300000,0.000000,18,18,20,20,20,20,20,20,20,20,20,112,0,16,16.382656107387966,8.2190190005349,33.012466999934986,0.0
1778533624,10,POST,chat/medium,0.000000,0.000000,0,0,0,0,0,0,0,0,0,0,0,9,0,9,11.957880222730132,8.12711899925489,32.214927006862126,0.0
1778533624,10,,Aggregated,0.300000,0.000000,18,18,20,20,20,20,20,20,20,20,20,121,0,16,16.0535405457192,8.12711899925489,33.012466999934986,0.0
1778533625,10,POST,chat/long,0.300000,0.000000,0,0,0,0,0,0,0,0,0,0,0,112,0,16,16.382656107387966,8.2190190005349,33.012466999934986,0.0
1778533625,10,POST,chat/medium,0.000000,0.000000,0,0,0,0,0,0,0,0,0,0,0,9,0,9,11.957880222730132,8.12711899925489,32.214927006862126,0.0
1778533625,10,,Aggregated,0.300000,0.000000,0,0,0,0,0,0,0,0,0,0,0,121,0,16,16.0535405457192,8.12711899925489,33.012466999934986,0.0
1778533626,10,POST,chat/long,0.300000,0.000000,0,0,0,0,0,0,0,0,0,0,0,112,0,16,16.382656107387966,8.2190190005349,33.012466999934986,0.0
1778533626,10,POST,chat/medium,0.000000,0.000000,0,0,0,0,0,0,0,0,0,0,0,9,0,9,11.957880222730132,8.12711899925489,32.214927006862126,0.0
1778533626,10,,Aggregated,0.300000,0.000000,0,0,0,0,0,0,0,0,0,0,0,121,0,16,16.0535405457192,8.12711899925489,33.012466999934986,0.0
1778533627,10,POST,chat/long,0.300000,0.000000,0,0,0,0,0,0,0,0,0,0,0,112,0,16,16.382656107387966,8.2190190005349,33.012466999934986,0.0
1778533627,10,POST,chat/medium,0.000000,0.000000,0,0,0,0,0,0,0,0,0,0,0,9,0,9,11.957880222730132,8.12711899925489,32.214927006862126,0.0
1778533627,10,,Aggregated,0.300000,0.000000,0,0,0,0,0,0,0,0,0,0,0,121,0,16,16.0535405457192,8.12711899925489,33.012466999934986,0.0
1778533628,10,POST,chat/long,0.300000,0.000000,0,0,0,0,0,0,0,0,0,0,0,112,0,16,16.382656107387966,8.2190190005349,33.012466999934986,0.0
1778533628,10,POST,chat/medium,0.000000,0.000000,0,0,0,0,0,0,0,0,0,0,0,9,0,9,11.957880222730132,8.12711899925489,32.214927006862126,0.0
1778533628,10,,Aggregated,0.300000,0.000000,0,0,0,0,0,0,0,0,0,0,0,121,0,16,16.0535405457192,8.12711899925489,33.012466999934986,0.0
1778533629,10,POST,chat/long,0.300000,0.000000,0,0,0,0,0,0,0,0,0,0,0,112,0,16,16.382656107387966,8.2190190005349,33.012466999934986,0.0
1778533629,10,POST,chat/medium,0.000000,0.000000,0,0,0,0,0,0,0,0,0,0,0,9,0,9,11.957880222730132,8.12711899925489,32.214927006862126,0.0
1778533629,10,,Aggregated,0.300000,0.000000,0,0,0,0,0,0,0,0,0,0,0,121,0,16,16.0535405457192,8.12711899925489,33.012466999934986,0.0
1778533630,9,POST,chat/long,0.100000,0.000000,14,14,14,14,14,14,14,14,14,14,14,113,0,16,16.360160646279162,8.2190190005349,33.012466999934986,0.0
1778533630,9,POST,chat/medium,0.000000,0.000000,0,0,0,0,0,0,0,0,0,0,0,9,0,9,11.957880222730132,8.12711899925489,32.214927006862126,0.0
1778533630,9,,Aggregated,0.100000,0.000000,14,14,14,14,14,14,14,14,14,14,14,122,0,16,16.035402254378003,8.12711899925489,33.012466999934986,0.0
1778533631,9,POST,chat/long,0.100000,0.000000,14,14,14,14,14,14,14,14,14,14,14,113,0,16,16.360160646279162,8.2190190005349,33.012466999934986,0.0
1778533631,9,POST,chat/medium,0.000000,0.000000,0,0,0,0,0,0,0,0,0,0,0,9,0,9,11.957880222730132,8.12711899925489,32.214927006862126,0.0
1778533631,9,,Aggregated,0.100000,0.000000,14,14,14,14,14,14,14,14,14,14,14,122,0,16,16.035402254378003,8.12711899925489,33.012466999934986,0.0
1778533632,9,POST,chat/long,0.100000,0.000000,14,14,14,14,14,14,14,14,14,14,14,113,0,16,16.360160646279162,8.2190190005349,33.012466999934986,0.0
1778533632,9,POST,chat/medium,0.000000,0.000000,0,0,0,0,0,0,0,0,0,0,0,9,0,9,11.957880222730132,8.12711899925489,32.214927006862126,0.0
1778533632,9,,Aggregated,0.100000,0.000000,14,14,14,14,14,14,14,14,14,14,14,122,0,16,16.035402254378003,8.12711899925489,33.012466999934986,0.0
1778533633,9,POST,chat/long,0.100000,0.000000,14,14,14,14,14,14,14,14,14,14,14,113,0,16,16.360160646279162,8.2190190005349,33.012466999934986,0.0
1778533633,9,POST,chat/medium,0.000000,0.000000,0,0,0,0,0,0,0,0,0,0,0,9,0,9,11.957880222730132,8.12711899925489,32.214927006862126,0.0
1778533633,9,,Aggregated,0.100000,0.000000,14,14,14,14,14,14,14,14,14,14,14,122,0,16,16.035402254378003,8.12711899925489,33.012466999934986,0.0
1778533634,9,POST,chat/long,0.100000,0.000000,0,0,0,0,0,0,0,0,0,0,0,113,0,16,16.360160646279162,8.2190190005349,33.012466999934986,0.0
1778533634,9,POST,chat/medium,0.000000,0.000000,0,0,0,0,0,0,0,0,0,0,0,9,0,9,11.957880222730132,8.12711899925489,32.214927006862126,0.0
1778533634,9,,Aggregated,0.100000,0.000000,0,0,0,0,0,0,0,0,0,0,0,122,0,16,16.035402254378003,8.12711899925489,33.012466999934986,0.0
1778533635,9,POST,chat/long,0.100000,0.000000,0,0,0,0,0,0,0,0,0,0,0,113,0,16,16.360160646279162,8.2190190005349,33.012466999934986,0.0
1778533635,9,POST,chat/medium,0.000000,0.000000,0,0,0,0,0,0,0,0,0,0,0,9,0,9,11.957880222730132,8.12711899925489,32.214927006862126,0.0
1778533635,9,,Aggregated,0.100000,0.000000,0,0,0,0,0,0,0,0,0,0,0,122,0,16,16.035402254378003,8.12711899925489,33.012466999934986,0.0
1778533636,9,POST,chat/long,0.100000,0.000000,0,0,0,0,0,0,0,0,0,0,0,113,0,16,16.360160646279162,8.2190190005349,33.012466999934986,0.0
1778533636,9,POST,chat/medium,0.000000,0.000000,0,0,0,0,0,0,0,0,0,0,0,9,0,9,11.957880222730132,8.12711899925489,32.214927006862126,0.0
1778533636,9,,Aggregated,0.100000,0.000000,0,0,0,0,0,0,0,0,0,0,0,122,0,16,16.035402254378003,8.12711899925489,33.012466999934986,0.0
1778533637,9,POST,chat/long,0.100000,0.000000,0,0,0,0,0,0,0,0,0,0,0,113,0,16,16.360160646279162,8.2190190005349,33.012466999934986,0.0
1778533637,9,POST,chat/medium,0.000000,0.000000,0,0,0,0,0,0,0,0,0,0,0,9,0,9,11.957880222730132,8.12711899925489,32.214927006862126,0.0
1778533637,9,,Aggregated,0.100000,0.000000,0,0,0,0,0,0,0,0,0,0,0,122,0,16,16.035402254378003,8.12711899925489,33.012466999934986,0.0
1778533638,9,POST,chat/long,0.100000,0.000000,0,0,0,0,0,0,0,0,0,0,0,113,0,16,16.360160646279162,8.2190190005349,33.012466999934986,0.0
1778533638,9,POST,chat/medium,0.000000,0.000000,0,0,0,0,0,0,0,0,0,0,0,9,0,9,11.957880222730132,8.12711899925489,32.214927006862126,0.0
1778533638,9,,Aggregated,0.100000,0.000000,0,0,0,0,0,0,0,0,0,0,0,122,0,16,16.035402254378003,8.12711899925489,33.012466999934986,0.0
1778533639,9,POST,chat/long,0.100000,0.000000,0,0,0,0,0,0,0,0,0,0,0,113,0,16,16.360160646279162,8.2190190005349,33.012466999934986,0.0
1778533639,9,POST,chat/medium,0.000000,0.000000,0,0,0,0,0,0,0,0,0,0,0,9,0,9,11.957880222730132,8.12711899925489,32.214927006862126,0.0
1778533639,9,,Aggregated,0.100000,0.000000,0,0,0,0,0,0,0,0,0,0,0,122,0,16,16.035402254378003,8.12711899925489,33.012466999934986,0.0
1778533640,9,POST,chat/long,0.100000,0.000000,0,0,0,0,0,0,0,0,0,0,0,113,0,16,16.360160646279162,8.2190190005349,33.012466999934986,0.0
1778533640,9,POST,chat/medium,0.000000,0.000000,0,0,0,0,0,0,0,0,0,0,0,9,0,9,11.957880222730132,8.12711899925489,32.214927006862126,0.0
1778533640,9,,Aggregated,0.100000,0.000000,0,0,0,0,0,0,0,0,0,0,0,122,0,16,16.035402254378003,8.12711899925489,33.012466999934986,0.0
1778533641,9,POST,chat/long,0.100000,0.000000,0,0,0,0,0,0,0,0,0,0,0,113,0,16,16.360160646279162,8.2190190005349,33.012466999934986,0.0
1778533641,9,POST,chat/medium,0.000000,0.000000,0,0,0,0,0,0,0,0,0,0,0,9,0,9,11.957880222730132,8.12711899925489,32.214927006862126,0.0
1778533641,9,,Aggregated,0.100000,0.000000,0,0,0,0,0,0,0,0,0,0,0,122,0,16,16.035402254378003,8.12711899925489,33.012466999934986,0.0
1778533642,9,POST,chat/long,0.100000,0.000000,0,0,0,0,0,0,0,0,0,0,0,113,0,16,16.360160646279162,8.2190190005349,33.012466999934986,0.0
1778533642,9,POST,chat/medium,0.000000,0.000000,0,0,0,0,0,0,0,0,0,0,0,9,0,9,11.957880222730132,8.12711899925489,32.214927006862126,0.0
1778533642,9,,Aggregated,0.100000,0.000000,0,0,0,0,0,0,0,0,0,0,0,122,0,16,16.035402254378003,8.12711899925489,33.012466999934986,0.0
1778533643,9,POST,chat/long,0.100000,0.000000,0,0,0,0,0,0,0,0,0,0,0,113,0,16,16.360160646279162,8.2190190005349,33.012466999934986,0.0
1778533643,9,POST,chat/medium,0.000000,0.000000,0,0,0,0,0,0,0,0,0,0,0,9,0,9,11.957880222730132,8.12711899925489,32.214927006862126,0.0
1778533643,9,,Aggregated,0.100000,0.000000,0,0,0,0,0,0,0,0,0,0,0,122,0,16,16.035402254378003,8.12711899925489,33.012466999934986,0.0
1778533644,9,POST,chat/long,0.100000,0.000000,0,0,0,0,0,0,0,0,0,0,0,113,0,16,16.360160646279162,8.2190190005349,33.012466999934986,0.0
1778533644,9,POST,chat/medium,0.000000,0.000000,0,0,0,0,0,0,0,0,0,0,0,9,0,9,11.957880222730132,8.12711899925489,32.214927006862126,0.0
1778533644,9,,Aggregated,0.100000,0.000000,0,0,0,0,0,0,0,0,0,0,0,122,0,16,16.035402254378003,8.12711899925489,33.012466999934986,0.0
1778533645,9,POST,chat/long,0.100000,0.000000,0,0,0,0,0,0,0,0,0,0,0,113,0,16,16.360160646279162,8.2190190005349,33.012466999934986,0.0
1778533645,9,POST,chat/medium,0.000000,0.000000,0,0,0,0,0,0,0,0,0,0,0,9,0,9,11.957880222730132,8.12711899925489,32.214927006862126,0.0
1778533645,9,,Aggregated,0.100000,0.000000,0,0,0,0,0,0,0,0,0,0,0,122,0,16,16.035402254378003,8.12711899925489,33.012466999934986,0.0
1778533646,9,POST,chat/long,0.100000,0.000000,0,0,0,0,0,0,0,0,0,0,0,113,0,16,16.360160646279162,8.2190190005349,33.012466999934986,0.0
1778533646,9,POST,chat/medium,0.000000,0.000000,0,0,0,0,0,0,0,0,0,0,0,9,0,9,11.957880222730132,8.12711899925489,32.214927006862126,0.0
1778533646,9,,Aggregated,0.100000,0.000000,0,0,0,0,0,0,0,0,0,0,0,122,0,16,16.035402254378003,8.12711899925489,33.012466999934986,0.0
1778533647,9,POST,chat/long,0.100000,0.000000,0,0,0,0,0,0,0,0,0,0,0,113,0,16,16.360160646279162,8.2190190005349,33.012466999934986,0.0
1778533647,9,POST,chat/medium,0.000000,0.000000,0,0,0,0,0,0,0,0,0,0,0,9,0,9,11.957880222730132,8.12711899925489,32.214927006862126,0.0
1778533647,9,,Aggregated,0.100000,0.000000,0,0,0,0,0,0,0,0,0,0,0,122,0,16,16.035402254378003,8.12711899925489,33.012466999934986,0.0
1778533648,9,POST,chat/long,0.100000,0.000000,0,0,0,0,0,0,0,0,0,0,0,113,0,16,16.360160646279162,8.2190190005349,33.012466999934986,0.0
1778533648,9,POST,chat/medium,0.000000,0.000000,0,0,0,0,0,0,0,0,0,0,0,9,0,9,11.957880222730132,8.12711899925489,32.214927006862126,0.0
1778533648,9,,Aggregated,0.100000,0.000000,0,0,0,0,0,0,0,0,0,0,0,122,0,16,16.035402254378003,8.12711899925489,33.012466999934986,0.0
1778533649,9,POST,chat/long,0.100000,0.000000,0,0,0,0,0,0,0,0,0,0,0,113,0,16,16.360160646279162,8.2190190005349,33.012466999934986,0.0
1778533649,9,POST,chat/medium,0.000000,0.000000,0,0,0,0,0,0,0,0,0,0,0,9,0,9,11.957880222730132,8.12711899925489,32.214927006862126,0.0
1778533649,9,,Aggregated,0.100000,0.000000,0,0,0,0,0,0,0,0,0,0,0,122,0,16,16.035402254378003,8.12711899925489,33.012466999934986,0.0
1778533650,9,POST,chat/long,0.100000,0.000000,0,0,0,0,0,0,0,0,0,0,0,113,0,16,16.360160646279162,8.2190190005349,33.012466999934986,0.0
1778533650,9,POST,chat/medium,0.000000,0.000000,0,0,0,0,0,0,0,0,0,0,0,9,0,9,11.957880222730132,8.12711899925489,32.214927006862126,0.0
1778533650,9,,Aggregated,0.100000,0.000000,0,0,0,0,0,0,0,0,0,0,0,122,0,16,16.035402254378003,8.12711899925489,33.012466999934986,0.0
1778533651,9,POST,chat/long,0.100000,0.000000,0,0,0,0,0,0,0,0,0,0,0,113,0,16,16.360160646279162,8.2190190005349,33.012466999934986,0.0
1778533651,9,POST,chat/medium,0.000000,0.000000,0,0,0,0,0,0,0,0,0,0,0,9,0,9,11.957880222730132,8.12711899925489,32.214927006862126,0.0
1778533651,9,,Aggregated,0.100000,0.000000,0,0,0,0,0,0,0,0,0,0,0,122,0,16,16.035402254378003,8.12711899925489,33.012466999934986,0.0
1778533652,9,POST,chat/long,0.100000,0.000000,0,0,0,0,0,0,0,0,0,0,0,113,0,16,16.360160646279162,8.2190190005349,33.012466999934986,0.0
1778533652,9,POST,chat/medium,0.000000,0.000000,0,0,0,0,0,0,0,0,0,0,0,9,0,9,11.957880222730132,8.12711899925489,32.214927006862126,0.0
1778533652,9,,Aggregated,0.100000,0.000000,0,0,0,0,0,0,0,0,0,0,0,122,0,16,16.035402254378003,8.12711899925489,33.012466999934986,0.0
1778533653,9,POST,chat/long,0.100000,0.000000,0,0,0,0,0,0,0,0,0,0,0,113,0,16,16.360160646279162,8.2190190005349,33.012466999934986,0.0
1778533653,9,POST,chat/medium,0.000000,0.000000,0,0,0,0,0,0,0,0,0,0,0,9,0,9,11.957880222730132,8.12711899925489,32.214927006862126,0.0
1778533653,9,,Aggregated,0.100000,0.000000,0,0,0,0,0,0,0,0,0,0,0,122,0,16,16.035402254378003,8.12711899925489,33.012466999934986,0.0
1778533654,9,POST,chat/long,0.100000,0.000000,0,0,0,0,0,0,0,0,0,0,0,113,0,16,16.360160646279162,8.2190190005349,33.012466999934986,0.0
1778533654,9,POST,chat/medium,0.000000,0.000000,0,0,0,0,0,0,0,0,0,0,0,9,0,9,11.957880222730132,8.12711899925489,32.214927006862126,0.0
1778533654,9,,Aggregated,0.100000,0.000000,0,0,0,0,0,0,0,0,0,0,0,122,0,16,16.035402254378003,8.12711899925489,33.012466999934986,0.0
1778533655,9,POST,chat/long,0.100000,0.000000,0,0,0,0,0,0,0,0,0,0,0,113,0,16,16.360160646279162,8.2190190005349,33.012466999934986,0.0
1778533655,9,POST,chat/medium,0.000000,0.000000,0,0,0,0,0,0,0,0,0,0,0,9,0,9,11.957880222730132,8.12711899925489,32.214927006862126,0.0
1778533655,9,,Aggregated,0.100000,0.000000,0,0,0,0,0,0,0,0,0,0,0,122,0,16,16.035402254378003,8.12711899925489,33.012466999934986,0.0
1778533656,9,POST,chat/long,0.100000,0.000000,0,0,0,0,0,0,0,0,0,0,0,113,0,16,16.360160646279162,8.2190190005349,33.012466999934986,0.0
1778533656,9,POST,chat/medium,0.000000,0.000000,0,0,0,0,0,0,0,0,0,0,0,9,0,9,11.957880222730132,8.12711899925489,32.214927006862126,0.0
1778533656,9,,Aggregated,0.100000,0.000000,0,0,0,0,0,0,0,0,0,0,0,122,0,16,16.035402254378003,8.12711899925489,33.012466999934986,0.0
1778533657,9,POST,chat/long,0.100000,0.000000,0,0,0,0,0,0,0,0,0,0,0,113,0,16,16.360160646279162,8.2190190005349,33.012466999934986,0.0
1778533657,9,POST,chat/medium,0.000000,0.000000,0,0,0,0,0,0,0,0,0,0,0,9,0,9,11.957880222730132,8.12711899925489,32.214927006862126,0.0
1778533657,9,,Aggregated,0.100000,0.000000,0,0,0,0,0,0,0,0,0,0,0,122,0,16,16.035402254378003,8.12711899925489,33.012466999934986,0.0
1778533658,9,POST,chat/long,0.100000,0.000000,0,0,0,0,0,0,0,0,0,0,0,113,0,16,16.360160646279162,8.2190190005349,33.012466999934986,0.0
1778533658,9,POST,chat/medium,0.000000,0.000000,0,0,0,0,0,0,0,0,0,0,0,9,0,9,11.957880222730132,8.12711899925489,32.214927006862126,0.0
1778533658,9,,Aggregated,0.100000,0.000000,0,0,0,0,0,0,0,0,0,0,0,122,0,16,16.035402254378003,8.12711899925489,33.012466999934986,0.0
1778533659,9,POST,chat/long,0.100000,0.000000,0,0,0,0,0,0,0,0,0,0,0,113,0,16,16.360160646279162,8.2190190005349,33.012466999934986,0.0
1778533659,9,POST,chat/medium,0.000000,0.000000,0,0,0,0,0,0,0,0,0,0,0,9,0,9,11.957880222730132,8.12711899925489,32.214927006862126,0.0
1778533659,9,,Aggregated,0.100000,0.000000,0,0,0,0,0,0,0,0,0,0,0,122,0,16,16.035402254378003,8.12711899925489,33.012466999934986,0.0
1778533660,9,POST,chat/long,0.100000,0.000000,0,0,0,0,0,0,0,0,0,0,0,113,0,16,16.360160646279162,8.2190190005349,33.012466999934986,0.0
1778533660,9,POST,chat/medium,0.000000,0.000000,0,0,0,0,0,0,0,0,0,0,0,9,0,9,11.957880222730132,8.12711899925489,32.214927006862126,0.0
1778533660,9,,Aggregated,0.100000,0.000000,0,0,0,0,0,0,0,0,0,0,0,122,0,16,16.035402254378003,8.12711899925489,33.012466999934986,0.0
1778533661,9,POST,chat/long,0.100000,0.000000,0,0,0,0,0,0,0,0,0,0,0,113,0,16,16.360160646279162,8.2190190005349,33.012466999934986,0.0
1778533661,9,POST,chat/medium,0.000000,0.000000,0,0,0,0,0,0,0,0,0,0,0,9,0,9,11.957880222730132,8.12711899925489,32.214927006862126,0.0
1778533661,9,,Aggregated,0.100000,0.000000,0,0,0,0,0,0,0,0,0,0,0,122,0,16,16.035402254378003,8.12711899925489,33.012466999934986,0.0
1778533662,9,POST,chat/long,0.100000,0.000000,0,0,0,0,0,0,0,0,0,0,0,113,0,16,16.360160646279162,8.2190190005349,33.012466999934986,0.0
1778533662,9,POST,chat/medium,0.000000,0.000000,0,0,0,0,0,0,0,0,0,0,0,9,0,9,11.957880222730132,8.12711899925489,32.214927006862126,0.0
1778533662,9,,Aggregated,0.100000,0.000000,0,0,0,0,0,0,0,0,0,0,0,122,0,16,16.035402254378003,8.12711899925489,33.012466999934986,0.0
1778533663,9,POST,chat/long,0.100000,0.000000,0,0,0,0,0,0,0,0,0,0,0,113,0,16,16.360160646279162,8.2190190005349,33.012466999934986,0.0
1778533663,9,POST,chat/medium,0.000000,0.000000,0,0,0,0,0,0,0,0,0,0,0,9,0,9,11.957880222730132,8.12711899925489,32.214927006862126,0.0
1778533663,9,,Aggregated,0.100000,0.000000,0,0,0,0,0,0,0,0,0,0,0,122,0,16,16.035402254378003,8.12711899925489,33.012466999934986,0.0
1778533664,9,POST,chat/long,0.100000,0.000000,0,0,0,0,0,0,0,0,0,0,0,113,0,16,16.360160646279162,8.2190190005349,33.012466999934986,0.0
1778533664,9,POST,chat/medium,0.000000,0.000000,0,0,0,0,0,0,0,0,0,0,0,9,0,9,11.957880222730132,8.12711899925489,32.214927006862126,0.0
1778533664,9,,Aggregated,0.100000,0.000000,0,0,0,0,0,0,0,0,0,0,0,122,0,16,16.035402254378003,8.12711899925489,33.012466999934986,0.0
1778533665,9,POST,chat/long,0.100000,0.000000,0,0,0,0,0,0,0,0,0,0,0,113,0,16,16.360160646279162,8.2190190005349,33.012466999934986,0.0
1778533665,9,POST,chat/medium,0.000000,0.000000,0,0,0,0,0,0,0,0,0,0,0,9,0,9,11.957880222730132,8.12711899925489,32.214927006862126,0.0
1778533665,9,,Aggregated,0.100000,0.000000,0,0,0,0,0,0,0,0,0,0,0,122,0,16,16.035402254378003,8.12711899925489,33.012466999934986,0.0
1778533666,9,POST,chat/long,0.100000,0.000000,0,0,0,0,0,0,0,0,0,0,0,113,0,16,16.360160646279162,8.2190190005349,33.012466999934986,0.0
1778533666,9,POST,chat/medium,0.000000,0.000000,0,0,0,0,0,0,0,0,0,0,0,9,0,9,11.957880222730132,8.12711899925489,32.214927006862126,0.0
1778533666,9,,Aggregated,0.100000,0.000000,0,0,0,0,0,0,0,0,0,0,0,122,0,16,16.035402254378003,8.12711899925489,33.012466999934986,0.0
1778533667,9,POST,chat/long,0.100000,0.000000,0,0,0,0,0,0,0,0,0,0,0,113,0,16,16.360160646279162,8.2190190005349,33.012466999934986,0.0
1778533667,9,POST,chat/medium,0.000000,0.000000,0,0,0,0,0,0,0,0,0,0,0,9,0,9,11.957880222730132,8.12711899925489,32.214927006862126,0.0
1778533667,9,,Aggregated,0.100000,0.000000,0,0,0,0,0,0,0,0,0,0,0,122,0,16,16.035402254378003,8.12711899925489,33.012466999934986,0.0
1778533668,9,POST,chat/long,0.100000,0.000000,0,0,0,0,0,0,0,0,0,0,0,113,0,16,16.360160646279162,8.2190190005349,33.012466999934986,0.0
1778533668,9,POST,chat/medium,0.000000,0.000000,0,0,0,0,0,0,0,0,0,0,0,9,0,9,11.957880222730132,8.12711899925489,32.214927006862126,0.0
1778533668,9,,Aggregated,0.100000,0.000000,0,0,0,0,0,0,0,0,0,0,0,122,0,16,16.035402254378003,8.12711899925489,33.012466999934986,0.0
1778533669,9,POST,chat/long,0.100000,0.000000,0,0,0,0,0,0,0,0,0,0,0,113,0,16,16.360160646279162,8.2190190005349,33.012466999934986,0.0
1778533669,9,POST,chat/medium,0.000000,0.000000,0,0,0,0,0,0,0,0,0,0,0,9,0,9,11.957880222730132,8.12711899925489,32.214927006862126,0.0
1778533669,9,,Aggregated,0.100000,0.000000,0,0,0,0,0,0,0,0,0,0,0,122,0,16,16.035402254378003,8.12711899925489,33.012466999934986,0.0
1778533670,9,POST,chat/long,0.100000,0.000000,0,0,0,0,0,0,0,0,0,0,0,113,0,16,16.360160646279162,8.2190190005349,33.012466999934986,0.0
1778533670,9,POST,chat/medium,0.000000,0.000000,0,0,0,0,0,0,0,0,0,0,0,9,0,9,11.957880222730132,8.12711899925489,32.214927006862126,0.0
1778533670,9,,Aggregated,0.100000,0.000000,0,0,0,0,0,0,0,0,0,0,0,122,0,16,16.035402254378003,8.12711899925489,33.012466999934986,0.0
1778533671,9,POST,chat/long,0.100000,0.000000,0,0,0,0,0,0,0,0,0,0,0,113,0,16,16.360160646279162,8.2190190005349,33.012466999934986,0.0
1778533671,9,POST,chat/medium,0.000000,0.000000,0,0,0,0,0,0,0,0,0,0,0,9,0,9,11.957880222730132,8.12711899925489,32.214927006862126,0.0
1778533671,9,,Aggregated,0.100000,0.000000,0,0,0,0,0,0,0,0,0,0,0,122,0,16,16.035402254378003,8.12711899925489,33.012466999934986,0.0
1778533672,8,POST,chat/long,0.000000,0.000000,0,0,0,0,0,0,0,0,0,0,0,113,0,16,16.360160646279162,8.2190190005349,33.012466999934986,0.0
1778533672,8,POST,chat/medium,0.000000,0.000000,0,0,0,0,0,0,0,0,0,0,0,10,0,9,12.011151000479003,8.12711899925489,32.214927006862126,0.0
1778533672,8,,Aggregated,0.000000,0.000000,0,0,0,0,0,0,0,0,0,0,0,123,0,16,16.00658262629541,8.12711899925489,33.012466999934986,0.0
1778533673,8,POST,chat/long,0.000000,0.000000,0,0,0,0,0,0,0,0,0,0,0,113,0,16,16.360160646279162,8.2190190005349,33.012466999934986,0.0
1778533673,8,POST,chat/medium,0.000000,0.000000,0,0,0,0,0,0,0,0,0,0,0,10,0,9,12.011151000479003,8.12711899925489,32.214927006862126,0.0
1778533673,8,,Aggregated,0.000000,0.000000,0,0,0,0,0,0,0,0,0,0,0,123,0,16,16.00658262629541,8.12711899925489,33.012466999934986,0.0
1778533674,8,POST,chat/long,0.000000,0.000000,0,0,0,0,0,0,0,0,0,0,0,113,0,16,16.360160646279162,8.2190190005349,33.012466999934986,0.0
1778533674,8,POST,chat/medium,0.000000,0.000000,0,0,0,0,0,0,0,0,0,0,0,10,0,9,12.011151000479003,8.12711899925489,32.214927006862126,0.0
1778533674,8,,Aggregated,0.000000,0.000000,0,0,0,0,0,0,0,0,0,0,0,123,0,16,16.00658262629541,8.12711899925489,33.012466999934986,0.0
1778533675,8,POST,chat/long,0.000000,0.000000,0,0,0,0,0,0,0,0,0,0,0,113,0,16,16.360160646279162,8.2190190005349,33.012466999934986,0.0
1778533675,8,POST,chat/medium,0.000000,0.000000,0,0,0,0,0,0,0,0,0,0,0,10,0,9,12.011151000479003,8.12711899925489,32.214927006862126,0.0
1778533675,8,,Aggregated,0.000000,0.000000,0,0,0,0,0,0,0,0,0,0,0,123,0,16,16.00658262629541,8.12711899925489,33.012466999934986,0.0
1778533676,8,POST,chat/long,0.000000,0.000000,0,0,0,0,0,0,0,0,0,0,0,113,0,16,16.360160646279162,8.2190190005349,33.012466999934986,0.0
1778533676,8,POST,chat/medium,0.000000,0.000000,0,0,0,0,0,0,0,0,0,0,0,10,0,9,12.011151000479003,8.12711899925489,32.214927006862126,0.0
1778533676,8,,Aggregated,0.000000,0.000000,0,0,0,0,0,0,0,0,0,0,0,123,0,16,16.00658262629541,8.12711899925489,33.012466999934986,0.0
1778533677,8,POST,chat/long,0.000000,0.000000,0,0,0,0,0,0,0,0,0,0,0,113,0,16,16.360160646279162,8.2190190005349,33.012466999934986,0.0
1778533677,8,POST,chat/medium,0.000000,0.000000,0,0,0,0,0,0,0,0,0,0,0,10,0,9,12.011151000479003,8.12711899925489,32.214927006862126,0.0
1778533677,8,,Aggregated,0.000000,0.000000,0,0,0,0,0,0,0,0,0,0,0,123,0,16,16.00658262629541,8.12711899925489,33.012466999934986,0.0
1778533678,8,POST,chat/long,0.000000,0.000000,0,0,0,0,0,0,0,0,0,0,0,113,0,16,16.360160646279162,8.2190190005349,33.012466999934986,0.0
1778533678,8,POST,chat/medium,0.000000,0.000000,0,0,0,0,0,0,0,0,0,0,0,10,0,9,12.011151000479003,8.12711899925489,32.214927006862126,0.0
1778533678,8,,Aggregated,0.000000,0.000000,0,0,0,0,0,0,0,0,0,0,0,123,0,16,16.00658262629541,8.12711899925489,33.012466999934986,0.0
1778533679,8,POST,chat/long,0.000000,0.000000,0,0,0,0,0,0,0,0,0,0,0,113,0,16,16.360160646279162,8.2190190005349,33.012466999934986,0.0
1778533679,8,POST,chat/medium,0.000000,0.000000,0,0,0,0,0,0,0,0,0,0,0,10,0,9,12.011151000479003,8.12711899925489,32.214927006862126,0.0
1778533679,8,,Aggregated,0.000000,0.000000,0,0,0,0,0,0,0,0,0,0,0,123,0,16,16.00658262629541,8.12711899925489,33.012466999934986,0.0
1778533680,8,POST,chat/long,0.000000,0.000000,0,0,0,0,0,0,0,0,0,0,0,113,0,16,16.360160646279162,8.2190190005349,33.012466999934986,0.0
1778533680,8,POST,chat/medium,0.000000,0.000000,0,0,0,0,0,0,0,0,0,0,0,10,0,9,12.011151000479003,8.12711899925489,32.214927006862126,0.0
1778533680,8,,Aggregated,0.000000,0.000000,0,0,0,0,0,0,0,0,0,0,0,123,0,16,16.00658262629541,8.12711899925489,33.012466999934986,0.0
1778533681,8,POST,chat/long,0.000000,0.000000,0,0,0,0,0,0,0,0,0,0,0,113,0,16,16.360160646279162,8.2190190005349,33.012466999934986,0.0
1778533681,8,POST,chat/medium,0.000000,0.000000,0,0,0,0,0,0,0,0,0,0,0,10,0,9,12.011151000479003,8.12711899925489,32.214927006862126,0.0
1778533681,8,,Aggregated,0.000000,0.000000,0,0,0,0,0,0,0,0,0,0,0,123,0,16,16.00658262629541,8.12711899925489,33.012466999934986,0.0
1778533682,8,POST,chat/long,0.000000,0.000000,0,0,0,0,0,0,0,0,0,0,0,113,0,16,16.360160646279162,8.2190190005349,33.012466999934986,0.0
1778533682,8,POST,chat/medium,0.000000,0.000000,0,0,0,0,0,0,0,0,0,0,0,10,0,9,12.011151000479003,8.12711899925489,32.214927006862126,0.0
1778533682,8,,Aggregated,0.000000,0.000000,0,0,0,0,0,0,0,0,0,0,0,123,0,16,16.00658262629541,8.12711899925489,33.012466999934986,0.0
1778533683,8,POST,chat/long,0.000000,0.000000,0,0,0,0,0,0,0,0,0,0,0,113,0,16,16.360160646279162,8.2190190005349,33.012466999934986,0.0
1778533683,8,POST,chat/medium,0.000000,0.000000,0,0,0,0,0,0,0,0,0,0,0,10,0,9,12.011151000479003,8.12711899925489,32.214927006862126,0.0
1778533683,8,,Aggregated,0.000000,0.000000,0,0,0,0,0,0,0,0,0,0,0,123,0,16,16.00658262629541,8.12711899925489,33.012466999934986,0.0
1778533684,8,POST,chat/long,0.000000,0.000000,0,0,0,0,0,0,0,0,0,0,0,113,0,16,16.360160646279162,8.2190190005349,33.012466999934986,0.0
1778533684,8,POST,chat/medium,0.000000,0.000000,0,0,0,0,0,0,0,0,0,0,0,10,0,9,12.011151000479003,8.12711899925489,32.214927006862126,0.0
1778533684,8,,Aggregated,0.000000,0.000000,0,0,0,0,0,0,0,0,0,0,0,123,0,16,16.00658262629541,8.12711899925489,33.012466999934986,0.0
1778533685,8,POST,chat/long,0.000000,0.000000,0,0,0,0,0,0,0,0,0,0,0,113,0,16,16.360160646279162,8.2190190005349,33.012466999934986,0.0
1778533685,8,POST,chat/medium,0.000000,0.000000,0,0,0,0,0,0,0,0,0,0,0,10,0,9,12.011151000479003,8.12711899925489,32.214927006862126,0.0
1778533685,8,,Aggregated,0.000000,0.000000,0,0,0,0,0,0,0,0,0,0,0,123,0,16,16.00658262629541,8.12711899925489,33.012466999934986,0.0
1778533686,8,POST,chat/long,0.000000,0.000000,0,0,0,0,0,0,0,0,0,0,0,113,0,16,16.360160646279162,8.2190190005349,33.012466999934986,0.0
1778533686,8,POST,chat/medium,0.000000,0.000000,0,0,0,0,0,0,0,0,0,0,0,10,0,9,12.011151000479003,8.12711899925489,32.214927006862126,0.0
1778533686,8,,Aggregated,0.000000,0.000000,0,0,0,0,0,0,0,0,0,0,0,123,0,16,16.00658262629541,8.12711899925489,33.012466999934986,0.0
1778533687,8,POST,chat/long,0.000000,0.000000,0,0,0,0,0,0,0,0,0,0,0,113,0,16,16.360160646279162,8.2190190005349,33.012466999934986,0.0
1778533687,8,POST,chat/medium,0.000000,0.000000,0,0,0,0,0,0,0,0,0,0,0,10,0,9,12.011151000479003,8.12711899925489,32.214927006862126,0.0
1778533687,8,,Aggregated,0.000000,0.000000,0,0,0,0,0,0,0,0,0,0,0,123,0,16,16.00658262629541,8.12711899925489,33.012466999934986,0.0
1778533688,8,POST,chat/long,0.000000,0.000000,0,0,0,0,0,0,0,0,0,0,0,113,0,16,16.360160646279162,8.2190190005349,33.012466999934986,0.0
1778533688,8,POST,chat/medium,0.000000,0.000000,0,0,0,0,0,0,0,0,0,0,0,10,0,9,12.011151000479003,8.12711899925489,32.214927006862126,0.0
1778533688,8,,Aggregated,0.000000,0.000000,0,0,0,0,0,0,0,0,0,0,0,123,0,16,16.00658262629541,8.12711899925489,33.012466999934986,0.0
1778533689,8,POST,chat/long,0.000000,0.000000,0,0,0,0,0,0,0,0,0,0,0,113,0,16,16.360160646279162,8.2190190005349,33.012466999934986,0.0
1778533689,8,POST,chat/medium,0.000000,0.000000,0,0,0,0,0,0,0,0,0,0,0,10,0,9,12.011151000479003,8.12711899925489,32.214927006862126,0.0
1778533689,8,,Aggregated,0.000000,0.000000,0,0,0,0,0,0,0,0,0,0,0,123,0,16,16.00658262629541,8.12711899925489,33.012466999934986,0.0
1778533690,8,POST,chat/long,0.000000,0.000000,0,0,0,0,0,0,0,0,0,0,0,113,0,16,16.360160646279162,8.2190190005349,33.012466999934986,0.0
1778533690,8,POST,chat/medium,0.000000,0.000000,0,0,0,0,0,0,0,0,0,0,0,10,0,9,12.011151000479003,8.12711899925489,32.214927006862126,0.0
1778533690,8,,Aggregated,0.000000,0.000000,0,0,0,0,0,0,0,0,0,0,0,123,0,16,16.00658262629541,8.12711899925489,33.012466999934986,0.0
1778533691,8,POST,chat/long,0.000000,0.000000,0,0,0,0,0,0,0,0,0,0,0,113,0,16,16.360160646279162,8.2190190005349,33.012466999934986,0.0
1778533691,8,POST,chat/medium,0.000000,0.000000,0,0,0,0,0,0,0,0,0,0,0,10,0,9,12.011151000479003,8.12711899925489,32.214927006862126,0.0
1778533691,8,,Aggregated,0.000000,0.000000,0,0,0,0,0,0,0,0,0,0,0,123,0,16,16.00658262629541,8.12711899925489,33.012466999934986,0.0
1778533692,8,POST,chat/long,0.000000,0.000000,0,0,0,0,0,0,0,0,0,0,0,113,0,16,16.360160646279162,8.2190190005349,33.012466999934986,0.0
1778533692,8,POST,chat/medium,0.000000,0.000000,0,0,0,0,0,0,0,0,0,0,0,10,0,9,12.011151000479003,8.12711899925489,32.214927006862126,0.0
1778533692,8,,Aggregated,0.000000,0.000000,0,0,0,0,0,0,0,0,0,0,0,123,0,16,16.00658262629541,8.12711899925489,33.012466999934986,0.0
1778533693,8,POST,chat/long,0.000000,0.000000,0,0,0,0,0,0,0,0,0,0,0,113,0,16,16.360160646279162,8.2190190005349,33.012466999934986,0.0
1778533693,8,POST,chat/medium,0.000000,0.000000,0,0,0,0,0,0,0,0,0,0,0,10,0,9,12.011151000479003,8.12711899925489,32.214927006862126,0.0
1778533693,8,,Aggregated,0.000000,0.000000,0,0,0,0,0,0,0,0,0,0,0,123,0,16,16.00658262629541,8.12711899925489,33.012466999934986,0.0
1778533694,7,POST,chat/long,0.000000,0.000000,0,0,0,0,0,0,0,0,0,0,0,114,0,16,16.33526212307308,8.2190190005349,33.012466999934986,0.0
1778533694,7,POST,chat/medium,0.000000,0.000000,0,0,0,0,0,0,0,0,0,0,0,10,0,9,12.011151000479003,8.12711899925489,32.214927006862126,0.0
1778533694,7,,Aggregated,0.000000,0.000000,0,0,0,0,0,0,0,0,0,0,0,124,0,16,15.986543484154202,8.12711899925489,33.012466999934986,0.0
1778533695,7,POST,chat/long,0.000000,0.000000,0,0,0,0,0,0,0,0,0,0,0,114,0,16,16.33526212307308,8.2190190005349,33.012466999934986,0.0
1778533695,7,POST,chat/medium,0.000000,0.000000,0,0,0,0,0,0,0,0,0,0,0,10,0,9,12.011151000479003,8.12711899925489,32.214927006862126,0.0
1778533695,7,,Aggregated,0.000000,0.000000,0,0,0,0,0,0,0,0,0,0,0,124,0,16,15.986543484154202,8.12711899925489,33.012466999934986,0.0
1778533696,7,POST,chat/long,0.000000,0.000000,0,0,0,0,0,0,0,0,0,0,0,114,0,16,16.33526212307308,8.2190190005349,33.012466999934986,0.0
1778533696,7,POST,chat/medium,0.000000,0.000000,0,0,0,0,0,0,0,0,0,0,0,10,0,9,12.011151000479003,8.12711899925489,32.214927006862126,0.0
1778533696,7,,Aggregated,0.000000,0.000000,0,0,0,0,0,0,0,0,0,0,0,124,0,16,15.986543484154202,8.12711899925489,33.012466999934986,0.0
1778533697,7,POST,chat/long,0.000000,0.000000,0,0,0,0,0,0,0,0,0,0,0,114,0,16,16.33526212307308,8.2190190005349,33.012466999934986,0.0
1778533697,7,POST,chat/medium,0.000000,0.000000,0,0,0,0,0,0,0,0,0,0,0,10,0,9,12.011151000479003,8.12711899925489,32.214927006862126,0.0
1778533697,7,,Aggregated,0.000000,0.000000,0,0,0,0,0,0,0,0,0,0,0,124,0,16,15.986543484154202,8.12711899925489,33.012466999934986,0.0
1778533698,7,POST,chat/long,0.000000,0.000000,0,0,0,0,0,0,0,0,0,0,0,114,0,16,16.33526212307308,8.2190190005349,33.012466999934986,0.0
1778533698,7,POST,chat/medium,0.000000,0.000000,0,0,0,0,0,0,0,0,0,0,0,10,0,9,12.011151000479003,8.12711899925489,32.214927006862126,0.0
1778533698,7,,Aggregated,0.000000,0.000000,0,0,0,0,0,0,0,0,0,0,0,124,0,16,15.986543484154202,8.12711899925489,33.012466999934986,0.0
1778533699,7,POST,chat/long,0.000000,0.000000,0,0,0,0,0,0,0,0,0,0,0,114,0,16,16.33526212307308,8.2190190005349,33.012466999934986,0.0
1778533699,7,POST,chat/medium,0.000000,0.000000,0,0,0,0,0,0,0,0,0,0,0,10,0,9,12.011151000479003,8.12711899925489,32.214927006862126,0.0
1778533699,7,,Aggregated,0.000000,0.000000,0,0,0,0,0,0,0,0,0,0,0,124,0,16,15.986543484154202,8.12711899925489,33.012466999934986,0.0
1778533700,7,POST,chat/long,0.000000,0.000000,0,0,0,0,0,0,0,0,0,0,0,114,0,16,16.33526212307308,8.2190190005349,33.012466999934986,0.0
1778533700,7,POST,chat/medium,0.000000,0.000000,0,0,0,0,0,0,0,0,0,0,0,10,0,9,12.011151000479003,8.12711899925489,32.214927006862126,0.0
1778533700,7,,Aggregated,0.000000,0.000000,0,0,0,0,0,0,0,0,0,0,0,124,0,16,15.986543484154202,8.12711899925489,33.012466999934986,0.0
1778533701,7,POST,chat/long,0.000000,0.000000,0,0,0,0,0,0,0,0,0,0,0,114,0,16,16.33526212307308,8.2190190005349,33.012466999934986,0.0
1778533701,7,POST,chat/medium,0.000000,0.000000,0,0,0,0,0,0,0,0,0,0,0,10,0,9,12.011151000479003,8.12711899925489,32.214927006862126,0.0
1778533701,7,,Aggregated,0.000000,0.000000,0,0,0,0,0,0,0,0,0,0,0,124,0,16,15.986543484154202,8.12711899925489,33.012466999934986,0.0
1778533702,6,POST,chat/long,0.100000,0.000000,10,10,10,10,10,10,10,10,10,10,10,115,0,16,16.28020548726098,8.2190190005349,33.012466999934986,0.0
1778533702,6,POST,chat/medium,0.000000,0.000000,0,0,0,0,0,0,0,0,0,0,0,10,0,9,12.011151000479003,8.12711899925489,32.214927006862126,0.0
1778533702,6,,Aggregated,0.100000,0.000000,10,10,10,10,10,10,10,10,10,10,10,125,0,16,15.938681128318422,8.12711899925489,33.012466999934986,0.0
1778533703,6,POST,chat/long,0.100000,0.000000,10,10,10,10,10,10,10,10,10,10,10,115,0,16,16.28020548726098,8.2190190005349,33.012466999934986,0.0
1778533703,6,POST,chat/medium,0.000000,0.000000,0,0,0,0,0,0,0,0,0,0,0,10,0,9,12.011151000479003,8.12711899925489,32.214927006862126,0.0
1778533703,6,,Aggregated,0.100000,0.000000,10,10,10,10,10,10,10,10,10,10,10,125,0,16,15.938681128318422,8.12711899925489,33.012466999934986,0.0
1778533704,6,POST,chat/long,0.100000,0.000000,10,10,10,10,10,10,10,10,10,10,10,115,0,16,16.28020548726098,8.2190190005349,33.012466999934986,0.0
1778533704,6,POST,chat/medium,0.000000,0.000000,0,0,0,0,0,0,0,0,0,0,0,10,0,9,12.011151000479003,8.12711899925489,32.214927006862126,0.0
1778533704,6,,Aggregated,0.100000,0.000000,10,10,10,10,10,10,10,10,10,10,10,125,0,16,15.938681128318422,8.12711899925489,33.012466999934986,0.0
1778533705,6,POST,chat/long,0.100000,0.000000,10,10,10,10,10,10,10,10,10,10,10,115,0,16,16.28020548726098,8.2190190005349,33.012466999934986,0.0
1778533705,6,POST,chat/medium,0.000000,0.000000,0,0,0,0,0,0,0,0,0,0,0,10,0,9,12.011151000479003,8.12711899925489,32.214927006862126,0.0
1778533705,6,,Aggregated,0.100000,0.000000,10,10,10,10,10,10,10,10,10,10,10,125,0,16,15.938681128318422,8.12711899925489,33.012466999934986,0.0
1778533706,6,POST,chat/long,0.100000,0.000000,10,10,10,10,10,10,10,10,10,10,10,115,0,16,16.28020548726098,8.2190190005349,33.012466999934986,0.0
1778533706,6,POST,chat/medium,0.000000,0.000000,0,0,0,0,0,0,0,0,0,0,0,10,0,9,12.011151000479003,8.12711899925489,32.214927006862126,0.0
1778533706,6,,Aggregated,0.100000,0.000000,10,10,10,10,10,10,10,10,10,10,10,125,0,16,15.938681128318422,8.12711899925489,33.012466999934986,0.0
1778533707,6,POST,chat/long,0.100000,0.000000,0,0,0,0,0,0,0,0,0,0,0,115,0,16,16.28020548726098,8.2190190005349,33.012466999934986,0.0
1778533707,6,POST,chat/medium,0.000000,0.000000,0,0,0,0,0,0,0,0,0,0,0,10,0,9,12.011151000479003,8.12711899925489,32.214927006862126,0.0
1778533707,6,,Aggregated,0.100000,0.000000,0,0,0,0,0,0,0,0,0,0,0,125,0,16,15.938681128318422,8.12711899925489,33.012466999934986,0.0
1778533708,6,POST,chat/long,0.100000,0.000000,0,0,0,0,0,0,0,0,0,0,0,115,0,16,16.28020548726098,8.2190190005349,33.012466999934986,0.0
1778533708,6,POST,chat/medium,0.000000,0.000000,0,0,0,0,0,0,0,0,0,0,0,10,0,9,12.011151000479003,8.12711899925489,32.214927006862126,0.0
1778533708,6,,Aggregated,0.100000,0.000000,0,0,0,0,0,0,0,0,0,0,0,125,0,16,15.938681128318422,8.12711899925489,33.012466999934986,0.0
1778533709,6,POST,chat/long,0.100000,0.000000,0,0,0,0,0,0,0,0,0,0,0,115,0,16,16.28020548726098,8.2190190005349,33.012466999934986,0.0
1778533709,6,POST,chat/medium,0.000000,0.000000,0,0,0,0,0,0,0,0,0,0,0,10,0,9,12.011151000479003,8.12711899925489,32.214927006862126,0.0
1778533709,6,,Aggregated,0.100000,0.000000,0,0,0,0,0,0,0,0,0,0,0,125,0,16,15.938681128318422,8.12711899925489,33.012466999934986,0.0
1778533710,6,POST,chat/long,0.100000,0.000000,0,0,0,0,0,0,0,0,0,0,0,115,0,16,16.28020548726098,8.2190190005349,33.012466999934986,0.0
1778533710,6,POST,chat/medium,0.000000,0.000000,0,0,0,0,0,0,0,0,0,0,0,10,0,9,12.011151000479003,8.12711899925489,32.214927006862126,0.0
1778533710,6,,Aggregated,0.100000,0.000000,0,0,0,0,0,0,0,0,0,0,0,125,0,16,15.938681128318422,8.12711899925489,33.012466999934986,0.0
1778533711,6,POST,chat/long,0.100000,0.000000,0,0,0,0,0,0,0,0,0,0,0,115,0,16,16.28020548726098,8.2190190005349,33.012466999934986,0.0
1778533711,6,POST,chat/medium,0.000000,0.000000,0,0,0,0,0,0,0,0,0,0,0,10,0,9,12.011151000479003,8.12711899925489,32.214927006862126,0.0
1778533711,6,,Aggregated,0.100000,0.000000,0,0,0,0,0,0,0,0,0,0,0,125,0,16,15.938681128318422,8.12711899925489,33.012466999934986,0.0
1778533712,6,POST,chat/long,0.100000,0.000000,0,0,0,0,0,0,0,0,0,0,0,115,0,16,16.28020548726098,8.2190190005349,33.012466999934986,0.0
1778533712,6,POST,chat/medium,0.000000,0.000000,0,0,0,0,0,0,0,0,0,0,0,10,0,9,12.011151000479003,8.12711899925489,32.214927006862126,0.0
1778533712,6,,Aggregated,0.100000,0.000000,0,0,0,0,0,0,0,0,0,0,0,125,0,16,15.938681128318422,8.12711899925489,33.012466999934986,0.0
1778533713,6,POST,chat/long,0.100000,0.000000,0,0,0,0,0,0,0,0,0,0,0,115,0,16,16.28020548726098,8.2190190005349,33.012466999934986,0.0
1778533713,6,POST,chat/medium,0.000000,0.000000,0,0,0,0,0,0,0,0,0,0,0,10,0,9,12.011151000479003,8.12711899925489,32.214927006862126,0.0
1778533713,6,,Aggregated,0.100000,0.000000,0,0,0,0,0,0,0,0,0,0,0,125,0,16,15.938681128318422,8.12711899925489,33.012466999934986,0.0
1778533714,6,POST,chat/long,0.100000,0.000000,0,0,0,0,0,0,0,0,0,0,0,115,0,16,16.28020548726098,8.2190190005349,33.012466999934986,0.0
1778533714,6,POST,chat/medium,0.000000,0.000000,0,0,0,0,0,0,0,0,0,0,0,10,0,9,12.011151000479003,8.12711899925489,32.214927006862126,0.0
1778533714,6,,Aggregated,0.100000,0.000000,0,0,0,0,0,0,0,0,0,0,0,125,0,16,15.938681128318422,8.12711899925489,33.012466999934986,0.0
1778533715,6,POST,chat/long,0.100000,0.000000,0,0,0,0,0,0,0,0,0,0,0,115,0,16,16.28020548726098,8.2190190005349,33.012466999934986,0.0
1778533715,6,POST,chat/medium,0.000000,0.000000,0,0,0,0,0,0,0,0,0,0,0,10,0,9,12.011151000479003,8.12711899925489,32.214927006862126,0.0
1778533715,6,,Aggregated,0.100000,0.000000,0,0,0,0,0,0,0,0,0,0,0,125,0,16,15.938681128318422,8.12711899925489,33.012466999934986,0.0
1778533716,6,POST,chat/long,0.100000,0.000000,0,0,0,0,0,0,0,0,0,0,0,115,0,16,16.28020548726098,8.2190190005349,33.012466999934986,0.0
1778533716,6,POST,chat/medium,0.000000,0.000000,0,0,0,0,0,0,0,0,0,0,0,10,0,9,12.011151000479003,8.12711899925489,32.214927006862126,0.0
1778533716,6,,Aggregated,0.100000,0.000000,0,0,0,0,0,0,0,0,0,0,0,125,0,16,15.938681128318422,8.12711899925489,33.012466999934986,0.0
1778533717,6,POST,chat/long,0.100000,0.000000,0,0,0,0,0,0,0,0,0,0,0,115,0,16,16.28020548726098,8.2190190005349,33.012466999934986,0.0
1778533717,6,POST,chat/medium,0.000000,0.000000,0,0,0,0,0,0,0,0,0,0,0,10,0,9,12.011151000479003,8.12711899925489,32.214927006862126,0.0
1778533717,6,,Aggregated,0.100000,0.000000,0,0,0,0,0,0,0,0,0,0,0,125,0,16,15.938681128318422,8.12711899925489,33.012466999934986,0.0
1778533718,6,POST,chat/long,0.100000,0.000000,0,0,0,0,0,0,0,0,0,0,0,115,0,16,16.28020548726098,8.2190190005349,33.012466999934986,0.0
1778533718,6,POST,chat/medium,0.000000,0.000000,0,0,0,0,0,0,0,0,0,0,0,10,0,9,12.011151000479003,8.12711899925489,32.214927006862126,0.0
1778533718,6,,Aggregated,0.100000,0.000000,0,0,0,0,0,0,0,0,0,0,0,125,0,16,15.938681128318422,8.12711899925489,33.012466999934986,0.0
1778533719,6,POST,chat/long,0.100000,0.000000,0,0,0,0,0,0,0,0,0,0,0,115,0,16,16.28020548726098,8.2190190005349,33.012466999934986,0.0
1778533719,6,POST,chat/medium,0.000000,0.000000,0,0,0,0,0,0,0,0,0,0,0,10,0,9,12.011151000479003,8.12711899925489,32.214927006862126,0.0
1778533719,6,,Aggregated,0.100000,0.000000,0,0,0,0,0,0,0,0,0,0,0,125,0,16,15.938681128318422,8.12711899925489,33.012466999934986,0.0
1778533720,6,POST,chat/long,0.100000,0.000000,0,0,0,0,0,0,0,0,0,0,0,115,0,16,16.28020548726098,8.2190190005349,33.012466999934986,0.0
1778533720,6,POST,chat/medium,0.000000,0.000000,0,0,0,0,0,0,0,0,0,0,0,10,0,9,12.011151000479003,8.12711899925489,32.214927006862126,0.0
1778533720,6,,Aggregated,0.100000,0.000000,0,0,0,0,0,0,0,0,0,0,0,125,0,16,15.938681128318422,8.12711899925489,33.012466999934986,0.0
1778533721,6,POST,chat/long,0.100000,0.000000,0,0,0,0,0,0,0,0,0,0,0,115,0,16,16.28020548726098,8.2190190005349,33.012466999934986,0.0
1778533721,6,POST,chat/medium,0.000000,0.000000,0,0,0,0,0,0,0,0,0,0,0,10,0,9,12.011151000479003,8.12711899925489,32.214927006862126,0.0
1778533721,6,,Aggregated,0.100000,0.000000,0,0,0,0,0,0,0,0,0,0,0,125,0,16,15.938681128318422,8.12711899925489,33.012466999934986,0.0
1778533722,6,POST,chat/long,0.100000,0.000000,0,0,0,0,0,0,0,0,0,0,0,115,0,16,16.28020548726098,8.2190190005349,33.012466999934986,0.0
1778533722,6,POST,chat/medium,0.000000,0.000000,0,0,0,0,0,0,0,0,0,0,0,10,0,9,12.011151000479003,8.12711899925489,32.214927006862126,0.0
1778533722,6,,Aggregated,0.100000,0.000000,0,0,0,0,0,0,0,0,0,0,0,125,0,16,15.938681128318422,8.12711899925489,33.012466999934986,0.0
1778533723,6,POST,chat/long,0.100000,0.000000,0,0,0,0,0,0,0,0,0,0,0,115,0,16,16.28020548726098,8.2190190005349,33.012466999934986,0.0
1778533723,6,POST,chat/medium,0.000000,0.000000,0,0,0,0,0,0,0,0,0,0,0,10,0,9,12.011151000479003,8.12711899925489,32.214927006862126,0.0
1778533723,6,,Aggregated,0.100000,0.000000,0,0,0,0,0,0,0,0,0,0,0,125,0,16,15.938681128318422,8.12711899925489,33.012466999934986,0.0
1778533724,6,POST,chat/long,0.100000,0.000000,0,0,0,0,0,0,0,0,0,0,0,115,0,16,16.28020548726098,8.2190190005349,33.012466999934986,0.0
1778533724,6,POST,chat/medium,0.000000,0.000000,0,0,0,0,0,0,0,0,0,0,0,10,0,9,12.011151000479003,8.12711899925489,32.214927006862126,0.0
1778533724,6,,Aggregated,0.100000,0.000000,0,0,0,0,0,0,0,0,0,0,0,125,0,16,15.938681128318422,8.12711899925489,33.012466999934986,0.0
1778533725,6,POST,chat/long,0.100000,0.000000,0,0,0,0,0,0,0,0,0,0,0,115,0,16,16.28020548726098,8.2190190005349,33.012466999934986,0.0
1778533725,6,POST,chat/medium,0.000000,0.000000,0,0,0,0,0,0,0,0,0,0,0,10,0,9,12.011151000479003,8.12711899925489,32.214927006862126,0.0
1778533725,6,,Aggregated,0.100000,0.000000,0,0,0,0,0,0,0,0,0,0,0,125,0,16,15.938681128318422,8.12711899925489,33.012466999934986,0.0
1778533726,6,POST,chat/long,0.100000,0.000000,0,0,0,0,0,0,0,0,0,0,0,115,0,16,16.28020548726098,8.2190190005349,33.012466999934986,0.0
1778533726,6,POST,chat/medium,0.000000,0.000000,0,0,0,0,0,0,0,0,0,0,0,10,0,9,12.011151000479003,8.12711899925489,32.214927006862126,0.0
1778533726,6,,Aggregated,0.100000,0.000000,0,0,0,0,0,0,0,0,0,0,0,125,0,16,15.938681128318422,8.12711899925489,33.012466999934986,0.0
1778533727,6,POST,chat/long,0.100000,0.000000,0,0,0,0,0,0,0,0,0,0,0,115,0,16,16.28020548726098,8.2190190005349,33.012466999934986,0.0
1778533727,6,POST,chat/medium,0.000000,0.000000,0,0,0,0,0,0,0,0,0,0,0,10,0,9,12.011151000479003,8.12711899925489,32.214927006862126,0.0
1778533727,6,,Aggregated,0.100000,0.000000,0,0,0,0,0,0,0,0,0,0,0,125,0,16,15.938681128318422,8.12711899925489,33.012466999934986,0.0
1778533728,6,POST,chat/long,0.100000,0.000000,0,0,0,0,0,0,0,0,0,0,0,115,0,16,16.28020548726098,8.2190190005349,33.012466999934986,0.0
1778533728,6,POST,chat/medium,0.000000,0.000000,0,0,0,0,0,0,0,0,0,0,0,10,0,9,12.011151000479003,8.12711899925489,32.214927006862126,0.0
1778533728,6,,Aggregated,0.100000,0.000000,0,0,0,0,0,0,0,0,0,0,0,125,0,16,15.938681128318422,8.12711899925489,33.012466999934986,0.0
1778533729,6,POST,chat/long,0.100000,0.000000,0,0,0,0,0,0,0,0,0,0,0,115,0,16,16.28020548726098,8.2190190005349,33.012466999934986,0.0
1778533729,6,POST,chat/medium,0.000000,0.000000,0,0,0,0,0,0,0,0,0,0,0,10,0,9,12.011151000479003,8.12711899925489,32.214927006862126,0.0
1778533729,6,,Aggregated,0.100000,0.000000,0,0,0,0,0,0,0,0,0,0,0,125,0,16,15.938681128318422,8.12711899925489,33.012466999934986,0.0
1778533730,6,POST,chat/long,0.100000,0.000000,0,0,0,0,0,0,0,0,0,0,0,115,0,16,16.28020548726098,8.2190190005349,33.012466999934986,0.0
1778533730,6,POST,chat/medium,0.000000,0.000000,0,0,0,0,0,0,0,0,0,0,0,10,0,9,12.011151000479003,8.12711899925489,32.214927006862126,0.0
1778533730,6,,Aggregated,0.100000,0.000000,0,0,0,0,0,0,0,0,0,0,0,125,0,16,15.938681128318422,8.12711899925489,33.012466999934986,0.0
1778533731,6,POST,chat/long,0.100000,0.000000,0,0,0,0,0,0,0,0,0,0,0,115,0,16,16.28020548726098,8.2190190005349,33.012466999934986,0.0
1778533731,6,POST,chat/medium,0.000000,0.000000,0,0,0,0,0,0,0,0,0,0,0,10,0,9,12.011151000479003,8.12711899925489,32.214927006862126,0.0
1778533731,6,,Aggregated,0.100000,0.000000,0,0,0,0,0,0,0,0,0,0,0,125,0,16,15.938681128318422,8.12711899925489,33.012466999934986,0.0
1778533732,6,POST,chat/long,0.100000,0.000000,0,0,0,0,0,0,0,0,0,0,0,115,0,16,16.28020548726098,8.2190190005349,33.012466999934986,0.0
1778533732,6,POST,chat/medium,0.000000,0.000000,0,0,0,0,0,0,0,0,0,0,0,10,0,9,12.011151000479003,8.12711899925489,32.214927006862126,0.0
1778533732,6,,Aggregated,0.100000,0.000000,0,0,0,0,0,0,0,0,0,0,0,125,0,16,15.938681128318422,8.12711899925489,33.012466999934986,0.0
1778533733,6,POST,chat/long,0.100000,0.000000,0,0,0,0,0,0,0,0,0,0,0,115,0,16,16.28020548726098,8.2190190005349,33.012466999934986,0.0
1778533733,6,POST,chat/medium,0.000000,0.000000,0,0,0,0,0,0,0,0,0,0,0,10,0,9,12.011151000479003,8.12711899925489,32.214927006862126,0.0
1778533733,6,,Aggregated,0.100000,0.000000,0,0,0,0,0,0,0,0,0,0,0,125,0,16,15.938681128318422,8.12711899925489,33.012466999934986,0.0
1778533734,6,POST,chat/long,0.100000,0.000000,0,0,0,0,0,0,0,0,0,0,0,115,0,16,16.28020548726098,8.2190190005349,33.012466999934986,0.0
1778533734,6,POST,chat/medium,0.000000,0.000000,0,0,0,0,0,0,0,0,0,0,0,10,0,9,12.011151000479003,8.12711899925489,32.214927006862126,0.0
1778533734,6,,Aggregated,0.100000,0.000000,0,0,0,0,0,0,0,0,0,0,0,125,0,16,15.938681128318422,8.12711899925489,33.012466999934986,0.0
1778533735,6,POST,chat/long,0.100000,0.000000,0,0,0,0,0,0,0,0,0,0,0,115,0,16,16.28020548726098,8.2190190005349,33.012466999934986,0.0
1778533735,6,POST,chat/medium,0.000000,0.000000,0,0,0,0,0,0,0,0,0,0,0,10,0,9,12.011151000479003,8.12711899925489,32.214927006862126,0.0
1778533735,6,,Aggregated,0.100000,0.000000,0,0,0,0,0,0,0,0,0,0,0,125,0,16,15.938681128318422,8.12711899925489,33.012466999934986,0.0
1778533736,6,POST,chat/long,0.100000,0.000000,0,0,0,0,0,0,0,0,0,0,0,115,0,16,16.28020548726098,8.2190190005349,33.012466999934986,0.0
1778533736,6,POST,chat/medium,0.000000,0.000000,0,0,0,0,0,0,0,0,0,0,0,10,0,9,12.011151000479003,8.12711899925489,32.214927006862126,0.0
1778533736,6,,Aggregated,0.100000,0.000000,0,0,0,0,0,0,0,0,0,0,0,125,0,16,15.938681128318422,8.12711899925489,33.012466999934986,0.0
1778533737,6,POST,chat/long,0.100000,0.000000,0,0,0,0,0,0,0,0,0,0,0,115,0,16,16.28020548726098,8.2190190005349,33.012466999934986,0.0
1778533737,6,POST,chat/medium,0.000000,0.000000,0,0,0,0,0,0,0,0,0,0,0,10,0,9,12.011151000479003,8.12711899925489,32.214927006862126,0.0
1778533737,6,,Aggregated,0.100000,0.000000,0,0,0,0,0,0,0,0,0,0,0,125,0,16,15.938681128318422,8.12711899925489,33.012466999934986,0.0
1778533738,6,POST,chat/long,0.100000,0.000000,0,0,0,0,0,0,0,0,0,0,0,115,0,16,16.28020548726098,8.2190190005349,33.012466999934986,0.0
1778533738,6,POST,chat/medium,0.000000,0.000000,0,0,0,0,0,0,0,0,0,0,0,10,0,9,12.011151000479003,8.12711899925489,32.214927006862126,0.0
1778533738,6,,Aggregated,0.100000,0.000000,0,0,0,0,0,0,0,0,0,0,0,125,0,16,15.938681128318422,8.12711899925489,33.012466999934986,0.0
1778533739,6,POST,chat/long,0.100000,0.000000,0,0,0,0,0,0,0,0,0,0,0,115,0,16,16.28020548726098,8.2190190005349,33.012466999934986,0.0
1778533739,6,POST,chat/medium,0.000000,0.000000,0,0,0,0,0,0,0,0,0,0,0,10,0,9,12.011151000479003,8.12711899925489,32.214927006862126,0.0
1778533739,6,,Aggregated,0.100000,0.000000,0,0,0,0,0,0,0,0,0,0,0,125,0,16,15.938681128318422,8.12711899925489,33.012466999934986,0.0
1778533740,6,POST,chat/long,0.100000,0.000000,0,0,0,0,0,0,0,0,0,0,0,115,0,16,16.28020548726098,8.2190190005349,33.012466999934986,0.0
1778533740,6,POST,chat/medium,0.000000,0.000000,0,0,0,0,0,0,0,0,0,0,0,10,0,9,12.011151000479003,8.12711899925489,32.214927006862126,0.0
1778533740,6,,Aggregated,0.100000,0.000000,0,0,0,0,0,0,0,0,0,0,0,125,0,16,15.938681128318422,8.12711899925489,33.012466999934986,0.0
1778533741,6,POST,chat/long,0.100000,0.000000,0,0,0,0,0,0,0,0,0,0,0,115,0,16,16.28020548726098,8.2190190005349,33.012466999934986,0.0
1778533741,6,POST,chat/medium,0.000000,0.000000,0,0,0,0,0,0,0,0,0,0,0,10,0,9,12.011151000479003,8.12711899925489,32.214927006862126,0.0
1778533741,6,,Aggregated,0.100000,0.000000,0,0,0,0,0,0,0,0,0,0,0,125,0,16,15.938681128318422,8.12711899925489,33.012466999934986,0.0
1778533742,6,POST,chat/long,0.100000,0.000000,0,0,0,0,0,0,0,0,0,0,0,115,0,16,16.28020548726098,8.2190190005349,33.012466999934986,0.0
1778533742,6,POST,chat/medium,0.000000,0.000000,0,0,0,0,0,0,0,0,0,0,0,10,0,9,12.011151000479003,8.12711899925489,32.214927006862126,0.0
1778533742,6,,Aggregated,0.100000,0.000000,0,0,0,0,0,0,0,0,0,0,0,125,0,16,15.938681128318422,8.12711899925489,33.012466999934986,0.0
1778533743,6,POST,chat/long,0.100000,0.000000,0,0,0,0,0,0,0,0,0,0,0,115,0,16,16.28020548726098,8.2190190005349,33.012466999934986,0.0
1778533743,6,POST,chat/medium,0.000000,0.000000,0,0,0,0,0,0,0,0,0,0,0,10,0,9,12.011151000479003,8.12711899925489,32.214927006862126,0.0
1778533743,6,,Aggregated,0.100000,0.000000,0,0,0,0,0,0,0,0,0,0,0,125,0,16,15.938681128318422,8.12711899925489,33.012466999934986,0.0
1778533744,0,POST,chat/long,0.100000,0.000000,0,0,0,0,0,0,0,0,0,0,0,115,0,16,16.28020548726098,8.2190190005349,33.012466999934986,0.0
1778533744,0,POST,chat/medium,0.000000,0.000000,0,0,0,0,0,0,0,0,0,0,0,10,0,9,12.011151000479003,8.12711899925489,32.214927006862126,0.0
1778533744,0,,Aggregated,0.100000,0.000000,0,0,0,0,0,0,0,0,0,0,0,125,0,16,15.938681128318422,8.12711899925489,33.012466999934986,0.0
