Type,Name,Request Count,Failure Count,Median Response Time,Average Response Time,Min Response Time,Max Response Time,Average Content Size,Requests/s,Failures/s,50%,66%,75%,80%,90%,95%,98%,99%,99.9%,99.99%,100%
POST,chat/medium,3,0,9,15.908823333423546,8.751760000450304,29.621460000271327,0.0,0.03847625279859516,0.0,9,9,30,30,30,30,30,30,30,30,30
POST,chat/short,2,0,8.237816000473686,8.550890000151412,8.237816000473686,8.863963999829139,0.0,0.025650835199063436,0.0,9,9,9,9,9,9,9,9,9,9,9
,Aggregated,5,0,9,12.965650000114692,8.237816000473686,29.621460000271327,0.0,0.0641270879976586,0.0,9,9,9,30,30,30,30,30,30,30,30
